TF,target,target_symbol,target_gene_id,signed_association_day14,absolute_association_day14,stable_edge,detection_fraction,mean_cpm,rank_fraction_day14,author_TF_sensitive,author_log2fc,author_beta_weight,author_p_weight,author_effect_025,author_direction_concordant,author_supported_concordant,absolute_association,signed_association_day7,absolute_association_day7,rank_fraction_day7,loo_sign_fraction_day7,loo_fisher_z_sd_day7,detection_fraction_day7,mean_cpm_day7,signed_association_day9,absolute_association_day9,rank_fraction_day9,loo_sign_fraction_day9,loo_fisher_z_sd_day9,detection_fraction_day9,mean_cpm_day9,signed_association_day11,absolute_association_day11,rank_fraction_day11,loo_sign_fraction_day11,loo_fisher_z_sd_day11,detection_fraction_day11,mean_cpm_day11,estimable_prior_timepoints,prior_sign_concordance_fraction,prior_median_rank_fraction,prior_median_rank_score,prior_median_aligned_fisher_z,prior_fisher_z_sd,prior_association_sd,prior_association_range,prior_rank_sd,minimum_loo_sign_fraction,prior_association_heterogeneity_q,prior_association_heterogeneity_p,prior_association_heterogeneity_fdr,observationally_transportable,effective_guides_used,perturbation_log2fc,perturbation_fdr,E1_supported,E1_direction_concordant,strict_E1_testable,effect_day 7,effect_day 9,effect_day 11,effect_day 14,interaction_fdr,state_dependent,trajectory_shift_supported,fate_shift_associated,observational_perturbation_magnitude_spearman,observational_perturbation_oriented_spearman,observational_perturbation_direction_concordance_fraction,log1p_mean_cpm,descriptive_edge_class,day14_selected_not_preterminal_transportable,observationally_variable_and_perturbationally_variable,transportable_but_strict_E1_unsupported,observational_perturbation_direction_conflict
NFE2,TFRC,TFRC,ENSG00000072274,0.2916369879993539,0.2916369879993539,True,0.937883435582822,1553.4748777178845,0.0001371742112482,True,-0.0317121433124776,0.055876781754701,2.5964572769878897e-36,False,False,False,0.2916369879993539,0.011210678213228041,0.011210678213228041,0.7522293867471532,0.75,0.03194073282202597,0.995152354570668,1381.1922024179469,0.05047130249607576,0.05047130249607576,0.09807956104252401,1.0,0.015036802777803407,0.9982920580700824,1786.4999869214648,0.017326675636433603,0.017326675636433603,0.6920438957475995,0.6666666666666666,0.037278971517588154,0.9999999999999868,2006.8164183649449,3,1.0,0.6920438957475995,0.3079561042524005,0.017328409850559938,0.02114809278971642,0.021124110763234907,0.03926062428284772,0.36155403438902856,0.6666666666666666,1.6592780048988636,0.436206727462048,0.6634200597027217,False,3,0.097255569971859,0.1012249308920459,False,False,True,0.0317661185722582,0.0114803357902254,-0.0301126489274254,0.1252390346002933,0.0497661231856028,True,False,False,0.19999999999999998,-0.39999999999999997,0.25,7.348893068363319,variable_and_atlas_unsupported,True,True,False,True
NFE2,JAZF1,JAZF1,ENSG00000153814,0.2846781282997505,0.2846781282997505,True,0.8680981595092024,1282.192796212507,0.0002743484224965,True,-0.272913884329052,0.123528690937802,1.44412849422154e-35,True,False,False,0.2846781282997505,0.06734843737886888,0.06734843737886888,0.06461791740979558,1.0,0.021017004299574954,0.6675900277008388,140.46967640180273,0.1611640407738056,0.1611640407738056,0.00041152263374485596,1.0,0.016495020819182034,0.8723313407344565,340.8566981317211,0.14436057994365406,0.14436057994365406,0.007407407407407408,1.0,0.029584462103884573,0.9442993907745755,754.979722913062,3,1.0,0.007407407407407408,0.9925925925925926,0.1453761326957415,0.05069242603661089,0.050024317151170415,0.09381560339493673,0.03522415361802607,1.0,8.336839127756,0.015476700742306683,0.09852320066496525,True,3,0.1174166503877178,0.4710669162324659,False,False,True,0.1167556317382331,0.1637656169951648,0.0060425237580905,0.0857729054323423,0.6347408976751173,False,False,False,0.0,0.0,0.0,7.157106623172323,transportable_and_atlas_supported,False,False,True,True
BCL11A,NBAS,NBAS,ENSG00000151779,0.2794287451968341,0.2794287451968341,True,0.6871165644171779,413.35779000828063,0.0001371742112482,True,0.172124552757476,-0.0954734030388042,2.64727315430915e-12,False,True,False,0.2794287451968341,0.1540719431660915,0.1540719431660915,0.012210179722870078,1.0,0.01765407951912092,0.9265927977839595,463.70534128626406,0.2536200936615017,0.2536200936615017,0.00041152263374485596,1.0,0.014661687080706044,0.9602903501281478,656.7864234215973,0.2981187174095909,0.2981187174095909,0.00041152263374485596,1.0,0.004770470943411368,0.9582245430809283,779.8531242604344,3,1.0,0.00041152263374485596,0.9995884773662551,0.25927799563864967,0.07775874160638184,0.07375571723883345,0.1440467742434994,0.006811957846482534,1.0,16.302852034058514,0.0002883239115241503,0.008498690534926145,True,2,-0.0456137621198658,0.9121997433162178,False,False,True,-0.0784550961764752,-0.0847914922367119,-0.0993260984087817,-0.1344384625977464,0.9485822671081364,False,False,False,0.7999999999999999,0.7999999999999999,1.0,6.02672982766926,transportable_but_atlas_unsupported,False,False,True,False
NFE2,SPTA1,SPTA1,ENSG00000163554,0.278504705579314,0.278504705579314,True,0.8880368098159509,1226.036428324166,0.0004115226337448,True,-0.202116251327008,0.12286353440229,1.5307845671476102e-68,False,False,False,0.278504705579314,0.057815887146390514,0.057815887146390514,0.10934284538345453,1.0,0.026908432178958275,0.9148199445983631,449.8639911341758,0.0405224810955084,0.0405224810955084,0.17530864197530865,1.0,0.018849078904791292,0.9602903501281478,592.5090967538595,0.14009526291885674,0.14009526291885674,0.008916323731138546,1.0,0.04674548617012881,0.9730200174064282,887.9224579506277,3,1.0,0.10934284538345453,0.8906571546165455,0.05788043659837639,0.053710664069487796,0.05320353442267333,0.09957278182334833,0.08378879811948825,1.0,7.9606534336696075,0.018679535421972378,0.10706141135371204,False,3,0.1022918229221779,0.4710669162324659,False,False,True,0.2022024475306589,0.2170772825425286,0.0133579653787071,0.0882499592812146,0.0458305337381388,True,False,False,-0.7999999999999999,0.7999999999999999,0.0,7.112357133205954,variable_and_atlas_unsupported,True,True,False,True
BCL11A,SLC25A21,SLC25A21,ENSG00000183032,0.2784422799973499,0.2784422799973499,True,0.6480061349693251,590.5063909294981,0.0002743484224965,False,,,,False,False,False,0.2784422799973499,0.20430253273912272,0.20430253273912272,0.002469474550692825,1.0,0.016352392891629486,0.9259002770083362,952.7122580671894,0.23966350043244122,0.23966350043244122,0.0006858710562414266,1.0,0.017544072027808968,0.9718189581554763,1377.1057863158117,0.2758290257890477,0.2758290257890477,0.0006858710562414266,1.0,0.011260236801653981,0.970409051348987,1669.5787068477093,3,1.0,0.0006858710562414266,0.9993141289437586,0.2444170766367881,0.03797440484470534,0.03576400068166366,0.071526493049925,0.001029763957649072,1.0,3.669757170629182,0.15963288236774312,0.4083060044918138,True,2,-0.0320621203585478,0.9581216780102612,False,False,True,-0.0666501198244711,0.0160453155351365,-0.0854761532188346,-0.0890708412256256,0.5923932854871028,False,False,False,0.7999999999999999,0.7999999999999999,0.75,6.382672487974609,transportable_but_atlas_unsupported,False,False,True,False
NFE2,SLC4A1,SLC4A1,ENSG00000004939,0.269440433186355,0.269440433186355,True,0.9846625766871164,2584.959107528628,0.0005486968449931,False,,,,False,False,False,0.269440433186355,0.16075785358390218,0.16075785358390218,0.00013719303059404582,1.0,0.00586143328574781,0.33448753462603625,89.61902853508838,0.11847446387244151,0.11847446387244151,0.0016460905349794238,1.0,0.013560339661464785,0.6955593509820867,456.2626490957259,0.21021683615922565,0.21021683615922565,0.00041152263374485596,1.0,0.013820616601400888,0.9460400348128696,1567.366249180663,3,1.0,0.00041152263374485596,0.9995884773662551,0.16216455743853486,0.04724029500126469,0.045917932001351254,0.09174237228678414,0.0008037605688951601,1.0,6.953455640086938,0.030908383535651056,0.1449415864285455,True,3,-0.1493400988581195,0.0036832839292713,False,False,True,-0.0615723046827529,-0.0705133672961254,-0.3004482784134905,-0.1906969742106727,0.9147846333664906,False,True,False,0.6000000000000001,0.6000000000000001,1.0,7.857851746186137,transportable_but_atlas_unsupported,False,False,True,False
BCL11A,JAZF1,JAZF1,ENSG00000153814,0.2654205053550973,0.2654205053550973,True,0.8680981595092024,1282.192796212507,0.0004115226337448,True,0.115505164788528,-0.246939942594345,5.62518787485513e-32,False,True,False,0.2654205053550973,0.171812204743293,0.171812204743293,0.007134037590890383,1.0,0.013469950776114662,0.6675900277008388,140.46967640180273,0.23238498771494442,0.23238498771494442,0.0008230452674897119,1.0,0.006803288615110333,0.8723313407344565,340.8566981317211,0.32052127019096976,0.32052127019096976,0.00027434842249657066,1.0,0.02963677243786365,0.9442993907745755,754.979722913062,3,1.0,0.0008230452674897119,0.9991769547325103,0.23670913196617988,0.07989470451054917,0.07477906622393944,0.14870906544767676,0.0038119336261427527,1.0,16.017537552380464,0.0003325338906850476,0.008949499058001935,True,2,0.1002839688860453,0.6460810858940098,False,False,True,0.0005927561364876,-0.0205468183711382,-0.111376539541661,0.0570718191106943,0.7513265184380064,False,False,False,1.0,0.39999999999999997,0.5,7.157106623172323,transportable_but_atlas_unsupported,False,False,True,False
NFE2,GYPA,GYPA,ENSG00000170180,0.2627731958488137,0.2627731958488137,True,0.8757668711656442,836.7171154758335,0.0006858710562414,True,-0.123284653375198,0.0811218091041266,3.87189684060987e-12,False,False,False,0.2627731958488137,0.007212543077189235,0.007212543077189235,0.8370146796542736,0.75,0.022565387223723844,0.3905817174515205,42.09346221580081,0.08449624624396616,0.08449624624396616,0.011796982167352537,1.0,0.012767689506588903,0.7395388556789323,142.01044724996243,0.15343692279877205,0.15343692279877205,0.004526748971193415,1.0,0.022674279933704862,0.9643167972149577,592.383424778989,3,1.0,0.011796982167352537,0.9882030178326474,0.08469820232584462,0.07375483570275648,0.07315184764580054,0.1462243797215828,0.47855220183196645,0.75,13.956157811732794,0.0009320921210206772,0.016969559497405858,True,3,-0.0200638290073953,0.9008338793987144,False,False,True,0.1080726003647236,0.0604638771363401,-0.156086208092356,-0.0231271888377807,0.3660695585140567,False,True,False,-0.39999999999999997,0.7999999999999999,0.5,6.730680472460931,transportable_but_atlas_unsupported,False,False,True,False
BCL11A,CD36,CD36,ENSG00000135218,0.2605329241670866,0.2605329241670866,True,0.7661042944785276,688.5447643708304,0.0005486968449931,True,0.157850837956074,-0.122121658183507,2.70591646759049e-13,False,True,False,0.2605329241670866,0.10941199647135635,0.10941199647135635,0.045548086157223215,1.0,0.018842949175357223,0.9328254847645694,719.1833509433873,0.14266191381309515,0.14266191381309515,0.022359396433470506,1.0,0.007896974908005403,0.9846285226302857,1372.7424774337724,0.21539728036933728,0.21539728036933728,0.005349794238683128,1.0,0.02075474231591777,0.9886858137510751,1812.7046340332693,3,1.0,0.022359396433470506,0.9776406035665295,0.14364174558143775,0.05578116572943338,0.054204659938420705,0.10598528389798093,0.020178142345524754,1.0,7.77916274412957,0.02045390682270108,0.1120439674624068,True,2,-0.0548033523251523,0.8569887257117662,False,False,True,-0.0215657998341912,0.0149728634932736,-0.206508886962085,-0.1094104942252843,0.478615205684812,False,False,False,0.6000000000000001,0.6000000000000001,0.75,6.53603161807132,transportable_but_atlas_unsupported,False,False,True,False
NFE2,SLC25A37,SLC25A37,ENSG00000147454,0.2580003527172455,0.2580003527172455,True,0.9984662576687116,7309.786012898832,0.0008230452674897,True,-0.192962508930449,0.0542566593895299,4.39106786261833e-08,False,False,False,0.2580003527172455,0.1494762323670078,0.1494762323670078,0.0005487721223761833,1.0,0.026848849941809992,0.9404432132964259,762.3628122051656,0.17064650588733152,0.17064650588733152,0.00027434842249657066,1.0,0.016963597202275763,0.9756618274979191,1452.8432333439528,0.20888165017488022,0.20888165017488022,0.0005486968449931413,1.0,0.029828534622328602,0.9956483899042515,3836.9632297886114,3,1.0,0.0005486968449931413,0.9994513031550069,0.17233248489964684,0.031132352115201076,0.030108444010894114,0.059405417807872424,0.00015841687076016502,1.0,2.4247188023766775,0.2974945417604857,0.5659807576519421,True,3,0.0201401540431736,0.8395353032934146,False,False,True,0.0729907940575304,0.0881573122953522,-0.1359880392569741,-0.0023461125359697,0.4155500740319993,False,True,False,-0.19999999999999998,0.6000000000000001,0.5,8.897106072667704,transportable_but_atlas_unsupported,False,False,True,False
BCL11A,NFIA,NFIA,ENSG00000162599,0.2562380457922823,0.2562380457922823,True,0.7852760736196319,985.2199401039912,0.0006858710562414,False,,,,False,False,False,0.2562380457922823,0.22550908839306186,0.22550908839306186,0.0009603512141583208,1.0,0.019316912211536093,0.9480609418282824,1325.8539502812027,0.2806224730017412,0.2806224730017412,0.00013717421124828533,1.0,0.013125799867257601,0.9760888129804127,1583.3064390666757,0.35245872108619175,0.35245872108619175,0.00013717421124828533,1.0,0.007241007517301792,0.9756309834638693,1855.3232790320194,3,1.0,0.00013717421124828533,0.9998628257887517,0.2883576267491353,0.06966173802206033,0.06365812457023264,0.1269496326931299,0.0004752614642208183,1.0,12.213459017286183,0.0022278249936281062,0.02872965981366245,True,2,0.0578725014784584,0.8395353032934146,False,False,True,-0.0144696779152803,0.0268079973111265,-0.0741066112997571,-0.0209175697278091,0.6542658589237922,False,False,False,1.0,0.39999999999999997,0.75,6.893879392713579,transportable_but_atlas_unsupported,False,False,True,False
NFE2,SOX6,SOX6,ENSG00000110693,0.2552008069603036,0.2552008069603036,True,0.8757668711656442,1539.4499639593853,0.0009602194787379,True,-0.258707948483222,0.129447735207278,5.1106150505694105e-20,True,False,False,0.2552008069603036,0.0978159108322246,0.0978159108322246,0.010701056386335573,1.0,0.020727324148975573,0.33656509695290604,56.791638555652966,0.11747800120830713,0.11747800120830713,0.0019204389574759945,1.0,0.007845914030443714,0.7019641332194914,314.7856856125982,0.15581653124370062,0.15581653124370062,0.003978052126200274,1.0,0.01910153681111595,0.9242819843341933,1084.9128213310082,3,1.0,0.003978052126200274,0.9960219478737997,0.11802296213413953,0.029998662396564162,0.02949721074765131,0.05800062041147602,0.004592236213906713,1.0,2.2501798838482685,0.3246232688038673,0.5790830068864377,True,3,0.0740674275366182,0.6469489940244981,False,False,True,0.3716404301169265,0.298029778779503,-0.0752843709373437,0.0548696003962102,0.2984021551627289,False,False,False,-1.0,0.7999999999999999,0.25,7.33982983711934,transportable_and_atlas_supported,False,False,True,True
NFE2,ALAS2,ALAS2,ENSG00000158578,0.2483499101336728,0.2483499101336728,True,0.9754601226993864,1225.282777653802,0.0010973936899862,True,-0.144575093149934,0.0464333800499367,2.37648700693927e-07,False,False,False,0.2483499101336728,0.1579058012140054,0.1579058012140054,0.00041157909178213747,1.0,0.014843658862339,0.7209141274238342,150.2625461224896,0.10333247615323153,0.10333247615323153,0.003429355281207133,1.0,0.010672994215801195,0.8932536293766452,286.8985641366644,0.18301732098331308,0.18301732098331308,0.0015089163237311386,1.0,0.04040058932909295,0.9825935596170458,750.1200934962405,3,1.0,0.0015089163237311386,0.9984910836762688,0.15923821284737102,0.041591598398921535,0.04074005140093999,0.07968484483008155,0.0015274820195053812,1.0,5.904345426891288,0.05222611021575252,0.20856749821645687,True,3,-0.0308131701825294,0.6782170434332202,False,False,True,-0.0132509415706293,-0.0073874536763958,-0.0739330222333908,-0.0471416693888353,0.955216940954256,False,True,False,0.7999999999999999,0.7999999999999999,1.0,7.11174274051524,transportable_but_atlas_unsupported,False,False,True,False
BCL11A,SOX6,SOX6,ENSG00000110693,0.2477383637414083,0.2477383637414083,True,0.8757668711656442,1539.4499639593853,0.0008230452674897,True,0.20282633286381,-0.224665823616073,4.1547320978894e-14,False,True,False,0.2477383637414083,0.17297239574676787,0.17297239574676787,0.006859651529702291,1.0,0.01508604365985215,0.33656509695290604,56.791638555652966,0.25154162740179575,0.25154162740179575,0.0005486968449931413,1.0,0.004469049533893693,0.7019641332194914,314.7856856125982,0.286523605536721,0.286523605536721,0.0005486968449931413,1.0,0.010655309727596571,0.9242819843341933,1084.9128213310082,3,1.0,0.0005486968449931413,0.9994513031550069,0.25705789222190123,0.061388871338594414,0.0581531601346189,0.11355120978995314,0.0036436313860603578,1.0,10.170345549900714,0.0061878178980136235,0.05716804893836467,True,2,0.0730539092053061,0.6957239312109975,False,False,True,-0.1278939431527098,0.0383576351248361,-0.2120529565518912,0.0358250013172054,0.7307670582750736,False,False,False,0.39999999999999997,0.19999999999999998,0.5,7.33982983711934,transportable_but_atlas_unsupported,False,False,True,False
NFE2,SNCA,SNCA,ENSG00000145335,0.2469669256346492,0.2469669256346492,True,0.9348159509202454,1338.8850430085472,0.0012345679012345,True,-0.24138315641999,0.112126077027417,2.08266626521984e-35,False,False,False,0.2469669256346492,0.03530318843927435,0.03530318843927435,0.32528467553848267,1.0,0.01816240399425765,0.8282548476454484,222.83268513103653,0.05896594375841437,0.05896594375841437,0.05486968449931413,1.0,0.015322437011319488,0.8714773697694692,285.88180494773803,0.15566386668021231,0.15566386668021231,0.00411522633744856,1.0,0.012059652276098717,0.9651871192341047,647.5576101807027,3,1.0,0.05486968449931413,0.9451303155006858,0.059034427871432815,0.06447198693153386,0.06376664116566234,0.12036067824093796,0.17265094724236424,1.0,10.480847133619413,0.005298012298381156,0.05045337865689132,True,3,0.0972338735819086,0.4132118797612646,False,False,True,0.0313864326725384,0.1470288469399787,0.0301395188725665,0.0644274686760828,0.575145490084116,False,False,False,0.0,0.0,0.0,7.200339100465296,transportable_but_atlas_unsupported,False,False,True,True
NFE2,GYPC,GYPC,ENSG00000136732,0.2468838827451369,0.2468838827451369,True,0.9746932515337424,1543.5880793009026,0.0013717421124828,True,-0.133457819536808,0.083626453282297,4.85655397870289e-45,False,False,False,0.2468838827451369,0.12070541002089381,0.12070541002089381,0.001509123336534504,1.0,0.01567685929405921,0.951523545706399,446.38845817219317,0.13482712861948618,0.13482712861948618,0.0008230452674897119,1.0,0.014415186989768163,0.9884713919727285,645.0777079945065,0.1407662708262992,0.1407662708262992,0.008641975308641974,1.0,0.03137581833702753,0.9999999999999868,1206.7574363224735,3,1.0,0.001509123336534504,0.9984908766634655,0.13565313522882236,0.010482865287796182,0.010304808607186154,0.02006086080540538,0.004329818074724291,1.0,0.29850261371719067,0.8613526238752092,0.9194037237879077,True,3,0.0894642062967992,0.1883370555419688,False,False,True,0.0145397627979318,0.030107700227746,-0.0122412036414639,0.0983833337757678,0.5587739216626496,False,False,False,0.39999999999999997,-0.39999999999999997,0.25,7.342512538444436,transportable_but_atlas_unsupported,False,False,True,True
NFE2,FECH,FECH,ENSG00000066926,0.2463138301139071,0.2463138301139071,True,0.9171779141104296,505.9677868432853,0.0015089163237311,False,,,,False,False,False,0.2463138301139071,0.03413270081407956,0.03413270081407956,0.34229661133214434,1.0,0.016009144056090715,0.7950138504155292,126.2178271857368,0.06651894022414873,0.06651894022414873,0.034705075445816184,1.0,0.01194506135411495,0.876601195559393,161.91809083970952,0.14446833269883438,0.14446833269883438,0.007133058984910837,1.0,0.03509751289101383,0.9590948651000754,308.5330222137035,3,1.0,0.034705075445816184,0.9652949245541839,0.06661731184348525,0.057258667898602365,0.0567140898920586,0.11033563188475481,0.18605885084324236,1.0,8.200079724427919,0.016572014791395282,0.10156512035518496,True,3,-0.1013754131518421,0.1187651983679582,False,False,True,-0.0829571998143697,-0.0817019712151938,-0.1909493711604055,-0.131501728325214,0.536916982522412,False,True,False,0.6000000000000001,0.6000000000000001,1.0,6.228447464774382,transportable_but_atlas_unsupported,False,False,True,False
NFE2,RHAG,RHAG,ENSG00000112077,0.2419890468045344,0.2419890468045344,True,0.897239263803681,743.8141556626155,0.0016460905349794,True,-0.0688588518339723,0.0479174111293724,1.7178825453915699e-13,False,False,False,0.2419890468045344,0.07974449933312974,0.07974449933312974,0.03086843188366031,1.0,0.033409942641160185,0.8698060941828475,235.63215731407882,0.11259110909480025,0.11259110909480025,0.00205761316872428,1.0,0.024280729672890824,0.9577284372331859,368.81547994443025,0.13490432417328488,0.13490432417328488,0.01056241426611797,1.0,0.008304912237039995,0.986074847693634,612.7915417835579,3,1.0,0.01056241426611797,0.9894375857338821,0.11307052427889458,0.028072752059956387,0.027747028718918047,0.055159824840155136,0.014802754632247096,1.0,2.0610555326097315,0.3568185940358833,0.5985656089653435,True,3,-0.0597050265649489,0.5669126960961601,False,False,True,0.0369647420420865,-0.0005260144237962,-0.0434954303654966,-0.076434217255169,0.6504108478835773,False,False,False,0.7999999999999999,1.0,0.75,6.613134731773942,transportable_but_atlas_unsupported,False,False,True,False
NFE2,TSPAN5,TSPAN5,ENSG00000168785,0.2398314970271475,0.2398314970271475,True,0.8604294478527608,788.1579694853799,0.0017832647462277,True,-0.289263152104095,0.0933763960557585,2.4847980958555202e-17,True,False,False,0.2398314970271475,0.051766535329729635,0.051766535329729635,0.15310742214295514,1.0,0.014491800810203442,0.5927977839335205,90.83392234557402,0.0869334493732409,0.0869334493732409,0.0102880658436214,1.0,0.015440310989246236,0.7100768573868707,153.68151462502865,0.11916952229366662,0.11916952229366662,0.01879286694101509,1.0,0.03045314859724445,0.8999129677980758,402.067720075943,3,1.0,0.01879286694101509,0.9812071330589849,0.08715344546403865,0.03397213974032742,0.03371211180059617,0.06740298696393698,0.08011460532112447,1.0,2.957164379191121,0.22796066437210064,0.4801279966371298,True,3,0.0692267107489322,0.7164056345758232,False,False,True,0.1152698499571139,0.2002648509132764,-0.0250913229633529,0.0364190319959947,0.4416394139579582,False,False,False,-0.6000000000000001,0.6000000000000001,0.25,6.670966515615931,transportable_and_atlas_supported,False,False,True,True
BCL11A,AC107223.1,AC107223.1,ENSG00000251600,0.239599270305971,0.239599270305971,True,0.7423312883435583,371.4641490418275,0.0009602194787379,True,0.234666708236101,-0.203284583340501,2.6085006669734503e-15,False,True,False,0.239599270305971,0.10332634735054835,0.10332634735054835,0.05446563314583619,1.0,0.03842704166477908,0.47368421052631193,60.7463175434821,0.1638264272351224,0.1638264272351224,0.0102880658436214,1.0,0.016027151783140216,0.6451750640478363,108.7323568432214,0.22673313844753232,0.22673313844753232,0.003703703703703704,1.0,0.023781520102862712,0.9103568320278405,304.1152590526625,3,1.0,0.0102880658436214,0.9897119341563786,0.1653161426090624,0.06353271574512172,0.061707306523695694,0.12340679109698396,0.027603697693785328,1.0,10.261775257958472,0.00591131109324377,0.05544093282905899,True,2,-0.0543247156035307,0.7890597849502565,False,False,True,0.0673371568230124,0.0658141559567864,-0.098032106619664,-0.1312380152011951,0.560231410216532,False,False,False,0.7999999999999999,1.0,0.5,5.920140789004832,transportable_but_atlas_unsupported,False,False,True,False
KLF1,SLC25A37,SLC25A37,ENSG00000147454,0.2395602383929372,0.2395602383929372,True,0.9984662576687116,7309.786012898832,0.0001371742112482,True,0.0481702331188503,-0.213450367718567,1.3993447601900498e-49,False,True,False,0.2395602383929372,0.18583530099091122,0.18583530099091122,0.00041157909178213747,1.0,0.021866293867029565,0.9404432132964259,762.3628122051656,0.21076590684703717,0.21076590684703717,0.00013717421124828533,1.0,0.026596625514221952,0.9756618274979191,1452.8432333439528,0.14137297382169264,0.14137297382169264,0.0027434842249657062,1.0,0.011639061844797741,0.9956483899042515,3836.9632297886114,3,1.0,0.00041157909178213747,0.9995884209082179,0.1880200110635898,0.03627366956682775,0.03515160688483549,0.06939293302534452,0.0014321272916092561,1.0,3.9279250784492925,0.1403013683033376,0.38598465324340425,True,3,0.0550359776063043,0.4532237977353733,False,False,True,-0.1145982292151198,-0.0803148386982564,-0.1183690075330961,0.0751099654173964,0.6265199799744714,False,False,False,-1.0,-1.0,0.75,8.897106072667704,transportable_but_atlas_unsupported,False,False,True,False
NFE2,OSBP2,OSBP2,ENSG00000184792,0.2388828457053114,0.2388828457053114,True,0.8174846625766872,353.62308758077705,0.0019204389574759,True,0.0665866155633146,-0.0582496108348237,7.176836253187439e-11,False,True,False,0.2388828457053114,0.03544048557117729,0.03544048557117729,0.32254081492660175,1.0,0.020158408713897364,0.6745152354570719,97.11824144689783,0.08522003224577515,0.08522003224577515,0.011248285322359396,1.0,0.0076067796167151565,0.8070025619129285,153.52473836797657,0.1078378227788835,0.1078378227788835,0.03017832647462277,1.0,0.04614983115013287,0.9338555265448109,299.7869290700556,3,1.0,0.03017832647462277,0.9698216735253772,0.0854272380767093,0.03723531449134827,0.037038138340757074,0.07239733720770622,0.17451705270033452,1.0,3.742480358775658,0.15393263930214662,0.40181963589802583,True,3,-0.1683450641233664,0.0347005308526058,False,False,True,-0.1921558911778692,-0.2203594885281011,-0.194950150464249,-0.1728737711136132,0.9592181723930684,False,False,False,-0.39999999999999997,-0.39999999999999997,1.0,5.871055500321459,transportable_but_atlas_unsupported,False,False,True,False
NFE2,PIP5K1B,PIP5K1B,ENSG00000107242,0.2325057448450646,0.2325057448450646,True,0.7300613496932515,345.3402140744976,0.0020576131687242,False,,,,False,False,False,0.2325057448450646,0.06283203937966327,0.06283203937966327,0.083824941692962,1.0,0.009065677608484205,0.8995844875346501,316.1681411398662,-0.002024267594257497,0.002024267594257497,0.944718792866941,0.75,0.013543333884094854,0.9316823228010734,332.1853311071729,0.052954098588257906,0.052954098588257906,0.2474622770919067,1.0,0.04198797404309456,0.9373368146213991,357.42903333883294,3,0.6666666666666666,0.2474622770919067,0.7525377229080933,0.05300367887420151,0.03498429726650435,0.03494408633009956,0.06485630697392077,0.4571801339582267,0.75,4.540154142822883,0.10330421797439149,0.3165609451789521,False,3,0.0008257234469063,0.9970386182900678,False,False,True,-0.0046662497549668,0.037905009047414,-0.0712267179942506,0.0174768521767416,0.6180799768768108,False,True,False,-0.6000000000000001,0.19999999999999998,0.75,5.847421569628848,variable_and_atlas_unsupported,True,False,False,False
BCL11A,STRN3,STRN3,ENSG00000196792,0.2315403622659105,0.2315403622659105,True,0.7952453987730062,392.79184925059695,0.0010973936899862,True,0.0367571184751498,-0.0944912295666104,6.36532445060618e-12,False,True,False,0.2315403622659105,0.0032339191224123333,0.0032339191224123333,0.9386747153244616,0.75,0.008916827552584933,0.8919667590027937,254.40600957135106,0.1595078191853824,0.1595078191853824,0.011934156378600824,1.0,0.023436893031171236,0.9423569598634146,308.1330554706873,0.22413353081531365,0.22413353081531365,0.004252400548696845,1.0,0.012663267470943575,0.9503916449086048,417.51269904551225,3,1.0,0.011934156378600824,0.9880658436213992,0.16088162523386965,0.11538329492778175,0.11357424362551041,0.22089961169290132,0.537285171846822,0.75,36.13663336401641,1.4224262807422351e-08,1.760963735558887e-06,True,2,0.1552999159729168,0.4532237977353733,False,False,True,-0.0356511606659242,0.0417587536118078,-0.0840576175326852,0.0569239646901112,0.5133057406565635,False,False,False,0.7999999999999999,-0.39999999999999997,0.5,5.975822468303159,transportable_but_atlas_unsupported,False,False,True,False
BCL11A,TFRC,TFRC,ENSG00000072274,0.2272465920094975,0.2272465920094975,True,0.937883435582822,1553.4748777178845,0.0012345679012345,True,0.091901074685218,-0.0621804595691881,5.809884537156959e-11,False,True,False,0.2272465920094975,0.21282738071645654,0.21282738071645654,0.0019207024283166415,1.0,0.027414691349101256,0.995152354570668,1381.1922024179469,0.1571996983824967,0.1571996983824967,0.012894375857338821,1.0,0.023373959294533397,0.9982920580700824,1786.4999869214648,0.11667194497859129,0.11667194497859129,0.07777777777777778,1.0,0.036058807356350135,0.9999999999999868,2006.8164183649449,3,1.0,0.012894375857338821,0.9871056241426612,0.158514136326104,0.0496861955508893,0.04827491698552235,0.09615543573786525,0.040997099966277845,1.0,6.433567370826203,0.0400837731802352,0.1740992777265747,True,2,0.0585467322596452,0.6432934416474284,False,False,True,-0.0372093578784352,-0.0559632955044295,-0.1264021672402271,0.0048913737432864,0.4107568309235098,False,False,False,-1.0,-1.0,0.75,7.348893068363319,transportable_but_atlas_unsupported,False,False,True,False
BCL11A,H1F0,H1F0,ENSG00000189060,0.2232901027636249,0.2232901027636249,True,0.661042944785276,472.8767637504524,0.0013717421124828,True,0.261870426397818,-0.157331457181402,2.3697904388619e-10,True,True,True,0.2232901027636249,0.003211501002052845,0.003211501002052845,0.9392234874468377,0.5,0.023270753909593853,0.6800554016620585,99.09842407290233,0.09234815263697285,0.09234815263697285,0.08724279835390947,1.0,0.023919719738983252,0.638343296327938,98.8343019155352,0.19812191719856803,0.19812191719856803,0.009465020576131687,1.0,0.02452565265190164,0.9268929503916344,451.8228750099941,3,1.0,0.08724279835390947,0.9127572016460905,0.09261202476432205,0.09893114072147613,0.09757347853123786,0.1949104161965152,0.5158118655771495,0.5,24.73470838284198,4.25526213529814e-06,0.0002394552056135953,False,2,-0.0868277704078494,0.8569887257117662,False,False,True,-0.1168952171161202,-0.0173790520870119,-0.1886810983100819,-0.1938307098520823,0.6778348574270372,False,False,False,0.7999999999999999,0.7999999999999999,1.0,6.160947295803621,variable_but_atlas_supported,False,False,False,False
BCL11A,MFHAS1,MFHAS1,ENSG00000147324,0.2222852266136859,0.2222852266136859,True,0.7400306748466258,304.2850961617661,0.0015089163237311,True,0.151906543621675,-0.156633268158201,5.68620364786865e-21,False,True,False,0.2222852266136859,0.07564637284509249,0.07564637284509249,0.12251337632048293,1.0,0.01030046354762545,0.8240997229917085,164.5942820631889,0.17790118561833781,0.17790118561833781,0.005898491083676269,1.0,0.008539238065437741,0.8992314261315563,216.5204408376297,0.17862589822713976,0.17862589822713976,0.01646090534979424,1.0,0.024122873915834533,0.9434290687554284,309.3619849152867,3,1.0,0.01646090534979424,0.9835390946502057,0.17981443877121867,0.06027510124934719,0.059247158288490274,0.10297952538204727,0.06449511952196,1.0,11.011940541667574,0.004062444996123121,0.04217844755339764,True,2,0.0107252618634461,0.977178306437247,False,False,True,-0.003853446213001,-0.0033944102331461,-0.1648233609040634,-0.0278672598163012,0.5840399998133623,False,False,False,0.6000000000000001,0.6000000000000001,1.0,5.7212460815226,transportable_but_atlas_unsupported,False,False,True,False
KLF1,SLC4A1,SLC4A1,ENSG00000004939,0.221813219502299,0.221813219502299,True,0.9846625766871164,2584.959107528628,0.0002743484224965,True,0.0810427405322174,-0.217897626041221,3.7572746578817704e-25,False,True,False,0.221813219502299,0.0725100955409814,0.0725100955409814,0.05652352860474688,1.0,0.02365582472026183,0.33448753462603625,89.61902853508838,0.18526770950718807,0.18526770950718807,0.00041152263374485596,1.0,0.01727927636986246,0.6955593509820867,456.2626490957259,0.1724001786221857,0.1724001786221857,0.0012345679012345679,1.0,0.023536001172501264,0.9460400348128696,1567.366249180663,3,1.0,0.0012345679012345679,0.9987654320987654,0.1741393155764573,0.06279212301413231,0.06172233733476409,0.11275761396620668,0.032161321991062065,1.0,12.487175140461314,0.0019428728121890582,0.026725294905445042,True,3,0.0022234857498183,0.977178306437247,False,False,True,0.1459263244663962,-0.0486163987607336,-0.1571683849623871,0.0031059446296317,0.8442577163586579,False,False,False,-0.7999999999999999,0.19999999999999998,0.5,7.857851746186137,transportable_but_atlas_unsupported,False,False,True,False
BCL11A,MBOAT2,MBOAT2,ENSG00000143797,0.2191750314054863,0.2191750314054863,True,0.6004601226993865,258.02767800826064,0.0016460905349794,True,0.131650143386527,-0.0797171686871094,9.82708375836131e-07,False,True,False,0.2191750314054863,0.21612581561888067,0.21612581561888067,0.0016463163671285499,1.0,0.02036222705501276,0.9023545706371434,442.069500682653,0.2610936595369129,0.2610936595369129,0.00027434842249657066,1.0,0.005973799686520979,0.955166524338224,573.1773371637632,0.2529339414759033,0.2529339414759033,0.0013717421124828531,1.0,0.017986823998336288,0.9573542210617813,662.1179495925265,3,1.0,0.0013717421124828531,0.9986282578875172,0.2585448101167998,0.025392160487491534,0.02395664874510516,0.04496784391803221,0.000725943061728862,1.0,2.0935801850089133,0.35106282163835406,0.5954128709604545,True,2,-0.2418300521025449,0.3745287458611698,False,False,True,-0.0991201811905223,-0.0678043336042047,-0.0621488065355583,-0.1990869693198697,0.6778348574270372,False,False,False,-0.6000000000000001,-0.6000000000000001,1.0,5.5569349208866505,transportable_but_atlas_unsupported,False,False,True,False
NFE2,AC107223.1,AC107223.1,ENSG00000251600,0.2170685904422359,0.2170685904422359,True,0.7423312883435583,371.4641490418275,0.0021947873799725,True,-0.119877656377834,0.0800585833013551,7.86568750067758e-13,False,False,False,0.2170685904422359,0.09701103348286438,0.09701103348286438,0.011661407600493895,1.0,0.006809337750537375,0.47368421052631193,60.7463175434821,0.08624303652340985,0.08624303652340985,0.010425240054869684,1.0,0.00813700097241267,0.6451750640478363,108.7323568432214,0.18736321904093683,0.18736321904093683,0.0010973936899862826,1.0,0.04030366350670223,0.9103568320278405,304.1152590526625,3,1.0,0.010425240054869684,0.9895747599451303,0.09731709172412567,0.05667680435190847,0.05553491170128503,0.10112018251752698,0.005775454064532089,1.0,8.663012383263194,0.013147729568781756,0.09248232503495349,True,3,-0.0196147531887795,0.9144261961344348,False,False,True,0.0837711755204306,0.1026898848113337,-0.075816857196086,-0.0282442027035239,0.575145490084116,False,False,False,-1.0,0.7999999999999999,0.5,5.920140789004832,transportable_but_atlas_unsupported,False,False,True,False
BCL11A,NIBAN1,NIBAN1,ENSG00000135842,0.2160518521401747,0.2160518521401747,True,0.4861963190184049,241.37048055398213,0.0017832647462277,False,,,,False,False,False,0.2160518521401747,0.014699890978014185,0.014699890978014185,0.7341199067087392,1.0,0.009584541694597132,0.5096952908587223,58.08648948179382,0.14040805707524728,0.14040805707524728,0.02400548696844993,1.0,0.023672362369517034,0.565755764304018,76.83192589207414,0.27160892855297514,0.27160892855297514,0.0009602194787379973,1.0,0.02768967983433545,0.6457789382071367,185.2524653047169,3,1.0,0.02400548696844993,0.97599451303155,0.14134181523585532,0.13198515766534685,0.12846430456728533,0.256909037574961,0.41679665314874137,1.0,44.241863178182456,2.471732547168645e-10,3.825006116743478e-08,True,2,-0.2181444020758159,0.8569887257117662,False,False,True,0.0260921294019369,-0.0250406565582385,-0.051247496079686,-0.0859932900804729,0.9147846333664906,False,False,False,0.6000000000000001,0.7999999999999999,0.75,5.490467466886574,transportable_but_atlas_unsupported,False,False,True,False
BCL11A,PIP5K1B,PIP5K1B,ENSG00000107242,0.2132585791898445,0.2132585791898445,True,0.7300613496932515,345.3402140744976,0.0019204389574759,True,0.0724659526900235,-0.0867595877511775,2.93471466112528e-10,False,True,False,0.2132585791898445,0.12997220612828725,0.12997220612828725,0.025517903690492522,1.0,0.02497653435581596,0.8995844875346501,316.1681411398662,0.15235870081447983,0.15235870081447983,0.01577503429355281,1.0,0.023914512747903502,0.9316823228010734,332.1853311071729,0.2110641097329022,0.2110641097329022,0.006584362139917695,1.0,0.016574390858998693,0.9373368146213991,357.42903333883294,3,1.0,0.01577503429355281,0.9842249657064472,0.1535543074820444,0.04319426856202315,0.04187954355616092,0.08109190360461496,0.009468112750778898,1.0,4.670147812843061,0.09680332787452063,0.3041688322554735,True,2,0.012179804241453,0.9755230329710304,False,False,True,-0.044962536111772,0.0144312833676347,-0.0398458275660014,-0.0667472282839341,0.736813379617918,False,False,False,0.39999999999999997,0.39999999999999997,0.75,5.847421569628848,transportable_but_atlas_unsupported,False,False,True,False
BCL11A,ABCB10,ABCB10,ENSG00000135776,0.2125867753123397,0.2125867753123397,True,0.7438650306748467,308.1262576353231,0.0020576131687242,True,0.171954759546729,-0.131883674174959,2.14026335594641e-14,False,True,False,0.2125867753123397,0.16624151045445187,0.16624151045445187,0.008917546988612978,1.0,0.015919600230633962,0.7673130193905965,131.14025071754065,0.1707350975113074,0.1707350975113074,0.00823045267489712,1.0,0.006518872483329082,0.90435525192148,220.98349299140412,0.23925359449244765,0.23925359449244765,0.0021947873799725653,1.0,0.010630050683321287,0.9643167972149577,423.8221806630909,3,1.0,0.00823045267489712,0.9917695473251029,0.17242373513110093,0.04271205468867301,0.04091809128972054,0.07301208403799578,0.00369902804584899,1.0,4.711924277899108,0.09480224970384184,0.2994009824830515,True,2,-0.0386732684609787,0.9121997433162178,False,False,True,-0.0358236683085373,-0.0103384558231247,-0.1108490106349568,-0.0754316523931424,0.805025024987373,False,False,False,0.7999999999999999,0.7999999999999999,1.0,5.73374979420475,transportable_but_atlas_unsupported,False,False,True,False
KLF1,ANK1,ANK1,ENSG00000029534,0.2119203771891785,0.2119203771891785,True,0.9654907975460124,1368.0574477052403,0.0004115226337448,True,0.121176565906679,-0.130381389106877,3.16889352742127e-53,False,True,False,0.2119203771891785,0.1540839809488162,0.1540839809488162,0.0012347372753464124,1.0,0.024418644092266392,0.9508310249307756,886.2042259940207,0.1340450066647056,0.1340450066647056,0.0017832647462277093,1.0,0.015352167686319917,0.9752348420154254,950.9624465718787,0.1909705427016076,0.1909705427016076,0.00013717421124828533,1.0,0.03331836301899933,0.9817232375978987,1190.912119408003,3,1.0,0.0012347372753464124,0.9987652627246536,0.15532106589408634,0.029679847297106317,0.028875293884190942,0.05692553603690201,0.000838166760986216,1.0,2.615196369137813,0.270468893241004,0.5298109016334857,True,3,-0.0210436314333211,0.8685516302513563,False,False,True,-0.239246537516089,-0.0612185733087351,-0.1027253618155937,-0.0009359969595109,0.0423822523545097,True,False,False,-0.39999999999999997,-0.39999999999999997,1.0,7.221877787669696,transportable_but_atlas_unsupported,False,False,True,False
NFE2,RHCE,RHCE,ENSG00000188672,0.211384766030027,0.211384766030027,True,0.8581288343558282,479.1680118730355,0.0023319615912208,True,-0.371731848452304,0.181362492420495,1.52993458254391e-57,True,False,False,0.211384766030027,0.058210898745341653,0.058210898745341653,0.10728494992454383,1.0,0.02605366801819789,0.3905817174515205,37.7191299708091,0.07831925974899558,0.07831925974899558,0.01646090534979424,1.0,0.010763744892446964,0.5918018787361304,79.96242333335121,0.12367786318316183,0.12367786318316183,0.01673525377229081,1.0,0.013562164264819992,0.8894691035683112,275.93936174247614,3,1.0,0.01673525377229081,0.9832647462277092,0.07847998603040605,0.03383762959571456,0.033535236494504406,0.06546696443782019,0.05235826870902432,1.0,2.862744727091819,0.23898072865462466,0.4882147558983917,True,3,0.1612609426002562,0.0269728460418287,False,False,True,0.2866437726602989,0.3620216140802,0.1030857543707913,0.1635832903246225,0.5841465612758188,False,False,False,-0.6000000000000001,0.6000000000000001,0.0,6.174136067393061,transportable_and_atlas_supported,False,False,True,True
BCL11A,SPTA1,SPTA1,ENSG00000163554,0.2112186510194364,0.2112186510194364,True,0.8880368098159509,1226.036428324166,0.0021947873799725,True,0.103607479608569,-0.108880234513802,8.18516476526773e-13,False,True,False,0.2112186510194364,0.2563613347705891,0.2563613347705891,0.00027438606118809165,1.0,0.009912542881398517,0.9148199445983631,449.8639911341758,0.21328896025995903,0.21328896025995903,0.0016460905349794238,1.0,0.01862424348133697,0.9602903501281478,592.5090967538595,0.24639215989970414,0.24639215989970414,0.0019204389574759945,1.0,0.020023487328639605,0.9730200174064282,887.9224579506277,3,1.0,0.0016460905349794238,0.9983539094650206,0.25156812908127285,0.023853489351323677,0.022547859173984712,0.04307237451063006,0.0008818853249075062,1.0,2.1131750097009343,0.34764010865921346,0.5954128709604545,True,2,0.0961816208012704,0.608156979748136,False,False,True,-0.0053708721436154,0.0454352168294071,-0.1128965824235923,0.0870564247839306,0.2058958750725813,False,False,False,-0.39999999999999997,0.7999999999999999,0.5,7.112357133205954,transportable_but_atlas_unsupported,False,False,True,False
BCL11A,KLF13,KLF13,ENSG00000169926,0.2109452555367574,0.2109452555367574,True,0.6993865030674846,237.88679138472995,0.0023319615912208,True,0.183383975751574,-0.151877101789588,2.3761594061916e-12,False,True,False,0.2109452555367574,0.10707070549301224,0.10707070549301224,0.04829194676910413,1.0,0.02420835707238446,0.5602493074792245,55.34526275824928,0.1364735066969268,0.1364735066969268,0.02606310013717421,1.0,0.012598578703780804,0.7032450896669723,93.70033413935666,0.14697562272040643,0.14697562272040643,0.03964334705075446,1.0,0.08673259360978139,0.8938207136640465,212.48978683494792,3,1.0,0.03964334705075446,0.9603566529492455,0.13733037664743003,0.021020947032007038,0.020685025092776366,0.039904917227394185,0.011205229477851743,1.0,1.2151655691363017,0.5446658538405899,0.7442564316276492,True,2,-0.0643633180179886,0.7820548651029691,False,False,True,0.0531340593061215,-0.0756516879104647,-0.139781005174542,-0.0756182601975086,0.3989374553109798,False,False,False,0.39999999999999997,0.39999999999999997,0.75,5.475989763496975,transportable_but_atlas_unsupported,False,False,True,False
BCL11A,PRDX2,PRDX2,ENSG00000167815,0.2090438176085028,0.2090438176085028,True,0.9593558282208589,1507.5731381432174,0.0024691358024691,True,0.209103048783877,-0.166868831265663,1.7513669070121602e-25,False,True,False,0.2090438176085028,0.10547959736824654,0.10547959736824654,0.051035807380985045,1.0,0.014572310612799816,0.9030470914127667,261.56217273817134,0.10109879911685617,0.10109879911685617,0.06694101508916324,1.0,0.017699897893362543,0.9829205807003111,568.3481723950765,0.04564254078986332,0.04564254078986332,0.42304526748971194,1.0,0.014711878836946017,0.9982593559616927,1413.2329257121107,3,1.0,0.06694101508916324,0.9330589849108367,0.1014453694858665,0.033550854798635024,0.03335431336652523,0.059837056578383216,0.2103387159719534,1.0,2.8993810912220326,0.23464288813159428,0.48414649251152286,True,2,-0.0687301385738169,0.6432934416474284,False,False,True,-0.0129194893865749,-0.0678305069248955,-0.1514467478781071,-0.0935161631046578,0.5184020307901149,False,False,False,-0.39999999999999997,-0.39999999999999997,1.0,7.318919541443172,transportable_but_atlas_unsupported,False,False,True,False
NFE2,GYPB,GYPB,ENSG00000250361,0.20853471206904,0.20853471206904,True,0.97239263803681,1390.201161608596,0.0024691358024691,True,-0.197739678030454,0.0844781470769748,1.7711304776149597e-11,False,False,False,0.20853471206904,0.13432485021430757,0.13432485021430757,0.0009603512141583208,1.0,0.017130812212237514,0.3303324099722967,43.816048811486674,0.06048797925311925,0.06048797925311925,0.05034293552812071,1.0,0.01622951838777678,0.7237403928266674,170.83346502387263,0.19056971697455988,0.19056971697455988,0.0009602194787379973,1.0,0.027347917659734596,0.9756309834638693,786.5102946255947,3,1.0,0.0009603512141583208,0.9990396487858417,0.13514159241523344,0.06636049122999636,0.06523882667916832,0.13008173772144063,0.028511086375761857,1.0,14.369444362701357,0.0007580795873340909,0.01466410201749382,True,3,-0.0111711679746597,0.936607200824716,False,False,True,0.1039492670033691,0.1488022946684014,-0.161243455782338,-0.0333108582385535,0.5683463541820194,False,True,False,-0.39999999999999997,0.7999999999999999,0.5,7.237922798008526,transportable_but_atlas_unsupported,False,False,True,False
BCL11A,ARL15,ARL15,ENSG00000185305,0.2067344877777279,0.2067344877777279,True,0.5276073619631901,210.42916133907943,0.0026063100137174,False,,,,False,False,False,0.2067344877777279,-0.1217253185967931,0.1217253185967931,0.032377555220194816,1.0,0.022283535794104015,0.9099722991689999,460.20927248919156,0.04564208976537563,0.04564208976537563,0.3215363511659808,1.0,0.010426608261165501,0.911614005123872,358.7421526132766,0.08977351480483436,0.08977351480483436,0.14334705075445817,1.0,0.030030829094789532,0.8842471714534289,345.5912178811835,3,0.6666666666666666,0.14334705075445817,0.8566529492455418,0.04567382331181217,0.11201467741351973,0.1115729870145784,0.21149883340162745,0.14587578334156623,1.0,35.25508671023982,2.2103201931923354e-08,2.2803136659767593e-06,False,2,-0.1642233725988212,0.6814057077705964,False,False,True,0.0089073090942733,-0.0256391930868311,-0.0005481040013434,-0.2109504209131711,0.6504108478835773,False,False,False,0.39999999999999997,0.7999999999999999,1.0,5.353890007816223,variable_and_atlas_unsupported,True,False,False,False
BCL11A,AMMECR1,AMMECR1,ENSG00000101935,0.2067310049471276,0.2067310049471276,True,0.7200920245398773,358.40239665735663,0.0027434842249657,True,0.0840222480598751,-0.0993868591736844,5.93118647354397e-12,False,True,False,0.2067310049471276,0.006874139097080265,0.006874139097080265,0.8726848676087254,0.75,0.011832850254763301,0.9245152354570896,403.5302581827145,0.13679986278497247,0.13679986278497247,0.025788751714677642,1.0,0.017419542574207802,0.9611443210931351,511.42269489145065,0.1711570571219344,0.1711570571219344,0.021262002743484224,1.0,0.00908778558993008,0.9512619669277519,507.75889625953425,3,1.0,0.025788751714677642,0.9742112482853224,0.13766294158761086,0.08745964822856848,0.08665062765044004,0.16428291802485415,0.49026768494160544,0.75,21.465462139548986,2.1818963744472773e-05,0.0009357262744760318,True,2,0.1363500640700403,0.4158607794573909,False,False,True,-0.1309534194432609,0.010947783615521,-0.1045600517943417,0.0838367389787393,0.1128804034710458,False,False,False,-0.39999999999999997,-0.7999999999999999,0.5,5.88444264282293,transportable_but_atlas_unsupported,False,False,True,False
BCL11A,DIAPH3,DIAPH3,ENSG00000139734,0.206613380449439,0.206613380449439,True,0.4141104294478527,259.83046593366737,0.0028806584362139,False,,,,False,False,False,0.206613380449439,0.05601000154020731,0.05601000154020731,0.2236246398682947,1.0,0.014069792368315225,0.7458448753462736,216.22769982620713,0.18556456679252958,0.18556456679252958,0.004526748971193415,1.0,0.011224831231569112,0.8356105892400029,309.682372590315,0.15832482382279117,0.15832482382279117,0.029218106995884775,1.0,0.016294854878354477,0.8494342906875468,447.4668731013756,3,1.0,0.029218106995884775,0.9707818930041152,0.1596679798319826,0.06935183644891581,0.0683065538991835,0.12955456525232228,0.12000517279137943,1.0,15.791511033446616,0.00037232049953723307,0.009602766217231136,True,2,0.3088569171954334,0.6891200198107037,False,False,True,-0.0773314497650835,-0.0173952451540212,-0.1216286485293433,-0.0488036924659441,0.9015587230001078,False,False,False,-0.6000000000000001,-0.6000000000000001,1.0,5.563870640460216,transportable_but_atlas_unsupported,False,False,True,False
BCL11A,NAP1L1,NAP1L1,ENSG00000187109,0.2064481459323133,0.2064481459323133,True,0.6088957055214724,192.10204858313963,0.0030178326474622,False,,,,False,False,False,0.2064481459323133,-0.009047132451599733,0.009047132451599733,0.8360543284401153,1.0,0.0019906863687132077,0.9605263157895021,430.09142093378614,0.01882824263778519,0.01882824263778519,0.6647462277091907,1.0,0.008728293830310466,0.9799316823228555,470.51315479482355,-0.009241642393703267,0.009241642393703267,0.864883401920439,0.6666666666666666,0.025875781221977465,0.9817232375978987,501.3107450518832,3,0.3333333333333333,0.8360543284401153,0.1639456715598847,-0.009047379301479426,0.016151730376836943,0.01615029832630788,0.02806988503148846,0.1081915503131938,0.6666666666666666,0.9550874112539127,0.6203051741771802,0.7884371721061079,False,2,-0.1004026193851617,0.8143751157169626,False,False,True,-0.0070411609812493,0.0183147476721054,-0.0203957258103193,0.0344052767139992,0.9356494438313548,False,False,False,0.7999999999999999,-1.0,0.0,5.2632187983017555,variable_and_atlas_unsupported,True,False,False,True
BCL11A,STAG1,STAG1,ENSG00000118007,0.2057478034480666,0.2057478034480666,True,0.4210122699386503,147.76151106296024,0.0031550068587105,False,,,,False,False,False,0.2057478034480666,0.03291217309952439,0.03291217309952439,0.4560296336946083,1.0,0.01573803192422689,0.8199445983379686,170.761307939583,0.13015738752280914,0.13015738752280914,0.03141289437585734,1.0,0.017707305767998602,0.8484201537148123,179.29016001800363,0.21974143597912948,0.21974143597912948,0.0049382716049382715,1.0,0.016682961849089174,0.8590078328981644,254.67063171999976,3,1.0,0.03141289437585734,0.9685871056241426,0.1308999464583233,0.09524336618545114,0.09344080740785542,0.1868292628796051,0.25314149466008934,1.0,23.210899782812035,9.116269428955141e-06,0.0004702475647102694,True,2,-0.2529244895482314,0.5787085648824443,False,False,True,-0.0196598063165774,0.005299605524938,-0.1096600252728736,-0.0085288331915813,0.8752911829641433,False,False,False,0.39999999999999997,0.39999999999999997,0.75,5.002344426728863,transportable_but_atlas_unsupported,False,False,True,False
NFE2,HEMGN,HEMGN,ENSG00000136929,0.2056828799297579,0.2056828799297579,True,0.8466257668711656,928.6721910399608,0.0026063100137174,True,-0.181295517235484,0.109349582965391,1.68026561358862e-20,False,False,False,0.2056828799297579,0.07410494794322463,0.07410494794322463,0.044176155851282754,1.0,0.012637022197173725,0.4272853185595534,47.58097511295722,0.1268386848020033,0.1268386848020033,0.0009602194787379973,1.0,0.014820367641035111,0.8044406490179666,194.61131436093393,0.09020673163952213,0.09020673163952213,0.06255144032921811,1.0,0.018388557849140064,0.9747606614447223,731.5379580853862,3,1.0,0.044176155851282754,0.9558238441487172,0.09045261160896083,0.027314376423909634,0.027024724586297757,0.052733736858778676,0.03161947375182343,1.0,2.762860204479267,0.25121902714826255,0.5054244913033721,True,3,0.0062201469938989,0.977178306437247,False,False,True,0.0485904842695777,0.1161735054724589,-0.0166915168248465,-0.019382352438078,0.7629128979541091,False,False,False,0.0,0.39999999999999997,0.5,6.834832041257924,transportable_but_atlas_unsupported,False,False,True,False
BCL11A,TCF12,TCF12,ENSG00000140262,0.2001683858233177,0.2001683858233177,True,0.5199386503067485,158.08459928145948,0.0032921810699588,False,,,,False,False,False,0.2001683858233177,0.10012335484311062,0.10012335484311062,0.06009054740019207,1.0,0.019157330114958383,0.9196675900277264,339.19510912090306,0.1265610080946479,0.1265610080946479,0.03497942386831276,1.0,0.015924354861031977,0.9436379163108956,338.0462433528616,0.1702818123327941,0.1702818123327941,0.021810699588477367,1.0,0.021736279846405044,0.9208006962576051,302.14867839872517,3,1.0,0.03497942386831276,0.9650205761316872,0.12724331587340265,0.03612123511988129,0.03543225317421625,0.07015845748968348,0.019447924365167558,1.0,3.267762720532235,0.19517057479072597,0.4470223940114233,True,2,-0.0772836157075393,0.8590040550092644,False,False,True,-0.0225017867928162,-0.0425318582099596,-0.0069428215184014,-0.0196794779179665,0.9814191754299628,False,False,False,-0.6000000000000001,-0.6000000000000001,1.0,5.069436131673247,transportable_but_atlas_unsupported,False,False,True,False
BCL11A,GYPA,GYPA,ENSG00000170180,0.200105156910259,0.200105156910259,True,0.8757668711656442,836.7171154758335,0.0034293552812071,True,0.23385414246821,-0.186354141542307,9.94294890078861e-14,False,True,False,0.200105156910259,0.02983424397645985,0.02983424397645985,0.49622719165866375,0.75,0.025571107109955856,0.3905817174515205,42.09346221580081,0.10014673751651805,0.10014673751651805,0.0691358024691358,1.0,0.013741519790534984,0.7395388556789323,142.01044724996243,0.1371968827156658,0.1371968827156658,0.049245541838134434,1.0,0.03095033035616203,0.9643167972149577,592.383424778989,3,1.0,0.0691358024691358,0.9308641975308642,0.10048356964275655,0.05494719374123075,0.05453331734536833,0.10736263873920594,0.2525190660999984,0.75,8.051523905630773,0.017849818251173964,0.10522892854739699,True,2,-0.0251278380003456,0.9121997433162178,False,False,True,0.0492074034359242,0.080909292285758,-0.0865000172425036,-0.0210249064062769,0.8261568683725588,False,False,False,-0.19999999999999998,0.6000000000000001,0.5,6.730680472460931,transportable_but_atlas_unsupported,False,False,True,False
GFI1B,MCM4,MCM4,ENSG00000104738,0.1968796826672436,0.1968796826672436,True,0.1802147239263803,34.424760433085346,0.0001371742112482,True,0.228379482735252,-0.200904129525003,6.282752573728551e-23,False,True,False,0.1968796826672436,0.06771172403096798,0.06771172403096798,0.06681300589930031,1.0,0.025705203256400983,0.8220221606648386,168.5898267767123,0.09490178628495577,0.09490178628495577,0.01440329218106996,1.0,0.009167218653085084,0.8962425277541007,213.63497857551164,0.13424036298599396,0.13424036298599396,0.0035665294924554186,1.0,0.025058480318151815,0.8085291557876354,181.69865932128081,3,1.0,0.01440329218106996,0.98559670781893,0.0951882420418904,0.03381295538271519,0.03344867437195729,0.06652863895502598,0.033823882823329134,1.0,2.871606781569279,0.23792414114918578,0.48766570652763575,True,1,0.3610816421291056,0.8569887257117662,False,False,False,-0.2590023022240986,-0.1334285528453157,-0.0156796595488631,0.1808704660576133,0.0423822523545097,True,True,True,-0.39999999999999997,-1.0,0.75,3.5674110229027933,transportable_but_atlas_unsupported,False,False,False,False
NFE2,AC079804.3,AC079804.3,ENSG00000287860,0.1962997010649382,0.1962997010649382,True,0.5613496932515337,203.9667263214488,0.0027434842249657,True,0.0982088168364787,-0.161061632744689,3.73610264230015e-19,False,True,False,0.1962997010649382,0.04169647917312231,0.04169647917312231,0.24927973658938127,1.0,0.022298328789137813,0.207063711911356,19.904705282225432,0.054885400022266544,0.054885400022266544,0.07242798353909465,1.0,0.007954787403085525,0.34201537147736755,46.27466431942503,0.18666249767383544,0.18666249767383544,0.0013717421124828531,1.0,0.021412295132923434,0.5604873803307256,114.46427584656699,3,1.0,0.07242798353909465,0.9275720164609054,0.054940612239905345,0.08141321673423993,0.08016056555292136,0.14496601850071314,0.12766094791033683,1.0,17.014443188774603,0.00020200429581318266,0.006252032955418004,True,3,-0.2910098165151125,0.1310610461254651,False,False,True,-0.4014425427815282,-0.2226531149368465,-0.3179548698938933,-0.3243304185425492,0.8479895176896507,False,False,False,-0.19999999999999998,-0.19999999999999998,1.0,5.322847655337534,transportable_but_atlas_unsupported,False,False,True,False
NFE2,HMBS,HMBS,ENSG00000256269,0.1960227441247649,0.1960227441247649,True,0.910276073619632,495.7640366753973,0.0028806584362139,True,-0.132627950205093,0.0581258888638334,4.557927020243371e-15,False,False,False,0.1960227441247649,0.0655231329206834,0.0655231329206834,0.07106598984771574,1.0,0.024345604642796455,0.7520775623268835,108.79324378109683,0.06735663112404953,0.06735663112404953,0.033607681755829906,1.0,0.01851654999380086,0.8877028181042278,168.81875909119464,0.12456281793316555,0.12456281793316555,0.016186556927297667,1.0,0.041945147708739666,0.9651871192341047,307.2133682769714,3,1.0,0.033607681755829906,0.96639231824417,0.06745877310129487,0.03388863080842181,0.03356981265778908,0.05903968501248215,0.02804274295031488,1.0,2.9860876770718985,0.2246877005406085,0.4801279966371298,True,3,0.0145565193230226,0.9144261961344348,False,False,True,0.0337907529041563,0.0528217446422421,-0.0083026766926415,-0.0079911798690379,0.9147846333664906,False,False,False,-0.7999999999999999,0.6000000000000001,0.5,6.208115138054138,transportable_but_atlas_unsupported,False,False,True,False
BCL11A,HBB,HBB,ENSG00000244734,-0.1946597675536088,0.1946597675536088,True,1.0,315022.78433583665,0.0035665294924554,True,0.25087147803538,-0.301221568834052,1.5406939436674998e-57,True,False,False,0.1946597675536088,0.04157650339391827,0.04157650339391827,0.35217450953491564,1.0,0.02083241624497858,1.000000000000031,8752.308521740437,0.020867172301589187,0.020867172301589187,0.6299039780521262,1.0,0.00708050702642439,1.0000000000000568,19555.93147747089,0.04699872700442156,0.04699872700442156,0.4101508916323731,1.0,0.023555015092721038,0.9999999999999868,73632.87334719309,3,0.0,0.4101508916323731,0.5898491083676269,-0.04160048473074337,0.013806838447491917,0.013790909169697793,0.02613155470283237,0.14650730218147837,1.0,0.6724349723956522,0.714467702053594,0.8460972177796123,False,2,-0.0700320314477364,0.4115546512562217,False,False,True,-0.0119346709902682,-0.0612342598414971,-0.1271211857821935,-0.0225498973979557,0.6054152067242751,False,False,False,0.0,0.39999999999999997,0.75,12.660403420785402,variable_but_atlas_supported,True,False,False,False
KLF1,CAT,CAT,ENSG00000121691,0.1941629594337614,0.1941629594337614,True,0.9440184049079756,860.4868626076046,0.0005486968449931,True,0.0466553699626302,-0.153750775058135,1.6302458010185102e-61,False,True,False,0.1941629594337614,0.0538640975207147,0.0538640975207147,0.13870215393058033,1.0,0.026949825565620967,0.9231301939058429,268.00333372772013,0.11036558620269799,0.11036558620269799,0.005624142661179698,1.0,0.017696794357079767,0.9666951323655525,347.82148930434084,0.17366067402351368,0.17366067402351368,0.0010973936899862826,1.0,0.0187006843767529,0.9817232375978987,581.7952659507436,3,1.0,0.005624142661179698,0.9943758573388203,0.1108169948486312,0.0608020829140156,0.05993038476337362,0.11979657650279898,0.07817215891920676,1.0,9.368303778966625,0.009240568313006476,0.06999866325563148,True,3,-0.0369346350274035,0.8395353032934146,False,False,True,-0.0716208715989924,-0.0883361467749264,-0.1314890101007519,-0.0271471711585096,0.7643490043420739,False,False,False,-0.19999999999999998,-0.19999999999999998,1.0,6.7586598064119014,transportable_but_atlas_unsupported,False,False,True,False
BCL11A,UROS,UROS,ENSG00000188690,0.1941420211255675,0.1941420211255675,True,0.5115030674846626,128.54901576573062,0.0037037037037037,False,,,,False,False,False,0.1941420211255675,0.05341217284436434,0.05341217284436434,0.2428316641514611,1.0,0.023612719931722162,0.7500000000000135,100.44585450452672,0.07864434748315903,0.07864434748315903,0.1253772290809328,1.0,0.013422926130786097,0.8484201537148123,137.23586842317445,0.1108579825624656,0.1108579825624656,0.08888888888888889,1.0,0.009285406420238434,0.9234116623150462,238.58991692442905,3,1.0,0.1253772290809328,0.8746227709190673,0.07880708852047243,0.02900006009893728,0.02879352350846066,0.05744580971810125,0.08044182301851246,1.0,2.1206388560542684,0.34634516030737467,0.5954128709604545,False,2,0.0454675259392793,0.941158843108844,False,False,True,0.0222107417257189,-0.0687721827060767,-0.1062296867229744,-0.1340210913659067,0.5153402736727258,False,False,False,1.0,1.0,0.75,4.864059309647963,variable_and_atlas_unsupported,True,False,False,False
BCL11A,LPIN2,LPIN2,ENSG00000101577,-0.1929696406345521,0.1929696406345521,True,0.8427914110429447,748.748833337408,0.0038408779149519,True,0.15080728020104,-0.201909909246041,8.987144541058211e-23,False,False,False,0.1929696406345521,0.05154269409648171,0.05154269409648171,0.25668816024145974,1.0,0.014694260098146424,0.700831024930758,80.63603717553464,0.010053544667710608,0.010053544667710608,0.813443072702332,0.75,0.010987333198314863,0.7621690862510956,98.8039871569236,0.023214034120346824,0.023214034120346824,0.6684499314128943,1.0,0.013589220544091953,0.8468233246301057,147.37114639924053,3,0.0,0.6684499314128943,0.3315500685871057,-0.023218205416783908,0.02122610368971834,0.021201654727085625,0.041489149428771105,0.28883293895968337,0.75,1.5352126583529022,0.464122696696496,0.6807866096093151,False,2,0.1492177179665424,0.5472533815383244,False,False,True,-0.077351219547468,-0.0444013783187801,0.0633585246952719,0.1008338366094967,0.560231410216532,False,False,False,1.0,0.7999999999999999,0.75,6.619738261559095,variable_and_atlas_unsupported,True,False,False,False
BCL11A,VRK1,VRK1,ENSG00000100749,0.1929665442838863,0.1929665442838863,True,0.375,84.38954510337939,0.0039780521262002,False,,,,False,False,False,0.1929665442838863,0.017363304753930067,0.017363304753930067,0.6874742763067636,1.0,0.012017054573494565,0.803324099723009,159.09986017454548,0.12192712593470313,0.12192712593470313,0.03991769547325103,1.0,0.011117747318812295,0.8770281810418866,200.3762543765782,0.0646670527877413,0.0646670527877413,0.27283950617283953,1.0,0.0014387946148907453,0.8764142732811054,221.90731797374244,3,1.0,0.27283950617283953,0.7271604938271605,0.06475742179881319,0.05267127815351587,0.05236085251210489,0.10456382118077306,0.3280000223283469,1.0,10.079491290652351,0.006475395155862862,0.05764094531129031,False,2,0.0214139413985002,0.9805249974044375,False,False,True,-0.0305786408354553,-0.0753412388180506,-0.127050169139897,-0.1266044357686398,0.8752673646657542,False,False,False,0.39999999999999997,0.39999999999999997,1.0,4.447223670623201,variable_and_atlas_unsupported,True,False,False,False
NFE2,KLF13,KLF13,ENSG00000169926,0.1928860450029365,0.1928860450029365,True,0.6993865030674846,237.88679138472995,0.0030178326474622,True,-0.144033517461457,0.0959528515555454,7.49381574956873e-27,False,False,False,0.1928860450029365,0.03897114639351011,0.03897114639351011,0.27987378241185346,1.0,0.013626246375909352,0.5602493074792245,55.34526275824928,0.06074345082731882,0.06074345082731882,0.049519890260631,1.0,0.01118137665700853,0.7032450896669723,93.70033413935666,0.12097126610526879,0.12097126610526879,0.017558299039780522,1.0,0.036424078399656105,0.8938207136640465,212.48978683494792,3,1.0,0.049519890260631,0.950480109739369,0.06081832638445881,0.04278928493398604,0.04247635147203689,0.08200011971175868,0.14311642798744317,1.0,4.585381893822217,0.1009943254976185,0.31540927653272505,True,3,0.0105795390885595,0.9657768531045802,False,False,True,0.1923125087855023,0.0490197477449367,-0.0898593164473304,-0.0282925071002617,0.0212103795563532,True,False,False,-0.7999999999999999,0.7999999999999999,0.5,5.475989763496975,transportable_but_atlas_unsupported,False,False,True,False
BCL11A,TSC22D2,TSC22D2,ENSG00000196428,0.1920082528472083,0.1920082528472083,True,0.6150306748466258,194.214663378166,0.0041152263374485,True,0.084051604148172,-0.163937105986979,4.9817720688246404e-17,False,True,False,0.1920082528472083,0.11277118219046459,0.11277118219046459,0.04156948826999588,1.0,0.014630232340134972,0.698753462603888,94.6898373761192,0.18214315732596267,0.18214315732596267,0.004663923182441701,1.0,0.012938688746735916,0.8189581554227506,140.2627243028712,0.15437395488435784,0.15437395488435784,0.03113854595336077,1.0,0.014266114661308123,0.8503046127066939,170.40172837414406,3,1.0,0.03113854595336077,0.9688614540466393,0.15561810538387888,0.03569529390050765,0.03491511190077717,0.06937197513549809,0.019025119110039467,1.0,4.463586798451699,0.10733576154991871,0.3225283320359208,True,2,0.1549198507386857,0.6106468657679304,False,False,True,-0.0171494805449697,0.0203009304257394,-0.024090597784595,0.0413798524150683,0.9485822671081364,False,False,False,0.7999999999999999,-0.7999999999999999,0.5,5.274099790922839,transportable_but_atlas_unsupported,False,False,True,False
GFI1B,SLC22A4,SLC22A4,ENSG00000197208,0.1911346938744337,0.1911346938744337,True,0.5467791411042945,129.59096456409856,0.0002743484224965,True,0.366034056416473,-1.044306898236,3.43600618400814e-112,True,True,True,0.1911346938744337,0.1025471483134399,0.1025471483134399,0.01344491699821649,1.0,0.03020452869501511,0.5034626038781125,54.929719137169506,0.10095528887487028,0.10095528887487028,0.010425240054869684,1.0,0.016929455561210314,0.6135781383433064,77.4050687232138,0.10191801884409636,0.10191801884409636,0.02030178326474623,1.0,0.015375554756524206,0.8102697998259295,145.4596023008166,3,1.0,0.01344491699821649,0.9865550830017835,0.10227311835010942,0.0008101177695206156,0.0008017345108165741,0.001591859438569626,0.005060980959191809,1.0,0.0024068469618848537,0.9987973003427102,0.9997833016580421,True,1,-0.0779895904391109,0.8395353032934146,False,False,False,-0.3982933309424724,-0.3144825790410994,-0.4674610999704247,-0.0383084447832312,0.2758097695050464,False,True,False,-0.39999999999999997,-0.39999999999999997,1.0,4.8720700304068805,transportable_and_atlas_supported,False,False,False,False
BCL11A,PBRM1,PBRM1,ENSG00000163939,0.1898683482114199,0.1898683482114199,True,0.5015337423312883,114.76625568172926,0.0042524005486968,False,,,,False,False,False,0.1898683482114199,0.07569874993041445,0.07569874993041445,0.12223899025929483,1.0,0.017515806394405885,0.8587257617728744,177.86180165561086,0.0905538534770956,0.0905538534770956,0.09108367626886145,1.0,0.012869135317355196,0.8928266438941516,182.35549890155215,0.14486999412077478,0.14486999412077478,0.04183813443072702,1.0,0.028234839762324306,0.8946910356831935,204.7762120658126,3,1.0,0.09108367626886145,0.9089163237311385,0.09080259230149841,0.036892772320067845,0.03641331775291611,0.06917124419036033,0.040538201322415396,1.0,3.4241478396409244,0.18049108016107226,0.42903077562034303,True,2,0.0327066540172835,0.9581216780102612,False,False,True,-0.0400949316743086,-0.0630997702278116,-0.0215655529977601,-0.1179835930341279,0.843292792515562,False,False,False,0.39999999999999997,0.39999999999999997,1.0,4.751573120960983,transportable_but_atlas_unsupported,False,False,True,False
BCL11A,SSX2IP,SSX2IP,ENSG00000117155,0.1897966581943535,0.1897966581943535,True,0.4578220858895706,89.2306706754796,0.0043895747599451,False,,,,False,False,False,0.1897966581943535,0.06717478014228526,0.06717478014228526,0.15722321306077652,1.0,0.011070826375168817,0.7977839335180225,127.47085676566981,0.07868262845179222,0.07868262845179222,0.12496570644718794,1.0,0.012755803522801416,0.86806148590952,153.66706534254507,0.03267108223641779,0.03267108223641779,0.5515775034293553,1.0,0.0318827240301026,0.8720626631853702,172.38075543770492,3,1.0,0.15722321306077652,0.8427767869392235,0.06727609556249696,0.024019327015994445,0.02394437347625924,0.04601154621537443,0.23754069068596262,1.0,1.6410608584946855,0.4401980986229054,0.6673675072434168,False,2,-0.3146324628658414,0.4158607794573909,False,False,True,-0.041303237757267,-0.0682827867281972,-0.1128358728151406,-0.3684068196343931,0.0236748952525511,True,False,False,0.39999999999999997,0.39999999999999997,1.0,4.50236939893323,variable_and_atlas_unsupported,True,True,False,False
KLF1,SNCA,SNCA,ENSG00000145335,0.1895869826881807,0.1895869826881807,True,0.9348159509202454,1338.8850430085472,0.0006858710562414,True,0.105944112986902,-0.305958707374228,2.15680342464855e-98,False,True,False,0.1895869826881807,-0.015667635593652238,0.015667635593652238,0.6600356701879545,0.5,0.03264040056601747,0.8282548476454484,222.83268513103653,0.02452274983785232,0.02452274983785232,0.4104252400548697,1.0,0.010277240412780799,0.8714773697694692,285.88180494773803,0.09544570682008856,0.09544570682008856,0.019890260631001373,1.0,0.0015394571098456434,0.9651871192341047,647.5576101807027,3,0.6666666666666666,0.4104252400548697,0.5895747599451303,0.02452766732223773,0.056417878592626744,0.05626056607516825,0.1111133424137408,0.32264766189598215,0.5,7.9654116965336765,0.018635147175787455,0.10706141135371204,False,3,0.0007518930973725,0.9970386182900678,False,False,True,-0.2188309986062351,-0.1532168313780643,-0.1421269551283959,0.021284027881235,0.4763455337327376,False,False,False,-1.0,-1.0,0.5,7.200339100465296,variable_and_atlas_unsupported,True,False,False,False
NFE2,HBD,HBD,ENSG00000223609,0.1879156247525903,0.1879156247525903,True,1.0,14713.341374809612,0.0031550068587105,False,,,,False,False,False,0.1879156247525903,0.07557514248642258,0.07557514248642258,0.0395115928110852,1.0,0.01863271132007955,0.9993074792244079,1949.7834476705711,0.09290094513967653,0.09290094513967653,0.0064471879286694105,1.0,0.01291336412592226,1.0000000000000568,2124.9290599315996,0.104665882154045,0.104665882154045,0.03497942386831276,1.0,0.013304997211952932,0.9999999999999868,5616.614156912007,3,1.0,0.03497942386831276,0.9650205761316872,0.09316960089857917,0.014753400124034049,0.014633684401299054,0.02909073966762242,0.017925233207546784,1.0,0.5694144862547765,0.752234443890069,0.8654885127283789,True,3,-0.0877075874952919,0.1852756153294111,False,False,True,-0.0644264818561243,-0.0626234490316663,-0.0853142608633877,-0.1127366551161205,0.8906609170475812,False,False,False,0.7999999999999999,0.7999999999999999,1.0,9.596577900903355,transportable_but_atlas_unsupported,False,False,True,False
BCL11A,CTNNA1,CTNNA1,ENSG00000044115,0.1876078462728387,0.1876078462728387,True,0.5628834355828221,147.80709296747133,0.0045267489711934,False,,,,False,False,False,0.1876078462728387,0.006354803986883303,0.006354803986883303,0.8825627658114967,0.75,0.020178603624805447,0.8116343490304888,136.32411281890808,0.08068372203198171,0.08068372203198171,0.11714677640603567,1.0,0.011251978843672801,0.8646456020495709,144.61418941461827,0.14585229484217704,0.14585229484217704,0.04101508916323731,1.0,0.030065255645936203,0.8607484769364585,159.40791209672508,3,1.0,0.11714677640603567,0.8828532235939643,0.08085948906833092,0.0703149874597826,0.06979885492708726,0.13949749085529373,0.46544963256190236,0.75,12.699246623572725,0.001747405239261595,0.024582814615975623,False,2,-0.017287906181893,0.971735155813474,False,False,True,0.0552426679053504,-0.0086927375735422,0.0479304450303455,-0.0782047513918066,0.6180799768768108,False,False,False,0.39999999999999997,0.7999999999999999,0.5,5.002650789055065,variable_and_atlas_unsupported,True,False,False,False
NFE2,CLK3,CLK3,ENSG00000179335,0.1870651545493366,0.1870651545493366,True,0.7039877300613497,197.4105930526037,0.0032921810699588,True,-0.26934296245499,0.124394569841994,3.6847323505512103e-23,True,False,False,0.1870651545493366,0.020616142753674457,0.020616142753674457,0.5674303745369735,1.0,0.01233127194552408,0.2638504155124635,18.649061769405183,0.0607947655760363,0.0607947655760363,0.04910836762688615,1.0,0.025363113195269626,0.32749786507258544,31.022641167283812,0.12905328028254276,0.12905328028254276,0.012757201646090535,1.0,0.014327579007724928,0.6623150565709307,103.66994588575618,3,1.0,0.04910836762688615,0.9508916323731138,0.06086983133502197,0.055202307476222054,0.05482116281950288,0.1084371375288683,0.31027983037904766,1.0,7.6291833749621,0.02204671456564953,0.11664031039433384,True,3,0.0475384974138394,0.8395353032934146,False,False,True,0.0974355893998464,0.1692365861477755,0.0619892817079932,0.0203813155809342,0.843292792515562,False,False,False,-0.7999999999999999,0.7999999999999999,0.0,5.290338585827685,transportable_and_atlas_supported,False,False,True,True
BCL11A,DENND1A,DENND1A,ENSG00000119522,0.186865587210416,0.186865587210416,True,0.5506134969325154,166.73776076332342,0.0046639231824417,True,0.0630374608653477,-0.0779760187844274,9.0677263975862e-07,False,True,False,0.186865587210416,0.013534952472598472,0.013534952472598472,0.7541500891754699,0.75,0.01800925829075183,0.8656509695291076,228.31071051937153,0.10251360398155653,0.10251360398155653,0.06515775034293553,1.0,0.021314557820109836,0.8906917164816833,221.7365342619797,0.21245775766224104,0.21245775766224104,0.006035665294924554,1.0,0.04429068144342236,0.885117493472576,225.60900912362123,3,1.0,0.06515775034293553,0.9348422496570645,0.10287499192461566,0.10133196350994465,0.09964537100590863,0.19892280518964256,0.4159088552252104,0.75,25.906154152885357,2.3689184043864153e-06,0.0001466360492315191,True,2,0.0504180961380257,0.8979029342776277,False,False,True,-0.0898095324602903,0.0582232054222261,-0.0583388811302105,-0.0451299333457399,0.364504680701667,False,False,False,-0.39999999999999997,-0.19999999999999998,0.75,5.122401812017557,transportable_but_atlas_unsupported,False,False,True,False
BCL11A,TNXB,TNXB,ENSG00000168477,0.1867327572729188,0.1867327572729188,True,0.3987730061349693,71.34958184158624,0.0048010973936899,False,,,,False,False,False,0.1867327572729188,0.0016410362419775266,0.0016410362419775266,0.9689943750857456,0.75,0.029673694965865513,0.23199445983379344,16.70555878303892,0.05125058704154476,0.05125058704154476,0.2722908093278464,1.0,0.005427201800635339,0.3450042698548227,28.636888007810846,0.06403737254334496,0.06403737254334496,0.2773662551440329,1.0,0.01969991399136752,0.4734551784160188,48.075248378561355,3,1.0,0.2773662551440329,0.7226337448559671,0.05129552987618345,0.03300108072315485,0.032959349199271806,0.062396336301367435,0.4007848705943777,0.75,3.0642289760435544,0.21607828897210843,0.47089386994979787,False,2,-0.0064103850144048,0.9841007984934804,False,False,True,-0.0906895595174882,0.1334201092702956,-0.2108207884856336,0.0626346384789024,0.5841315318683553,False,False,False,-0.19999999999999998,0.0,0.5,4.281509673400614,variable_and_atlas_unsupported,True,False,False,False
NFE2,ANK1,ANK1,ENSG00000029534,0.1861184248692082,0.1861184248692082,True,0.9654907975460124,1368.0574477052403,0.0034293552812071,True,-0.0772752302036506,0.0562537186630115,6.22415060043114e-26,False,False,False,0.1861184248692082,0.07041126348957913,0.07041126348957913,0.05295650980930169,1.0,0.034480791617115716,0.9508310249307756,886.2042259940207,0.11045039847923516,0.11045039847923516,0.0023319615912208505,1.0,0.013458052965287008,0.9752348420154254,950.9624465718787,0.09087719923436888,0.09087719923436888,0.061042524005486966,1.0,0.025205984028726182,0.9817232375978987,1190.912119408003,3,1.0,0.05295650980930169,0.9470434901906983,0.09112862105229708,0.020188850834011885,0.02002122617502482,0.04003913498965603,0.031820220633178985,1.0,1.461884192340257,0.4814551992671494,0.6946871057024837,True,3,0.0038084866879399,0.977178306437247,False,False,True,0.0124825102633554,0.0515791257478066,-0.0445129078178266,0.001308504398253,0.3875548324469594,False,False,False,-0.19999999999999998,0.0,0.25,7.221877787669696,transportable_but_atlas_unsupported,False,False,True,True
KLF1,BLVRB,BLVRB,ENSG00000090013,0.1856816351224133,0.1856816351224133,True,0.9961656441717792,2257.3448275904234,0.0008230452674897,True,0.087442507497848,-0.116366479257117,9.44165148682934e-41,False,True,False,0.1856816351224133,0.1139800201293929,0.1139800201293929,0.005213335162573741,1.0,0.02897696482217589,0.9792243767313317,568.6735926159331,0.16581944216308112,0.16581944216308112,0.0008230452674897119,1.0,0.008220044794662977,0.9991460290350697,896.6476450360648,0.11184502432366401,0.11184502432366401,0.009739368998628258,1.0,0.03290401622926741,0.9991296779808397,1768.2768815886755,3,1.0,0.005213335162573741,0.9947866648374263,0.11447749203982711,0.031177544860017968,0.03056447192679028,0.0539744178394171,0.004458334078375982,1.0,3.5439323877718314,0.16999841017524714,0.4209160635939119,True,3,-0.0429498913288883,0.4781827014205362,False,False,True,-0.078302466287239,-0.088187167534333,-0.0677971839215774,-0.0422146830790261,0.911302303422306,False,False,False,-0.19999999999999998,-0.19999999999999998,1.0,7.722387446774776,transportable_but_atlas_unsupported,False,False,True,False
BCL11A,ZFAND3,ZFAND3,ENSG00000156639,0.1855332219612476,0.1855332219612476,True,0.7315950920245399,273.04843641969484,0.0049382716049382,False,,,,False,False,False,0.1855332219612476,0.08172920400306068,0.08172920400306068,0.10166003567018796,1.0,0.019652415745991404,0.8975069252077802,268.456846968854,0.08897065919193967,0.08897065919193967,0.09588477366255144,1.0,0.020767020760227607,0.9150298889838212,262.93446066561523,0.25320407015508256,0.25320407015508256,0.0012345679012345679,1.0,0.02794436297512829,0.9173194081810169,282.1837128527796,3,1.0,0.09588477366255144,0.9041152263374486,0.08920653784213192,0.1001063707719255,0.09697824641957507,0.1714748661520219,0.056387483360715154,1.0,25.995435480937587,2.265493956493256e-06,0.0001466360492315191,True,2,-0.0057638712936841,0.977178306437247,False,False,True,-0.0388823873435462,0.0504876649422019,-0.0259903029589599,-0.0507101830365775,0.6230730108668829,False,False,False,-0.19999999999999998,0.0,0.75,5.613304866019527,transportable_but_atlas_unsupported,False,False,True,False
GFI1B,RPL3,RPL3,ENSG00000100316,0.1855290040257002,0.1855290040257002,True,0.7837423312883436,493.7378417722077,0.0004115226337448,True,0.110988323706382,0.0691402336361899,7.91871075647643e-18,False,False,False,0.1855290040257002,0.04969961338976687,0.04969961338976687,0.16833584853889422,1.0,0.01770816053607458,0.9965373961219146,2050.181719380142,0.08039400557613562,0.08039400557613562,0.02661179698216735,1.0,0.02137863168494801,0.9991460290350697,2227.7775219779637,0.15485798388010577,0.15485798388010577,0.0006858710562414266,1.0,0.026844461666947286,0.9991296779808397,2232.648642846319,3,1.0,0.02661179698216735,0.9733882030178327,0.08056788109275546,0.05473091011305104,0.0540760462384966,0.10515837049033891,0.09024446000974645,1.0,7.492520886354312,0.023605856447584526,0.12103993528923218,True,1,0.3106245470726547,0.3235364176722058,False,False,False,-0.0962928016614955,-0.0657868257210231,0.0145244621961248,0.1693190575626143,0.0423822523545097,True,False,False,0.19999999999999998,-1.0,0.5,6.204028009693012,transportable_but_atlas_unsupported,False,False,False,False
BCL11A,DAAM1,DAAM1,ENSG00000100592,0.1853808274291787,0.1853808274291787,True,0.5866564417177914,174.07323662378886,0.0050754458161865,False,,,,False,False,False,0.1853808274291787,0.21374972826403535,0.21374972826403535,0.0017835093977225957,1.0,0.0162359393498078,0.788088642659296,157.53273780413818,0.1599281302553295,0.1599281302553295,0.011796982167352537,1.0,0.0040651972356032465,0.86806148590952,189.68531697552694,0.14805156251020127,0.14805156251020127,0.03786008230452675,1.0,0.03077710518609657,0.8920800696257524,236.5873473812837,3,1.0,0.011796982167352537,0.9882030178326474,0.16131293905367614,0.03623312131311741,0.035009680225697594,0.06569816575383408,0.01862379274999432,1.0,3.7319857062671993,0.1547424970173182,0.40181963589802583,True,2,0.0185747063987825,0.9657768531045802,False,False,True,-0.1161919649735829,-0.0114334812639224,0.0868979906498597,-0.0215393500770029,0.5188105947406327,False,False,False,0.39999999999999997,1.0,0.75,5.1652043813719875,transportable_but_atlas_unsupported,False,False,True,False
BCL11A,DDIT4,DDIT4,ENSG00000168209,0.1844312501446997,0.1844312501446997,True,0.5973926380368099,259.4367965963815,0.0052126200274348,False,,,,False,False,False,0.1844312501446997,0.0006467942711828777,0.0006467942711828777,0.988064206338318,0.75,0.017059242066671254,0.2534626038781146,31.546816126682074,0.09742640508712502,0.09742640508712502,0.07462277091906722,1.0,0.006046385888210637,0.3304867634500406,53.07917117681873,0.26515483373247173,0.26515483373247173,0.0010973936899862826,1.0,0.02553718850653955,0.651000870322019,216.40725293603617,3,1.0,0.07462277091906722,0.9253772290809328,0.09773642667024182,0.13730173829020975,0.13383050336475183,0.26450803946128887,0.5498309931707299,0.75,47.17081181038451,5.7146332259014555e-11,3.537357966833001e-08,True,2,-0.0993748003756771,0.8381352637389835,False,False,True,0.0972980934605358,0.1446473952998357,0.0536575656666445,-0.0349384366968932,0.9147846333664906,False,False,False,-0.6000000000000001,0.6000000000000001,0.25,5.562360208325198,transportable_but_atlas_unsupported,False,False,True,True
BCL11A,MKI67,MKI67,ENSG00000148773,0.1841797355620448,0.1841797355620448,True,0.4440184049079754,252.25752776543573,0.0053497942386831,False,,,,False,False,False,0.1841797355620448,0.04826897981240544,0.04826897981240544,0.287419399094526,1.0,0.02108147606593065,0.7991689750692691,240.45339374867524,0.1153362140456749,0.1153362140456749,0.048559670781893,1.0,0.01711905707720289,0.9086251067464165,354.19179576387825,0.1256296234882417,0.1256296234882417,0.06392318244170096,1.0,0.007775315274489285,0.8816362053959877,444.9862808010269,3,1.0,0.06392318244170096,0.9360768175582991,0.11585175287580513,0.04233587145141976,0.04200920013439965,0.07736064367583625,0.1336915393472554,1.0,5.1849783285894,0.07483353509723595,0.2587818895261958,True,2,0.0183957963749391,0.9807886933531996,False,False,True,-0.0516692193558404,-0.0016625210078173,-0.1063083192852047,0.087354995308105,0.6180799768768108,False,False,False,0.6000000000000001,-0.39999999999999997,0.75,5.534406867328429,transportable_but_atlas_unsupported,False,False,True,False
BCL11A,KAT2B,KAT2B,ENSG00000114166,0.1836601049247798,0.1836601049247798,True,0.5337423312883436,144.61958523562205,0.0054869684499314,False,,,,False,False,False,0.1836601049247798,0.14611686610063856,0.14611686610063856,0.01577719851831527,1.0,0.01071499652772301,0.6516620498615024,78.92318658003894,0.16631130260313973,0.16631130260313973,0.009739368998628258,1.0,0.009717488989183938,0.7557643040136909,118.55286106120474,0.13824618195007843,0.13824618195007843,0.047873799725651575,1.0,0.014055180465791258,0.885987815491723,224.39031955160272,3,1.0,0.01577719851831527,0.9842228014816847,0.14717026530114366,0.014824803738502021,0.014476497803464747,0.0280651206530613,0.02049748765599387,1.0,0.7595260091742129,0.6840235004360737,0.8300078991560089,True,2,0.0637957856007348,0.8685516302513563,False,False,True,-0.0066097843370062,0.0240771962145774,-0.1693483130369044,0.081260497377829,0.5683463541820194,False,False,False,-0.19999999999999998,-1.0,0.5,4.9809976406973115,transportable_but_atlas_unsupported,False,False,True,False
NFE2,PICALM,PICALM,ENSG00000073921,0.1834520357277471,0.1834520357277471,True,0.8067484662576687,420.76776548575566,0.0035665294924554,False,,,,False,False,False,0.1834520357277471,0.05085804290315997,0.05085804290315997,0.1605158457950336,1.0,0.03256706709624382,0.9466759002770357,582.8797719072616,0.056673388101531726,0.056673388101531726,0.06323731138545953,1.0,0.01029474857979221,0.9611443210931351,579.4272376894136,0.11291805435832773,0.11291805435832773,0.02551440329218107,1.0,0.02318822366578853,0.9625761531766636,637.460844297805,3,1.0,0.06323731138545953,0.9367626886145405,0.05673418120726698,0.03452398966528577,0.034275175039499915,0.06206001145516776,0.06965572545232687,1.0,3.0574772639314736,0.21680897081695058,0.47089386994979787,True,3,0.0588608558480362,0.7783171861930037,False,False,True,-0.0653583414802114,-0.0142111398246548,-0.1026109509459296,0.0204623264062012,0.4971598563070004,False,True,False,0.0,-0.39999999999999997,0.75,6.044454843800935,transportable_but_atlas_unsupported,False,False,True,False
BCL11A,H1FX,H1FX,ENSG00000184897,0.1833718046890019,0.1833718046890019,True,0.5053680981595092,181.7542859656384,0.0056241426611796,False,,,,False,False,False,0.1833718046890019,-0.01084714396536458,0.01084714396536458,0.8040883523117026,0.75,0.02360214385831279,0.6301939058171796,75.8016724278953,0.13380730029679871,0.13380730029679871,0.02853223593964335,1.0,0.01229739526350541,0.6195559350982175,75.27407118324534,0.09438291685774595,0.09438291685774595,0.1271604938271605,1.0,0.030021816459462614,0.8207136640556941,172.5580076777167,3,0.6666666666666666,0.1271604938271605,0.8728395061728396,0.09466468299263395,0.07515324661717915,0.0747802959287854,0.14465444426216328,0.42218600728598804,0.75,18.962513280024066,7.626803544556453e-05,0.0029506196213002775,False,2,-0.0595258575459011,0.925777446143282,False,False,True,-0.1082072706574475,0.1061572347300667,-0.1549881876287339,-0.2659376197078,0.0199099694537698,True,False,False,0.39999999999999997,0.39999999999999997,0.5,5.208142550971232,variable_and_atlas_unsupported,True,True,False,False
NFE2,CDC27,CDC27,ENSG00000004897,0.1828879432779172,0.1828879432779172,True,0.8274539877300614,384.7882807258733,0.0037037037037037,True,-0.0740245022729467,0.0568040521748347,9.63434264827713e-24,False,False,False,0.1828879432779172,0.01979496585835566,0.01979496585835566,0.583756345177665,1.0,0.013032469665152138,0.8995844875346501,233.4370486071429,0.06242987190134836,0.06242987190134836,0.04430727023319616,1.0,0.01429587912640358,0.9380871050384781,280.81224295925773,0.06157915850853923,0.06157915850853923,0.1840877914951989,1.0,0.02405627921891711,0.9686684073106929,410.18271921773885,3,1.0,0.1840877914951989,0.8159122085048011,0.06165717198934048,0.024417924265955942,0.024373406553041835,0.04263490604299271,0.2799639415428811,1.0,1.8242645591150763,0.40166684427083377,0.6310451182833657,False,3,0.0727591827313051,0.5787085648824443,False,False,True,0.0005845512221889,0.0800966879551313,-0.0587064886444138,0.0640013739439362,0.3005243023131045,False,False,False,0.7999999999999999,-0.6000000000000001,0.25,5.955288723457305,variable_and_atlas_unsupported,True,False,False,True
BCL11A,KEL,KEL,ENSG00000197993,0.1828120041034601,0.1828120041034601,True,0.661042944785276,194.32494936356355,0.0057613168724279,True,0.141912428635632,-0.104378819174117,4.2431945649499e-08,False,True,False,0.1828120041034601,0.11963850213854045,0.11963850213854045,0.0344354506791055,1.0,0.017057329174364224,0.716066481994471,112.58733084187892,0.14194557397460164,0.14194557397460164,0.023045267489711935,1.0,0.005978357055062062,0.8595217762596471,176.4336334589757,0.17751303526785173,0.17751303526785173,0.017146776406035666,1.0,0.029733666994185733,0.9173194081810169,258.2201877394156,3,1.0,0.023045267489711935,0.9769547325102881,0.14291059974598477,0.029866814985669964,0.02918935691218572,0.057874533129311276,0.008788503174341456,1.0,2.235527168052517,0.32701030852965285,0.5816648878731469,True,2,0.0718595173729132,0.7549804144251665,False,False,True,-0.0833805995537897,-0.0273825580285016,-0.1792273962456801,-0.0069664497466678,0.5683463541820194,False,False,False,-0.39999999999999997,-0.39999999999999997,1.0,5.274664578640811,transportable_but_atlas_unsupported,False,False,True,False
BCL11A,ANKH,ANKH,ENSG00000154122,0.182601511699906,0.182601511699906,True,0.6380368098159509,193.1880705360269,0.0058984910836762,True,0.18714292459154,-0.16541393958709,4.05406775625502e-13,False,True,False,0.182601511699906,0.11878288691966175,0.11878288691966175,0.03539580189326382,1.0,0.015405513262015405,0.6073407202216101,72.3674988338962,0.20327199978032162,0.20327199978032162,0.0023319615912208505,1.0,0.005416546627833278,0.6848847139197455,110.55647794510092,0.2276810830266215,0.2276810830266215,0.0035665294924554186,1.0,0.025543788408783227,0.8833768494342819,238.5931588389918,3,1.0,0.0035665294924554186,0.9964334705075446,0.20614322531534165,0.05890939565170937,0.0571445982461101,0.10889819610695974,0.018743195543034736,1.0,9.678974607011405,0.00791110900987854,0.06529301969486422,True,2,0.0875276468505026,0.7164056345758232,False,False,True,-0.0544472249891044,-0.0899360217937779,-0.1769105350392248,0.0297998898187446,0.6778348574270372,False,False,False,0.7999999999999999,0.7999999999999999,0.75,5.268827125216678,transportable_but_atlas_unsupported,False,False,True,False
BCL11A,HNRNPA3,HNRNPA3,ENSG00000170144,0.1818621226018463,0.1818621226018463,True,0.5153374233128835,117.77765921048602,0.0060356652949245,False,,,,False,False,False,0.1818621226018463,0.017340128509373613,0.017340128509373613,0.6882974344903279,0.75,0.014366973407881182,0.9411357340720492,324.81309955385046,0.018929939047750217,0.018929939047750217,0.6628257887517147,1.0,0.013948235470571384,0.9615713065756287,366.1450204744966,0.04895105376957154,0.04895105376957154,0.39122085048010974,1.0,0.02963337455544099,0.9442993907745755,300.72200023666164,3,1.0,0.6628257887517147,0.3371742112482853,0.018932200668508304,0.017830828145646176,0.01780938620734635,0.03161092526019793,0.16465749501988258,0.75,0.8230752043208425,0.6626306041837442,0.814490540809166,False,2,-0.0735304397662541,0.8569887257117662,False,False,True,-0.0581510268064717,-0.0166266200440708,-0.0151169622675375,-0.1728661978838432,0.4049012551674053,False,False,False,0.19999999999999998,0.19999999999999998,1.0,4.7772533354604265,variable_and_atlas_unsupported,True,False,False,False
NFE2,ABCC4,ABCC4,ENSG00000125257,0.1815102907221521,0.1815102907221521,True,0.8926380368098159,790.9596359987933,0.0038408779149519,True,0.0315640314447672,-0.108715806481173,2.08734960328216e-49,False,True,False,0.1815102907221521,0.07580567895756343,0.07580567895756343,0.038962820688709016,1.0,0.017673505763051305,0.9134349030471165,328.81103860995296,0.04626738281940649,0.04626738281940649,0.12551440329218108,1.0,0.018019011734795826,0.9171648163962894,282.5181912575583,0.05157236766182219,0.05157236766182219,0.25939643347050756,1.0,0.023715952056915283,0.8946910356831935,287.4914151223938,3,1.0,0.12551440329218108,0.8744855967078189,0.05161816326448934,0.01580908330100496,0.015747524563562456,0.029538296138156943,0.11106045808467857,1.0,0.810372180626732,0.6668527044825894,0.814754570649876,False,3,-0.1878850206064419,0.0142542721445998,False,False,True,-0.1098046288132893,-0.0846851430012851,-0.0696899243690669,-0.2142115598793604,0.6265199799744714,False,False,False,0.7999999999999999,0.7999999999999999,1.0,6.6745104258676955,variable_and_atlas_unsupported,True,False,False,False
KLF1,PRDX2,PRDX2,ENSG00000167815,0.1814596682343047,0.1814596682343047,True,0.9593558282208589,1507.5731381432174,0.0009602194787379,True,0.203549661498506,-0.267548027302315,1.67162820418034e-114,False,True,False,0.1814596682343047,0.0556293628041572,0.0556293628041572,0.1278639045136507,1.0,0.015493745738409575,0.9030470914127667,261.56217273817134,0.11561005154728145,0.11561005154728145,0.003840877914951989,1.0,0.013386665089607105,0.9829205807003111,568.3481723950765,0.13652037556667315,0.13652037556667315,0.0031550068587105624,1.0,0.027237729868611792,0.9982593559616927,1413.2329257121107,3,1.0,0.003840877914951989,0.996159122085048,0.11612929108605732,0.04238369800116973,0.04198865048724679,0.08089101276251595,0.0718035406509986,1.0,4.947796170765256,0.08425578180130688,0.2759488303439628,True,3,-0.1669889276378615,0.0959631692788429,False,False,True,-0.1903912685798248,-0.2042377009022354,-0.2182090498613819,-0.1907037491437698,0.9944079510860332,False,False,False,0.39999999999999997,0.39999999999999997,1.0,7.318919541443172,transportable_but_atlas_unsupported,False,False,True,False
NFE2,TANGO2,TANGO2,ENSG00000183597,0.1813655026716137,0.1813655026716137,True,0.5851226993865031,124.51913438639356,0.0039780521262002,True,-0.0750364423498712,0.0538042730883101,7.40891580329908e-13,False,False,False,0.1813655026716137,0.04440858471939964,0.04440858471939964,0.2167649883385924,1.0,0.009831283081832239,0.7022160664820046,86.70933401388757,0.045325744890258195,0.045325744890258195,0.13415637860082305,1.0,0.018290054495640196,0.7762596071733859,104.96402241611867,0.0803410753217065,0.0803410753217065,0.09176954732510288,1.0,0.0367455131092052,0.8642297650130467,143.73782299211476,3,1.0,0.13415637860082305,0.8658436213991769,0.045356822627217755,0.02056878482961177,0.02048600509651809,0.03593249060230687,0.06356713792330146,1.0,1.1014246688409526,0.5765389755149455,0.7641919182949706,False,3,0.0702603183933811,0.689105888381774,False,False,True,-0.0132432963325939,0.068044732206249,-0.0496828108901003,0.0693960030316542,0.6180799768768108,False,False,False,0.7999999999999999,-0.39999999999999997,0.5,4.832458212180424,variable_and_atlas_unsupported,True,False,False,False
BCL11A,TMCC2,TMCC2,ENSG00000133069,-0.1810780875008881,0.1810780875008881,True,0.3834355828220859,219.218943755044,0.0061728395061728,True,0.277757841338989,-0.529752525734004,3.83776205087846e-14,True,False,False,0.1810780875008881,0.026247567397387848,0.026247567397387848,0.5439703663053916,1.0,0.01279543015811237,0.040858725761772866,1.980070859741395,0.00234706614757901,0.00234706614757901,0.9592592592592593,0.5,0.023213947618600735,0.044406490179333985,2.821528613711957,-0.05374934555009248,0.05374934555009248,0.351440329218107,1.0,0.006668498345604515,0.06701479547432553,8.495531951509264,3,0.3333333333333333,0.5439703663053916,0.45602963369460836,-0.002347070457369607,0.041095254812481614,0.04106407076442356,0.07999691294748033,0.31063819563066486,0.5,4.223101205414907,0.12105012018946872,0.34378116809242254,False,2,-0.0019886503199447,0.9970386182900678,False,False,True,0.1918846278937445,-0.3521914893781835,-0.3923580089857523,-0.0697148317567656,0.7274907072774965,False,False,False,-0.39999999999999997,-0.39999999999999997,0.25,5.394622250356823,variable_but_atlas_supported,True,False,False,True
NFE2,CAT,CAT,ENSG00000121691,0.1810309720918716,0.1810309720918716,True,0.9440184049079756,860.4868626076046,0.0041152263374485,True,-0.187814494818257,0.084302441178253,2.13525018640009e-47,False,False,False,0.1810309720918716,0.06695511203345517,0.06695511203345517,0.065852654685142,1.0,0.023612446134259685,0.9231301939058429,268.00333372772013,0.08594035444713549,0.08594035444713549,0.010699588477366255,1.0,0.009928811353134562,0.9666951323655525,347.82148930434084,0.1532954174421783,0.1532954174421783,0.004663923182441701,1.0,0.03572775252197777,0.9817232375978987,581.7952659507436,3,1.0,0.010699588477366255,0.9893004115226337,0.08615287485197637,0.04598328896439649,0.04537215056001493,0.08634030540872314,0.03372029762270098,1.0,5.3166253176175315,0.07006634789198918,0.24925901922495,True,3,0.114458209051519,0.2519627831292426,False,False,True,0.0034851590546839,0.0460873188067504,-0.0122868084980888,0.0933372947011946,0.6265199799744714,False,False,False,0.7999999999999999,-0.39999999999999997,0.25,6.7586598064119014,transportable_but_atlas_unsupported,False,False,True,True
BCL11A,WRN,WRN,ENSG00000165392,0.180623165833948,0.180623165833948,True,0.571319018404908,201.46512266215404,0.0063100137174211,False,,,,False,False,False,0.180623165833948,0.11457679471522056,0.11457679471522056,0.03910001371930306,1.0,0.012598735126066728,0.9051246537396367,299.8754061469765,0.1506350163745429,0.1506350163745429,0.017146776406035666,1.0,0.012802385928421698,0.941929974380921,317.9739952065135,0.19735379378923615,0.19735379378923615,0.009876543209876543,1.0,0.024989960990708847,0.9303742384682226,359.3454244878304,3,1.0,0.017146776406035666,0.9828532235939643,0.15179013245726503,0.042576876477148716,0.041502753097547744,0.08277699907401559,0.015214095152601588,1.0,4.567344198121132,0.10190929774886108,0.31540927653272505,True,2,0.1795267611123681,0.6432934416474284,False,False,True,-0.041747850327884,-0.0772940482117693,-0.1114329276152367,0.0833640404449511,0.5184020307901149,False,False,False,1.0,0.39999999999999997,0.75,5.310567637945515,transportable_but_atlas_unsupported,False,False,True,False
BCL11A,MYH10,MYH10,ENSG00000133026,0.1802311285402249,0.1802311285402249,True,0.3343558282208589,60.71577742108159,0.0064471879286694,False,,,,False,False,False,0.1802311285402249,0.09052153847146203,0.09052153847146203,0.0772396762244478,1.0,0.03072038224814059,0.8649584487534843,217.89414940201897,0.12984960010534705,0.12984960010534705,0.031824417009602195,1.0,0.012996012195576041,0.9154568744663149,235.14453894015472,0.1049267236460578,0.1049267236460578,0.10109739368998628,1.0,0.006014812472130388,0.869451697127929,197.99294335260802,3,1.0,0.0772396762244478,0.9227603237755522,0.10531435518296553,0.020147870036863007,0.01989704987679516,0.03932806163388501,0.03519110150397426,1.0,1.4946428773459526,0.473633511577334,0.6866022099914983,True,2,-0.0194431031357832,0.977178306437247,False,False,True,-0.0983331994640127,-0.0148006225369255,-0.0468962388946158,-0.0431065689729938,0.8752673646657542,False,False,False,-0.7999999999999999,-0.7999999999999999,1.0,4.122539610071612,transportable_but_atlas_unsupported,False,False,True,False
BCL11A,ALAD,ALAD,ENSG00000148218,0.1793845460985381,0.1793845460985381,True,0.526840490797546,110.11537048375152,0.0065843621399176,True,0.17400166460384,-0.155137168008043,7.79745402387011e-08,False,True,False,0.1793845460985381,0.1290809558488144,0.1290809558488144,0.026203868843462753,1.0,0.027654810898902628,0.3642659279778365,27.908935969747482,0.09824538676338843,0.09824538676338843,0.07338820301783265,1.0,0.007609674360063351,0.43125533731852816,41.998267150572886,0.12114272987764341,0.12114272987764341,0.07037037037037037,1.0,0.03702462714800549,0.7589208006962535,114.04449937560277,3,1.0,0.07037037037037037,0.9296296296296296,0.12174061586913777,0.01621867751935408,0.016011121520594012,0.03083556908542598,0.0264138491530896,1.0,0.9763743459091788,0.6137379871389887,0.7866118525596592,True,2,-0.0774480437874329,0.689105888381774,False,False,True,-0.052784235415557,0.0149086687437703,-0.1649311698008668,-0.0679200948769616,0.8117396994106184,False,False,False,0.39999999999999997,0.39999999999999997,0.75,4.710569035264939,transportable_but_atlas_unsupported,False,False,True,False
BCL11A,FAR1,FAR1,ENSG00000197601,0.1791912342615232,0.1791912342615232,True,0.4279141104294479,96.44722239691812,0.0067215363511659,False,,,,False,False,False,0.1791912342615232,0.045100987917480934,0.045100987917480934,0.3147208121827411,0.75,0.041156725149333,0.8566481994460045,180.2449279789852,0.13888408355518342,0.13888408355518342,0.024691358024691357,1.0,0.01818149366180726,0.9133219470538466,217.97674979048486,0.17673259695065044,0.17673259695065044,0.017421124828532236,1.0,0.04344711216323651,0.8894691035683112,206.8181993470323,3,1.0,0.024691358024691357,0.9753086419753086,0.13978753126045082,0.06865698785894392,0.06776756782106823,0.1316316090331695,0.16958628318688454,0.75,12.832158396478306,0.0016350544078090514,0.024187930763794715,True,2,-0.0586725703329521,0.9019787493486576,False,False,True,0.0533783896741324,-0.0097555461099817,-0.0595495305823907,-0.0448266967724564,0.7239890688551928,False,False,False,0.0,0.7999999999999999,0.75,4.579310922693771,transportable_but_atlas_unsupported,False,False,True,False
BCL11A,CCDC14,CCDC14,ENSG00000175455,0.1790743867120511,0.1790743867120511,True,0.3872699386503067,79.59796482737211,0.0068587105624142,False,,,,False,False,False,0.1790743867120511,0.0826401137924053,0.0826401137924053,0.09877898202771299,1.0,0.013844773726816481,0.8441828254847847,173.56870686914718,0.1451151754731898,0.1451151754731898,0.020850480109739368,1.0,0.024512660870808806,0.9060631938514546,207.0451641407998,0.10823532378605537,0.10823532378605537,0.09478737997256516,1.0,0.03734565666640654,0.8929503916448994,217.92496210532337,3,1.0,0.09478737997256516,0.9052126200274349,0.10866097448708582,0.03183717447717664,0.03140693014580781,0.06247506168078451,0.0438851711087618,1.0,3.7101205943170195,0.15644350929147693,0.40181963589802583,True,2,-0.0830213926215248,0.8590040550092644,False,False,True,0.0173314848033701,-0.0008102485781907,-0.1286392891161148,-0.1728050997586717,0.1103189375593745,False,False,False,0.39999999999999997,0.7999999999999999,0.75,4.389473398913045,transportable_but_atlas_unsupported,False,False,True,False
NFE2,PRDX2,PRDX2,ENSG00000167815,0.1785827088299398,0.1785827088299398,True,0.9593558282208589,1507.5731381432174,0.0042524005486968,True,-0.250341474228054,0.16560796251135,6.76164275915317e-107,True,False,False,0.1785827088299398,0.039300283736320885,0.039300283736320885,0.2765811496775964,0.75,0.037189365032492386,0.9030470914127667,261.56217273817134,0.08702512523272772,0.08702512523272772,0.010150891632373114,1.0,0.0045107963394780915,0.9829205807003111,568.3481723950765,0.08464918102467871,0.08464918102467871,0.07805212620027435,1.0,0.02095018765497622,0.9982593559616927,1413.2329257121107,3,1.0,0.07805212620027435,0.9219478737997256,0.08485223885993702,0.02700524055341432,0.026894324345503786,0.047724841496406836,0.13844940906383366,0.75,2.2550834094609886,0.3238283444285438,0.5790830068864377,True,3,0.1802284875216052,0.0015167829572241,False,False,True,0.1313665361718326,0.1531354376689724,0.0805417014766612,0.1905693341141229,0.6589218556871617,False,False,False,0.7999999999999999,-0.7999999999999999,0.0,7.318919541443172,transportable_and_atlas_supported,False,False,True,True
BCL11A,RFESD,RFESD,ENSG00000175449,0.1785388073160947,0.1785388073160947,True,0.7469325153374233,240.46289134392669,0.0069958847736625,True,0.0911289383961074,-0.0868495239762085,2.31527260470003e-07,False,True,False,0.1785388073160947,0.046638542614155794,0.046638542614155794,0.30127589518452463,1.0,0.016327449509378127,0.7285318559556907,98.5536937116911,0.03601599654215971,0.03601599654215971,0.42455418381344306,1.0,0.021658759709099557,0.8761742100768993,159.95483820173314,0.020725725467531503,0.020725725467531503,0.7001371742112483,1.0,0.018649895869110276,0.9425587467362814,240.0646393909928,3,1.0,0.42455418381344306,0.575445816186557,0.03603158141425995,0.013041481471605694,0.013026287313618806,0.02591281714662429,0.20421958808706608,1.0,0.4273250462950806,0.8076208923943761,0.8943064980181016,False,2,0.0016812121141793,0.9960376906068,False,False,True,-0.0306137756367957,0.0123482042477601,-0.0545614584056099,-0.0821919231250334,0.7274907072774965,False,False,False,0.39999999999999997,0.39999999999999997,0.75,5.486715802254509,variable_and_atlas_unsupported,True,False,False,False
BCL11A,ATP2B1,ATP2B1,ENSG00000070961,0.1782405388770712,0.1782405388770712,True,0.5513803680981595,170.91571108027077,0.0071330589849108,False,,,,False,False,False,0.1782405388770712,-0.0043578821605590855,0.0043578821605590855,0.9205652352860475,0.75,0.008937061367269858,0.6696675900277087,81.11380947843391,0.09284892397849573,0.09284892397849573,0.0860082304526749,1.0,0.020811027384103672,0.6912894961571502,88.43247663498123,0.11789810110695877,0.11789810110695877,0.0757201646090535,1.0,0.03359792128995353,0.7362924281984301,128.1160654556388,3,0.6666666666666666,0.0860082304526749,0.9139917695473251,0.0931171271114346,0.06483904754658289,0.06457960188696905,0.12225598326751785,0.4848289100398317,0.75,11.824346979739268,0.00270629837828793,0.031607522569060915,False,2,-0.020556272567988,0.9657768531045802,False,False,True,0.1343317849848876,-0.0027824718939182,0.0220544617657438,-0.0230334936913452,0.6149204655797225,False,False,False,-0.19999999999999998,0.7999999999999999,0.75,5.147004304839907,variable_and_atlas_unsupported,True,False,False,False
BCL11A,CDC27,CDC27,ENSG00000004897,0.1777093657454999,0.1777093657454999,True,0.8274539877300614,384.7882807258733,0.0072702331961591,True,0.100695486900495,-0.0897741806264577,4.9876187536362194e-11,False,True,False,0.1777093657454999,0.11104039947496856,0.11104039947496856,0.04335299766771848,1.0,0.01897390437642652,0.8995844875346501,233.4370486071429,0.1410375243889663,0.1410375243889663,0.023593964334705075,1.0,0.013264274350420989,0.9380871050384781,280.81224295925773,0.13680322805048728,0.13680322805048728,0.050068587105624146,1.0,0.011453810155438622,0.9686684073106929,410.18271921773885,3,1.0,0.04335299766771848,0.9566470023322815,0.13766637103405965,0.016495325876145255,0.016235147596083035,0.02999712491399774,0.013762413733402727,1.0,0.8700024858112375,0.647263862589643,0.8045307850260823,True,2,0.0189684070064248,0.9557371889417656,False,False,True,-0.0799065811977756,0.0189291150911731,-0.0910624083904757,0.0549707781663083,0.2568418615346743,False,False,False,-0.6000000000000001,-0.7999999999999999,0.5,5.955288723457305,transportable_but_atlas_unsupported,False,False,True,False
GFI1B,HELLS,HELLS,ENSG00000119969,0.177320621873999,0.177320621873999,True,0.1533742331288343,27.331224606627803,0.0005486968449931,True,0.204680440280149,-0.137434484478077,1.6559790892263502e-09,False,True,False,0.177320621873999,0.043635593254900296,0.043635593254900296,0.22705446563314582,1.0,0.0160102165333644,0.7015235457063813,106.81033743345388,0.12095951349473644,0.12095951349473644,0.004252400548696845,1.0,0.01806408777705925,0.7907771135781699,135.83048294117586,0.13063809400806597,0.13063809400806597,0.0043895747599451305,1.0,0.03994396582832154,0.7275892080069596,138.72949074682262,3,1.0,0.0043895747599451305,0.9956104252400548,0.12155467482196207,0.04806170656629717,0.04768315338305927,0.08700250075316568,0.12859525175930464,1.0,6.738373891940901,0.03441760934652354,0.15743055381886015,True,1,0.5335328029324873,0.8395353032934146,False,False,False,-0.130522732487185,-0.1291332463337748,-0.0358031302694881,0.2566249925547296,0.4534732625306825,False,False,False,0.19999999999999998,-1.0,0.75,3.3439645394040505,transportable_but_atlas_unsupported,False,False,False,False
BCL11A,HMGN2,HMGN2,ENSG00000198830,0.1771760329223017,0.1771760329223017,True,0.6265337423312883,269.7500595238809,0.0074074074074074,False,,,,False,False,False,0.1771760329223017,-0.05084638277129119,0.05084638277129119,0.2632734257099739,1.0,0.01922002975561131,0.9632963988919954,404.8828743439504,-0.03232107185489742,0.03232107185489742,0.47091906721536353,1.0,0.010144771486744609,0.9773697694278937,420.0580416790668,-0.049306867920668324,0.049306867920668324,0.38765432098765434,1.0,0.018278646587959396,0.9808529155787516,557.8390824825357,3,0.0,0.38765432098765434,0.6123456790123456,-0.049346884055527555,0.010297847237356711,0.01028003338607018,0.018525310916393777,0.1044990729708697,1.0,0.39172662915014483,0.8221245994489175,0.8959421251036618,False,2,0.0289939599896446,0.9590810020570693,False,False,True,0.0195967281931549,-0.0059545524254573,-0.0039822063080873,-0.0439850235349067,0.9023934688311542,False,False,False,0.7999999999999999,1.0,0.5,5.601196105729205,variable_and_atlas_unsupported,True,False,False,False
BCL11A,TET3,TET3,ENSG00000187605,0.1769787126386553,0.1769787126386553,True,0.50920245398773,125.30361733934444,0.0075445816186556,False,,,,False,False,False,0.1769787126386553,0.1417934817667352,0.1417934817667352,0.017835093977225956,1.0,0.011922537013542274,0.790166204986166,137.38634774300866,0.16532771916068065,0.16532771916068065,0.010013717421124828,1.0,0.013755538125149416,0.853543979504736,163.63219195854094,0.14362327920859294,0.14362327920859294,0.04279835390946502,1.0,0.011842011393046673,0.8912097476066053,201.72262108834101,3,1.0,0.017835093977225956,0.9821649060227741,0.14462322130297312,0.013409725000459848,0.013091289738006402,0.023534237393945445,0.01712294107987618,1.0,0.6639434220740836,0.7175076201138354,0.8475901084932521,True,2,0.0184262905006837,0.9657768531045802,False,False,True,-0.0712417953130684,-0.0817906172781357,-0.0468800183938471,-0.0411488275253257,0.9814191754299628,False,False,False,-0.39999999999999997,-0.39999999999999997,1.0,4.838688669796221,transportable_but_atlas_unsupported,False,False,True,False
BCL11A,XPO1,XPO1,ENSG00000082898,0.1767582883224704,0.1767582883224704,True,0.4662576687116564,116.24776895649644,0.0076817558299039,False,,,,False,False,False,0.1767582883224704,-0.008869407237876851,0.008869407237876851,0.8397585402661545,0.5,0.030556594621206138,0.9265927977839595,293.60067818117665,0.07357571804002669,0.07357571804002669,0.145679012345679,1.0,0.015933695338768154,0.955166524338224,331.6694686286859,0.14510814080360276,0.14510814080360276,0.041700960219478736,1.0,0.002416153255587698,0.9112271540469875,259.18648610172175,3,0.6666666666666666,0.145679012345679,0.854320987654321,0.07370891553243138,0.07756000535672478,0.07705319752113077,0.15397754804147962,0.4338689755122363,0.5,15.461294055925595,0.0004391598764357396,0.010873598540548913,False,2,0.0329623511037741,0.9588811233465664,False,False,True,0.0231057796359334,0.026320181987934,-0.0184356050808029,-0.1299377332265927,0.5473953686408461,False,False,False,0.39999999999999997,0.7999999999999999,0.75,4.76428937905577,variable_and_atlas_unsupported,True,False,False,False
BCL11A,GYPE,GYPE,ENSG00000197465,0.1764582699232014,0.1764582699232014,True,0.6871165644171779,228.58902799390685,0.0078189300411522,True,0.236535407215707,-0.227828184688805,1.6937648637282398e-12,False,True,False,0.1764582699232014,0.128523636257765,0.128523636257765,0.026752640965838934,1.0,0.03328639865870597,0.1578947368421044,13.106054837450273,0.1345388440627127,0.1345388440627127,0.027434842249657063,1.0,0.016443371319168985,0.39666951323654726,51.74016002418962,0.19087366692407706,0.19087366692407706,0.011522633744855968,1.0,0.013801818910983171,0.8111401218450766,194.9399300986468,3,1.0,0.026752640965838934,0.973247359034161,0.1353595247200417,0.03531932356534458,0.03439312265518612,0.06235003066631206,0.008996452060331901,1.0,3.198477379082581,0.20205028244919873,0.4581286624031283,True,2,-0.0807471274482455,0.7077775689528754,False,False,True,0.0554728857704634,0.015058229114048,-0.1621140771444192,-0.1190935706492019,0.843292792515562,False,False,False,0.7999999999999999,1.0,0.5,5.4362908758205695,transportable_but_atlas_unsupported,False,False,True,False
NFE2,CD36,CD36,ENSG00000135218,0.1763679548055969,0.1763679548055969,True,0.7661042944785276,688.5447643708304,0.0043895747599451,True,0.0314169841208902,0.065802510177409,2.25295129442947e-17,False,False,False,0.1763679548055969,0.1462212225458964,0.1462212225458964,0.0008231581835642749,1.0,0.032515497495723744,0.9328254847645694,719.1833509433873,0.12054029615957457,0.12054029615957457,0.0015089163237311386,1.0,0.019881376562901933,0.9846285226302857,1372.7424774337724,0.1075243297777366,0.1075243297777366,0.03113854595336077,1.0,0.03516957492676913,0.9886858137510751,1812.7046340332693,3,1.0,0.0015089163237311386,0.9984910836762688,0.12112925462419674,0.020020316928603586,0.01969083911714309,0.038696892768159796,0.01730803258532946,1.0,1.0734414321902408,0.5846623861172493,0.7683779554279773,True,3,0.0731993844305425,0.7077775689528754,False,False,True,0.0004755577995857,0.023577211978701,-0.1720822995685992,0.1299537726126338,0.3629317336110537,False,True,False,-0.39999999999999997,-0.7999999999999999,0.25,6.53603161807132,transportable_but_atlas_unsupported,False,False,True,True
BCL11A,EEF1A1,EEF1A1,ENSG00000156508,0.1758862519898884,0.1758862519898884,True,0.9693251533742332,1648.324652309484,0.0079561042524005,True,-0.0387081011456996,0.101700944011232,7.54883130765962e-43,False,False,False,0.1758862519898884,-0.12401595909018659,0.12401595909018659,0.03059404582247222,1.0,0.018178500744982295,1.000000000000031,4589.185935010848,-0.11034972028112701,0.11034972028112701,0.05459533607681756,1.0,0.017278645670894256,1.0000000000000568,4675.261090922155,-0.11638013867447164,0.11638013867447164,0.0784636488340192,1.0,0.013955431193524664,0.9999999999999868,4855.249105391853,3,0.0,0.05459533607681756,0.9454046639231825,-0.11690988098334505,0.006944505955066048,0.006848817204526203,0.01366623880905958,0.023934832289058117,1.0,0.17080287843384956,0.9181436315500783,0.9616428222157335,False,2,-0.0360391289901712,0.9121997433162178,False,False,True,0.0186650382689966,0.0147809765111666,0.0081442943176786,-0.031278022877599,0.8096807877834604,False,False,False,0.7999999999999999,0.7999999999999999,1.0,7.4081211814772345,variable_and_atlas_unsupported,True,False,False,False
NFE2,CMAS,CMAS,ENSG00000111726,0.1753817196637092,0.1753817196637092,True,0.696319018404908,218.100159019706,0.0045267489711934,True,-0.183725531871655,0.117363150000751,5.15242635840901e-57,False,False,False,0.1753817196637092,-0.012041789377978446,0.012041789377978446,0.733571134586363,0.75,0.015875679949092236,0.683518005540175,78.01917918345748,0.05576778565760361,0.05576778565760361,0.06872427983539095,1.0,0.012623237756816784,0.7839453458582716,104.03039655724305,0.1306151973448655,0.1306151973448655,0.012208504801097394,1.0,0.046176777361604214,0.8633594429938997,162.32623744395565,3,0.6666666666666666,0.06872427983539095,0.931275720164609,0.05582570723737588,0.0717382164064301,0.071357421202038,0.14265698672284396,0.4011606944751486,0.75,13.053588365623973,0.0014636906611296282,0.023842750506295786,False,3,0.2075860856700741,0.0286300079988222,False,False,True,0.0695674669258136,0.0531122780560622,0.0245312835872342,0.155666055862987,0.6589218556871617,False,False,False,0.19999999999999998,-0.19999999999999998,0.25,5.389528972387128,variable_and_atlas_unsupported,True,False,False,True
NFE2,TMCC2,TMCC2,ENSG00000133069,-0.1753752130683944,0.1753752130683944,True,0.3834355828220859,219.218943755044,0.0046639231824417,True,-0.359694111955147,-0.241367444292552,5.95622955431652e-13,True,False,False,0.1753752130683944,-0.015241687579036671,0.015241687579036671,0.6686788311153793,0.75,0.014618074820556447,0.040858725761772866,1.980070859741395,-0.009442584963235471,0.009442584963235471,0.7569272976680385,0.5,0.01570318119498472,0.044406490179333985,2.821528613711957,-0.03587116347280003,0.03587116347280003,0.42784636488340194,1.0,0.007881099816029833,0.06701479547432553,8.495531951509264,3,1.0,0.6686788311153793,0.3313211688846207,0.015242868004179561,0.013898867533637263,0.013890492124928319,0.026428578509564562,0.1703341465877579,0.5,0.542621314217598,0.7623796209645946,0.8706881649023691,False,3,0.0845297436122909,0.9121997433162178,False,False,True,0.1857528900243477,-0.2243263513789898,-0.2004797811978247,0.0383940169223997,0.779949715373854,False,False,False,-0.7999999999999999,0.39999999999999997,0.5,5.394622250356823,variable_but_atlas_supported,True,False,False,False
NFE2,CDH1,CDH1,ENSG00000039068,0.1750102379660946,0.1750102379660946,True,0.5053680981595092,107.51351069450855,0.0048010973936899,False,,,,False,False,False,0.1750102379660946,0.0354244036784014,0.0354244036784014,0.3229523940183839,1.0,0.023494892221055438,0.5609418282548478,80.52099488922464,0.04435579046742366,0.04435579046742366,0.14156378600823044,1.0,0.010443295618344246,0.7207514944492118,114.6561572221933,0.10109501795533544,0.10109501795533544,0.042112482853223596,1.0,0.04547164831607417,0.684073107049607,91.79330540576215,3,1.0,0.14156378600823044,0.8584362139917696,0.04438491391612311,0.03580454030772686,0.03561773712026537,0.06567061427693405,0.14239817678979444,1.0,3.2622660779375785,0.19570770400177015,0.4470223940114233,False,3,-0.2146343684737502,0.2519627831292426,False,False,True,0.1049145975190882,0.1179952431707725,0.0361114871631007,-0.1721168670428655,0.0423822523545097,True,False,False,0.39999999999999997,0.7999999999999999,0.25,4.6868746877582605,variable_and_atlas_unsupported,True,True,False,True
NFE2,SGMS1,SGMS1,ENSG00000198964,0.1748298017244999,0.1748298017244999,True,0.8496932515337423,504.07257803728334,0.0049382716049382,True,0.084386944408652,-0.0831164767718311,8.74548971512054e-34,False,True,False,0.1748298017244999,0.007551610062952842,0.007551610062952842,0.8311153793387296,0.75,0.016216434957745808,0.8691135734072242,220.16607717300437,0.06526057965464119,0.06526057965464119,0.037448559670781895,1.0,0.003588765215458647,0.9047822374039737,236.84395571003665,0.1193118370820753,0.1193118370820753,0.018655692729766804,1.0,0.027954310327923337,0.9277632724107815,299.09964124268436,3,1.0,0.037448559670781895,0.9625514403292181,0.06535346415954325,0.056173501165625056,0.055890088483539054,0.11176022701912246,0.46374399095018487,0.75,8.074222975206402,0.017648376415873,0.10521595173264774,True,3,-0.2646660860911094,0.0036496473872724,True,True,True,-0.0972930853328332,-0.115307611730992,-0.2044940327227127,-0.2892202011328676,0.1486516335736518,False,False,False,1.0,1.0,1.0,6.2247021378345,transportable_but_atlas_unsupported,False,False,False,False
BCL11A,RHAG,RHAG,ENSG00000112077,0.1747337272061251,0.1747337272061251,True,0.897239263803681,743.8141556626155,0.0080932784636488,True,0.117059729654704,-0.121411766257402,1.96408372372284e-16,False,True,False,0.1747337272061251,0.07841287519886721,0.07841287519886721,0.1131842502400878,1.0,0.02595070013248176,0.8698060941828475,235.63215731407882,0.12990133243322885,0.12990133243322885,0.03168724279835391,1.0,0.0026472875529946795,0.9577284372331859,368.81547994443025,0.11794428148296143,0.11794428148296143,0.07558299039780521,1.0,0.009272234003082552,0.986074847693634,612.7915417835579,3,1.0,0.07558299039780521,0.9244170096021948,0.11849579393402898,0.027239679462043646,0.026946751129465506,0.05148845723436164,0.04078899692523221,1.0,2.454182298795208,0.29314405092536344,0.5617838003801857,True,2,0.0495856989794604,0.8233275118560639,False,False,True,-0.0431503623679254,-0.0273875603509111,-0.0778351273557957,0.0095762622238119,0.9147747914508674,False,False,False,-0.7999999999999999,-0.7999999999999999,0.75,6.613134731773942,transportable_but_atlas_unsupported,False,False,True,False
BCL11A,CHCHD3,CHCHD3,ENSG00000106554,0.1747162585701418,0.1747162585701418,True,0.504601226993865,116.18811940133276,0.0082304526748971,False,,,,False,False,False,0.1747162585701418,0.11403060585785842,0.11403060585785842,0.039648785841679246,1.0,0.02871234315000349,0.8885041551246771,235.71560174132935,0.15357012114283586,0.15357012114283586,0.014677640603566529,1.0,0.016220494302613825,0.9278394534586306,254.10079856176242,0.1822125313556544,0.1822125313556544,0.014540466392318244,1.0,0.008617741476949948,0.903394255874664,240.18069096370687,3,1.0,0.014677640603566529,0.9853223593964334,0.15479475203603463,0.03500960449643735,0.034235789987373685,0.06818192549779599,0.014456858907558441,1.0,3.1893109408535176,0.20297844853534394,0.458193109829506,True,2,-0.0898217304127039,0.826758100356581,False,False,True,-0.0533480218476873,-0.0034361288608825,-0.0081107553706956,-0.0805758702889224,0.843292792515562,False,False,False,0.0,0.0,1.0,4.763780501708801,transportable_but_atlas_unsupported,False,False,True,False
NFE2,STRN3,STRN3,ENSG00000196792,0.1746659670519751,0.1746659670519751,True,0.7952453987730062,392.79184925059695,0.0050754458161865,True,-0.0562581254303924,0.0498082713992611,1.92986948074086e-17,False,False,False,0.1746659670519751,0.039832243623090666,0.039832243623090666,0.2688983399643298,0.75,0.029534487594560954,0.8919667590027937,254.40600957135106,0.07383319806367841,0.07383319806367841,0.0205761316872428,1.0,0.005737787190918078,0.9423569598634146,308.1330554706873,0.15132729084500673,0.15132729084500673,0.0049382716049382715,1.0,0.04944014404007523,0.9503916449086048,417.51269904551225,3,1.0,0.0205761316872428,0.9794238683127572,0.07396780191826141,0.05776363248215245,0.05714388983651903,0.11149504722191607,0.14808971350719433,0.75,8.34288163403438,0.015430012275956684,0.09852320066496525,True,3,0.1151456480539853,0.5134347500809958,False,False,True,-0.0448801979565876,0.0429374424621078,-0.0755821211001267,0.1131092742532323,0.2067493448412979,False,False,False,0.7999999999999999,-0.39999999999999997,0.5,5.975822468303159,transportable_but_atlas_unsupported,False,False,True,False
TAL1,SLC25A37,SLC25A37,ENSG00000147454,0.1730020972247108,0.1730020972247108,True,0.9984662576687116,7309.786012898832,0.0001371742112482,True,0.233794848965072,-0.679316632703902,1.1958963686621502e-260,False,True,False,0.1730020972247108,0.20194267203706107,0.20194267203706107,0.00013719303059404582,1.0,0.018453210258701978,0.9404432132964259,762.3628122051656,0.14275368446680575,0.14275368446680575,0.00013717421124828533,1.0,0.014440461799727728,0.9756618274979191,1452.8432333439528,0.17408282146600576,0.17408282146600576,0.00027434842249657066,1.0,0.007318746168366052,0.9956483899042515,3836.9632297886114,3,1.0,0.00013719303059404582,0.999862806969406,0.17587402195907506,0.03052525551290818,0.029611434583473584,0.059188987570255314,7.919213567193416e-05,1.0,3.3699424543202467,0.1854497677956808,0.43444005204770797,True,0,,,False,False,False,-0.2197331954940371,-0.0244644937810548,-0.1064954849909303,0.0240851603976775,0.364504680701667,False,False,False,0.7999999999999999,0.7999999999999999,0.75,8.897106072667704,transportable_but_atlas_unsupported,False,False,False,False
BCL11A,MTDH,MTDH,ENSG00000147649,0.1727987111524713,0.1727987111524713,True,0.4800613496932515,105.05799129913471,0.0083676268861454,False,,,,False,False,False,0.1727987111524713,0.0024804688198995757,0.0024804688198995757,0.9532171765674303,0.5,0.03051050437373875,0.9480609418282824,453.26715181669687,0.01660303683212813,0.01660303683212813,0.6958847736625514,1.0,0.007689125722451583,0.9688300597780207,474.522745350271,0.046482652576710214,0.046482652576710214,0.41618655692729767,1.0,0.016344628660238426,0.936466492602252,330.1250569513345,3,1.0,0.6958847736625514,0.3041152263374486,0.016604562686823,0.02248457683432588,0.02246638429473402,0.044002183756810635,0.2685929213700989,0.5,1.263871539232736,0.5315618232020796,0.7295715489181536,False,2,-0.003494393526407,0.9960376906068,False,False,True,-0.0799060589512145,-0.0406893504937457,-0.0186628136801061,-0.1580396559053895,0.560231410216532,False,False,False,0.19999999999999998,0.19999999999999998,1.0,4.663986032241822,variable_and_atlas_unsupported,True,False,False,False
GFI1B,HBB,HBB,ENSG00000244734,-0.1727796706241675,0.1727796706241675,True,1.0,315022.78433583665,0.0006858710562414,True,0.106725509671019,-0.751673744621383,0.0,False,False,False,0.1727796706241675,0.08736675492362356,0.08736675492362356,0.025106324598710386,1.0,0.01794076597324648,1.000000000000031,8752.308521740437,0.04960273920346686,0.04960273920346686,0.1374485596707819,1.0,0.005938172971861135,1.0000000000000568,19555.93147747089,-0.09221816975877158,0.09221816975877158,0.03525377229080933,1.0,0.006261165719016884,0.9999999999999868,73632.87334719309,3,0.3333333333333333,0.03525377229080933,0.9647462277091907,-0.04964348075006133,0.09492527995437162,0.09468371584330054,0.17958492468239512,0.06213898808757974,1.0,22.676393909907564,1.1909228490941082e-05,0.0005670624950686561,False,1,-0.0295233058446341,0.8395353032934146,False,False,False,-0.0074223424381548,0.0241885279213674,-0.1109749747806863,-0.0431670533123834,0.6230730108668829,False,True,False,0.6000000000000001,-0.6000000000000001,0.25,12.660403420785402,variable_and_atlas_unsupported,True,False,False,True
GFI1B,NAPEPLD,NAPEPLD,ENSG00000161048,0.172555225084277,0.172555225084277,True,0.2684049079754601,43.17451676012982,0.0008230452674897,True,0.284508605182358,-0.557151698078655,1.33963982570308e-65,True,True,True,0.172555225084277,0.05976502331491696,0.05976502331491696,0.09713266566058444,1.0,0.018192894180923683,0.7409972299169104,109.53450880862336,0.05321771257805569,0.05321771257805569,0.11179698216735254,1.0,0.011871374342740187,0.7681468830060066,114.49728736639237,0.05941186595438983,0.05941186595438983,0.1588477366255144,1.0,0.013115692277118228,0.7719756309834592,125.3189881116522,3,1.0,0.11179698216735254,0.8882030178326474,0.059481917778157666,0.0036941490474046114,0.003682379983467782,0.006547310736861274,0.03224273990089152,1.0,0.05028341505767378,0.9751717130629972,0.9847166237944458,False,1,0.3592979042630436,0.6749637414291912,False,False,False,-0.1114027812274078,-0.0642307668595435,-0.1906897597985671,0.0931878288690298,0.5184020307901149,False,True,False,0.19999999999999998,-0.39999999999999997,0.75,3.78814807892985,variable_but_atlas_supported,True,False,False,False
NFE2,RFESD,RFESD,ENSG00000175449,0.1725034611264407,0.1725034611264407,True,0.7469325153374233,240.46289134392669,0.0052126200274348,False,,,,False,False,False,0.1725034611264407,-0.024142625003313076,0.024142625003313076,0.4975991219646042,0.75,0.02165911714048293,0.7285318559556907,98.5536937116911,-0.01832722676279377,0.01832722676279377,0.5308641975308642,0.75,0.026173946535062324,0.8761742100768993,159.95483820173314,0.012759642874993388,0.012759642874993388,0.7714677640603567,1.0,0.016355767387335268,0.9425587467362814,240.0646393909928,3,0.3333333333333333,0.5308641975308642,0.4691358024691358,-0.01832927913697248,0.019843506607918525,0.019840991638251086,0.036902267878306465,0.14944378798426308,0.75,0.9982986834478648,0.6070468295489525,0.7861129445414259,False,3,-0.0399259698709861,0.7164056345758232,False,False,True,-0.0788556034779995,-0.0554059767294048,-0.1444422551861908,-0.0586556817769588,0.7631398883228815,False,True,False,-0.39999999999999997,0.0,0.5,5.486715802254509,variable_and_atlas_unsupported,True,False,False,False
NFE2,GUK1,GUK1,ENSG00000143774,0.1721265912400696,0.1721265912400696,True,0.9424846625766872,621.726739716013,0.0053497942386831,True,-0.174530548491059,0.0587234993648782,2.2447456179984102e-15,False,False,False,0.1721265912400696,0.07009062744668614,0.07009062744668614,0.05405405405405406,1.0,0.026811538614077046,0.7569252077562467,104.72940605476704,0.040884651362284676,0.040884651362284676,0.17242798353909464,1.0,0.01353091758629979,0.8505550811272805,140.419097690367,0.07141751371163294,0.07141751371163294,0.1308641975308642,1.0,0.023023908513288477,0.9643167972149577,263.44794962478636,3,1.0,0.1308641975308642,0.8691358024691358,0.07020574494304467,0.01731318677823273,0.017257874287056055,0.03053286234934826,0.06005516024178035,1.0,1.0921888334627683,0.5792075419161216,0.7660886077907676,False,3,0.0391712533752981,0.754165802934624,False,False,True,-0.0151664091643675,0.071723881416741,0.0102581433262335,0.0242910013461767,0.6347408976751173,False,False,False,-0.39999999999999997,0.19999999999999998,0.25,6.434107802527044,variable_and_atlas_unsupported,True,False,False,True
GFI1B,CENPP,CENPP,ENSG00000188312,0.1718547509156874,0.1718547509156874,True,0.3412576687116564,108.30062044566048,0.0009602194787379,True,0.255602871152936,-0.309410307198797,2.49451573183445e-53,True,True,True,0.1718547509156874,0.04167911523029192,0.04167911523029192,0.24626148991631225,1.0,0.011672013325662726,0.8379501385041749,335.989808111863,0.12612922105483643,0.12612922105483643,0.002880658436213992,1.0,0.029147497928723155,0.9030742954739991,436.149061807937,0.15724112111015695,0.15724112111015695,0.00041152263374485596,1.0,0.01699284944748182,0.8537859007832821,411.8932705249099,3,1.0,0.002880658436213992,0.997119341563786,0.12680452435878,0.06042229070566132,0.05979736323870111,0.11556200587986504,0.14123416263803085,1.0,10.010922532576826,0.006701249574699243,0.05764094531129031,True,1,0.0515238749462551,0.97842268302645,False,False,False,-0.2364487712016739,-0.1116575333338278,-0.1182543324190702,0.09802340943474,0.1747160288358435,False,True,False,-0.7999999999999999,-0.7999999999999999,0.75,4.694102071704903,transportable_and_atlas_supported,False,False,False,False
BCL11A,MYO1D,MYO1D,ENSG00000176658,0.171741126706995,0.171741126706995,True,0.5943251533742331,181.87622562417985,0.0085048010973936,False,,,,False,False,False,0.171741126706995,0.05326861773860829,0.05326861773860829,0.2446151735491837,1.0,0.033151555810438625,0.8815789473684439,314.09954939293794,0.08057476098390302,0.08057476098390302,0.1176954732510288,1.0,0.012887647725533045,0.9167378309137958,356.78050796520347,0.07892479317901983,0.07892479317901983,0.19012345679012346,1.0,0.01916188082450845,0.8946910356831935,260.4112347979247,3,1.0,0.19012345679012346,0.8098765432098766,0.07908928581926758,0.015380210584201295,0.015311146217265396,0.027306143245294734,0.06367072890879355,1.0,0.7342405410093922,0.6927263254892668,0.8342365670775412,False,2,-0.0566662403998654,0.8508720183409391,False,False,True,0.0015532068115598,0.0550155141116819,0.0009554745785436,0.0301490370830809,0.9147846333664906,False,False,False,0.6000000000000001,-0.6000000000000001,0.0,5.208809561295574,variable_and_atlas_unsupported,True,False,False,True
GFI1B,RDX,RDX,ENSG00000137710,0.1709063010281392,0.1709063010281392,True,0.352760736196319,64.07148570857545,0.0010973936899862,False,,,,False,False,False,0.1709063010281392,-0.03662620132830152,0.03662620132830152,0.30580326519412815,1.0,0.010023994551926813,0.7472299168975203,100.49322532561712,0.054422591942246634,0.054422591942246634,0.10438957475994513,1.0,0.014059395125557117,0.8001707941930302,120.18354648868483,0.05670694048641863,0.05670694048641863,0.17503429355281208,1.0,0.025026852501821108,0.8302872062663117,140.667241791434,3,0.6666666666666666,0.17503429355281208,0.8249657064471879,0.054476417574519105,0.053281381630175755,0.05323873333908458,0.09333314181472016,0.10219154802931558,1.0,8.552554839154517,0.013894288541558513,0.0966355573845474,False,1,-0.0259645284571611,0.9805249974044375,False,False,False,0.060261076554978,-0.0194392489880591,-0.0481433594984926,0.174532429635941,0.4156671237327686,False,False,False,0.39999999999999997,-0.19999999999999998,0.75,4.175486445712433,variable_and_atlas_unsupported,True,False,False,False
BCL11A,GYPC,GYPC,ENSG00000136732,0.1708422281631527,0.1708422281631527,True,0.9746932515337424,1543.5880793009026,0.0086419753086419,True,0.142328031380461,-0.0807340635739167,2.13395495955924e-10,False,True,False,0.1708422281631527,0.06396497421022447,0.06396497421022447,0.1727260255179037,1.0,0.012446322608749236,0.951523545706399,446.38845817219317,0.06161510657069536,0.06161510657069536,0.201920438957476,1.0,0.018810534146842757,0.9884713919727285,645.0777079945065,0.05907306979566114,0.05907306979566114,0.31056241426611797,1.0,0.02335735432838681,0.9999999999999868,1206.7574363224735,3,1.0,0.201920438957476,0.798079561042524,0.061693256965359676,0.002455875842636789,0.0024465812095710447,0.004891904414563331,0.07263408593559122,1.0,0.015319445242279225,0.9923695382963423,0.9990483781429054,False,2,-0.0471007182156434,0.7703217839302647,False,False,True,-0.0137174987038001,-0.0286267199644756,-0.0643032071086773,0.0109359291474075,0.8330069025791452,False,False,False,-1.0,-1.0,0.75,7.342512538444436,variable_and_atlas_unsupported,True,False,False,False
BCL11A,MPHOSPH8,MPHOSPH8,ENSG00000196199,0.1706626003819168,0.1706626003819168,True,0.4033742331288343,67.85220172987643,0.0087791495198902,False,,,,False,False,False,0.1706626003819168,-0.03123632533090671,0.03123632533090671,0.4786664837426259,1.0,0.00687499763166418,0.849030470914148,150.35119346116076,0.0074999488264358835,0.0074999488264358835,0.8631001371742113,0.75,0.015450850701546864,0.8633646456020899,148.5346473757385,-0.0041185827482193476,0.0041185827482193476,0.9407407407407408,0.3333333333333333,0.028576298676805258,0.8215839860748412,137.32199199888643,3,0.3333333333333333,0.8631001371742113,0.1368998628257887,-0.004118606035916971,0.01988388649636793,0.019878217451626806,0.03873627415734259,0.24743009659069745,0.3333333333333333,1.3392641851649807,0.5118968738035402,0.7057108349318294,False,2,-0.1683713410447088,0.6885005162203544,False,False,True,-0.0206394826445316,-0.0304127454253424,0.0318172934778684,-0.0953755117334315,0.8445689798445332,False,False,False,0.19999999999999998,0.7999999999999999,0.75,4.2319622033108,variable_and_atlas_unsupported,True,False,False,False
BCL11A,EIF4G3,EIF4G3,ENSG00000075151,0.1706136373843929,0.1706136373843929,True,0.200920245398773,33.916732714455144,0.0089163237311385,False,,,,False,False,False,0.1706136373843929,0.0024522187558085403,0.0024522187558085403,0.9544519138427768,0.25,0.019825725813912478,0.846952908587278,217.27403604189107,0.044494685807696,0.044494685807696,0.33415637860082303,1.0,0.015505476580147006,0.8450042698548631,195.762663511018,0.08521948329525685,0.08521948329525685,0.16200274348422497,1.0,0.007590544990062517,0.6892950391644893,117.89296791816273,3,1.0,0.33415637860082303,0.665843621399177,0.04452408392279435,0.04148860377671788,0.04138538036061145,0.0827672645394483,0.4168091315232345,0.25,4.396836612841383,0.11097855368074082,0.33026790734797384,False,2,-0.1217793401600638,0.8773049267109557,False,False,True,-0.0276168296220798,0.0008493457408709,0.0581001464806153,-0.2435186844157906,0.4950664918874216,False,False,False,0.7999999999999999,0.19999999999999998,0.5,3.5529661617157893,variable_and_atlas_unsupported,True,False,False,False
NFE2,BLVRB,BLVRB,ENSG00000090013,0.1704425097766111,0.1704425097766111,True,0.9961656441717792,2257.3448275904234,0.0054869684499314,True,-0.099340952788479,0.0663171914651663,2.8354572913089797e-30,False,False,False,0.1704425097766111,0.1068339228073382,0.1068339228073382,0.005762107284949925,1.0,0.01797689796234269,0.9792243767313317,568.6735926159331,0.06442217462085041,0.06442217462085041,0.03827160493827161,1.0,0.01476806148497549,0.9991460290350697,896.6476450360648,0.13055894044864483,0.13055894044864483,0.012482853223593965,1.0,0.01403089333613409,0.9991296779808397,1768.2768815886755,3,1.0,0.012482853223593965,0.987517146776406,0.10724317830252848,0.03383036192545198,0.03350548373146023,0.06613676582779442,0.017161466422601232,1.0,3.847907795424368,0.14602843766515972,0.39300696919449507,True,3,-0.0098764311136413,0.910198409902769,False,False,True,0.0541851678715947,0.0096653236384168,0.0005307158144646,-0.0069257247527402,0.7146551573098152,False,False,False,-0.6000000000000001,0.7999999999999999,0.25,7.722387446774776,transportable_but_atlas_unsupported,False,False,True,True
GATA1,SOX6,SOX6,ENSG00000110693,0.1702770412580773,0.1702770412580773,True,0.8757668711656442,1539.4499639593853,0.0001371742112482,True,0.329456568671427,-1.45742346476811,2.00088158820574e-298,True,True,True,0.1702770412580773,-0.027215903574678648,0.027215903574678648,0.3835917135409521,0.75,0.02080643761157898,0.33656509695290604,56.791638555652966,0.03368485597126492,0.03368485597126492,0.15432098765432098,1.0,0.012936789229198222,0.7019641332194914,314.7856856125982,0.061894993807784966,0.061894993807784966,0.053909465020576135,1.0,0.03435345974235194,0.9242819843341933,1084.9128213310082,3,0.6666666666666666,0.15432098765432098,0.845679012345679,0.03369760504512143,0.04558310705696869,0.045543873393934224,0.08911089738246361,0.16898615555505367,0.75,5.601624216928226,0.06076069830596061,0.2299512229255984,False,1,0.1354635930207887,0.6885005162203544,False,False,False,-0.6750493750810326,-0.0488586984273436,-0.0986125307175099,0.1126458492509204,0.1314996439378316,False,True,False,-0.19999999999999998,-0.7999999999999999,0.5,7.33982983711934,variable_but_atlas_supported,True,False,False,False
TAL1,EPB41,EPB41,ENSG00000159023,0.1699550019555386,0.1699550019555386,True,0.97239263803681,978.2199482144332,0.0002743484224965,True,0.131699602498291,-0.353845820946484,1.51935492911279e-124,False,True,False,0.1699550019555386,0.10624718737152872,0.10624718737152872,0.007134037590890383,1.0,0.044146311200500145,0.9002770083102735,298.561830536077,0.07266666233871413,0.07266666233871413,0.006584362139917695,1.0,0.010620510932361795,0.9581554227156796,416.5655951345236,0.11833602662255516,0.11833602662255516,0.005349794238683128,1.0,0.025870626226074965,0.9651871192341047,535.5808707235899,3,1.0,0.006584362139917695,0.9934156378600824,0.10664970641486848,0.023878438980577493,0.02366249680403859,0.045669364283841024,0.0009137674160726511,1.0,1.9789685422486807,0.3717683732749155,0.6140992026427754,True,0,,,False,False,False,-0.1644880552750617,0.0010908166621053,-0.0067669491330773,0.1264289583987017,0.0278916399356521,True,False,False,0.39999999999999997,-0.39999999999999997,0.5,6.886756283501571,transportable_but_atlas_unsupported,False,False,False,False
BCL11A,DNAJC9,DNAJC9,ENSG00000213551,0.1697187426229145,0.1697187426229145,True,0.4915644171779141,130.54204882514347,0.0090534979423868,False,,,,False,False,False,0.1697187426229145,-0.0025887673587036597,0.0025887673587036597,0.9510220880779257,0.75,0.013630374519207131,0.8393351800554215,155.35339966465065,0.07003552522798198,0.07003552522798198,0.1578875171467764,1.0,0.014044323749877486,0.9086251067464165,195.66539835312858,0.12977540512248248,0.12977540512248248,0.058161865569272976,1.0,0.04865499028688762,0.9216710182767521,253.4923353155129,3,0.6666666666666666,0.1578875171467764,0.8421124828532236,0.0701503709023155,0.0666459468618782,0.06628651858932184,0.13236417248118615,0.48925232585495465,0.75,11.45724335293336,0.003251555842353064,0.037272464192899014,False,2,-0.2058970370913902,0.6301016160582064,False,False,True,0.0096717358830428,-0.035531930636967,-0.0697157491666729,-0.0940844991959484,0.6778348574270372,False,False,False,1.0,1.0,1.0,4.8793265634333975,variable_and_atlas_unsupported,True,False,False,False
NFE2,PTK2B,PTK2B,ENSG00000120899,0.1696070789979711,0.1696070789979711,True,0.6288343558282209,162.28450889767487,0.0056241426611796,False,,,,False,False,False,0.1696070789979711,0.012519305108717012,0.012519305108717012,0.7228700782000275,0.75,0.023928271474992498,0.45498614958448386,43.311039660113465,0.0090439800000122,0.0090439800000122,0.7647462277091907,0.5,0.017226893713164493,0.4782237403928232,45.93267108612207,0.11310695416347481,0.11310695416347481,0.0252400548696845,1.0,0.04564907394514664,0.550043516100961,64.38012343507654,3,1.0,0.7228700782000275,0.27712992179997253,0.012519959232982722,0.059383353313875474,0.05910309582799618,0.10406297416346261,0.41539351644301137,0.5,9.313135214609039,0.009499010845675355,0.06999866325563148,False,3,-0.1029506142500685,0.6694685517623624,False,False,True,-0.0375884315160076,0.1138093499421747,0.1382453283072285,-0.1297343789882318,0.3081822589115404,False,True,False,0.6000000000000001,0.39999999999999997,0.5,5.095494132633268,variable_and_atlas_unsupported,True,False,False,False
BCL11A,ADD2,ADD2,ENSG00000075340,0.1693473748357377,0.1693473748357377,True,0.3121165644171779,55.18903137800044,0.0091906721536351,False,,,,False,False,False,0.1693473748357377,0.17880653831272594,0.17880653831272594,0.005487721223761833,1.0,0.018752822335791047,0.742382271468157,136.8542819526307,0.18031103639084406,0.18031103639084406,0.005075445816186557,1.0,0.01572613536707249,0.8659265584970518,184.7499276469667,0.04122842463462879,0.04122842463462879,0.46117969821673527,0.6666666666666666,0.048542107321898884,0.8842471714534289,213.68326616872676,3,1.0,0.005487721223761833,0.9945122787762382,0.18074953710959982,0.0809915620462191,0.07986861478977063,0.13908261175621528,0.2632129799625643,0.6666666666666666,17.22589438617417,0.00018173750483778799,0.005920816604978461,False,2,-0.2596124460985457,0.7876661183921018,False,False,True,-0.0397214402059009,0.0289110818760639,-0.1645589547537073,-0.0638033251757433,0.7098654182779504,False,False,False,-1.0,-1.0,0.75,4.02872156664131,variable_and_atlas_unsupported,False,False,False,False
NFE2,ITSN1,ITSN1,ENSG00000205726,0.1691344180353588,0.1691344180353588,True,0.5030674846625767,137.30888731518723,0.0057613168724279,True,-0.29215762055057,0.142555185076581,2.18708190950194e-21,True,False,False,0.1691344180353588,-0.018317546978505465,0.018317546978505465,0.6089998628069694,1.0,0.019223088333123566,0.20844875346260253,15.696823921147528,0.038119767404883625,0.038119767404883625,0.20260631001371743,1.0,0.02206580226048718,0.27198975234841855,24.821822498819508,0.039311274648402214,0.039311274648402214,0.3871056241426612,1.0,0.008147902199000608,0.4873803307223725,63.18856224392686,3,0.6666666666666666,0.3871056241426612,0.6128943758573389,0.03813824767640851,0.032945829270705745,0.0329334460855698,0.057628821626907675,0.20348332029038044,1.0,3.27440659740157,0.1945233058460376,0.4470223940114233,False,3,0.1346146473088416,0.5437114318896837,False,False,True,0.177479051578665,0.1494460773147047,0.0931211205686051,0.1141940647473998,0.9771522858919612,False,False,False,-0.7999999999999999,0.7999999999999999,0.25,4.929489497742622,variable_but_atlas_supported,True,False,False,True
BCL11A,KHDRBS1,KHDRBS1,ENSG00000121774,0.1690591221110474,0.1690591221110474,True,0.3374233128834356,50.11413549921605,0.0093278463648834,False,,,,False,False,False,0.1690591221110474,-0.02282613941340177,0.02282613941340177,0.5948689806557826,1.0,0.017527042762381994,0.8981994459834035,225.75184316954594,-0.028630452774645144,0.028630452774645144,0.5178326474622771,0.75,0.034155616945786484,0.912894961571353,217.41931556912203,0.009331078395564825,0.009331078395564825,0.8633744855967078,0.6666666666666666,0.020637215558849342,0.8363794604003411,148.5572020318508,3,0.3333333333333333,0.5948689806557826,0.40513101934421736,-0.022830105041105643,0.020452329663064598,0.020448531159945816,0.03796153117020997,0.18139687828846593,0.6666666666666666,1.1462303575321076,0.5637664670392912,0.7587501177282426,False,2,-0.0959681104822456,0.8590040550092644,False,False,True,-0.0416950835658492,-0.0109805036617954,0.0231908856412419,-0.1479452187184175,0.7174264556801869,False,False,False,0.39999999999999997,0.39999999999999997,0.25,3.934061083207028,variable_and_atlas_unsupported,True,False,False,True
BCL11A,PRKDC,PRKDC,ENSG00000253729,0.1688296026805618,0.1688296026805618,True,0.3266871165644172,79.88201476417268,0.0094650205761316,False,,,,False,False,False,0.1688296026805618,0.11691646855578738,0.11691646855578738,0.036904925229798324,1.0,0.020187863885457593,0.9466759002770357,556.8921967717845,0.12089311485842573,0.12089311485842573,0.040740740740740744,1.0,0.016776825469741678,0.9701110162255017,631.5729562324603,0.03513599959152331,0.03513599959152331,0.5237311385459533,0.6666666666666666,0.03708813277017596,0.9138381201044287,449.7042540277309,3,1.0,0.040740740740740744,0.9592592592592593,0.1174536092953466,0.04872392330715779,0.048404789085950355,0.08575711526690241,0.2799685100817644,0.6666666666666666,6.292503309502289,0.04301305284783467,0.1798991872487139,False,2,0.0636862233434324,0.9657768531045802,False,False,True,-0.0366827408024601,-0.0364654978126865,-0.0204438511607333,0.0209625596387818,0.9814191754299628,False,False,False,0.19999999999999998,-0.39999999999999997,0.75,4.3929914849382135,variable_and_atlas_unsupported,False,False,False,False
NFE2,EIF2AK1,EIF2AK1,ENSG00000086232,0.1687538212059187,0.1687538212059187,True,0.9325153374233128,558.8803207127274,0.0058984910836762,True,-0.11904798284041,0.0470057434152447,4.40729547920404e-13,False,False,False,0.1687538212059187,0.04343620925524822,0.04343620925524822,0.22815200987789822,1.0,0.022423418349233365,0.8324099722991883,142.9807833293889,0.055749654935333626,0.055749654935333626,0.06886145404663924,1.0,0.01171057426598162,0.9077711357814292,198.6014204891944,0.11197603101126588,0.11197603101126588,0.0262002743484225,1.0,0.03600056670717208,0.9721496953872811,392.4587585843054,3,1.0,0.06886145404663924,0.9311385459533608,0.05580751997025738,0.036786021667418345,0.03653932465507824,0.06853982175601767,0.10644087632236834,1.0,3.4196229798926314,0.180899890851227,0.42903077562034303,True,3,0.0604570049873554,0.608156979748136,False,False,True,0.0714017180394734,-0.0027416468146031,-0.0985473007712069,0.0480345684751699,0.2067493448412979,False,True,False,0.0,0.39999999999999997,0.5,6.327723047876328,transportable_but_atlas_unsupported,False,False,True,False
BCL11A,ANP32E,ANP32E,ENSG00000143401,0.1686655756615094,0.1686655756615094,True,0.4677914110429448,153.33301011681624,0.0096021947873799,True,0.0752572153138462,-0.0839207658970183,1.18060745099266e-06,False,True,False,0.1686655756615094,0.02061550625489398,0.02061550625489398,0.6357525037728083,0.75,0.024301224900329453,0.7894736842105426,128.26880138237328,0.03566766715753852,0.03566766715753852,0.4281207133058985,1.0,0.016969148974178547,0.86806148590952,163.53469294306302,0.07652393639201237,0.07652393639201237,0.20150891632373114,1.0,0.007716969313064243,0.885987815491723,205.87186154991156,3,1.0,0.4281207133058985,0.5718792866941015,0.03568280397372047,0.02900979417757545,0.02892967001769395,0.05590843013711839,0.2171909145523918,0.75,2.1070686554642184,0.3487031374662238,0.5954128709604545,False,2,0.0601094775899329,0.9121997433162178,False,False,True,-0.0441324427155542,0.0095729706941303,-0.0416335092375638,-0.0289773955490586,0.9256815628692856,False,False,False,-0.39999999999999997,-0.39999999999999997,0.75,5.039112671140443,variable_and_atlas_unsupported,True,False,False,False
BCL11A,ATRX,ATRX,ENSG00000085224,0.1685902749681666,0.1685902749681666,True,0.5697852760736196,136.91715830418707,0.0097393689986282,False,,,,False,False,False,0.1685902749681666,0.06800051291937226,0.06800051291937226,0.1542049663877075,1.0,0.023578423751164247,0.9259002770083362,277.2174969332385,0.01851080234459401,0.01851080234459401,0.669684499314129,0.75,0.018772076815475405,0.9295473953886052,258.81012359397164,0.11896627016128185,0.11896627016128185,0.07448559670781893,1.0,0.0379389693794836,0.8912097476066053,224.4480361069567,3,1.0,0.1542049663877075,0.8457950336122925,0.06810561771942185,0.05051247960706653,0.05022954123867445,0.10045546781668784,0.323093397340964,0.75,8.07090946255434,0.017677639709524014,0.10521595173264774,False,2,0.0225423876603256,0.9590810020570693,False,False,True,-0.0301277974214287,-0.0302809431844258,-0.0810533869531046,0.0131046014469504,0.843292792515562,False,False,False,-0.39999999999999997,-0.39999999999999997,0.75,4.92665320276016,variable_and_atlas_unsupported,True,False,False,False
BCL11A,CDC73,CDC73,ENSG00000134371,0.1684243498486701,0.1684243498486701,True,0.5613496932515337,131.0194785425484,0.0098765432098765,False,,,,False,False,False,0.1684243498486701,0.015544033298935047,0.015544033298935047,0.7173823569762656,1.0,0.015917840058368583,0.7783933518005696,110.82522504668037,0.02034372552807821,0.02034372552807821,0.6385459533607681,1.0,0.014675604093243559,0.8121263877028523,121.75988244464382,0.044803760405441456,0.044803760405441456,0.4297668038408779,1.0,0.02475398753781273,0.8128807658833707,126.29762761425268,3,1.0,0.6385459533607681,0.36145404663923186,0.020346532758562918,0.015708239510102556,0.01569215293304029,0.029259727106506407,0.14861954683836698,1.0,0.6249509915102335,0.731633556854828,0.8605534571031126,False,2,-0.0721165020550918,0.7876661183921018,False,False,True,0.0773271750009544,0.0304522994188382,0.0273283374626855,-0.0365976221048128,0.7274907072774965,False,False,False,-0.39999999999999997,1.0,0.25,4.882949476416045,variable_and_atlas_unsupported,True,False,False,True
GFI1B,SMC6,SMC6,ENSG00000163029,0.1683519029760292,0.1683519029760292,True,0.3266871165644172,63.984797807454655,0.0012345679012345,True,0.201595086175764,-0.17487656701307,2.2480646432492e-21,False,True,False,0.1683519029760292,0.011602050437270035,0.011602050437270035,0.7498971052270544,0.5,0.02088815846712037,0.8130193905817354,141.84882322960874,0.07762890435839431,0.07762890435839431,0.030452674897119343,1.0,0.019147875928997114,0.9017933390265181,189.9960740785962,0.08986459761349659,0.08986459761349659,0.04101508916323731,1.0,0.02648715131569551,0.8651000870321938,195.29916882340507,3,1.0,0.04101508916323731,0.9589849108367627,0.07778540760425194,0.04221977941140181,0.0420996514606822,0.07826254717622655,0.41235614979177804,0.5,5.110858513636429,0.07765888930378144,0.2616847129422356,False,1,0.412686444103831,0.5981304723184852,False,False,False,-0.1250679206409849,-0.118335959781084,-0.1012573409768354,0.0874277991985929,0.3834988097931139,False,True,False,-1.0,-1.0,0.75,4.174153362656159,variable_and_atlas_unsupported,False,False,False,False
NFE2,LRRN2,LRRN2,ENSG00000170382,0.1681912229717123,0.1681912229717123,True,0.3013803680981595,51.35092023054766,0.0060356652949245,True,-0.220323357179021,0.116499659315972,2.91885697956395e-07,False,False,False,0.1681912229717123,0.10125519652604636,0.10125519652604636,0.008368774866236795,1.0,0.007696294149126561,0.03185595567867037,2.0501507634034697,0.09068993574014099,0.09068993574014099,0.0075445816186556925,1.0,0.0129132317817049,0.09564474807856525,10.95088895986433,0.11727997596834308,0.11727997596834308,0.020713305898491085,1.0,0.024869165330498766,0.3629242819843362,48.690017142323036,3,1.0,0.008368774866236795,0.9916312251337632,0.10160338446069857,0.013536511047406533,0.013388107477570351,0.02659004022820209,0.00737656243420079,1.0,0.5555714681973848,0.7574591017852982,0.8666676229299438,True,3,0.1263257595426887,0.7164056345758232,False,False,True,0.4795361821270387,0.6076888952306824,-0.1695832074298171,0.131240028149445,0.3823092466107897,False,False,False,-1.0,0.7999999999999999,0.25,3.9579695155870263,transportable_but_atlas_unsupported,False,False,True,True
GATA1,PRDX2,PRDX2,ENSG00000167815,0.1679514547260765,0.1679514547260765,True,0.9593558282208589,1507.5731381432174,0.0002743484224965,True,0.356841338828388,-0.602007513990337,2.91457743098958e-262,True,True,True,0.1679514547260765,0.0032010584115310537,0.0032010584115310537,0.9153519001234738,0.25,0.013935166759388242,0.9030470914127667,261.56217273817134,0.03310038939534503,0.03310038939534503,0.16104252400548696,1.0,0.007853099707058097,0.9829205807003111,568.3481723950765,0.08421462331460225,0.08421462331460225,0.00905349794238683,1.0,0.02522866195521098,0.9982593559616927,1413.2329257121107,3,1.0,0.16104252400548696,0.8389574759945131,0.03311248600539236,0.04107356608389045,0.04096712625332726,0.0810135649030712,0.4853624234767094,0.25,4.223545937539834,0.12102320574342211,0.34378116809242254,False,1,-0.0613464582203025,0.7783171861930037,False,False,False,-0.2968323520999208,-0.1937358316012536,-0.0726695980184435,-0.0947911360225428,0.2263152487447841,False,True,False,-0.7999999999999999,-0.7999999999999999,1.0,7.318919541443172,variable_but_atlas_supported,True,False,False,False
BCL11A,USP24,USP24,ENSG00000162402,0.1675408181892008,0.1675408181892008,True,0.6763803680981595,224.2350088186162,0.0100137174211248,False,,,,False,False,False,0.1675408181892008,0.10776743284954042,0.10776743284954042,0.04774317464672795,1.0,0.0067892934068644805,0.9044321329640134,285.47818248033263,0.12634111019368938,0.12634111019368938,0.0355281207133059,1.0,0.006667662816733627,0.9355251921435163,316.90826341642463,0.14099057476813545,0.14099057476813545,0.045404663923182445,1.0,0.005896553512250013,0.9129677980852816,268.170309266199,3,1.0,0.045404663923182445,0.9545953360768176,0.1270198446963349,0.01691209218540095,0.016650152458489227,0.03322314191859503,0.006483598290778372,1.0,0.7401108529857818,0.6906960467168697,0.8342365670775412,True,2,0.1321005340238512,0.5669126960961601,False,False,True,-0.0541449692503146,-0.021118915069004,-0.0561129697916316,0.1013388235024769,0.2262229782897601,False,False,False,0.7999999999999999,-0.39999999999999997,0.75,5.417144340749207,transportable_but_atlas_unsupported,False,False,True,False
NFE2,STX2,STX2,ENSG00000111450,0.1672218399912859,0.1672218399912859,True,0.723159509202454,225.71469812244945,0.0061728395061728,False,,,,False,False,False,0.1672218399912859,-0.01830682099116215,0.01830682099116215,0.6094114418987515,0.75,0.02810372324877196,0.4958448753462563,43.09486465421698,0.05508605947153612,0.05508605947153612,0.07160493827160494,1.0,0.007894786071240285,0.5896669513236622,62.66514044326585,0.08489273187637449,0.08489273187637449,0.07736625514403292,1.0,0.016980920223087843,0.7937336814621355,124.09844838353223,3,0.6666666666666666,0.07736625514403292,0.922633744855967,0.05514188020957173,0.0532059551934651,0.053111675324296254,0.10319955286753664,0.30885301489668293,0.75,7.709730390140266,0.021176457808621686,0.11409708386778006,False,3,-0.111126264848638,0.5324675436904682,False,False,True,0.1309601173020946,0.0737948705590116,-0.175923788441849,-0.1045487170049833,0.1023403654557358,False,True,False,0.0,0.7999999999999999,0.75,5.423692390535066,variable_and_atlas_unsupported,True,False,False,False
GFI1B,EXOC6,EXOC6,ENSG00000138190,0.1671091309147154,0.1671091309147154,True,0.3121165644171779,65.48404757188163,0.0013717421124828,False,,,,False,False,False,0.1671091309147154,-0.031066562542291204,0.031066562542291204,0.3841404856633283,1.0,0.007835107320803466,0.8538781163435112,180.6156467921815,0.015915787722423906,0.015915787722423906,0.605761316872428,0.75,0.03660383725186861,0.8949615713066198,203.66918379204475,0.07542350551863096,0.07542350551863096,0.08093278463648834,1.0,0.04728996797142695,0.8468233246301057,188.7195759182851,3,0.6666666666666666,0.3841404856633283,0.6158595143366716,0.015917131814973454,0.05344681005408304,0.05336766235172948,0.10649006806092216,0.2634690655582183,0.75,7.205733245758722,0.027245507798887045,0.1338489629167546,False,1,0.3139627141888408,0.7693660483263091,False,False,False,-0.0693196861314855,-0.0241331578931578,-0.1201386390738255,0.24729984348746,0.0718084273193391,False,False,False,1.0,-0.39999999999999997,0.5,4.196962032747408,variable_and_atlas_unsupported,True,False,False,False
NFE2,GYPE,GYPE,ENSG00000197465,0.1670006107321155,0.1670006107321155,True,0.6871165644171779,228.58902799390685,0.0063100137174211,True,-0.150474099509096,0.106636323084422,3.12184813600137e-14,False,False,False,0.1670006107321155,0.03652574077876387,0.03652574077876387,0.311428179448484,1.0,0.014819436748161446,0.1578947368421044,13.106054837450273,0.08720348835258307,0.08720348835258307,0.009739368998628258,1.0,0.009035566769811888,0.39666951323654726,51.74016002418962,0.1178601812928207,0.1178601812928207,0.020164609053497942,1.0,0.03860471178685074,0.8111401218450766,194.9399300986468,3,1.0,0.020164609053497942,0.9798353909465021,0.08742554722630573,0.041335329066049316,0.04107586098696411,0.08133444051405683,0.171249959328504,1.0,4.508189628267154,0.10496851676347488,0.3185074111597595,True,3,-0.0129941881345483,0.9581216780102612,False,False,True,-0.0085600381166856,0.2002444713765763,-0.1620972453384446,-0.0553643163102231,0.5303011696242652,False,False,False,0.19999999999999998,0.6000000000000001,0.75,5.4362908758205695,transportable_but_atlas_unsupported,False,False,True,False
BCL11A,BCAP29,BCAP29,ENSG00000075790,0.1669619377132272,0.1669619377132272,True,0.4309815950920245,87.37251874387066,0.0101508916323731,False,,,,False,False,False,0.1669619377132272,0.03599652100701614,0.03599652100701614,0.41747839209768145,1.0,0.014309243368541334,0.7610803324099866,105.20054262718904,0.037987277749023406,0.037987277749023406,0.40301783264746227,1.0,0.009610039420545982,0.8202391118702316,120.74017426543443,0.11675124615793471,0.11675124615793471,0.07764060356652949,1.0,0.03822810490226933,0.8555265448215762,143.52090186140606,3,1.0,0.40301783264746227,0.5969821673525377,0.038005565887758365,0.0463588240846532,0.04605983692641241,0.08075472515091857,0.19216710241251972,1.0,5.596253823293578,0.06092407198674981,0.2299512229255984,False,2,0.1057294685511537,0.8590040550092644,False,False,True,-0.0055246940733902,0.0020469130718856,-0.0681205663549636,0.1219806817927755,0.7519233907108527,False,False,False,0.7999999999999999,-0.39999999999999997,0.5,4.481561047374163,variable_and_atlas_unsupported,True,False,False,False
BCL11A,CD58,CD58,ENSG00000116815,0.1669201115777685,0.1669201115777685,True,0.6242331288343558,210.6032553248382,0.0102880658436214,True,0.094142018088618,-0.0955332889429973,3.33717580592849e-08,False,True,False,0.1669201115777685,0.08754760272638751,0.08754760272638751,0.08519687199890245,1.0,0.016668691020746806,0.7825484764543095,128.94528521069958,0.17611148425515105,0.17611148425515105,0.0064471879286694105,1.0,0.020876240742965343,0.8633646456020899,176.7886888830129,0.19103572911798639,0.19103572911798639,0.011385459533607681,1.0,0.01126192653786292,0.9103568320278405,238.6588367565691,3,1.0,0.011385459533607681,0.9886145404663923,0.1779668495860714,0.057057470958355665,0.05594057337956991,0.10348812639159888,0.04410975681510749,1.0,9.373411904819147,0.009216997433628433,0.06999866325563148,True,2,-0.0332460391758845,0.9144261961344348,False,False,True,-0.030993319159508,-0.0084444459105532,-0.1672957328847048,-0.0689969372824013,0.5325720593049655,False,False,False,0.39999999999999997,0.39999999999999997,1.0,5.35471308419869,transportable_but_atlas_unsupported,False,False,True,False
BCL11A,MAN2A1,MAN2A1,ENSG00000112893,0.1667260605265638,0.1667260605265638,True,0.7331288343558282,260.22701722074777,0.0104252400548696,True,0.120776953153096,-0.112277879205328,3.3283121385673804e-14,False,True,False,0.1667260605265638,0.14553490610508793,0.14553490610508793,0.016051584579503363,1.0,0.014646663846631179,0.8497229916897713,199.15773122372562,0.1285758848256968,0.1285758848256968,0.032784636488340194,1.0,0.02085311740856273,0.9163108454313021,237.5014020907269,0.14982442820950148,0.14982442820950148,0.035939643347050756,1.0,0.01697322259407886,0.9321148825065168,270.5326884994664,3,1.0,0.032784636488340194,0.9672153635116598,0.14657566091261642,0.011456655249439437,0.011236169265460864,0.02124854338380469,0.010688654233997822,1.0,0.4636222343476632,0.7930959113572029,0.8874355682091692,True,2,0.1274502048289875,0.5927629439269804,False,False,True,-0.0806861701296073,-0.0169829384343855,-0.0217080587265298,0.0180170215428392,0.6862244993331553,False,False,False,0.19999999999999998,-0.39999999999999997,0.75,5.565389827048452,transportable_but_atlas_unsupported,False,False,True,False
BCL11A,SPTB,SPTB,ENSG00000070182,0.1667198846408014,0.1667198846408014,True,0.7829754601226994,310.7787562531179,0.0105624142661179,True,0.123023088032733,-0.109078888039039,5.489946057489661e-10,False,True,False,0.1667198846408014,0.09900783285619572,0.09900783285619572,0.06242282892029085,1.0,0.026595787701037862,0.7666204986149732,145.55453223407054,0.1531456439451938,0.1531456439451938,0.015089163237311385,1.0,0.011657002946110455,0.9090520922289101,254.40805452734398,0.22858731066818866,0.22858731066818866,0.0032921810699588477,1.0,0.01027291200482169,0.9625761531766636,412.53457545778036,3,1.0,0.015089163237311385,0.9849108367626886,0.15436005126012006,0.06702126311249515,0.0650809607815274,0.12957947781199294,0.031294510195998895,1.0,11.288862611741273,0.003537159391026696,0.039809121146282274,True,2,-0.0013025688062026,0.9970386182900678,False,False,True,-0.0776539058528283,0.0029760891123275,-0.0523206365074718,0.0329689664042804,0.7578769200458321,False,False,False,-0.19999999999999998,-0.39999999999999997,0.5,5.742293821695482,transportable_but_atlas_unsupported,False,False,True,False
GFI1B,CARHSP1,CARHSP1,ENSG00000153048,0.1664018023664126,0.1664018023664126,True,0.3657975460122699,63.54922510339647,0.0015089163237311,False,,,,False,False,False,0.1664018023664126,0.06727330496112027,0.06727330496112027,0.06859651529702292,1.0,0.01531030376581816,0.581024930747924,55.31549602094542,0.07784149403986942,0.07784149403986942,0.03017832647462277,1.0,0.009078077173561926,0.6396242527754189,66.65155831536326,0.1137499495818804,0.1137499495818804,0.01083676268861454,1.0,0.044077651116461655,0.7528285465622241,98.81595469716206,3,1.0,0.03017832647462277,0.9698216735253772,0.07799928972513243,0.024574093160238137,0.024362478989288706,0.04647664462076012,0.029400233398921494,1.0,1.5170862105132408,0.46834826433107735,0.6837442821248512,True,1,0.0232451718206366,0.977178306437247,False,False,False,0.0412174588360177,0.0163890969802079,-0.114034297724329,0.1428629336667865,0.4995074917044341,False,False,False,0.7999999999999999,-0.19999999999999998,0.25,4.167428112625654,transportable_but_atlas_unsupported,False,False,False,True
NFE2,AHSP,AHSP,ENSG00000169877,0.1656944316447295,0.1656944316447295,True,1.0,4170.066185888826,0.0064471879286694,True,-0.197049513239891,0.110344095435827,1.8295321447208699e-56,False,False,False,0.1656944316447295,0.12022256648948366,0.12022256648948366,0.0016463163671285499,1.0,0.005176655553530176,0.9785318559557084,611.3953996265717,0.08711261028053202,0.08711261028053202,0.009876543209876543,1.0,0.010433338539605016,0.998719043552576,1061.351471040326,0.12051535293253607,0.12051535293253607,0.01783264746227709,1.0,0.012407638720894188,0.9999999999999868,2884.761247445307,3,1.0,0.009876543209876543,0.9901234567901235,0.12080685280432493,0.01941190699049883,0.0192011203698115,0.03340274265200405,0.008093552403816347,1.0,1.3792556725822758,0.5017627722161091,0.6995296306346206,True,3,0.0911948719943276,0.0086640490260288,False,False,True,0.0907913670209329,0.0261738126092948,0.0329363504036296,0.0904169053101092,0.7245100949286609,False,False,False,0.39999999999999997,-0.39999999999999997,0.0,8.335926962181532,transportable_but_atlas_unsupported,False,False,True,True
GATA1,HMBS,HMBS,ENSG00000256269,0.1656818314913657,0.1656818314913657,True,0.910276073619632,495.7640366753973,0.0004115226337448,True,0.214868666662985,-0.556332829516,3.7222677757298503e-155,False,True,False,0.1656818314913657,0.012364700208280604,0.012364700208280604,0.7013307723967622,0.5,0.031070940112509427,0.7520775623268835,108.79324378109683,0.052780916109760004,0.052780916109760004,0.024417009602194787,1.0,0.004499046396292567,0.8877028181042278,168.81875909119464,0.06863285434643833,0.06863285434643833,0.03168724279835391,1.0,0.016951781323322448,0.9651871192341047,307.2133682769714,3,1.0,0.03168724279835391,0.9683127572016461,0.05283001099818236,0.02906531472238007,0.029013961075575145,0.05626815413815772,0.3887346042577208,0.5,2.307242140703579,0.3154922787522674,0.5743815310225103,False,1,0.0622922992508012,0.8233275118560639,False,False,False,-0.2193228406900867,-0.0526722395137475,-0.0451456609417161,0.0883021437778562,0.2984021551627289,False,True,False,-0.39999999999999997,-1.0,0.75,6.208115138054138,variable_and_atlas_unsupported,False,False,False,False
NFE2,TRIM10,TRIM10,ENSG00000204613,0.1656711306413075,0.1656711306413075,True,0.6595092024539877,183.65525754048883,0.0065843621399176,True,-0.242690181055413,0.122856916273651,1.04201008410621e-27,False,False,False,0.1656711306413075,0.11462365988929983,0.11462365988929983,0.003018246673069008,1.0,0.022402831780709946,0.31994459833794775,25.797968728756334,0.07541530080528713,0.07541530080528713,0.019204389574759947,1.0,0.011827813692410646,0.5111016225448312,55.91679103500229,0.16283918893178834,0.16283918893178834,0.002606310013717421,1.0,0.01324701673183372,0.8250652741514294,148.40210937914878,3,1.0,0.003018246673069008,0.996981753326931,0.11512965223814772,0.04445802145376092,0.04378920886486177,0.0874238881265012,0.009466230849357585,1.0,6.1276669408319915,0.04670829670663104,0.19274957107603077,True,3,0.144130678274422,0.4266370101804148,False,False,True,0.074925758587452,0.1060904264378675,-0.0019278208057642,0.1166011588564002,0.9546813130814008,False,False,False,0.19999999999999998,-0.19999999999999998,0.25,5.21849061389885,transportable_but_atlas_unsupported,False,False,True,True
BCL11A,NUCKS1,NUCKS1,ENSG00000069275,0.1656525530121269,0.1656525530121269,True,0.5168711656441718,239.27644552626177,0.0106995884773662,False,,,,False,False,False,0.1656525530121269,-0.050004977310943596,0.050004977310943596,0.27177939360680475,1.0,0.03021835538505461,0.9605263157895021,596.8970035365504,-0.039772308742239734,0.039772308742239734,0.38257887517146777,1.0,0.020304634103642322,0.9726729291204635,633.0833012932136,0.06796915949981853,0.06796915949981853,0.25157750342935525,1.0,0.019868788828791003,0.9477806788511637,565.3211695300571,3,0.3333333333333333,0.27177939360680475,0.7282206063931953,-0.039793299765583476,0.06543832324431413,0.0653590448232375,0.11797413681076213,0.07052895490512506,1.0,10.999213240697546,0.004088379407437575,0.04217844755339764,False,2,-0.1919352421445798,0.6885005162203544,False,False,True,-0.0097082920952665,-0.0156200451438638,-0.0187461038879811,-0.0375218499682392,0.9814191754299628,False,False,False,0.7999999999999999,1.0,0.5,5.4817901168238565,variable_and_atlas_unsupported,True,False,False,False
NFE2,TM9SF3,TM9SF3,ENSG00000077147,0.1655487936215889,0.1655487936215889,True,0.7699386503067485,276.7702177908926,0.0067215363511659,True,-0.0630618364688174,0.0438788516310811,5.31232848693539e-17,False,False,False,0.1655487936215889,0.010018538672527647,0.010018538672527647,0.7788448346823982,0.75,0.015714199539128147,0.8801939058171973,191.11126566006976,0.030204536872623172,0.030204536872623172,0.3065843621399177,0.75,0.023536769516970805,0.9350982066610226,229.28358399320743,0.02958481192118782,0.02958481192118782,0.5097393689986283,1.0,0.029070591279078354,0.9382071366405461,289.71944918713234,3,1.0,0.5097393689986283,0.49026063100137174,0.02959344793520837,0.011484633197087698,0.01147967501856307,0.020185998200095527,0.2368964831590261,0.75,0.4050780097097448,0.8166546284816175,0.8959421251036618,False,3,0.1260767370415309,0.2263789148869325,False,False,True,-0.0066642673784137,0.0219584504544482,-0.047718565649762,0.099459123920214,0.2208690222481977,False,False,False,0.7999999999999999,-0.7999999999999999,0.5,5.626794217196926,variable_and_atlas_unsupported,True,False,False,False
BCL11A,H3F3A,H3F3A,ENSG00000163041,0.1652356070076099,0.1652356070076099,True,0.991564417177914,2074.682193510756,0.0108367626886145,True,0.0813892404876762,-0.0507485564247813,1.17832187671715e-07,False,True,False,0.1652356070076099,-0.11310188749877227,0.11310188749877227,0.0410207161476197,1.0,0.011735980277804129,0.9958448753462913,975.2291024265762,-0.0890285410918126,0.0890285410918126,0.09574759945130315,1.0,0.015347120310599031,0.9982920580700824,1265.5767952889603,-0.06148642631510091,0.06148642631510091,0.2943758573388203,1.0,0.013863708416436516,0.9999999999999868,2229.857542637235,3,0.0,0.09574759945130315,0.9042524005486968,-0.08926488188100093,0.02603017139956623,0.025827149561414773,0.051615461183671364,0.13331481797833417,1.0,1.7168130526135403,0.4238369174871467,0.6510050916241782,False,2,-0.0511282187471049,0.6562672866437722,False,False,True,0.0423396332419748,-0.0357797870743205,-0.0455896192061669,-0.0272584093504003,0.2058958750725813,False,False,False,-0.7999999999999999,0.39999999999999997,0.5,7.638045146589447,variable_and_atlas_unsupported,True,False,False,False
BCL11A,NCEH1,NCEH1,ENSG00000144959,0.1648859489121453,0.1648859489121453,True,0.6119631901840491,181.5929456468367,0.0109739368998628,True,0.235928767254362,-0.186070837305725,1.98394863229111e-14,False,True,False,0.1648859489121453,0.13979265929557347,0.13979265929557347,0.019207024283166414,1.0,0.02294909299524011,0.5844875346260406,80.5814438628153,0.13392139373719292,0.13392139373719292,0.028395061728395062,1.0,0.007525258761650944,0.7002561912895168,123.12828810927076,0.14149877714207396,0.14149877714207396,0.0448559670781893,1.0,0.027960917345178866,0.8633594429938997,232.2394700825422,3,1.0,0.028395061728395062,0.971604938271605,0.14071409650220298,0.0040515147289977745,0.0039749074753957,0.0075773834048810385,0.012995189517228832,1.0,0.057632305833295,0.9715950729681405,0.9847166237944458,True,2,-0.1365725751139141,0.6749637414291912,False,False,True,-0.2070533416510128,-0.0418355881643806,-0.1761858589691786,-0.1898250801930524,0.560231410216532,False,False,False,0.39999999999999997,0.39999999999999997,1.0,5.207259334593335,transportable_but_atlas_unsupported,False,False,True,False
KLF1,OSBP2,OSBP2,ENSG00000184792,0.1648858664866726,0.1648858664866726,True,0.8174846625766872,353.62308758077705,0.0010973936899862,True,0.11445191421037,-0.191100345699012,6.137544384017799e-41,False,True,False,0.1648858664866726,0.09581954151780979,0.09581954151780979,0.015365619426533132,1.0,0.016565858832941267,0.6745152354570719,97.11824144689783,0.06468560736746083,0.06468560736746083,0.04869684499314129,1.0,0.009288987068558012,0.8070025619129285,153.52473836797657,0.11969661360840134,0.11969661360840134,0.0054869684499314125,1.0,0.03200180097031144,0.9338555265448109,299.7869290700556,3,1.0,0.015365619426533132,0.9846343805734669,0.09611441968320728,0.02782587614653246,0.027585162784059498,0.055011006240940505,0.022640861930622497,1.0,2.5277997222747306,0.2825499694193098,0.5448549254534355,True,3,0.0032629529778429,0.9805249974044375,False,False,True,-0.222548508125095,-0.0903378672676665,-0.0922292687387598,0.0225614641752844,0.3629317336110537,False,False,False,-0.39999999999999997,-0.39999999999999997,0.75,5.871055500321459,transportable_but_atlas_unsupported,False,False,True,False
BCL11A,TLN1,TLN1,ENSG00000137076,0.1648036872756444,0.1648036872756444,True,0.4294478527607362,80.7490352619458,0.0111111111111111,False,,,,False,False,False,0.1648036872756444,-0.02588541703229972,0.02588541703229972,0.5486349293455892,1.0,0.015245525769107884,0.831717451523565,142.03353573939543,0.002158227073431157,0.002158227073431157,0.9628257887517147,0.5,0.011911726558502457,0.8800170794193422,169.5531100972875,0.03659492576746941,0.03659492576746941,0.5068587105624143,1.0,0.023508858549728895,0.8912097476066053,201.9646690170923,3,0.6666666666666666,0.5486349293455892,0.4513650706544108,0.0021582304244075435,0.03130586293071786,0.03129463593027174,0.06248034279976913,0.2520599455367354,0.5,2.4753112598213085,0.29006343750384467,0.5576064217853411,False,2,-0.1781116005936318,0.739350606601063,False,False,True,0.0191691006607117,-0.0856069108156714,-0.0407590269139048,-0.0929459219695773,0.7174264556801869,False,False,False,0.39999999999999997,0.7999999999999999,1.0,4.403654008630614,variable_and_atlas_unsupported,True,False,False,False
BCL11A,ZNF273,ZNF273,ENSG00000198039,0.1641485882641774,0.1641485882641774,True,0.2645705521472393,40.47912904686362,0.0112482853223593,False,,,,False,False,False,0.1641485882641774,0.10044101135847565,0.10044101135847565,0.059541775277815887,1.0,0.007624884950871912,0.5387811634349017,51.71796301311594,0.059850797833879865,0.059850797833879865,0.21207133058984912,1.0,0.0122756117796506,0.6212638770281921,66.40597831720132,0.0648359752641415,0.0648359752641415,0.2718792866941015,1.0,0.018025596194105802,0.7293298520452537,96.17777250093648,3,1.0,0.21207133058984912,0.7879286694101508,0.0649270555088147,0.022285832980029695,0.02213645569064112,0.04059021352459578,0.10949084863701015,1.0,1.5768208834685458,0.4545667816957698,0.6744008088207455,False,2,0.2499295943929654,0.7703217839302647,False,False,True,0.0214427956826333,-0.0802525428347155,-0.1682247999254426,0.0837305584927599,0.5089737328609713,False,False,False,0.0,-0.7999999999999999,0.5,3.7251903861993165,variable_and_atlas_unsupported,True,False,False,False
KLF1,HMBS,HMBS,ENSG00000256269,0.1634257618733265,0.1634257618733265,True,0.910276073619632,495.7640366753973,0.0012345679012345,True,0.0877098999310477,-0.151748995450832,1.4618455861798302e-35,False,True,False,0.1634257618733265,0.0989403276877557,0.0989403276877557,0.013033337906434354,1.0,0.005186416924866734,0.7520775623268835,108.79324378109683,0.14182316865354455,0.14182316865354455,0.0013717421124828531,1.0,0.010770353638118882,0.8877028181042278,168.81875909119464,0.08990646014131402,0.08990646014131402,0.02661179698216735,1.0,0.04791100250119196,0.9651871192341047,307.2133682769714,3,1.0,0.013033337906434354,0.9869666620935656,0.09926508580768582,0.02812962808635388,0.02773653858146837,0.05191670851223053,0.01263215300438757,1.0,2.8148264815930775,0.24477564056366397,0.4951507238853202,True,3,-0.0183320327574272,0.9144261961344348,False,False,True,-0.0676166559283184,-0.0410595236133498,-0.1234751892645282,-0.0131293080698555,0.8906609170475812,False,False,False,-1.0,-1.0,1.0,6.208115138054138,transportable_but_atlas_unsupported,False,False,True,False
GFI1B,SLC25A21,SLC25A21,ENSG00000183032,0.163366084235999,0.163366084235999,True,0.6480061349693251,590.5063909294981,0.0016460905349794,True,0.333532092452899,-0.862559837995645,0.0,True,True,True,0.163366084235999,0.11066965461880873,0.11066965461880873,0.009603512141583207,1.0,0.01992616261502286,0.9259002770083362,952.7122580671894,0.15410542923015022,0.15410542923015022,0.0009602194787379973,1.0,0.017174611668662177,0.9718189581554763,1377.1057863158117,0.13250074252584937,0.13250074252584937,0.003978052126200274,1.0,0.05366563288179163,0.970409051348987,1669.5787068477093,3,1.0,0.003978052126200274,0.9960219478737997,0.13328442856293443,0.022109125588923643,0.02171798564509451,0.04343577461134149,0.004386715216202118,1.0,1.756977699832835,0.41541018474574054,0.6444584069113117,True,1,-0.0713695429291892,0.9121997433162178,False,False,False,-0.3230441107962767,-0.1240890242545344,-0.1536582426769924,0.0719475450810287,0.0051168813128564,True,True,True,-1.0,-1.0,0.75,6.382672487974609,transportable_and_atlas_supported,False,False,False,False
BCL11A,DECR1,DECR1,ENSG00000104325,0.1632631632741349,0.1632631632741349,True,0.6618098159509203,187.62534805697817,0.0113854595336076,False,,,,False,False,False,0.1632631632741349,-0.059902077840629724,0.059902077840629724,0.19659761284126767,1.0,0.01646568372339601,0.8559556786703811,186.6795100410091,-0.02857436913316822,0.02857436913316822,0.5187928669410151,1.0,0.012917694941388135,0.9077711357814292,215.7041686964738,0.027874557705780807,0.027874557705780807,0.6097393689986282,1.0,0.020993462669072593,0.8990426457789288,224.98300471693582,3,0.3333333333333333,0.5187928669410151,0.4812071330589849,-0.028582149884381142,0.04452009539990032,0.04448341342938204,0.08777663554641053,0.21708952019911978,1.0,4.959230175704876,0.08377546558138609,0.27583517656849993,False,2,0.1400566285425489,0.503470569594384,False,False,True,0.0099860007353253,0.0763729996163806,-0.0485307945723079,0.0375164686119889,0.6589218556871617,False,False,False,-0.6000000000000001,0.0,0.75,5.239762762318799,variable_and_atlas_unsupported,True,False,False,False
KLF1,GYPC,GYPC,ENSG00000136732,0.1630497812523243,0.1630497812523243,True,0.9746932515337424,1543.5880793009026,0.0013717421124828,True,0.0661779324623963,-0.0778938729004737,7.792191567326449e-18,False,True,False,0.1630497812523243,0.13927539051363472,0.13927539051363472,0.0026066675812868706,1.0,0.004695019405801589,0.951523545706399,446.38845817219317,0.16271239902411633,0.16271239902411633,0.0009602194787379973,1.0,0.026047830009397754,0.9884713919727285,645.0777079945065,0.1803324681417509,0.1803324681417509,0.0006858710562414266,1.0,0.01748512693436408,0.9999999999999868,1206.7574363224735,3,1.0,0.0009602194787379973,0.999039780521262,0.16417160442536385,0.021136992635966478,0.02059710265624661,0.041057077628116195,0.0010388709979219264,1.0,1.1597572830432386,0.5599663191024411,0.7584664147142474,True,3,0.0264284063090003,0.8395353032934146,False,False,True,-0.1322185969752304,-0.0567881910016507,-0.0545379848393247,0.0491402159461639,0.1415934693869604,False,False,False,-0.7999999999999999,-0.7999999999999999,0.75,7.342512538444436,transportable_but_atlas_unsupported,False,False,True,False
GFI1B,RPL18,RPL18,ENSG00000063177,0.1629529696675641,0.1629529696675641,True,0.9263803680981596,660.0135742888555,0.0017832647462277,True,-0.0607371856165466,0.102146664154759,4.01557859579109e-66,False,False,False,0.1629529696675641,0.029249564455628426,0.029249564455628426,0.41459733845520647,1.0,0.02659773408811098,0.9986149584487846,1437.4915639416306,0.05006198714561908,0.05006198714561908,0.1326474622770919,1.0,0.013624091332331738,1.0000000000000568,1630.76707116275,0.05267819395784509,0.05267819395784509,0.205761316872428,1.0,0.01958980334863276,0.9999999999999868,1638.0683608731215,3,1.0,0.205761316872428,0.7942386831275721,0.050103871973530154,0.01285971250981435,0.012838108354058714,0.023428629502216667,0.14631806240810052,1.0,0.4824744063503361,0.7856552443654646,0.8826145122726362,False,1,0.1481207932050363,0.6106468657679304,False,False,False,0.0369125716579896,-0.0037425796956782,0.0030269600891037,0.0734694082838099,0.5736767027594012,False,False,False,0.19999999999999998,-0.39999999999999997,0.25,6.493774375630017,variable_and_atlas_unsupported,True,False,False,True
BCL11A,PPP1R12B,PPP1R12B,ENSG00000077157,0.1627647949156955,0.1627647949156955,True,0.3688650306748466,73.65866825724245,0.0115226337448559,False,,,,False,False,False,0.1627647949156955,0.08731786359086992,0.08731786359086992,0.08574564412127864,1.0,0.022613983275785256,0.6849030470914217,92.02721756911502,0.12273262594199684,0.12273262594199684,0.03909465020576132,1.0,0.014150971060688878,0.7382578992314514,99.38052480908924,0.18539728177252318,0.18539728177252318,0.013443072702331962,1.0,0.06118507136898005,0.7476066144473418,113.55198425148997,3,1.0,0.03909465020576132,0.9609053497942387,0.12335450894294699,0.05068020140865215,0.049666616476926655,0.09807941818165326,0.03665601473044581,1.0,6.4267804465074505,0.040220027003069765,0.1740992777265747,True,2,0.0187827943316219,0.977178306437247,False,False,True,-0.0746777328426601,0.0520463052708168,0.0074247972515412,0.0686092774881968,0.6913421533814519,False,False,False,-0.7999999999999999,-0.39999999999999997,0.25,4.312926635894218,transportable_but_atlas_unsupported,False,False,True,True
BCL11A,HIST1H1E,HIST1H1E,ENSG00000168298,0.1627173797835858,0.1627173797835858,True,0.522239263803681,242.19294241528445,0.0116598079561042,True,0.161267149756152,-0.165174502675804,7.141275228327609e-11,False,True,False,0.1627173797835858,0.03248582583251103,0.03248582583251103,0.4623405131019344,1.0,0.01570578072782525,0.509002770083099,63.89126720985404,0.0969810204373009,0.0969810204373009,0.07585733882030178,1.0,0.012646104915154933,0.710930828351858,118.35771324146006,0.08562856642596248,0.08562856642596248,0.15925925925925927,1.0,0.028223377630870298,0.8120104438642236,264.6557638043952,3,1.0,0.15925925925925927,0.8407407407407408,0.08583877537843336,0.0345785527439393,0.03443026579666051,0.06449519460478988,0.20338115725838563,1.0,3.8730956049078764,0.1442009014946918,0.39149279835620276,False,2,0.0117549202974135,0.977178306437247,False,False,True,-0.012701893604712,-0.0545783754869228,-0.0866999592333599,-0.1818374677985905,0.7323482562159784,False,False,False,0.7999999999999999,0.7999999999999999,1.0,5.4938551299969385,variable_and_atlas_unsupported,True,False,False,False
BCL11A,CPOX,CPOX,ENSG00000080819,0.1618934514787203,0.1618934514787203,True,0.7384969325153374,268.82599037428554,0.0117969821673525,True,0.179577861943168,-0.157423768607441,1.42206958305526e-17,False,True,False,0.1618934514787203,-0.018174856137692628,0.018174856137692628,0.6763616408286459,0.75,0.020293101792785984,0.7437673130194037,95.17542143225332,0.03787901558879582,0.03787901558879582,0.4042524005486968,1.0,0.021617099532536137,0.8407344150299266,134.9628659145348,0.04665656623390744,0.04665656623390744,0.41440329218106997,1.0,0.02271005339713111,0.9503916449086048,285.6744205410988,3,0.6666666666666666,0.41440329218106997,0.58559670781893,0.037897147721965084,0.035188506853101216,0.035171473425637444,0.06483142237160007,0.15425555401823096,0.75,3.5798028357635046,0.1669766297655518,0.4184556025298647,False,2,-0.1355010982689745,0.4900259013954764,False,False,True,-0.0528938777755602,-0.0819812500216091,-0.1250209215385091,-0.119389366330583,0.9214043062044416,False,False,False,0.7999999999999999,0.7999999999999999,0.75,5.597777271136567,variable_and_atlas_unsupported,True,False,False,False
KLF1,SPTA1,SPTA1,ENSG00000163554,0.16186744876085,0.16186744876085,True,0.8880368098159509,1226.036428324166,0.0015089163237311,True,0.0541513862756369,-0.0752130834546157,2.42956684081097e-12,False,True,False,0.16186744876085,0.083038426659277,0.083038426659277,0.03320071340375909,1.0,0.03378939726920119,0.9148199445983631,449.8639911341758,0.07945323885182845,0.07945323885182845,0.019478737997256516,1.0,0.00916561999309437,0.9602903501281478,592.5090967538595,0.055601642937483556,0.055601642937483556,0.151440329218107,1.0,0.03469180700202521,0.9730200174064282,887.9224579506277,3,1.0,0.03320071340375909,0.9667992865962409,0.0796210662467836,0.014985354936492347,0.014913804009889304,0.02743678372179345,0.07255200538753803,1.0,0.571920536241495,0.7512924656154176,0.8654885127283789,True,3,0.0853350494335655,0.6013184439713086,False,False,True,-0.138681328954477,0.0438476247136643,-0.0553498781389873,0.08766401569162,0.0278916399356521,True,False,False,0.6000000000000001,-0.39999999999999997,0.5,7.112357133205954,transportable_but_atlas_unsupported,False,False,True,False
NFE2,TFDP2,TFDP2,ENSG00000114126,0.1616244418102065,0.1616244418102065,True,0.8151840490797546,355.5841186506597,0.0068587105624142,False,,,,False,False,False,0.1616244418102065,0.01928629376696821,0.01928629376696821,0.5921251200439017,0.75,0.017402891630427415,0.8898891966759237,211.29703140683165,0.05460438606056665,0.05460438606056665,0.07448559670781893,1.0,0.009936744540023653,0.9355251921435163,239.1253403061045,0.1267661532237226,0.1267661532237226,0.014814814814814815,1.0,0.026115972755444826,0.9617058311575165,299.05518401484323,3,1.0,0.07448559670781893,0.925514403292181,0.05465875354488522,0.055149993656491286,0.054782309298124617,0.10747985945675438,0.3174897549147665,0.75,7.603921190152221,0.022326954798804883,0.11712190695305273,True,3,0.0150778363670866,0.936607200824716,False,False,True,-0.0448131300320812,0.0188206416579074,-0.0780574839473793,-0.0153692924965328,0.6504108478835773,False,True,False,-0.39999999999999997,0.0,0.75,5.8765701689652365,transportable_but_atlas_unsupported,False,False,True,False
BCL11A,RPL3,RPL3,ENSG00000100316,0.1613833011488732,0.1613833011488732,True,0.7837423312883436,493.7378417722077,0.0119341563786008,True,0.0105797744370557,0.0941478135091239,7.72974936936639e-23,False,False,False,0.1613833011488732,-0.07635380466794113,0.07635380466794113,0.12018109480038414,1.0,0.021548687524830988,0.9965373961219146,2050.181719380142,-0.0817666691917211,0.0817666691917211,0.11440329218106995,1.0,0.012487987819570417,0.9991460290350697,2227.7775219779637,-0.11264023200311932,0.11264023200311932,0.08491083676268861,1.0,0.01288624552336058,0.9991296779808397,2232.648642846319,3,0.0,0.11440329218106995,0.8855967078189301,-0.08194962856811398,0.0197573830019486,0.01957541311515253,0.03628642733517819,0.01891727178955161,1.0,0.9910953646028874,0.6092371475044163,0.7866118525596592,False,2,-0.0609750607648709,0.8769152726613512,False,False,True,0.0439784350575564,-0.0052998623154151,0.0068601601809119,-0.0984416147231504,0.594813419864043,False,False,False,0.39999999999999997,0.39999999999999997,0.75,6.204028009693012,variable_and_atlas_unsupported,True,False,False,False
TAL1,MARK3,MARK3,ENSG00000075413,0.16137597040825,0.16137597040825,True,0.8788343558282209,429.9080349386575,0.0004115226337448,True,0.0535016998138407,-0.211096614261946,9.1214027983882e-50,False,True,False,0.16137597040825,0.03885395319017884,0.03885395319017884,0.2436548223350254,1.0,0.02388579138136658,0.8981994459834035,229.7773004990073,0.055753435265005286,0.055753435265005286,0.03525377229080933,1.0,0.010411583640218523,0.9342442356960353,241.29498637922302,0.056727985687915115,0.056727985687915115,0.13401920438957476,1.0,0.03226574924122903,0.953872932985193,314.3894764095055,3,1.0,0.13401920438957476,0.8659807956104253,0.055811312086717316,0.010073126057262983,0.010050068661907293,0.017874032497736274,0.10424776333289562,1.0,0.3024085814604746,0.8596720576864757,0.9194037237879077,False,0,,,False,False,False,-0.0282682889975539,0.0057683671895411,0.061180987202252,0.1073917387362495,0.5184020307901149,False,False,False,0.7999999999999999,-1.0,0.25,6.065894691323452,variable_and_atlas_unsupported,True,False,False,True
GFI1B,RPS3,RPS3,ENSG00000149273,0.1613671627783356,0.1613671627783356,True,0.9470858895705522,991.8199395236124,0.0019204389574759,True,-0.0171240188865349,0.0922989659180347,4.56383421011828e-47,False,False,False,0.1613671627783356,0.08122151716827726,0.08122151716827726,0.03320071340375909,1.0,0.028138926398535827,1.000000000000031,2372.5740908905073,-0.005329586515626763,0.005329586515626763,0.8596707818930042,0.75,0.0253863431712266,0.9995730145175633,2786.4616380820025,0.03632706266284079,0.03632706266284079,0.38106995884773665,1.0,0.014003763315413397,0.9999999999999868,2972.389900014174,3,0.6666666666666666,0.38106995884773665,0.6189300411522634,0.03634305506321961,0.0433762429687325,0.043285644300430845,0.08655110368390402,0.414954723203626,0.75,6.733062997432698,0.03450912494640363,0.15743055381886015,False,1,0.1880154981501205,0.5472533815383244,False,False,False,-0.0147491718685582,-0.0171432257836562,0.0155131032827667,0.0920423227453162,0.4763455337327376,False,False,False,0.19999999999999998,-0.7999999999999999,0.25,6.900549317818058,variable_and_atlas_unsupported,True,False,False,True
NFE2,NUTM2A-AS1,NUTM2A-AS1,ENSG00000223482,0.1613441302616495,0.1613441302616495,True,0.8243865030674846,353.4599761806519,0.0069958847736625,False,,,,False,False,False,0.1613441302616495,0.03351469992784344,0.03351469992784344,0.35135135135135137,1.0,0.02883546449611338,0.8483379501385246,166.82832136107106,0.07311558192840047,0.07311558192840047,0.02167352537722908,1.0,0.020095299414891535,0.8992314261315563,205.42702593145685,0.08858288352707866,0.08858288352707866,0.06652949245541838,1.0,0.015449662216907755,0.9234116623150462,264.903768280647,3,1.0,0.06652949245541838,0.9334705075445816,0.0732462906830565,0.028509698759821553,0.028401796066697356,0.05506818359923522,0.17880297258270905,1.0,2.2204025530028444,0.3294926352756279,0.5844009777524747,True,3,-0.0093045617072475,0.9657768531045802,False,False,True,-0.0760691514061251,-0.0179303943121644,0.0048073655983591,-0.0624162228381587,0.6180799768768108,False,False,False,-0.39999999999999997,-0.39999999999999997,0.75,5.870595437428018,transportable_but_atlas_unsupported,False,False,True,False
BCL11A,ANAPC16,ANAPC16,ENSG00000166295,0.1611202133767399,0.1611202133767399,True,0.4394171779141104,75.40108278901157,0.0120713305898491,False,,,,False,False,False,0.1611202133767399,0.007560776756472665,0.007560776756472665,0.8602003018246673,0.75,0.02045532413445925,0.729224376731314,90.12442952547953,-0.016142431975106265,0.016142431975106265,0.7041152263374486,0.75,0.015217629491830148,0.7344150298890085,86.75184134823094,0.004577642593420862,0.004577642593420862,0.9337448559670782,0.6666666666666666,0.045999856404235547,0.7563098346388123,97.25642986434632,3,0.6666666666666666,0.8602003018246673,0.13979969817533267,0.004577674568369092,0.01291121028004868,0.012910349102773395,0.02370320873157893,0.11726118925835156,0.6666666666666666,0.6175747421567938,0.7343368946893769,0.8605534571031126,False,2,0.1199853166728789,0.6984747987762455,False,False,True,0.0210872333007354,-0.0073834875260176,0.0456253987824625,0.0621919148099394,0.9546813130814008,False,False,False,0.19999999999999998,-0.7999999999999999,0.0,4.335996868703085,variable_and_atlas_unsupported,True,False,False,True
BCL11A,TRIM10,TRIM10,ENSG00000204613,0.1610340539126697,0.1610340539126697,True,0.6595092024539877,183.65525754048883,0.0122085048010973,False,,,,False,False,False,0.1610340539126697,0.051825721537853815,0.051825721537853815,0.2542186856907669,1.0,0.010303163392345329,0.31994459833794775,25.797968728756334,0.12623287063720456,0.12623287063720456,0.03566529492455418,1.0,0.006267228548899087,0.5111016225448312,55.91679103500229,0.11999498683736805,0.11999498683736805,0.07297668038408779,1.0,0.008978361206817399,0.8250652741514294,148.40210937914878,3,1.0,0.07297668038408779,0.9270233196159122,0.12057594200465739,0.041615247081841986,0.04127627196277306,0.07440714909935076,0.1169090733489814,1.0,5.42210635741175,0.06646676845490351,0.242017233374031,True,2,0.0704580121207352,0.8569887257117662,False,False,True,0.2715113550295798,0.1080955408615667,-0.0194405690113113,0.0007901656984851,0.594813419864043,False,False,False,-0.7999999999999999,0.39999999999999997,0.25,5.21849061389885,transportable_but_atlas_unsupported,False,False,True,True
BCL11A,METAP2,METAP2,ENSG00000111142,0.1609395750491596,0.1609395750491596,True,0.4838957055214724,110.12423252246232,0.0123456790123456,True,0.0873709621078806,-0.0644274058710606,7.00873767968429e-07,False,True,False,0.1609395750491596,0.16626075997367318,0.16626075997367318,0.008780353958018933,1.0,0.01430730010289752,0.9272853185595828,325.00807482337405,0.051902999673969025,0.051902999673969025,0.2665294924554184,1.0,0.004057930836920541,0.9684030742955271,419.5319167923618,0.03858831235915226,0.03858831235915226,0.4849108367626886,0.6666666666666666,0.04638683944396042,0.953872932985193,397.5682489425143,3,1.0,0.2665294924554184,0.7334705075445815,0.05194968268687088,0.07106236029609511,0.07018455684709483,0.1276724476145209,0.2383363402817574,0.6666666666666666,14.780616038879867,0.0006172058128387815,0.01364465707668592,False,2,0.0007176609627594,0.9977039165865588,False,False,True,-0.0540584168389281,-0.0322786697733417,-0.0669328662971195,-0.2863750336661657,0.0238178757993076,True,False,False,0.0,0.0,1.0,4.710648787375685,variable_and_atlas_unsupported,True,True,False,False
BCL11A,SUCO,SUCO,ENSG00000094975,0.1608568980910682,0.1608568980910682,True,0.7078220858895705,250.46038634512607,0.0124828532235939,False,,,,False,False,False,0.1608568980910682,0.07034237558355107,0.07034237558355107,0.14487584030731238,1.0,0.011342300760297208,0.7887811634349193,134.7406791020366,0.09838827649639942,0.09838827649639942,0.07297668038408779,1.0,0.011596223235581602,0.8467122117848377,159.81100705512057,0.12711129344969543,0.12711129344969543,0.06159122085048011,1.0,0.03427518974395431,0.8677110530896349,176.0802682360343,3,1.0,0.07297668038408779,0.9270233196159122,0.09870760775091139,0.02867296948649149,0.028385131954968033,0.05676891786614437,0.04515795560128581,1.0,2.093416264805137,0.35109159596214196,0.5954128709604545,True,2,0.0825614810624405,0.6674501619195826,False,False,True,0.0380920214695184,0.0358365503845987,-0.0162434176936169,0.1007790993334929,0.8191334345823246,False,False,False,0.19999999999999998,-0.19999999999999998,0.25,5.527285467571737,transportable_but_atlas_unsupported,False,False,True,True
BCL11A,CNNM2,CNNM2,ENSG00000148842,0.1607847654258702,0.1607847654258702,True,0.3826687116564417,78.57799750328064,0.0126200274348422,False,,,,False,False,False,0.1607847654258702,0.030557021690304092,0.030557021690304092,0.48634929345589245,1.0,0.008170598200121122,0.7347645429363006,112.57192131632894,0.10796808251305857,0.10796808251305857,0.05761316872427984,1.0,0.02248017889022355,0.7865072587532335,128.14383103515672,0.1298003021436952,0.1298003021436952,0.05802469135802469,1.0,0.010079546657572696,0.8041775456919001,143.57468954711337,3,1.0,0.05802469135802469,0.9419753086419753,0.10839057331013811,0.052505667642613586,0.05215097772630121,0.0992432804533911,0.24741220623454013,1.0,7.707757448900448,0.02119735806913523,0.11409708386778006,True,2,0.3954921850511599,0.4729265751513329,False,False,True,-0.1552392386968823,-0.0140017530414333,0.044740381695758,0.0658732620132057,0.5135662436524698,False,False,False,-0.19999999999999998,-1.0,0.5,4.376737641365778,transportable_but_atlas_unsupported,False,False,True,False
BCL11A,ST8SIA6,ST8SIA6,ENSG00000148488,0.1604021199763741,0.1604021199763741,True,0.3190184049079754,65.89724856117932,0.0127572016460905,False,,,,False,False,False,0.1604021199763741,-0.18052402606691895,0.18052402606691895,0.005350528193167787,1.0,0.018271137899736126,0.9030470914127667,292.91431883044913,-0.01815389891394033,0.01815389891394033,0.6737997256515775,1.0,0.012770218901350616,0.8450042698548631,200.4182639138349,0.07177832810849898,0.07177832810849898,0.22729766803840878,1.0,0.025166549268347944,0.8363794604003411,178.08138733737007,3,0.3333333333333333,0.22729766803840878,0.7727023319615912,-0.018155893599172017,0.12900913299331346,0.1278725547640749,0.2523023541754179,0.34045287239231525,1.0,44.280652017606165,2.4242566010838094e-10,3.825006116743478e-08,False,2,-0.0664622250640572,0.9657768531045802,False,False,True,0.0145644846311568,-0.0215351257744164,0.1025606567603159,-0.0970815472584166,0.8403232019916325,False,False,False,-0.39999999999999997,0.39999999999999997,0.5,4.2031578386528325,variable_and_atlas_unsupported,True,False,False,False
BCL11A,CEP192,CEP192,ENSG00000101639,0.1603882303687009,0.1603882303687009,True,0.3680981595092024,85.43679277710454,0.0128943758573388,False,,,,False,False,False,0.1603882303687009,0.04197075589478915,0.04197075589478915,0.3476471395253121,1.0,0.010028445250125063,0.8310249307479417,168.38917794901872,0.15594380411856568,0.15594380411856568,0.013580246913580247,1.0,0.014307772351421107,0.8847139197267723,191.82051219230735,0.16653059881213508,0.16653059881213508,0.024417009602194787,1.0,0.04006642145177911,0.8642297650130467,197.7589890125824,3,1.0,0.024417009602194787,0.9755829903978052,0.15722668025959655,0.06987820847794966,0.0690616758302521,0.12455984291734593,0.1898226545379235,1.0,14.384090100788924,0.0007525485460533121,0.01466410201749382,True,2,-0.3554907057942822,0.608156979748136,False,False,True,-0.0479052301293846,0.0050910678792542,-0.0399722132570631,-0.1174986119362441,0.7491290495684038,False,False,False,0.0,0.0,0.75,4.459413427492498,transportable_but_atlas_unsupported,False,False,True,False
GATA1,RPS27A,RPS27A,ENSG00000143947,0.1602958894219007,0.1602958894219007,True,0.9401840490797546,880.781510760749,0.0005486968449931,True,-0.125980310738846,0.120586797380462,4.38729311944179e-69,False,False,False,0.1602958894219007,0.04695479588741408,0.04695479588741408,0.12923583481959117,1.0,0.01419925628751306,0.9986149584487846,2122.482774797705,0.003823895649446893,0.003823895649446893,0.8694101508916324,0.5,0.012861329649363928,1.0000000000000568,2424.8099087368228,-0.016712748471384882,0.016712748471384882,0.6060356652949246,0.6666666666666666,0.02101244268673008,0.9999999999999868,2514.9690777078763,3,0.6666666666666666,0.6060356652949246,0.3939643347050754,0.003823914287504611,0.03251468594102208,0.032495088120521654,0.06366754435879896,0.37518044906803427,0.5,2.8445312646835044,0.2411670017045453,0.48945040673807716,False,1,-0.1241795312877675,0.6994781435164158,False,False,False,0.0989086058592769,0.0127293145678231,0.0139359997625134,-0.0769641321082723,0.1023403654557358,False,True,False,0.7999999999999999,0.39999999999999997,0.5,6.78194430509316,variable_and_atlas_unsupported,True,False,False,False
NFE2,KEL,KEL,ENSG00000197993,0.1599649615455627,0.1599649615455627,True,0.661042944785276,194.32494936356355,0.0071330589849108,True,-0.142937311880717,0.118206728082901,7.95525491099036e-54,False,False,False,0.1599649615455627,0.027725935959693755,0.027725935959693755,0.44025243517629303,1.0,0.020566022778423617,0.716066481994471,112.58733084187892,0.10373967308033138,0.10373967308033138,0.0032921810699588477,1.0,0.020244461135095232,0.8595217762596471,176.4336334589757,0.04115582984939342,0.04115582984939342,0.3665294924554184,1.0,0.02924783299306235,0.9173194081810169,258.2201877394156,3,1.0,0.3665294924554184,0.6334705075445817,0.041179090106445375,0.04077523061029906,0.040569257068393996,0.07601373712063764,0.23391974419112024,1.0,6.172468734462875,0.045673621069117216,0.18974477477707086,False,3,0.1083116805563955,0.5066463746660526,False,False,True,0.0936047242773473,0.1331738934288495,-0.0132985815757591,0.0927596020235551,0.5153402736727258,False,False,False,0.0,0.0,0.25,5.274664578640811,variable_and_atlas_unsupported,True,False,False,True
BCL11A,ATF5,ATF5,ENSG00000169136,0.1599394948192672,0.1599394948192672,True,0.3780674846625766,109.03973799318469,0.0130315500685871,False,,,,False,False,False,0.1599394948192672,-0.021345580029298348,0.021345580029298348,0.6229935519275621,1.0,0.011014511349971397,0.3317174515235432,24.61081787921765,0.024599636310836216,0.024599636310836216,0.5751714677640604,1.0,0.010121244168651525,0.32749786507258544,28.184794323103745,0.15536509904985468,0.15536509904985468,0.030452674897119343,1.0,0.04573843298286901,0.4142732811140155,70.22051432822197,3,0.6666666666666666,0.5751714677640604,0.42482853223593964,0.024604600205190914,0.09239509405024574,0.0916853616546891,0.17671067907915303,0.3291681956052672,1.0,21.388485275275244,2.2675111659354565e-05,0.0009357262744760318,False,2,0.1597776510975877,0.7291574651643092,False,False,True,-0.0153694947859641,-0.1028391518492805,0.0526794324784328,0.0450070423644773,0.9053630896017296,False,False,False,0.19999999999999998,-0.6000000000000001,0.25,4.700841555039223,variable_and_atlas_unsupported,True,False,False,True
GFI1B,EPB41L4A,EPB41L4A,ENSG00000129595,0.1598083561957171,0.1598083561957171,True,0.1986196319018404,38.18001387855352,0.0020576131687242,True,0.084574817331907,-0.417477087474639,4.1364128584487103e-19,False,True,False,0.1598083561957171,0.11365691630762215,0.11365691630762215,0.008780353958018933,1.0,0.004949270768375276,0.31440443213296165,31.85720638358739,0.03923946546692963,0.03923946546692963,0.22935528120713305,1.0,0.017578380571958152,0.32664389410759825,35.46949421844398,0.07645313605537735,0.07645313605537735,0.07777777777777778,1.0,0.00639349687656972,0.44125326370757584,53.48377028287939,3,1.0,0.07777777777777778,0.9222222222222223,0.07660261893389522,0.0374453085615974,0.03720872552988458,0.07441745084069251,0.11283445290231735,1.0,5.039591470057395,0.08047604350746591,0.2678208114576419,True,1,0.4838673704833648,0.6050507735706575,False,False,False,-0.2422097403141629,0.0172391465350439,0.0531303579490312,0.3829312154512619,0.081180409194842,False,False,False,1.0,-0.39999999999999997,0.25,3.6681667667417917,transportable_but_atlas_unsupported,False,False,False,True
BCL11A,RABGAP1L,RABGAP1L,ENSG00000152061,0.1597873860309953,0.1597873860309953,True,0.8565950920245399,716.9883280012235,0.0131687242798353,False,,,,False,False,False,0.1597873860309953,0.210734524562932,0.210734524562932,0.002195088489504733,1.0,0.019142247448501713,0.9376731301939326,657.3297357598395,0.20372009765566768,0.20372009765566768,0.0021947873799725653,1.0,0.006745071925573586,0.9649871904355779,732.645475075081,0.18690540681307796,0.18690540681307796,0.01262002743484225,1.0,0.0348739852983338,0.9730200174064282,840.5963813480562,3,1.0,0.002195088489504733,0.9978049115104952,0.2066106808328756,0.012747144037390107,0.012245835113115219,0.02382911774985405,0.00601892823109371,1.0,0.4063603521575547,0.8161311808616744,0.8959421251036618,True,2,0.0382518478575677,0.8569887257117662,False,False,True,0.0123412625872901,0.0417404408935945,-0.0565230347925917,0.0082489863358178,0.6913421533814519,False,False,False,0.19999999999999998,-0.6000000000000001,0.25,6.576453312650385,transportable_but_atlas_unsupported,False,False,True,True
BCL11A,EPRS,EPRS,ENSG00000136628,0.1597743255735031,0.1597743255735031,True,0.5352760736196319,127.06677553304692,0.0133058984910836,False,,,,False,False,False,0.1597743255735031,0.0698421015355912,0.0698421015355912,0.14693373576622307,1.0,0.016860401282827217,0.8372576177285516,161.42384031516502,0.10332611582843382,0.10332611582843382,0.06392318244170096,1.0,0.01638785365582046,0.926131511528656,225.2361785203176,0.12175618153792318,0.12175618153792318,0.06941015089163237,1.0,0.016519546317598992,0.9286335944299285,245.33697735871806,3,1.0,0.06941015089163237,0.9305898491083676,0.10369620248951353,0.02656244401647666,0.02631830236960555,0.05191408000233198,0.04642335080147658,1.0,1.875745404198518,0.39145970163262916,0.6208563764469468,True,2,-0.1623637816521033,0.6782170434332202,False,False,True,0.007691204138192,-0.0712288587802609,-0.0205223721555473,-0.1944342180045813,0.2948473358099668,False,False,False,0.7999999999999999,0.7999999999999999,0.75,4.852551811741833,transportable_but_atlas_unsupported,False,False,True,False
NFE2,AC078778.1,AC078778.1,ENSG00000258344,0.1597150723067255,0.1597150723067255,True,0.4961656441717791,105.92444473403644,0.0072702331961591,True,-0.110198561905467,0.055224641662995,1.28776733336055e-07,False,False,False,0.1597150723067255,0.1087847908772405,0.1087847908772405,0.004664563040197558,1.0,0.009975491772610196,0.4556786703601071,39.37095170413475,0.10202672056527513,0.10202672056527513,0.003703703703703704,1.0,0.005875707391637303,0.4991460290350092,46.200097581421346,0.14383171550939164,0.14383171550939164,0.0075445816186556925,1.0,0.026571109829761304,0.6727589208006953,83.2862069114339,3,1.0,0.004664563040197558,0.9953354369598024,0.10921698834053663,0.02279505349413445,0.0224410934180681,0.041804994944116505,0.0019987538131861628,1.0,1.4279043617162004,0.48970496529707264,0.6950035363164146,True,3,0.047621662340578,0.8773049267109557,False,False,True,0.046486950209906,0.1075200307248067,-0.002559401711693,0.0130064666069475,0.8850964782581321,False,False,False,-0.7999999999999999,0.7999999999999999,0.25,4.6721224610579775,transportable_but_atlas_unsupported,False,False,True,True
BCL11A,LTBP1,LTBP1,ENSG00000049323,0.1596975907476139,0.1596975907476139,True,0.3872699386503067,98.87670140610314,0.0134430727023319,False,,,,False,False,False,0.1596975907476139,0.16884929049972902,0.16884929049972902,0.008094388805048704,1.0,0.022195001843620735,0.5505540166204981,102.27279217865565,0.17096574513647558,0.17096574513647558,0.008093278463648833,1.0,0.01096890467930065,0.7117847993168452,165.1073634555707,0.09932220855298662,0.09932220855298662,0.11454046639231824,1.0,0.024306917777590375,0.8128807658833707,238.99488355255278,3,1.0,0.008094388805048704,0.9919056111949512,0.17048194690739296,0.04153783255311868,0.04076618459468615,0.07164353658348896,0.06145699207965047,1.0,4.552681734355307,0.10265916380406656,0.31614936514784675,True,2,-0.311124837005867,0.4820336023437544,False,False,True,0.1117674077325362,0.0309735159538155,-0.2019059286644194,-0.2382055247733887,0.415293276742317,False,False,False,-0.7999999999999999,-0.6000000000000001,0.5,4.6039364392965645,transportable_but_atlas_unsupported,False,False,True,False
BCL11A,PDZD8,PDZD8,ENSG00000165650,0.1595120610749243,0.1595120610749243,True,0.4409509202453988,93.73836550013418,0.0135802469135802,False,,,,False,False,False,0.1595120610749243,0.0388908183533382,0.0388908183533382,0.3829057483879819,1.0,0.024752477951300783,0.921052631578973,319.6789334717635,0.0655154362765351,0.0655154362765351,0.17983539094650206,1.0,0.011967162228091282,0.9342442356960353,291.63797669693736,0.1373048542055774,0.1373048542055774,0.04910836762688615,1.0,0.036357450970988095,0.8798955613576936,229.79589445758856,3,1.0,0.17983539094650206,0.820164609053498,0.06560941512463905,0.05136948655740387,0.05090499854119229,0.09841403585223919,0.16820018633579936,1.0,6.606847602742244,0.036757102695525005,0.16487425049659404,False,2,-0.0140163223489583,0.977178306437247,False,False,True,0.0283846991198134,0.0424310136001288,0.0225417886838606,-0.1395982814870109,0.4534732625306825,False,False,False,0.39999999999999997,0.7999999999999999,0.25,4.551119044867724,variable_and_atlas_unsupported,True,False,False,True
BCL11A,IMPA2,IMPA2,ENSG00000141401,0.1594717769028412,0.1594717769028412,True,0.3596625766871165,74.41073024964231,0.0137174211248285,True,0.167208560451271,-0.158590311756759,1.29310767269964e-07,False,True,False,0.1594717769028412,0.10917120048677378,0.10917120048677378,0.04595966524900535,1.0,0.015498113903699082,0.3649584487534598,27.052133518023027,0.09878751278817363,0.09878751278817363,0.07187928669410151,1.0,0.025209633101002268,0.5085397096498693,50.52001599666908,0.07381772114870563,0.07381772114870563,0.21426611796982167,1.0,0.01625775672750812,0.6701479547432542,79.41419633615685,3,1.0,0.07187928669410151,0.9281207133058985,0.09911076254064778,0.018323392805115902,0.018171314234472775,0.03535347933806815,0.09062091234373174,1.0,0.8396723717709189,0.6571544621744845,0.8106045331993975,True,2,-0.0529924236122452,0.936607200824716,False,False,True,-0.0909364108374857,-0.0425365296511769,-0.1281776779339207,-0.035597048302379,0.9592888374542716,False,False,False,-0.7999999999999999,-0.7999999999999999,1.0,4.322949575891874,transportable_but_atlas_unsupported,False,False,True,False
NFE2,KLF3,KLF3,ENSG00000109787,0.1592313654657612,0.1592313654657612,True,0.8588957055214724,387.6834089813391,0.0074074074074074,False,,,,False,False,False,0.1592313654657612,0.04135071889171921,0.04135071889171921,0.25188640417066815,1.0,0.00401869079802485,0.7520775623268835,104.60214380527648,0.04415234818179098,0.04415234818179098,0.1438957475994513,1.0,0.013107759777550708,0.8223740392826998,133.06429125728332,0.10832096438152544,0.10832096438152544,0.029766803840877914,1.0,0.02972958755049861,0.919060052219311,230.99415617295946,3,1.0,0.1438957475994513,0.8561042524005487,0.04418107242198235,0.03811360781829326,0.03788243703141058,0.06697024548980623,0.11107393525695386,1.0,3.7678339670312764,0.15199358187777856,0.40181963589802583,False,3,-0.0882499967386552,0.4729265751513329,False,False,True,-0.0192722529308125,0.07177978308856,-0.0725536690583796,-0.1004500815548928,0.1527308560311291,False,False,False,1.0,0.7999999999999999,0.75,5.96276515359589,variable_and_atlas_unsupported,True,False,False,False
BCL11A,CDC42BPA,CDC42BPA,ENSG00000143776,0.1591094183047861,0.1591094183047861,True,0.558282208588957,189.8896061848912,0.0138545953360768,False,,,,False,False,False,0.1591094183047861,0.08666808080622541,0.08666808080622541,0.08766634654959528,1.0,0.01780586267529419,0.9383656509695559,683.5004104539723,0.14138799040654157,0.14138799040654157,0.02345679012345679,1.0,0.018991977497731953,0.9568744662681986,496.41986625821914,0.21517921600781342,0.21517921600781342,0.005624142661179698,1.0,0.013053274260187315,0.9164490861618698,375.60674544287633,3,1.0,0.02345679012345679,0.9765432098765432,0.14234159656563386,0.06612796309298792,0.06449098819887603,0.12851113520158802,0.043150499554512056,1.0,11.001069110712642,0.004084587416693849,0.04217844755339764,True,2,-0.0273573098944192,0.9590810020570693,False,False,True,-0.0394001153732632,0.0298160533984383,-0.0437204538834543,0.0077703581851851,0.8783909763413836,False,False,False,0.19999999999999998,0.39999999999999997,0.5,5.251695282863332,transportable_but_atlas_unsupported,False,False,True,False
BCL11A,NAPEPLD,NAPEPLD,ENSG00000161048,0.1590119062710492,0.1590119062710492,True,0.2684049079754601,43.17451676012982,0.0139917695473251,False,,,,False,False,False,0.1590119062710492,0.09017666926021731,0.09017666926021731,0.07765125531622993,1.0,0.017140631647729363,0.7409972299169104,109.53450880862336,0.060775075016550835,0.060775075016550835,0.20603566529492456,1.0,0.009518261561053367,0.7681468830060066,114.49728736639237,0.136702634066675,0.136702634066675,0.050205761316872426,1.0,0.023664771104155276,0.7719756309834592,125.3189881116522,3,1.0,0.07765125531622993,0.92234874468377,0.09042230268037595,0.0386907599099012,0.038284273029863994,0.07592755905012416,0.08318530603443461,1.0,4.515896354532103,0.10456481325853852,0.3185074111597595,True,2,-0.1437967829305615,0.8569887257117662,False,False,True,-0.0168900688632679,0.0693799691294174,0.0206923524493348,-0.1803651332887705,0.4543075986624701,False,False,False,0.39999999999999997,0.7999999999999999,0.5,3.78814807892985,transportable_but_atlas_unsupported,False,False,True,False
BCL11A,NUTM2B-AS1,NUTM2B-AS1,ENSG00000225484,0.1589990150866735,0.1589990150866735,True,0.522239263803681,119.09893267495016,0.0141289437585733,True,0.0855900764177054,-0.121419264775533,2.22941827863126e-11,False,True,False,0.1589990150866735,0.1027480624080977,0.1027480624080977,0.05542598435999451,1.0,0.012850769100494845,0.7638504155124799,109.26845874394857,0.14870223708197852,0.14870223708197852,0.018655692729766804,1.0,0.012450733175700328,0.8181041844577633,132.20426353960727,0.12103114499192141,0.12103114499192141,0.07078189300411522,1.0,0.03977130782948391,0.8198433420365471,141.25718042728084,3,1.0,0.05542598435999451,0.9445740156400055,0.12162737057554002,0.02351683359923183,0.02313635889021466,0.04595417467388083,0.02678618746014463,1.0,2.027837353646844,0.3627945159268026,0.6036822724695989,True,2,0.0877514954307399,0.8590040550092644,False,False,True,-0.1160341274646408,-0.0152025759655882,-0.083493652713091,0.0541301985872652,0.612980363889408,False,False,False,-0.7999999999999999,-1.0,0.75,4.788315842076841,transportable_but_atlas_unsupported,False,False,True,False
TAL1,ANK1,ANK1,ENSG00000029534,0.1589544917618727,0.1589544917618727,True,0.9654907975460124,1368.0574477052403,0.0005486968449931,True,0.196174768139962,-0.394003657764025,1.38587731421308e-190,False,True,False,0.1589544917618727,0.1567041755139928,0.1567041755139928,0.0008231581835642749,1.0,0.009594639763246994,0.9508310249307756,886.2042259940207,0.10624361549933808,0.10624361549933808,0.0005486968449931413,1.0,0.006580390737652611,0.9752348420154254,950.9624465718787,0.1539671841526658,0.1539671841526658,0.00041152263374485596,1.0,0.025368751269623457,0.9817232375978987,1190.912119408003,3,1.0,0.0005486968449931413,0.9994513031550069,0.1552014308913279,0.02887714496887606,0.028376334751906186,0.05046056001465471,0.0002095986706688853,1.0,3.072774071389937,0.21515705359377266,0.47089386994979787,True,0,,,False,False,False,-0.1831931146734033,-0.0025936250247015,-0.0573831032465284,0.0051490565997835,0.0181081260643379,True,False,False,0.39999999999999997,-0.19999999999999998,0.75,7.221877787669696,transportable_but_atlas_unsupported,False,False,False,False
BCL11A,CIP2A,CIP2A,ENSG00000163507,0.1584477252369663,0.1584477252369663,True,0.2829754601226993,54.3964000531885,0.0142661179698216,False,,,,False,False,False,0.1584477252369663,0.06277483860010066,0.06277483860010066,0.17986006310879407,1.0,0.01709831989541505,0.6204986149584532,80.37150371137749,0.11841324104745482,0.11841324104745482,0.04417009602194787,1.0,0.013400196471593642,0.71818958155425,99.8917261597775,0.14686489162939437,0.14686489162939437,0.0401920438957476,1.0,0.014992151366740869,0.7023498694516951,108.67562141800941,3,1.0,0.04417009602194787,0.9558299039780521,0.1189713958688025,0.0432546206425857,0.042771223320904196,0.0840900530292937,0.07951388522101459,1.0,5.001509593216536,0.08202306452211322,0.2715095023485994,True,2,-0.2632868247311056,0.8773049267109557,False,False,True,-0.0292930322228812,-0.0200704301599083,-0.1168105519849831,-0.0071572704262786,0.9356494438313548,False,False,False,-0.39999999999999997,-0.39999999999999997,1.0,4.014514610652505,transportable_but_atlas_unsupported,False,False,True,False
BCL11A,SNCA,SNCA,ENSG00000145335,0.1584318386607527,0.1584318386607527,True,0.9348159509202454,1338.8850430085472,0.0144032921810699,True,0.158919633906739,-0.189760439294,1.5439935816601001e-22,False,True,False,0.1584318386607527,0.15523502712593293,0.15523502712593293,0.01152421456989985,1.0,0.02913575885959689,0.8282548476454484,222.83268513103653,0.1727006374487912,0.1727006374487912,0.007407407407407408,1.0,0.015289222409469595,0.8714773697694692,285.88180494773803,0.13347911951799082,0.13347911951799082,0.05432098765432099,1.0,0.007658506765837328,0.9651871192341047,647.5576101807027,3,1.0,0.01152421456989985,0.9884757854301002,0.15650031944276002,0.02012209867545665,0.01964982836477773,0.039221517930800365,0.025978824387168944,1.0,1.255808311119229,0.5337092011114097,0.7308982201061119,True,2,0.0268688903594276,0.9059003192192802,False,False,True,-0.1655849183742365,-0.0517395684275397,-0.0842226603960591,0.0633405246873052,0.3989374553109798,False,False,False,-0.7999999999999999,-0.6000000000000001,0.75,7.200339100465296,transportable_but_atlas_unsupported,False,False,True,False
TAL1,ABCC4,ABCC4,ENSG00000125257,0.1583775455329819,0.1583775455329819,True,0.8926380368098159,790.9596359987933,0.0006858710562414,False,,,,False,False,False,0.1583775455329819,0.07908866490729319,0.07908866490729319,0.02757579914940321,1.0,0.02002483425830217,0.9134349030471165,328.81103860995296,0.021100101607819773,0.021100101607819773,0.396159122085048,0.75,0.01889260731766741,0.9171648163962894,282.5181912575583,0.09359106597461969,0.09359106597461969,0.018244170096021948,1.0,0.04847646066049719,0.8946910356831935,287.4914151223938,3,1.0,0.02757579914940321,0.9724242008505968,0.0792541868707097,0.03849116614980681,0.03835781759755388,0.07249096436679991,0.21554599516264875,0.75,5.23530065828753,0.07297412672056591,0.25665332068199037,True,0,,,False,False,False,0.1245260035225506,0.0301380012253349,0.2263780576271927,0.1088871011748035,0.6778348574270372,False,True,False,0.39999999999999997,-0.39999999999999997,0.0,6.6745104258676955,transportable_but_atlas_unsupported,False,False,False,True
BCL11A,TCEA1,TCEA1,ENSG00000187735,0.1582616226651468,0.1582616226651468,True,0.7377300613496932,372.1295412537576,0.0145404663923182,False,,,,False,False,False,0.1582616226651468,0.04173253639357192,0.04173253639357192,0.350253807106599,1.0,0.006954953897635332,0.8614958448753677,176.54803197250953,0.019537366492696485,0.019537366492696485,0.651440329218107,1.0,0.01278970009392987,0.920153714773745,210.11760319231124,0.13762749611867245,0.13762749611867245,0.048834019204389574,1.0,0.05203584986557434,0.9556135770234871,342.8343950305167,3,1.0,0.350253807106599,0.649746192893401,0.041756788933987404,0.06325496437887515,0.06276111798277549,0.11809012962597597,0.3013031625315239,1.0,11.099312017601878,0.003888794724582286,0.04217844755339764,False,2,-0.0224400312687878,0.9657668643808058,False,False,True,0.018764076818253,0.0451123482292867,-0.0269791859772196,0.0889639438021919,0.7245100949286609,False,False,False,0.39999999999999997,-0.19999999999999998,0.25,5.921925654937144,variable_and_atlas_unsupported,True,False,False,True
GFI1B,RPL8,RPL8,ENSG00000161016,0.1580579188269304,0.1580579188269304,True,0.8949386503067485,615.1636864850336,0.0021947873799725,True,0.0183064710087009,0.0870529847880128,3.26551996984624e-40,False,False,False,0.1580579188269304,0.1093011376757986,0.1093011376757986,0.010701056386335573,1.0,0.008667815736909135,0.9965373961219146,1704.3691324255142,0.04442350625677889,0.04442350625677889,0.17805212620027436,1.0,0.03133251304987885,1.0000000000000568,1840.8016760107337,0.06771012049132878,0.06771012049132878,0.10973936899862825,1.0,0.025014516255076367,0.9999999999999868,1790.0865839665514,3,1.0,0.10973936899862825,0.8902606310013718,0.0678138820378538,0.03308037610477658,0.0328663611500923,0.06487763141901971,0.08414432118831221,1.0,3.7800139756262787,0.15107075317848845,0.40181963589802583,False,1,0.0772542169453484,0.8569887257117662,False,False,False,-0.0250450528997796,-0.0732034220032649,-0.0150927040940055,0.0327845764611347,0.5153402736727258,False,True,False,-0.19999999999999998,-0.7999999999999999,0.75,6.4235126530483,variable_and_atlas_unsupported,True,False,False,False
NFE2,AGPAT4,AGPAT4,ENSG00000026652,0.157666292970404,0.157666292970404,True,0.3466257668711656,94.27034858177204,0.0075445816186556,False,,,,False,False,False,0.157666292970404,0.015336723524969441,0.015336723524969441,0.6671697077788449,1.0,0.010082477846963013,0.1301939058171739,9.267552048639395,0.06664917134567744,0.06664917134567744,0.0345679012345679,1.0,0.010154323617969838,0.10119555935098194,8.260607295248612,0.10691015689809405,0.10691015689809405,0.03155006858710562,1.0,0.028665277370246465,0.22454308093994693,36.51291034905014,3,1.0,0.0345679012345679,0.9654320987654321,0.06674812290774704,0.04609747854153957,0.04589772681144255,0.09157343337312461,0.36610710606852187,1.0,5.5000323734492,0.06392682643239879,0.23553991405746932,True,3,0.1098432936304667,0.6782170434332202,False,False,True,0.0895211742868,-0.1131330078368817,0.142946506354082,0.0570852114299999,0.790163321685629,False,True,False,-0.19999999999999998,0.0,0.25,4.5567186245948745,transportable_but_atlas_unsupported,False,False,True,True
NFE2,ACSL6,ACSL6,ENSG00000164398,0.1575918467570387,0.1575918467570387,True,0.2576687116564417,46.47574756648763,0.0076817558299039,True,-0.465594350481074,0.165587140463374,5.4257673970812e-08,True,False,False,0.1575918467570387,-0.01634261199671845,0.01634261199671845,0.6498833859239951,1.0,0.010674088845936644,0.0055401662049861505,0.3640301854060078,0.03383041261645665,0.03383041261645665,0.2550068587105624,1.0,0.019485115668860596,0.015798462852263016,1.2594305309334586,0.11426030813571982,0.11426030813571982,0.02373113854595336,1.0,0.0036402354750479666,0.10008703220191455,9.627233840218976,3,0.6666666666666666,0.2550068587105624,0.7449931412894376,0.03384332775294506,0.06615031600005399,0.06588300645739881,0.13060292013243827,0.3166182157789756,1.0,10.965947771798518,0.004156949005613832,0.04218281040122889,False,3,0.1469322780388904,0.6994781435164158,False,False,True,0.3595917130104858,0.8838993978817966,0.4629110098234829,0.0550856316969285,0.3904478412044405,False,False,False,-0.39999999999999997,0.39999999999999997,0.25,3.8602190031038663,variable_but_atlas_supported,True,False,False,True
BCL11A,SLC11A2,SLC11A2,ENSG00000110911,0.1574473990689276,0.1574473990689276,True,0.4478527607361963,86.09203566251499,0.0146776406035665,False,,,,False,False,False,0.1574473990689276,0.06710637421849008,0.06710637421849008,0.1574975991219646,1.0,0.025427410950404742,0.6738227146814486,75.92417223955879,0.06626283329099014,0.06626283329099014,0.17585733882030177,1.0,0.009051611129732974,0.7485055508112989,93.05268900197179,0.12448923036609819,0.12448923036609819,0.06584362139917696,1.0,0.019319511994706256,0.8050478677110472,121.28994247854365,3,1.0,0.1574975991219646,0.8425024008780354,0.06720737987818884,0.03369373366312635,0.03337618177009268,0.058226397075108044,0.058935769691836344,1.0,2.983777602904385,0.22494737310384777,0.4801279966371298,False,2,0.0418370242990439,0.9144261961344348,False,False,True,0.0329489695095423,0.0483217709676977,-0.0760186957681958,-0.0433729306668427,0.6892183340471726,False,False,False,0.0,0.7999999999999999,0.5,4.46696544067094,variable_and_atlas_unsupported,True,False,False,False
BCL11A,HEMGN,HEMGN,ENSG00000136929,0.157226360799299,0.157226360799299,True,0.8466257668711656,928.6721910399608,0.0148148148148148,True,0.197974271779909,-0.197070940390531,1.23316924658343e-15,False,True,False,0.157226360799299,0.08974912809558204,0.08974912809558204,0.07847441349979421,1.0,0.015405205680166064,0.4272853185595534,47.58097511295722,0.15163520899347305,0.15163520899347305,0.016323731138545954,1.0,0.006938964406628557,0.8044406490179666,194.61131436093393,0.12984543329971876,0.12984543329971876,0.0578875171467764,1.0,0.05279622694089125,0.9747606614447223,731.5379580853862,3,1.0,0.0578875171467764,0.9421124828532236,0.1305826294588282,0.031855237577534785,0.031391068328182455,0.06188608089789101,0.031659848195984365,1.0,3.5007081535676843,0.17371242502319878,0.4225216236413674,True,2,-0.058365892585227,0.7548858065917718,False,False,True,-0.0058834519303307,0.0352172215524972,-0.0883346977228153,0.0054778081062875,0.9147846333664906,False,False,False,-0.39999999999999997,-0.6000000000000001,0.5,6.834832041257924,transportable_but_atlas_unsupported,False,False,True,False
BCL11A,RAB6B,RAB6B,ENSG00000154917,0.1570657440336868,0.1570657440336868,True,0.5812883435582822,132.3220528269254,0.0149519890260631,True,0.195308155346304,-0.197686264777179,5.45454708965905e-12,False,True,False,0.1570657440336868,0.02647644334125664,0.02647644334125664,0.5410893126629167,1.0,0.026221521176061763,0.2901662049861475,21.56668986679615,0.07507710369022184,0.07507710369022184,0.13936899862825788,1.0,0.008547544428985731,0.5243381725021342,50.409723400416645,0.10670762029980459,0.10670762029980459,0.09657064471879287,1.0,0.04413794416549391,0.7946040034812826,119.59110383445373,3,1.0,0.13936899862825788,0.8606310013717421,0.07521864182764788,0.040608392611124325,0.040413602337782274,0.08023117695854795,0.24522362445880663,1.0,4.326874567451302,0.114929396374953,0.3371625419720185,False,2,-0.036510676824267,0.9144261961344348,False,False,True,-0.128457169240146,-0.0229739932771181,-0.1665407304856291,-0.0551431020577086,0.843292792515562,False,False,False,0.0,0.0,1.0,4.89276765106271,variable_and_atlas_unsupported,True,False,False,False
TAL1,SLC2A1,SLC2A1,ENSG00000117394,0.1569837214779534,0.1569837214779534,True,0.933282208588957,566.3952884995896,0.0008230452674897,True,0.146152192954536,-0.415787348295659,1.97432321048365e-81,False,True,False,0.1569837214779534,0.1141352097965021,0.1141352097965021,0.00493894910138565,1.0,0.017412629467578225,0.639889196675906,73.41721677225092,0.05267126723758861,0.05267126723758861,0.0448559670781893,1.0,0.015068098406966246,0.6900085397096692,81.65986668923787,0.03677140914235913,0.03677140914235913,0.3242798353909465,1.0,0.032875787580345074,0.9051348999129581,197.28001849478787,3,1.0,0.0448559670781893,0.9551440329218107,0.05272005644776953,0.0411245477743351,0.040857025862528276,0.07736380065414297,0.1739969674846987,1.0,4.75970824832329,0.09256407938820281,0.2984227351109247,True,0,,,False,False,False,-0.1274570863030064,-0.0743025038095572,0.0873297194537864,0.0523732193939619,0.575145490084116,False,False,False,-0.39999999999999997,0.39999999999999997,0.5,6.341056218673708,transportable_but_atlas_unsupported,False,False,False,False
BCL11A,PPP1R12A,PPP1R12A,ENSG00000058272,0.1568298794774076,0.1568298794774076,True,0.6648773006134969,186.7069658447742,0.0150891632373113,False,,,,False,False,False,0.1568298794774076,-0.11612631015897874,0.11612631015897874,0.037590890382768555,1.0,0.019049996863911053,0.9148199445983631,264.73701459477826,0.07081984107555374,0.07081984107555374,0.15541838134430727,1.0,0.005114996938133762,0.9483347566183257,275.8590370634361,0.12226395596110454,0.12226395596110454,0.06886145404663924,1.0,0.04983197500307571,0.9242819843341933,270.4700828642686,3,0.6666666666666666,0.06886145404663924,0.9311385459533608,0.07093859643589986,0.12600492921405235,0.12544937850156038,0.2383902661200833,0.061037239236061816,1.0,44.47187863077531,2.2032016866836472e-10,3.825006116743478e-08,False,2,-0.0144445281986417,0.9755230329710304,False,False,True,-0.0222719649070602,0.0280254753430484,-0.0299428489638621,-0.0970773918143136,0.7245100949286609,False,False,False,0.7999999999999999,0.7999999999999999,0.5,5.234882054490282,variable_and_atlas_unsupported,True,False,False,False
NFE2,TLCD4,TLCD4,ENSG00000152078,0.1563650608657112,0.1563650608657112,True,0.6848159509202454,210.74414822723503,0.0078189300411522,False,,,,False,False,False,0.1563650608657112,0.01814683527913143,0.01814683527913143,0.6125668816024146,0.75,0.018071823754348675,0.6378116343490361,102.09913907818664,0.0683975322103286,0.0683975322103286,0.031275720164609055,1.0,0.014689027124922016,0.8590947907771534,202.90216510874504,-0.02066474890725367,0.02066474890725367,0.6411522633744856,0.6666666666666666,0.034270904073567074,0.935596170583105,318.0974203616377,3,0.6666666666666666,0.6125668816024146,0.38743311839758543,0.018148827636581863,0.04471035185442465,0.044653408841496704,0.08906228111758227,0.34415740981281523,0.6666666666666666,6.52625837382679,0.03826846129492722,0.16920126815399963,False,3,0.0381652953469983,0.8569887257117662,False,False,True,0.0056215778362917,0.0030205732870663,-0.1696900987055834,0.0308351951754701,0.5184020307901149,False,True,False,0.0,-0.7999999999999999,0.0,5.355378697859795,variable_and_atlas_unsupported,True,False,False,True
BCL11A,TMEM120B,TMEM120B,ENSG00000188735,0.1562222412271677,0.1562222412271677,True,0.1901840490797546,24.27714356390977,0.0152263374485596,False,,,,False,False,False,0.1562222412271677,0.10510774832394333,0.10510774832394333,0.051447386472767184,1.0,0.016886580615640225,0.37326869806093893,28.7443435951543,0.15016429388715472,0.15016429388715472,0.01728395061728395,1.0,0.021580224211700243,0.46199829205806675,44.35466063865302,0.22386760005152528,0.22386760005152528,0.0043895747599451305,1.0,0.0188286699875762,0.6109660574412547,71.7904900676657,3,1.0,0.01728395061728395,0.9827160493827161,0.15130851576344898,0.06174862914061775,0.05995299828477574,0.11875985172758195,0.02431680804642971,1.0,9.549611223547238,0.008439724511085702,0.06697678810720577,True,2,-0.0572555935970612,0.9657768531045802,False,False,True,-0.0079444632868232,0.0616212119077845,-0.1188533349872769,-0.2594527914613534,0.4534732625306825,False,False,False,0.7999999999999999,0.6000000000000001,0.75,3.229900570960638,transportable_but_atlas_unsupported,False,False,True,False
NFE2,TNS1,TNS1,ENSG00000079308,0.1558985934656786,0.1558985934656786,True,0.63420245398773,139.75489784590906,0.0079561042524005,True,0.088239489712185,-0.22027642595312,6.52460999901253e-32,False,True,False,0.1558985934656786,0.062176173244568575,0.062176173244568575,0.0871175744272191,1.0,0.0058783167028204466,0.14058171745152284,10.204754989123483,0.12447327534891588,0.12447327534891588,0.0012345679012345679,1.0,0.024772882994792054,0.17292912040990532,18.511401961811714,0.11417056795946025,0.11417056795946025,0.02400548696844993,1.0,0.019243328498764745,0.49086161879896095,67.13387865765176,3,1.0,0.02400548696844993,0.97599451303155,0.11467055219566095,0.033686211644341976,0.03339284302541532,0.0622971021043473,0.04449258580278911,1.0,3.661564408060761,0.16028814069710948,0.4083060044918138,True,3,-0.2979905800305099,0.0315652577351046,True,True,True,-0.1326409206612739,-0.3008332526427411,-0.4360529601898271,-0.3500469334595194,0.7625327403269833,False,True,False,0.39999999999999997,0.39999999999999997,1.0,4.9470200646090925,transportable_but_atlas_unsupported,False,False,False,False
BCL11A,CPLANE1,CPLANE1,ENSG00000197603,0.1558751561604995,0.1558751561604995,True,0.3159509202453988,88.51939023021343,0.0153635116598079,False,,,,False,False,False,0.1558751561604995,0.06131764667107735,0.06131764667107735,0.18617094251612018,1.0,0.0023043030123341417,0.32756232686980363,28.73298525655782,0.02296590924070001,0.02296590924070001,0.5976680384087791,1.0,0.023729410644008443,0.3104184457728418,29.474700939732163,0.07244240142434634,0.07244240142434634,0.22194787379972566,1.0,0.0053297509094150965,0.42819843342036923,58.01845052236781,3,1.0,0.22194787379972566,0.7780521262002743,0.061394668963562375,0.026017476989940155,0.025956820590637968,0.04947649218364633,0.22795302543653528,1.0,2.3766582189025085,0.3047300094120922,0.5715270455843954,False,2,-0.1323972942465211,0.8332444610454223,False,False,True,0.0122547230629717,0.0024980162573788,-0.2129307400346726,-0.2051943969600802,0.6778348574270372,False,False,False,0.7999999999999999,0.6000000000000001,0.5,4.494455252432363,variable_and_atlas_unsupported,True,False,False,False
BCL11A,NSMCE2,NSMCE2,ENSG00000156831,0.1557743008376192,0.1557743008376192,True,0.6173312883435583,199.6749104371561,0.0155006858710562,False,,,,False,False,False,0.1557743008376192,0.07031556555969597,0.07031556555969597,0.14515022636850047,1.0,0.01287581816750477,0.90581717451526,271.6353285518744,0.1557257405950008,0.1557257405950008,0.013717421124828532,1.0,0.01664788803482229,0.9402220324509464,312.2930730977045,0.1801843215656319,0.1801843215656319,0.015637860082304528,1.0,0.02661808669624732,0.9303742384682226,322.0230538833363,3,1.0,0.015637860082304528,0.9843621399176955,0.15700318937599733,0.058614948891592376,0.05768342299273136,0.10986875600593594,0.07533450227823921,1.0,9.591827696600017,0.008263443842133872,0.06697678810720577,True,2,-0.1926759379986539,0.5787085648824443,False,False,True,-0.1079188156975967,0.0181652246202225,-0.1589246861238202,-0.1935785132172328,0.1179921648178691,False,False,False,0.6000000000000001,0.6000000000000001,0.75,5.30168623770961,transportable_but_atlas_unsupported,False,False,True,False
BCL11A,TMEM131,TMEM131,ENSG00000075568,0.155610325009271,0.155610325009271,True,0.4432515337423313,86.29285386714479,0.0156378600823045,False,,,,False,False,False,0.155610325009271,0.09922103110417278,0.09922103110417278,0.06187405679791467,1.0,0.01853907768664792,0.8704986149584708,186.56463865178773,0.08770703673242185,0.08770703673242185,0.09862825788751714,1.0,0.023519938540379107,0.8906917164816833,196.18733350082996,0.14289616757897053,0.14289616757897053,0.043621399176954734,1.0,0.010221258870295494,0.8233246301131353,147.85851439355392,3,1.0,0.06187405679791467,0.9381259432020853,0.09954857220663882,0.02952524992286772,0.02911451463927226,0.05518913084654868,0.02801721290316216,1.0,2.437472158213719,0.2956035504141654,0.5647487583529889,True,2,0.2007966053911649,0.5472533815383244,False,False,True,-0.0300356214189458,0.0491193338259712,-0.0827448075393649,0.0863090645621501,0.6778348574270372,False,False,False,0.7999999999999999,-0.19999999999999998,0.5,4.4692686023031465,transportable_but_atlas_unsupported,False,False,True,False
BCL11A,USP32,USP32,ENSG00000170832,0.1555917934290424,0.1555917934290424,True,0.7837423312883436,331.41468649848736,0.0157750342935528,True,0.0508779010713238,-0.0640967677654999,2.29880021667543e-07,False,True,False,0.1555917934290424,0.17312242363716404,0.17312242363716404,0.006722458499108245,1.0,0.025896056608672408,0.9106648199446232,300.6615906584453,0.16882092670536394,0.16882092670536394,0.008779149519890261,1.0,0.011213093713270068,0.9474807856533384,339.27931067458076,0.1797792597653784,0.1797792597653784,0.016186556927297667,1.0,0.004609589921655504,0.9564838990426342,382.48897598510854,3,1.0,0.008779149519890261,0.9912208504801098,0.17488378026877685,0.005694628358178184,0.00552119260284695,0.010958333060014452,0.004977764249016771,1.0,0.09811853972621101,0.9521246957257294,0.9757701765798451,True,2,0.1753012821064531,0.2524301736237155,False,False,True,-0.0024817077815111,-0.0079651067746224,-0.0823480909136353,0.0542441049453916,0.6180799768768108,False,False,False,0.19999999999999998,0.7999999999999999,0.75,5.80638324521369,transportable_but_atlas_unsupported,False,False,True,False
TAL1,BMP2K,BMP2K,ENSG00000138756,0.1551249785626031,0.1551249785626031,True,0.9524539877300614,1004.8683929511652,0.0009602194787379,False,,,,False,False,False,0.1551249785626031,0.08092457018259173,0.08092457018259173,0.024831938537522295,1.0,0.008886305879213236,0.9605263157895021,743.2411663535345,0.026479920185577325,0.026479920185577325,0.28998628257887515,1.0,0.014734432875237537,0.9726729291204635,644.3571356476789,0.13396733598232244,0.13396733598232244,0.0027434842249657062,1.0,0.029562129759392767,0.970409051348987,703.0539435483769,3,1.0,0.024831938537522295,0.9751680614624777,0.08110192012769067,0.05414638766550309,0.053745231527464916,0.10748741579674512,0.15984531646986233,1.0,9.32877917068286,0.009424999625890019,0.06999866325563148,True,0,,,False,False,False,0.1975056414309568,0.106641070049148,0.1513745347234044,0.1249064708002115,0.8509010139167891,False,False,False,0.19999999999999998,-0.19999999999999998,0.0,6.913606519985587,transportable_but_atlas_unsupported,False,False,False,True
BCL11A,JADE1,JADE1,ENSG00000077684,0.1551207084712423,0.1551207084712423,True,0.2576687116564417,43.73296899271848,0.0160493827160493,False,,,,False,False,False,0.1551207084712423,0.05039900819592273,0.05039900819592273,0.26725202359720124,1.0,0.011523148647984774,0.7299168975069373,98.21142020029197,0.08295260568448809,0.08295260568448809,0.1111111111111111,1.0,0.0020334231597818712,0.7442356959863624,98.82135567727182,0.09374238965078638,0.09374238965078638,0.1299039780521262,1.0,0.0275241735670524,0.7058311575282833,85.70231859962877,3,1.0,0.1299039780521262,0.8700960219478738,0.08314366448144905,0.022681138723848835,0.022564001061531377,0.04334338145486365,0.08524244053961966,1.0,1.4226986288229957,0.49098126221462357,0.6950035363164146,False,2,-0.2677962362052946,0.8395353032934146,False,False,True,0.0333373927739392,0.0274694143624436,-0.128062944709957,0.0928734333536773,0.6180799768768108,False,False,False,0.6000000000000001,-0.19999999999999998,0.25,3.8007107911131697,variable_and_atlas_unsupported,True,False,False,True
NFE2,TXNIP,TXNIP,ENSG00000265972,0.154819009116153,0.154819009116153,True,0.9394171779141104,724.3252507378214,0.0080932784636488,False,,,,False,False,False,0.154819009116153,0.09644503874094947,0.09644503874094947,0.012210179722870078,1.0,0.02812714968346744,0.7306094182825607,137.4035266418472,0.10860541687572989,0.10860541687572989,0.002606310013717421,1.0,0.00227954643175919,0.7288642186165911,137.5043541894253,0.1482313600795556,0.1482313600795556,0.006035665294924554,1.0,0.0424210966958501,0.8868581375108701,267.08087015404817,3,1.0,0.006035665294924554,0.9939643347050754,0.1090354697644995,0.02750782328638148,0.027079861056262942,0.051786321338606126,0.004866885031448599,1.0,1.899627615338305,0.3868130383711971,0.6187009580149122,True,3,-0.0164387116401121,0.8980856370029425,False,False,True,0.0506378820687201,-0.0246606337219414,-0.0041475389266939,-0.0438742276874454,0.8906609170475812,False,False,False,-0.39999999999999997,0.7999999999999999,0.75,6.586620175961383,transportable_but_atlas_unsupported,False,False,True,False
NFE2,FOXO3,FOXO3,ENSG00000118689,0.1547337378526705,0.1547337378526705,True,0.9478527607361964,861.9279401313931,0.0082304526748971,True,-0.0012595200845104,-0.0818696933815995,6.38565685335836e-27,False,True,False,0.1547337378526705,0.013260764581069754,0.013260764581069754,0.7073672657429002,0.75,0.010365901912609875,0.8393351800554215,176.2019865575805,0.067498623051219,0.067498623051219,0.032784636488340194,1.0,0.014507552452521801,0.882578992314304,195.4576146200076,0.0999924023814183,0.0999924023814183,0.0438957475994513,1.0,0.0362026834647448,0.9338555265448109,336.384454107559,3,1.0,0.0438957475994513,0.9561042524005487,0.06760141354131428,0.04397791295441755,0.043817743708301694,0.08673163780034854,0.3863029113424014,0.75,5.107436528635287,0.07779187681885999,0.2616847129422356,True,3,-0.1651842354228905,0.0051153568482893,False,False,True,-0.0698991462957848,0.0011461282382199,-0.192311691030172,-0.192615383868101,0.073586332393057,False,False,False,0.7999999999999999,0.7999999999999999,0.75,6.760331188328796,transportable_but_atlas_unsupported,False,False,True,False
GFI1B,CASP8AP2,CASP8AP2,ENSG00000118412,0.1545158879384177,0.1545158879384177,True,0.2231595092024539,35.09389099541016,0.0023319615912208,True,0.174916646476359,-0.182467932574817,5.1543173333311304e-17,False,True,False,0.1545158879384177,0.029898757139527686,0.029898757139527686,0.40403347509946497,1.0,0.005744785020575626,0.7022160664820046,93.56979947252101,0.07652752625438736,0.07652752625438736,0.03251028806584362,1.0,0.015540994656217187,0.7954739538856,124.32057705846974,0.11499575803548207,0.11499575803548207,0.009876543209876543,1.0,0.02498562686624459,0.8076588337684883,147.61742870746346,3,1.0,0.03251028806584362,0.9674897119341563,0.07667744693441805,0.04286086347109059,0.042613664723530835,0.08509700089595437,0.2213223335117199,1.0,4.738499366390018,0.09355089275818045,0.2988525189964616,True,1,-0.0562978932854852,0.9747167166347716,False,False,False,-0.0640394431665011,-0.1497729949706117,-0.2430550543020166,0.1825576501568457,0.1103189375593745,False,True,False,0.7999999999999999,-0.19999999999999998,0.75,3.5861236265148797,transportable_but_atlas_unsupported,False,False,False,False
NFE2,ACKR1,ACKR1,ENSG00000213088,0.1543335717316595,0.1543335717316595,True,0.3151840490797546,48.44525131994795,0.0083676268861454,True,-0.324686377354538,0.200739819173163,6.35531193196815e-30,True,False,False,0.1543335717316595,0.0020611348648106338,0.0020611348648106338,0.9565098093016875,0.5,0.022539005166987897,0.09556786703601079,5.411504746547352,0.023416168833010922,0.023416168833010922,0.4235939643347051,1.0,0.021814998262278094,0.11742100768573842,8.010931142576373,0.10606593589593287,0.10606593589593287,0.03264746227709191,1.0,0.02620106853978638,0.30896431679721553,25.426008173323734,3,1.0,0.4235939643347051,0.5764060356652949,0.023420450069108936,0.055156300202118085,0.054930289320285416,0.10400480103112224,0.46374563817135617,0.5,7.661592753842363,0.021692333475461078,0.11575477949405524,False,3,0.1729484094405702,0.608156979748136,False,False,True,0.5639775661973724,0.2914429280337515,0.16364170169007,0.1734450005345199,0.5033184635860452,False,False,False,-0.7999999999999999,0.7999999999999999,0.0,3.900866023527278,variable_but_atlas_supported,True,False,False,True
NFE2,SUCO,SUCO,ENSG00000094975,0.1543321044879602,0.1543321044879602,True,0.7078220858895705,250.46038634512607,0.0085048010973936,True,-0.122180428185849,0.0633370570193655,1.97360901858714e-19,False,False,False,0.1543321044879602,0.036238189517697125,0.036238189517697125,0.3140348470297709,1.0,0.01698231578044082,0.7887811634349193,134.7406791020366,0.010049205261560607,0.010049205261560607,0.7397805212620028,0.75,0.021200315181545866,0.8467122117848377,159.81100705512057,0.060345322814598854,0.060345322814598854,0.1914951989026063,1.0,0.039953152003983305,0.8677110530896349,176.0802682360343,3,1.0,0.3140348470297709,0.6859651529702291,0.036254064768616444,0.025191478249118222,0.025155238728979817,0.05029611755303825,0.2877765739844409,0.75,2.0332749413150406,0.36180949207899965,0.6036659719593014,False,3,0.0620714093896771,0.7164056345758232,False,False,True,0.0930353569068036,0.05095564290075,0.0180995844813774,0.0694625714032804,0.9028382212884928,False,False,False,0.0,0.0,0.0,5.527285467571737,variable_and_atlas_unsupported,True,False,False,True
BCL11A,RPL5,RPL5,ENSG00000122406,0.1543253755317008,0.1543253755317008,True,0.8144171779141104,390.3666110338103,0.0161865569272976,True,-0.0553804619985208,0.1047302687954,9.40157313083496e-34,False,False,False,0.1543253755317008,-0.08853101307042055,0.08853101307042055,0.0823158183564275,1.0,0.028729040738274186,0.9993074792244079,1416.5423266270586,-0.15324009309516073,0.15324009309516073,0.0149519890260631,1.0,0.024067166673758193,1.0000000000000568,1590.6267293670046,-0.15999473002232992,0.15999473002232992,0.028257887517146776,1.0,0.015040303232860505,0.9991296779808397,1554.7879046719306,3,0.0,0.028257887517146776,0.9717421124828532,-0.15445677021593712,0.04007685346126624,0.0394545160031327,0.07146371695190937,0.03567723906388578,1.0,4.715144468564831,0.09464973186113126,0.2994009824830515,False,2,-0.0475013234959882,0.8773049267109557,False,False,True,0.0442828555438415,-0.0058855725933356,0.0478753921606453,-0.1030495401352955,0.3660695585140567,False,False,False,0.6000000000000001,0.7999999999999999,0.75,5.96964474481783,variable_and_atlas_unsupported,True,False,False,False
GFI1B,RPS6,RPS6,ENSG00000137154,0.1542437700271132,0.1542437700271132,True,0.9524539877300614,1055.4704196351722,0.0024691358024691,True,-0.0732114806931019,0.135761317171579,9.58767541811121e-105,False,False,False,0.1542437700271132,0.03603306739535808,0.03603306739535808,0.314309233090959,1.0,0.02335844301957062,0.9993074792244079,2980.655755784335,0.022421133324289057,0.022421133324289057,0.4744855967078189,1.0,0.028246029056952855,1.0000000000000568,3084.582272864895,0.07755940335594948,0.07755940335594948,0.07421124828532236,1.0,0.021256169057086563,0.9999999999999868,3234.4999510843923,3,1.0,0.314309233090959,0.6856907669090411,0.036048674450235116,0.028806192635941117,0.028722668601505148,0.05513827003166042,0.20146259527693244,1.0,2.3562665590986196,0.30785287781852694,0.5715270455843954,False,1,0.2059422444439111,0.4115546512562217,False,False,False,0.031236322674216,-0.00628873935193,-0.0089252395192552,0.0788225671223865,0.536916982522412,False,False,False,0.7999999999999999,-0.39999999999999997,0.5,6.962688838211873,variable_and_atlas_unsupported,True,False,False,False
GATA1,GYPC,GYPC,ENSG00000136732,0.1541002145352971,0.1541002145352971,True,0.9746932515337424,1543.5880793009026,0.0006858710562414,True,0.280092734712461,-0.520613401617903,1.82200186908724e-294,True,True,True,0.1541002145352971,0.055293311368684366,0.055293311368684366,0.07682809713266565,1.0,0.031257338239387984,0.951523545706399,446.38845817219317,0.04684960979856203,0.04684960979856203,0.04622770919067215,1.0,0.007159332162931028,0.9884713919727285,645.0777079945065,0.05203080986803531,0.05203080986803531,0.10150891632373114,1.0,0.011637808399910948,0.9999999999999868,1206.7574363224735,3,1.0,0.07682809713266565,0.9231719028673343,0.052077838974754695,0.004269123994323286,0.004258028620675177,0.008443701570122336,0.027693375983649772,1.0,0.06692207496515186,0.9670925908592736,0.9845518712107844,True,1,-0.0233366544619159,0.93409859799928,False,False,False,-0.3302816031885149,-0.1056036246164858,-0.0406387321978461,0.0349837800634679,0.0129325420531443,True,True,True,-0.39999999999999997,-0.39999999999999997,0.75,7.342512538444436,transportable_and_atlas_supported,False,False,False,False
GFI1B,EEF1A1,EEF1A1,ENSG00000156508,0.1540522855301332,0.1540522855301332,True,0.9693251533742332,1648.324652309484,0.0026063100137174,True,-0.0224319380066484,0.115906482611366,1.5392951909771298e-83,False,False,False,0.1540522855301332,0.058740828045209095,0.058740828045209095,0.10344354506791055,1.0,0.017738492599814946,1.000000000000031,4589.185935010848,0.04245263729870069,0.04245263729870069,0.19506172839506172,1.0,0.03017163761950791,1.0000000000000568,4675.261090922155,0.11131449750405276,0.11131449750405276,0.012894375857338821,1.0,0.01819555691266184,0.9999999999999868,4855.249105391853,3,1.0,0.10344354506791055,0.8965564549320895,0.058808529709044106,0.03622807629990113,0.03598900681482204,0.06886186020535207,0.0910841990426946,1.0,3.710645276577001,0.1564024731074445,0.40181963589802583,False,1,0.1544532463915435,0.5981304723184852,False,False,False,0.0001328473501144,-0.0049231090998081,0.0087197671372878,0.0547711788736465,0.7314853018283219,False,False,False,0.7999999999999999,-1.0,0.25,7.4081211814772345,variable_and_atlas_unsupported,True,False,False,True
BCL11A,LRRFIP2,LRRFIP2,ENSG00000093167,0.153837398970204,0.153837398970204,True,0.4808282208588957,105.82791260358653,0.0163237311385459,False,,,,False,False,False,0.153837398970204,0.012824736028750372,0.012824736028750372,0.7670462340513102,0.5,0.029699469164438667,0.7887811634349193,126.1740111536585,0.041275053987287556,0.041275053987287556,0.3663923182441701,1.0,0.01833354862066301,0.7937660119556255,116.84769951738511,0.1514379222521986,0.1514379222521986,0.03429355281207133,1.0,0.024307077393493012,0.818102697998253,131.1141054213664,3,1.0,0.3663923182441701,0.6336076817558298,0.041298517116655234,0.0738710370238307,0.07321076142584315,0.13861318622344823,0.3669104436862881,0.5,13.744361830590442,0.0010362147020087017,0.01832619715838247,False,2,0.2327364512458771,0.2848876491028027,False,False,True,0.0089095627623515,0.0484040980669495,-0.0290476049388068,0.1172464555114956,0.7447178232686813,False,False,False,0.7999999999999999,-0.39999999999999997,0.25,4.671219246345262,variable_and_atlas_unsupported,True,False,False,True
BCL11A,RPLP1,RPLP1,ENSG00000137818,0.1537662793317735,0.1537662793317735,True,0.9616564417177914,1330.100290629243,0.0164609053497942,True,-0.0700119827256529,0.116150531047107,9.861254692115641e-47,False,False,False,0.1537662793317735,-0.12644705953976462,0.12644705953976462,0.02853615036356153,1.0,0.02013331653315346,1.000000000000031,4561.081947845134,-0.17391661976126926,0.17391661976126926,0.006721536351165981,1.0,0.007009170105749866,1.0000000000000568,4667.335157825579,-0.1824896687235426,0.1824896687235426,0.01440329218106996,1.0,0.032009140890757425,0.9999999999999868,4463.271438060457,3,0.0,0.01440329218106996,0.98559670781893,-0.17570263124530847,0.03091945801984028,0.030187277563730575,0.056042609183777986,0.01106514375224054,1.0,2.744069374810214,0.2535904569614981,0.5080015950134865,False,2,0.0031384807120951,0.9919597280826696,False,False,True,0.0304716525807621,0.0085310607874499,0.0253341339146321,-0.0533093406897551,0.6913421533814519,False,False,False,-0.6000000000000001,0.39999999999999997,1.0,7.1937611653905975,variable_and_atlas_unsupported,True,False,False,False
GFI1B,RPSA,RPSA,ENSG00000168028,0.1537303078468969,0.1537303078468969,True,0.7415644171779141,364.2009064489107,0.0027434842249657,True,-0.0288876363210036,0.121810152727389,3.52108619066962e-70,False,False,False,0.1537303078468969,0.05163310031973755,0.05163310031973755,0.15118671971463848,1.0,0.02456958969564134,0.995152354570668,1267.1872170422253,0.007319519486056165,0.007319519486056165,0.8060356652949245,0.75,0.01083804739396204,1.0000000000000568,1396.5857245464144,0.015422641148617657,0.015422641148617657,0.7085048010973937,0.6666666666666666,0.020884640594616654,0.9991296779808397,1370.1456430751186,3,1.0,0.7085048010973937,0.29149519890260633,0.015423864121965078,0.023621580664064126,0.02359573188935105,0.044313580833681386,0.3533041312228708,0.6666666666666666,1.8114588213251464,0.4042469155286216,0.6334907359802956,False,1,0.0408499284129664,0.9204315221137244,False,False,False,-0.0284431988653642,-0.0059036297735409,0.0386664160460603,0.0487840678451345,0.7177355927872803,False,False,False,0.7999999999999999,-0.39999999999999997,0.5,5.9004476307793725,variable_and_atlas_unsupported,True,False,False,False
NFE2,HMOX1,HMOX1,ENSG00000100292,-0.1533903101048274,0.1533903101048274,True,0.1449386503067484,88.33260846329786,0.0086419753086419,True,-1.34182630452757,0.393802584675694,4.5217441594429e-25,True,True,True,0.1533903101048274,0.07493571882316899,0.07493571882316899,0.04184387433118398,1.0,0.02218366799511591,0.06371191135734074,4.525312660799034,-0.0399634960037931,0.0399634960037931,0.18367626886145405,1.0,0.018279273671825354,0.03757472245943641,2.1891073006167523,-0.0075916594383099,0.0075916594383099,0.8628257887517147,1.0,0.0063863735578842395,0.02088772845953002,4.505019219032965,3,0.6666666666666666,0.18367626886145405,0.816323731138546,0.007591805287464384,0.05933301221920127,0.059246003428062494,0.11489921482696208,0.4388188316968939,1.0,11.848309872749876,0.0026740664869685533,0.031607522569060915,False,3,2.038394742867001,0.0004010289788414,True,True,True,0.480429415213546,1.4510844621379428,1.4263011955728002,1.453940154886559,0.1578432198611589,False,False,False,0.39999999999999997,1.0,0.75,4.492366577593011,variable_but_atlas_supported,True,False,False,False
BCL11A,RPS27A,RPS27A,ENSG00000143947,0.1533604385746258,0.1533604385746258,True,0.9401840490797546,880.781510760749,0.0165980795610425,True,-0.0632438576590602,0.099221853275257,4.00047908340337e-38,False,False,False,0.1533604385746258,-0.12680788070999166,0.12680788070999166,0.028398957332967486,1.0,0.00584196095795711,0.9986149584487846,2122.482774797705,-0.1543685733570654,0.1543685733570654,0.01440329218106996,1.0,0.011126724629131467,1.0000000000000568,2424.8099087368228,-0.15430545713420862,0.15430545713420862,0.031275720164609055,1.0,0.03427232638053184,0.9999999999999868,2514.9690777078763,3,0.0,0.028398957332967486,0.9716010426670325,-0.1555479361502898,0.016215520266364053,0.015893984564658962,0.027560692647073726,0.009026195520938547,1.0,0.7995854725291426,0.6704589934711983,0.8169569231469916,False,2,-0.0526607769189236,0.8569887257117662,False,False,True,0.041639039045457,0.000726215777223,0.0342652731766091,-0.0989168043109015,0.1747160288358435,False,False,False,-0.7999999999999999,0.19999999999999998,1.0,6.78194430509316,variable_and_atlas_unsupported,True,False,False,False
KLF1,JAZF1,JAZF1,ENSG00000153814,0.1530334968312828,0.1530334968312828,True,0.8680981595092024,1282.192796212507,0.0016460905349794,True,0.0654271578194616,-0.26091167795803,2.1320262064758503e-67,False,True,False,0.1530334968312828,0.08603457067079973,0.08603457067079973,0.028398957332967486,1.0,0.031752595787551956,0.6675900277008388,140.46967640180273,0.08503600702442661,0.08503600702442661,0.015363511659807956,1.0,0.016273918649173817,0.8723313407344565,340.8566981317211,0.08681529358835255,0.08681529358835255,0.03264746227709191,1.0,0.007724539368624996,0.9442993907745755,754.979722913062,3,1.0,0.028398957332967486,0.9716010426670325,0.08624779288481367,0.0008984943354238657,0.0008918630599684328,0.0017792865639259386,0.009006549349398039,1.0,0.0026317593191516157,0.9986849857304387,0.9997833016580421,True,3,-0.0056529114270613,0.977178306437247,False,False,True,0.0335546989108006,-0.0163676010940731,-0.1491351125509731,-0.0110823257871941,0.5776870113444966,False,False,False,-0.19999999999999998,0.0,0.75,7.157106623172323,transportable_but_atlas_unsupported,False,False,True,False
BCL11A,SCFD1,SCFD1,ENSG00000092108,0.1529131467029289,0.1529131467029289,True,0.5697852760736196,134.0037410669483,0.0167352537722908,False,,,,False,False,False,0.1529131467029289,0.07563655101300076,0.07563655101300076,0.12265056935107696,1.0,0.02304397025977963,0.8199445983379686,145.53032614352531,0.038630461568833874,0.038630461568833874,0.39410150891632373,1.0,0.01630119010257916,0.8851409052092659,167.67156402177923,0.06524087673607432,0.06524087673607432,0.26954732510288065,1.0,0.026929808879614735,0.8764142732811054,183.35290615726544,3,1.0,0.26954732510288065,0.7304526748971194,0.06533367699400136,0.019148291068263438,0.019085923674244543,0.03700608944416689,0.135878630982882,1.0,1.3596548132365656,0.5067044386516454,0.7016779586697282,False,2,0.0607243034486266,0.8573745213431259,False,False,True,-0.0936245500704611,-0.031994481571139,-0.0763893988798394,0.0211309395498567,0.6504108478835773,False,False,False,-0.19999999999999998,-0.19999999999999998,0.75,4.905302489661494,variable_and_atlas_unsupported,True,False,False,False
GATA1,TFRC,TFRC,ENSG00000072274,0.1528756276191107,0.1528756276191107,True,0.937883435582822,1553.4748777178845,0.0008230452674897,True,0.270576353312114,-0.279669448055981,1.08184933878596e-178,True,True,True,0.1528756276191107,-0.009217156215129169,0.009217156215129169,0.7708876389079434,0.75,0.012759847099095462,0.995152354570668,1381.1922024179469,-0.009848780957367005,0.009848780957367005,0.6676268861454047,0.75,0.01788306808761839,0.9982920580700824,1786.4999869214648,0.05568348052211615,0.05568348052211615,0.0813443072702332,1.0,0.01106016425723786,0.9999999999999868,2006.8164183649449,3,0.3333333333333333,0.6676268861454047,0.33237311385459534,-0.009217417245913259,0.037687514632597924,0.037654058863399745,0.06553226147948316,0.37190053588731686,0.75,3.728621752201999,0.15500298935291926,0.40181963589802583,False,1,-0.0500444367301011,0.8562898948341875,False,False,False,-0.3732858633906176,-0.1680625003029401,-0.1573268535530028,-0.0357444750661503,0.0423822523545097,True,True,True,-1.0,-0.7999999999999999,0.5,7.348893068363319,variable_but_atlas_supported,True,True,False,False
GATA1,CDC27,CDC27,ENSG00000004897,0.1525464479182934,0.1525464479182934,True,0.8274539877300614,384.7882807258733,0.0009602194787379,True,0.23408975145979,-0.396358866583581,1.0411299271166999e-129,False,True,False,0.1525464479182934,0.033269957731683376,0.033269957731683376,0.28330360817670464,1.0,0.02154969143636239,0.8995844875346501,233.4370486071429,0.004447151802129365,0.004447151802129365,0.8474622770919067,0.5,0.009855609697406098,0.9380871050384781,280.81224295925773,-0.017181693791633226,0.017181693791633226,0.5950617283950618,1.0,0.00538002362145425,0.9686684073106929,410.18271921773885,3,0.6666666666666666,0.5950617283950618,0.4049382716049382,0.0044471811198202454,0.02531837770433309,0.025311164350939858,0.0504516515233166,0.28259929411822804,0.5,1.6650613119193474,0.4349471906969963,0.6631337710380313,False,1,0.0189688878678485,0.9657768531045802,False,False,False,-0.2300805110803412,-0.0738897067335923,-0.1209230738310257,0.0724405896158326,0.1415934693869604,False,True,False,-0.19999999999999998,-0.39999999999999997,0.5,5.955288723457305,variable_and_atlas_unsupported,True,False,False,False
BCL11A,SERBP1,SERBP1,ENSG00000142864,0.1524227725577528,0.1524227725577528,True,0.6825153374233128,185.4117293992512,0.0171467764060356,False,,,,False,False,False,0.1524227725577528,0.031935108479784,0.031935108479784,0.47029770887638905,0.75,0.038584032786216915,0.977839335180085,677.1847355219104,-0.0038764535391378773,0.0038764535391378773,0.9310013717421125,0.25,0.03253483795534389,0.9837745516652984,778.3569385587589,-0.06716478072860382,0.06716478072860382,0.2551440329218107,1.0,0.010536982039704317,0.9643167972149577,557.6664638818359,3,0.3333333333333333,0.47029770887638905,0.5297022911236109,-0.003876472956329224,0.05024027514357956,0.050180787116502944,0.09909988920838783,0.34528300269294127,0.25,6.316614267652892,0.04249762300855018,0.17895257579790858,False,2,0.0228343503076106,0.9590810020570693,False,False,True,-0.012350023015413,-0.0705925938479019,0.0265719382788558,-0.0669498139533331,0.7773014240103123,False,False,False,-0.19999999999999998,0.39999999999999997,0.75,5.227957826233384,variable_and_atlas_unsupported,True,False,False,False
GFI1B,CD36,CD36,ENSG00000135218,0.1520325625700166,0.1520325625700166,True,0.7661042944785276,688.5447643708304,0.0028806584362139,True,0.328241652434414,-0.500883157022705,7.33695524731353e-195,True,True,True,0.1520325625700166,0.15881671709385156,0.15881671709385156,0.0012347372753464124,1.0,0.0030004348247763338,0.9328254847645694,719.1833509433873,0.15576181525294694,0.15576181525294694,0.0005486968449931413,1.0,0.017336431215039614,0.9846285226302857,1372.7424774337724,0.12083517123227058,0.12083517123227058,0.007270233196159122,1.0,0.05770315881921355,0.9886858137510751,1812.7046340332693,3,1.0,0.0012347372753464124,0.9987652627246536,0.15704016081783903,0.021521718896301396,0.02110213541263849,0.03798154586158098,0.0036985788577567607,1.0,1.191204719167997,0.5512304269136883,0.7512540701634517,True,1,0.054790541612341,0.9008338793987144,False,False,False,-0.2557522945092235,-0.124535753723801,-0.3118599052208763,0.1184445446706032,0.0509736758292173,False,True,False,-0.19999999999999998,-0.19999999999999998,0.75,6.53603161807132,transportable_and_atlas_supported,False,False,False,False
BCL11A,SMC2,SMC2,ENSG00000136824,0.151918973825576,0.151918973825576,True,0.4317484662576687,162.11295708915168,0.0172839506172839,True,0.161480846375401,-0.092417109914898,1.76036585778082e-08,False,True,False,0.151918973825576,-0.005423908338098039,0.005423908338098039,0.898339964329812,0.5,0.02015273404439984,0.8213296398892153,169.44059453557415,0.07988652076378062,0.07988652076378062,0.11989026063100137,1.0,0.008753676321024882,0.9086251067464165,237.9433690730974,0.11755523956371589,0.11755523956371589,0.07626886145404664,1.0,0.0373935398743113,0.9060052219321052,317.6626389584158,3,0.6666666666666666,0.11989026063100137,0.8801097393689986,0.08005711589922063,0.06326249414578182,0.0630088254509259,0.12297914790181393,0.4625450727295482,0.5,10.825361587601897,0.004459668719709548,0.044524757056455005,False,2,0.1212587721048381,0.9121997433162178,False,False,True,-0.0920698451294625,-0.0876167048160536,-0.091977579097964,-0.0545530651322831,0.9814191754299628,False,False,False,-0.7999999999999999,-0.7999999999999999,0.75,5.094442949078265,variable_and_atlas_unsupported,True,False,False,False
NFE2,RNF11,RNF11,ENSG00000123091,0.1518166182472156,0.1518166182472156,True,0.4440184049079754,79.97674237837587,0.0087791495198902,False,,,,False,False,False,0.1518166182472156,0.049205184550280945,0.049205184550280945,0.1730004115790918,1.0,0.018420211431177627,0.2749307479224357,18.539644789793126,0.053733229979335446,0.053733229979335446,0.0794238683127572,1.0,0.018568982223859255,0.3099914602903482,22.425134177701192,0.07735418984242308,0.07735418984242308,0.10425240054869685,1.0,0.007272636555661624,0.38033072236727833,31.48421284757885,3,1.0,0.10425240054869685,0.8957475994513031,0.05378503368672379,0.015178376716930668,0.015115221021640318,0.028149005292142135,0.04847562013236239,1.0,0.5838036952932368,0.7468418366598529,0.8654885127283789,False,3,-0.2023187295178869,0.0776631889839627,False,False,True,0.0510360426088649,-0.1702383341559201,-0.1793987503445614,-0.2241954343258647,0.2948473358099668,False,False,False,1.0,1.0,0.75,4.394161982311241,variable_and_atlas_unsupported,True,False,False,False
NFE2,TNXB,TNXB,ENSG00000168477,0.1517043457291336,0.1517043457291336,True,0.3987730061349693,71.34958184158624,0.0089163237311385,False,,,,False,False,False,0.1517043457291336,0.017411150089905084,0.017411150089905084,0.6262861846618192,0.5,0.02525218344688464,0.23199445983379344,16.70555878303892,0.045407913233365425,0.045407913233365425,0.1336076817558299,1.0,0.02019478808366462,0.3450042698548227,28.636888007810846,0.12086757806637778,0.12086757806637778,0.017695473251028805,1.0,0.036496652243334274,0.4734551784160188,48.075248378561355,3,1.0,0.1336076817558299,0.8663923182441701,0.04543916043386085,0.05383761242342454,0.0535120115065653,0.1034564279764727,0.3231486761336643,0.5,7.256805151499254,0.02655857585444346,0.13254451614515525,False,3,-0.0586449458560508,0.8569887257117662,False,False,True,-0.0849659466690962,-0.2366379654446425,-0.3265857554061384,-0.0837836227069544,0.6180799768768108,False,True,False,-0.19999999999999998,-0.19999999999999998,1.0,4.281509673400614,variable_and_atlas_unsupported,True,False,False,False
BCL11A,PRKAR2B,PRKAR2B,ENSG00000005249,0.1516122975536868,0.1516122975536868,True,0.3926380368098159,78.75587182272837,0.017832647462277,False,,,,False,False,False,0.1516122975536868,0.09783426503644128,0.09783426503644128,0.0640691452874194,1.0,0.03244848307495083,0.8144044321329821,158.83619034201064,0.12962211762777254,0.12962211762777254,0.03223593964334705,1.0,0.017621147513922054,0.8787361229718612,196.19368358898694,0.09195523970786014,0.09195523970786014,0.13703703703703704,1.0,0.005421543175972313,0.8485639686683998,187.69183737426118,3,1.0,0.0640691452874194,0.9359308547125806,0.098148211628898,0.020522926456593756,0.020264189281488203,0.0376668779199124,0.05372916064683965,1.0,1.5042674099237183,0.4713597363901142,0.6852329231977607,True,2,-0.187208086705084,0.6674501619195826,False,False,True,-0.0747873950962534,0.0089752090877305,-0.0184204091000558,-0.1619169207062298,0.6778348574270372,False,False,False,0.39999999999999997,0.39999999999999997,0.75,4.378970366825757,transportable_but_atlas_unsupported,False,False,True,False
NFE2,ZMYND8,ZMYND8,ENSG00000101040,0.1515880308769802,0.1515880308769802,True,0.6303680981595092,188.8104803899949,0.0090534979423868,True,0.0230456725736659,0.0269530045430162,3.60516770183355e-08,False,False,False,0.1515880308769802,0.0706812931918204,0.0706812931918204,0.052133351625737415,1.0,0.025301933254855052,0.9425207756232958,478.74556252497683,0.05199662992533942,0.05199662992533942,0.0897119341563786,1.0,0.01733583717831303,0.962425277540616,433.2862740527551,0.07160566421941372,0.07160566421941372,0.13004115226337448,1.0,0.04938744476838846,0.9469103568320166,383.22416301423715,3,1.0,0.0897119341563786,0.9102880658436214,0.07079935154174444,0.011106577035231657,0.011064096055293897,0.019609034294074304,0.03896199237361042,1.0,0.44923958265193303,0.7988198792756288,0.8907988907045444,True,3,0.1027154664293351,0.5405095434336348,False,False,True,-0.022460865236975,0.0591801423733834,-0.0149329020201211,0.0872919401413286,0.3895313951243121,False,False,False,0.19999999999999998,-0.39999999999999997,0.5,5.246026102722993,transportable_but_atlas_unsupported,False,False,True,False
NFE2,CR1L,CR1L,ENSG00000197721,0.1515043659979539,0.1515043659979539,True,0.9056748466257668,748.685701781105,0.0091906721536351,True,0.028284787411373,-0.0594299955672694,1.48870749724676e-07,False,True,False,0.1515043659979539,0.07030491607838148,0.07030491607838148,0.05350528193167787,1.0,0.020936312959807173,0.5588642659279779,90.79350989861177,0.09184744649246762,0.09184744649246762,0.0069958847736625515,1.0,0.01320378225708225,0.710930828351858,178.27615968746287,0.12820874777659858,0.12820874777659858,0.013443072702331962,1.0,0.01969072077792679,0.8946910356831935,486.3665744234096,3,1.0,0.013443072702331962,0.9865569272976681,0.09210703528578278,0.029572678274842022,0.029266244984773333,0.0579038316982171,0.025198117867959478,1.0,2.1897642199613894,0.3345790481541457,0.590041113411442,True,3,-0.2769486040962774,0.0001867707302688,True,True,True,-0.0723274632237048,0.0306665395594395,-0.269353948196873,-0.2712588350370629,0.2051266519841103,False,False,False,0.7999999999999999,0.7999999999999999,0.75,6.619654054406516,transportable_but_atlas_unsupported,False,False,False,False
GFI1B,LPIN2,LPIN2,ENSG00000101577,-0.1514516913981207,0.1514516913981207,True,0.8427914110429447,748.748833337408,0.0030178326474622,True,0.147456202250074,-0.660069446791037,9.54471355423005e-181,False,False,False,0.1514516913981207,-0.014261227431897082,0.014261227431897082,0.6928248044999314,1.0,0.013178257008501332,0.700831024930758,80.63603717553464,0.03532785754147535,0.03532785754147535,0.27215363511659807,1.0,0.018389099779273006,0.7621690862510956,98.8039871569236,0.0009437276602846982,0.0009437276602846982,0.9803840877914952,0.3333333333333333,0.030930807913610622,0.8468233246301057,147.37114639924053,3,0.3333333333333333,0.6928248044999314,0.30717519550006855,-0.0009437279404530209,0.025413685034790103,0.025405171374932714,0.04958908497337243,0.35619398934045027,0.3333333333333333,2.391343765805469,0.3025006408797522,0.5715270455843954,False,1,-0.0599202402187613,0.892314222443754,False,False,False,-0.1787965973203703,-0.0699393239564296,0.072355715533505,-0.0334698361551489,0.4155500740319993,False,True,False,-0.7999999999999999,0.0,0.25,6.619738261559095,variable_and_atlas_unsupported,True,False,False,True
BCL11A,NUDT4,NUDT4,ENSG00000173598,0.1514081687460491,0.1514081687460491,True,0.9562883435582822,780.0724860444798,0.0179698216735253,False,,,,False,False,False,0.1514081687460491,0.05285594371093784,0.05285594371093784,0.2470846480998765,1.0,0.01739764617227477,0.7853185595568027,127.51474805846695,0.12159115937354217,0.12159115937354217,0.0401920438957476,1.0,0.019512480610423766,0.8894107600342024,194.46269218897132,0.2020091105819676,0.2020091105819676,0.008367626886145405,1.0,0.012004147335949237,0.9730200174064282,392.79877580999414,3,1.0,0.0401920438957476,0.9598079561042524,0.12219574946146353,0.07605805580612236,0.07465280072486974,0.14915316687102975,0.1296168452333803,1.0,14.628158929180149,0.0006660941942677712,0.014192817782884072,True,2,0.0668890786235683,0.6891200198107037,False,False,True,0.0153179347549474,-0.0390612736186767,-0.0309858691066105,0.0396969267518724,0.843292792515562,False,False,False,0.39999999999999997,0.0,0.5,6.660667957369656,transportable_but_atlas_unsupported,False,False,True,False
NFE2,AAK1,AAK1,ENSG00000115977,-0.1511939397095043,0.1511939397095043,True,0.4072085889570552,114.73514955408648,0.0093278463648834,True,0.0509329455506463,-0.165245736875103,4.83303387224798e-54,False,False,False,0.1511939397095043,-0.005915371206335363,0.005915371206335363,0.865276443956647,0.5,0.014818222658372847,0.6862880886426683,86.03899830440821,-0.028805126197015855,0.028805126197015855,0.32949245541838135,1.0,0.013919773360590696,0.6409052092228998,69.9492540905883,-0.014246269579230189,0.014246269579230189,0.7421124828532236,1.0,0.0049790610544416586,0.5117493472584907,48.075487214467664,3,1.0,0.7421124828532236,0.2578875171467764,0.014247233486176163,0.011589404997076037,0.011585228074651253,0.022889754990680494,0.2806210762840727,0.5,0.4946232106169391,0.7808973238642198,0.8815546105900347,False,3,-0.1045394627284683,0.7164056345758232,False,False,True,-0.0831569493891504,-0.1653844033668856,-0.0643697903019435,-0.1358187516870835,0.8191334345823246,False,False,False,0.6000000000000001,-0.6000000000000001,0.0,4.751304387146618,variable_and_atlas_unsupported,True,False,False,True
GFI1B,RPL23,RPL23,ENSG00000125691,0.1509197913642824,0.1509197913642824,True,0.7561349693251533,286.43248648050627,0.0031550068587105,True,-0.108886820414914,0.177268644085809,2.2946038224106602e-110,False,False,False,0.1509197913642824,0.06115389278925085,0.06115389278925085,0.09082178625325833,1.0,0.009405031449663766,0.9993074792244079,1869.0966293182714,-0.026918479027823166,0.026918479027823166,0.38943758573388204,1.0,0.005376628477821038,1.0000000000000568,1922.7050027014384,0.03986277327349896,0.03986277327349896,0.33566529492455416,1.0,0.007642392263139686,0.9999999999999868,1723.3067594640154,3,0.6666666666666666,0.33566529492455416,0.6643347050754458,0.039883907950434866,0.0459899449020916,0.045952493778270265,0.08807237181707402,0.15917034831525936,1.0,7.854040684880077,0.019702291258958716,0.1099664667082831,False,1,0.0918619284065859,0.8590040550092644,False,False,False,0.0548599794804645,0.0111433582596508,0.0668690034041251,0.0884079566877818,0.8690358394234924,False,False,False,0.7999999999999999,-0.7999999999999999,0.25,5.660988003027588,variable_and_atlas_unsupported,True,False,False,True
BCL11A,XRCC5,XRCC5,ENSG00000079246,0.1508117337462951,0.1508117337462951,True,0.593558282208589,143.8567090420875,0.0181069958847736,False,,,,False,False,False,0.1508117337462951,0.044342332219802896,0.044342332219802896,0.3229523940183839,1.0,0.02962906613679809,0.9439058171745425,353.77196727707945,-0.013100242545296901,0.013100242545296901,0.758161865569273,1.0,0.01166828982550286,0.9790777113578683,438.93183812243007,0.04364619643034936,0.04364619643034936,0.43868312757201644,1.0,0.023784753425876305,0.9442993907745755,371.8993213069554,3,0.6666666666666666,0.43868312757201644,0.5613168724279836,0.04367394334780828,0.03298221482589321,0.032965366515729254,0.0574425747650998,0.22541352771028988,1.0,3.991233675250734,0.13592978169790204,0.3773118155650285,False,2,0.0679202262698954,0.8579820517055036,False,False,True,0.0071463086801454,-0.0254555244062855,0.0357800481023318,-0.0434076878854333,0.843292792515562,False,False,False,0.39999999999999997,0.39999999999999997,0.25,4.975745040312842,variable_and_atlas_unsupported,True,False,False,True
BCL11A,PICALM,PICALM,ENSG00000073921,0.1507811405499061,0.1507811405499061,True,0.8067484662576687,420.76776548575566,0.0183813443072702,False,,,,False,False,False,0.1507811405499061,0.10209674750310122,0.10209674750310122,0.05638633557415283,1.0,0.015606448239607268,0.9466759002770357,582.8797719072616,0.16854033518686629,0.16854033518686629,0.00905349794238683,1.0,0.006611653251915452,0.9611443210931351,579.4272376894136,0.2049636337464675,0.2049636337464675,0.008093278463648833,1.0,0.038535424654731906,0.9625761531766636,637.460844297805,3,1.0,0.00905349794238683,0.9909465020576131,0.17016394182210556,0.05343221071029818,0.05215841783716489,0.10286688624336629,0.027608992812731846,1.0,7.585509679075683,0.022533440255684243,0.11721176065771888,True,2,0.0792131117035274,0.7890597849502565,False,False,True,-0.0427265028451295,0.0073798575016043,-0.0585906210429197,0.0013695729578871,0.8350385809994881,False,False,False,0.39999999999999997,0.19999999999999998,0.5,6.044454843800935,transportable_but_atlas_unsupported,False,False,True,False
BCL11A,DLEU2,DLEU2,ENSG00000231607,0.1506174189524578,0.1506174189524578,True,0.7070552147239264,409.9251190183626,0.0185185185185185,True,0.0334800261095771,-0.0807492945164594,1.67691414921329e-08,False,True,False,0.1506174189524578,0.07989047878877172,0.07989047878877172,0.10714775689394979,1.0,0.012180727262104956,0.8871191135734304,294.65675635258253,0.16875010856562134,0.16875010856562134,0.008916323731138546,1.0,0.008385703958745178,0.9368061485909972,390.0424110307779,0.20870538920481344,0.20870538920481344,0.007133058984910837,1.0,0.014888672386722668,0.9503916449086048,585.8511258570512,3,1.0,0.008916323731138546,0.9910836762688614,0.1703798560642335,0.06737243311296405,0.06593650910854602,0.1288149104160417,0.057235674033204315,1.0,12.248160410234323,0.002189504086936906,0.02872965981366245,True,2,-0.0582500412956579,0.8395353032934146,False,False,True,0.0245903351714771,0.0430943996956701,-0.098430251126889,0.0181484323192311,0.6504108478835773,False,False,False,0.7999999999999999,0.39999999999999997,0.25,6.018411005727791,transportable_but_atlas_unsupported,False,False,True,True
NFE2,USP32,USP32,ENSG00000170832,0.1506155718997078,0.1506155718997078,True,0.7837423312883436,331.41468649848736,0.0094650205761316,True,-0.0557345518029542,0.0553373420107867,2.55792376107658e-27,False,False,False,0.1506155718997078,0.018722964638724818,0.018722964638724818,0.6010426670325147,0.5,0.027400235050472562,0.9106648199446232,300.6615906584453,0.04637905238153903,0.04637905238153903,0.12441700960219479,1.0,0.013829209960902606,0.9474807856533384,339.27931067458076,0.07573719461944177,0.07573719461944177,0.11042524005486969,1.0,0.04859237568465395,0.9564838990426342,382.48897598510854,3,1.0,0.12441700960219479,0.8755829903978052,0.04641234940121748,0.028583311824479835,0.028511348983616014,0.05701422998071695,0.2793066554255719,0.5,2.0768201162573687,0.35401710134582626,0.597615225643343,False,3,0.1731320166047908,0.0863641786448906,False,False,True,0.0162111548939385,0.0519348312236799,-0.0479959701835191,0.1304178593826381,0.1219098847727057,False,False,False,0.7999999999999999,-0.39999999999999997,0.25,5.80638324521369,variable_and_atlas_unsupported,True,False,False,True
NFE2,TSPO2,TSPO2,ENSG00000112212,0.1505337253842833,0.1505337253842833,True,0.620398773006135,162.7246883785373,0.0096021947873799,False,,,,False,False,False,0.1505337253842833,-0.014405944207487652,0.014405944207487652,0.6852791878172588,0.75,0.013150680589570446,0.021468144044321336,1.0307816156000642,0.0635535038629313,0.0635535038629313,0.040877914951989024,1.0,0.018529881942605353,0.07514944491887286,6.75220430043543,0.09073022651784082,0.09073022651784082,0.06172839506172839,1.0,0.0394340797711365,0.38468233246301387,52.37341889900558,3,0.6666666666666666,0.06172839506172839,0.9382716049382716,0.06363927703870663,0.05468888944612875,0.0545739012601134,0.10513617072532848,0.36617467010003957,0.75,8.239966311132658,0.01624478807390049,0.10156512035518496,False,3,-0.0811405226153927,0.7277302307054525,False,False,True,0.4412908243548076,0.0192519843431169,-0.1944162466694209,-0.1037070282508571,0.6021445045323102,False,False,False,-0.39999999999999997,0.7999999999999999,0.75,5.098186287779889,variable_and_atlas_unsupported,True,False,False,False
NFE2,UROD,UROD,ENSG00000126088,0.150189502508867,0.150189502508867,True,0.8450920245398773,432.4811016488186,0.0097393689986282,True,-0.112267758086946,0.0909173029754611,3.32650697312163e-47,False,False,False,0.150189502508867,0.04610037237210863,0.04610037237210863,0.19989024557552476,1.0,0.00755782747751101,0.8427977839335381,161.90656493593835,0.07200759446295295,0.07200759446295295,0.02290809327846365,1.0,0.0040956752846254075,0.9180187873612767,204.084359714491,0.10548250408269386,0.10548250408269386,0.034156378600823045,1.0,0.0036698865571317928,0.9756309834638693,361.7478085850671,3,1.0,0.034156378600823045,0.965843621399177,0.0721324384642745,0.02995518580476459,0.029771326521244805,0.05938213171058523,0.09909332370446008,1.0,2.261680512526172,0.32276193970910605,0.5790830068864377,True,3,0.0325456421532087,0.8570635205341794,False,False,True,0.0935477301305834,0.0669460076124324,0.0542254772918994,0.0501196360889321,0.9198037349349328,False,False,False,-1.0,1.0,0.0,6.071848200457901,transportable_but_atlas_unsupported,False,False,True,True
GATA1,KEL,KEL,ENSG00000197993,0.1500500579908884,0.1500500579908884,True,0.661042944785276,194.32494936356355,0.0010973936899862,True,0.40067900513733,-0.864813005438345,4.3081316821370206e-167,True,True,True,0.1500500579908884,0.011836689578488243,0.011836689578488243,0.7110714775689395,1.0,0.013797754309964308,0.716066481994471,112.58733084187892,0.021338158296123604,0.021338158296123604,0.36488340192043894,1.0,0.01389214305130556,0.8595217762596471,176.4336334589757,0.012842332051267018,0.012842332051267018,0.6917695473251029,0.6666666666666666,0.05100793958070213,0.9173194081810169,258.2201877394156,3,1.0,0.6917695473251029,0.3082304526748971,0.012843038130451475,0.005221154225245202,0.005219646989309621,0.009501468717635362,0.1945393277677074,0.6666666666666666,0.10086658976204127,0.9508173509415305,0.9757701765798451,False,1,-0.088377550725249,0.8395353032934146,False,False,False,-0.5199414215071737,-0.1566218411084914,-0.1409433445722336,-0.0123958485968485,0.0313135719656757,True,True,True,-0.7999999999999999,-0.7999999999999999,1.0,5.274664578640811,variable_but_atlas_supported,True,True,False,False
NFE2,LINC00278,LINC00278,ENSG00000231535,0.1498825819333264,0.1498825819333264,True,0.6602760736196319,249.8466087218087,0.0098765432098765,True,-0.116080692782677,0.0665968654447059,1.3921087645552699e-12,False,False,False,0.1498825819333264,0.03433336976205801,0.03433336976205801,0.3396899437508575,1.0,0.019613409537023736,0.6405817174515294,101.12001927811235,0.03327794797910151,0.03327794797910151,0.2617283950617284,1.0,0.02244571151132061,0.7288642186165911,127.08081956590625,0.0924931752733622,0.0924931752733622,0.05747599451303155,1.0,0.016320882799657273,0.8198433420365471,194.29442312187788,3,1.0,0.2617283950617284,0.7382716049382716,0.034346869811231674,0.03403297665659839,0.03388736253080103,0.059215227294260694,0.1457404996036465,1.0,3.0467247725320483,0.21797772806187338,0.47177697087517345,False,3,0.1060058196934062,0.4820336023437544,False,False,True,0.0652662798563911,0.0533172654479668,-0.182601970012999,0.0834369311392797,0.2263152487447841,False,True,False,0.7999999999999999,-0.39999999999999997,0.25,5.524841631691214,variable_and_atlas_unsupported,True,False,False,True
BCL11A,CMAS,CMAS,ENSG00000111726,0.1498521921924347,0.1498521921924347,True,0.696319018404908,218.100159019706,0.0190672153635116,True,0.158095977251845,-0.152279423248089,4.13540519572249e-15,False,True,False,0.1498521921924347,-0.00499459542591636,0.00499459542591636,0.9083550555631774,0.25,0.020248692151136758,0.683518005540175,78.01917918345748,0.033485503543264954,0.033485503543264954,0.45569272976680386,1.0,0.01585341948024808,0.7839453458582716,104.03039655724305,0.0844776092903579,0.0844776092903579,0.16694101508916323,1.0,0.028890763786441637,0.8633594429938997,162.32623744395565,3,0.6666666666666666,0.45569272976680386,0.5443072702331961,0.0334980275001118,0.04498640508311752,0.04488167458624137,0.08947220471627426,0.3737145776606935,0.25,5.09672866638795,0.07820948609743714,0.2616847129422356,False,2,0.0222638587391529,0.9590810020570693,False,False,True,-0.0739281674529718,-0.0281437430080294,-0.2231140034532173,-0.0760951938722297,0.4534732625306825,False,False,False,0.6000000000000001,0.6000000000000001,0.75,5.389528972387128,variable_and_atlas_unsupported,True,False,False,False
GFI1B,RPL11,RPL11,ENSG00000142676,0.1497448410744444,0.1497448410744444,True,0.901840490797546,678.088734799051,0.0032921810699588,True,0.0158158191573543,0.078308010185522,9.17868393777415e-35,False,False,False,0.1497448410744444,0.03727422225130193,0.03727422225130193,0.29647413911373305,1.0,0.02114385701900934,0.9993074792244079,1515.2030419357502,0.03967810288053781,0.03967810288053781,0.22469135802469137,1.0,0.0254377966345514,1.0000000000000568,1751.0562691448156,0.08029751920114009,0.08029751920114009,0.06584362139917696,1.0,0.01730368360687141,0.9999999999999868,1876.4313651986079,3,1.0,0.22469135802469137,0.7753086419753086,0.03969894500331803,0.02426446842864823,0.02417546864330307,0.043023296949838155,0.1180224602870221,1.0,1.5223329582207321,0.46712122193916605,0.6835650978258718,False,1,0.1846777440309254,0.337495616987298,False,False,False,-0.0037694161935489,-0.028813441275286,0.0102854663999646,0.0693568721784172,0.5153402736727258,False,False,False,0.7999999999999999,-0.7999999999999999,0.5,6.5207518035549015,variable_and_atlas_unsupported,True,False,False,False
GFI1B,RPL21,RPL21,ENSG00000122026,0.1495147672089809,0.1495147672089809,True,0.9861963190184048,1139.687408553481,0.0034293552812071,True,-0.0824343155582986,0.0960621504660013,1.91077548645037e-66,False,False,False,0.1495147672089809,0.028956936033023045,0.028956936033023045,0.41871312937302785,0.75,0.03499842125704174,1.000000000000031,2220.9145601894884,0.012316545474956976,0.012316545474956976,0.679835390946502,1.0,0.02045261584756016,1.0000000000000568,2559.4626193235194,0.04469248432505804,0.04469248432505804,0.28093278463648835,0.6666666666666666,0.04314949052833124,0.9999999999999868,2765.169743364815,3,1.0,0.41871312937302785,0.5812868706269722,0.028965033610949674,0.01620459381294375,0.016190076664433593,0.032375938850101066,0.20260451961308237,0.6666666666666666,0.8389602507929714,0.6573884905752787,0.8106045331993975,False,1,0.0713134623396615,0.7548858065917718,False,False,False,0.044295506455892,0.0153052438451363,-0.0024752956068084,0.0619743085306182,0.6913421533814519,False,False,False,0.39999999999999997,-0.39999999999999997,0.25,7.039386349622339,variable_and_atlas_unsupported,True,False,False,True
TAL1,WNK1,WNK1,ENSG00000060237,0.1494508248002316,0.1494508248002316,True,0.968558282208589,1074.2078606411462,0.0010973936899862,True,0.122230756408201,-0.305725006695707,2.7727051524074503e-109,False,True,False,0.1494508248002316,0.04285368600102341,0.04285368600102341,0.20139936891205926,1.0,0.02625507765191649,0.9141274238227398,280.3083411336727,0.0512675672632831,0.0512675672632831,0.04993141289437586,1.0,0.008995328658240051,0.9513236549957812,349.30482836896454,0.1327055064488824,0.1327055064488824,0.002880658436213992,1.0,0.03544368764850843,0.9677980852915459,533.8411047489953,3,1.0,0.04993141289437586,0.9500685871056241,0.051312554830871306,0.05005898256057022,0.04962573420865272,0.089851820447859,0.10373523477604704,1.0,6.428469850693758,0.04018606740696376,0.1740992777265747,True,0,,,False,False,False,-0.0152648143125685,0.0624558545728809,0.0483880666239493,0.0117481860008778,0.7174264556801869,False,False,False,-0.39999999999999997,-0.19999999999999998,0.25,6.980269280606322,transportable_but_atlas_unsupported,False,False,False,True
NFE2,ANKH,ANKH,ENSG00000154122,0.1492173912901664,0.1492173912901664,True,0.6380368098159509,193.1880705360269,0.0100137174211248,True,-0.229197457908846,0.133434192227556,1.7183031986794301e-46,False,False,False,0.1492173912901664,0.03401450945369433,0.03401450945369433,0.344354506791055,1.0,0.011972058447737235,0.6073407202216101,72.3674988338962,0.03520546825305558,0.03520546825305558,0.23799725651577502,1.0,0.012258066838874997,0.6848847139197455,110.55647794510092,0.042460841527053365,0.042460841527053365,0.35102880658436214,1.0,0.017691771743327426,0.8833768494342819,238.5931588389918,3,1.0,0.344354506791055,0.655645493208945,0.035220023924758,0.00457843273777669,0.004571639926406257,0.008446332073359035,0.06341995253172433,1.0,0.05329238935610524,0.9737056828407578,0.9847166237944458,False,3,0.2136904606994598,0.1272427893563605,False,False,True,0.1839986842289747,0.1762338237975056,0.0127410026520918,0.2724008499932071,0.415293276742317,False,False,False,0.19999999999999998,-0.19999999999999998,0.0,5.268827125216678,variable_and_atlas_unsupported,True,False,False,True
NFE2,DECR1,DECR1,ENSG00000104325,0.1487254719572263,0.1487254719572263,True,0.6618098159509203,187.62534805697817,0.0101508916323731,True,0.125994633133254,-0.0462549933880231,5.60627056303145e-13,False,True,False,0.1487254719572263,0.07615736740676626,0.07615736740676626,0.038276855535738785,1.0,0.03978723892885541,0.8559556786703811,186.6795100410091,0.038910897114684165,0.038910897114684165,0.1943758573388203,1.0,0.0063355598217407555,0.9077711357814292,215.7041686964738,0.06691223300412427,0.06691223300412427,0.15377229080932783,1.0,0.015232822034937978,0.8990426457789288,224.98300471693582,3,1.0,0.15377229080932783,0.8462277091906721,0.06701236298924368,0.019458509264388933,0.01939435859098858,0.0372464702920821,0.0809884184599555,1.0,1.4057974848859653,0.49514791521088675,0.6950035363164146,False,3,-0.1953326796233067,0.1053730284335537,False,False,True,-0.0973837881289485,-0.0806238566502867,-0.1787274716361506,-0.1940207549926038,0.5072841846896988,False,False,False,0.7999999999999999,0.7999999999999999,1.0,5.239762762318799,variable_and_atlas_unsupported,True,False,False,False
GFI1B,HBA2,HBA2,ENSG00000188536,-0.1486842385313152,0.1486842385313152,True,1.0,54360.66480931233,0.0035665294924554,True,0.111551968444363,-0.897349221949404,0.0,False,False,False,0.1486842385313152,0.16672626559642875,0.16672626559642875,0.0008231581835642749,1.0,0.009970912228430153,0.9944598337950447,1157.316249593665,0.07889828217887396,0.07889828217887396,0.0289437585733882,1.0,0.017097465129866516,1.0000000000000568,2516.2533878252048,-0.0518360657537354,0.0518360657537354,0.21371742112482853,1.0,0.00818436288450568,0.9999999999999868,15601.208869872364,3,0.3333333333333333,0.0289437585733882,0.9710562414266118,-0.07906260869987657,0.11074649620709814,0.10998084460924533,0.21856233135016415,0.11565468842799662,1.0,30.798880636952994,2.051672537546964e-07,1.768911850408697e-05,False,1,-0.0160083127856315,0.9144261961344348,False,False,False,-0.1427017310969254,-0.0433698182205513,-0.1457041660186059,-0.033487228025077,0.5850363456282852,False,True,False,-0.39999999999999997,0.39999999999999997,0.5,10.90341449342733,variable_and_atlas_unsupported,True,False,False,False
BCL11A,TRIB3,TRIB3,ENSG00000101255,0.1486193039785978,0.1486193039785978,True,0.3412576687116564,98.76926237637656,0.019753086419753,False,,,,False,False,False,0.1486193039785978,0.02164531613676365,0.02164531613676365,0.6165454794896419,0.75,0.0169755399436386,0.029778393351800565,1.6353890045281627,0.03739366933976775,0.03739366933976775,0.40891632373113856,1.0,0.024403602174725134,0.04654141759180198,4.6781239560533505,0.15825096006984019,0.15825096006984019,0.029355281207133058,1.0,0.019097138774753233,0.20800696257615242,31.668415170225305,3,1.0,0.40891632373113856,0.5910836762688614,0.03741111299793839,0.07550396339946423,0.07473909876540559,0.13660564393307653,0.29776074855548895,0.75,14.563854246579965,0.0006878586970703105,0.014192817782884072,False,2,-0.0345909827996712,0.9590810020570693,False,False,True,0.543180445354392,0.0961893205948355,0.0416349008550041,-0.0255899483892441,0.7274907072774965,False,False,False,-0.7999999999999999,0.7999999999999999,0.25,4.602860143657398,variable_and_atlas_unsupported,True,False,False,True
BCL11A,PTMA,PTMA,ENSG00000187514,0.1485970838114757,0.1485970838114757,True,0.6779141104294478,521.5877513798719,0.0200274348422496,True,-0.0112198869762068,0.0973936260438774,1.79364550687751e-16,False,False,False,0.1485970838114757,-0.1169531473486955,0.1169531473486955,0.036630539168610234,1.0,0.02279945495988864,1.000000000000031,3944.863493742742,-0.13484140160357555,0.13484140160357555,0.027160493827160494,1.0,0.008272359414794511,0.9995730145175633,3791.896986946476,-0.1286964796072341,0.1286964796072341,0.0588477366255144,1.0,0.03019938254565794,0.9973890339425456,2649.7821060187102,3,0.0,0.036630539168610234,0.9633694608313897,-0.12941414917825098,0.009234642293072333,0.009088963629615029,0.017888254254880054,0.01626533623881379,1.0,0.29324508352270306,0.8636198963469939,0.9194037237879077,False,2,0.0135047815651934,0.9781675867431314,False,False,True,-0.0132634641225281,-0.0197500205891692,0.1041672821244622,-0.116981039689653,0.560231410216532,False,False,False,0.7999999999999999,0.39999999999999997,0.5,6.258792914962381,variable_and_atlas_unsupported,True,False,False,False
BCL11A,TMEM233,TMEM233,ENSG00000224982,0.1484612502202261,0.1484612502202261,True,0.4355828220858895,116.92388599613616,0.0203017832647462,False,,,,False,False,False,0.1484612502202261,0.07114102428930374,0.07114102428930374,0.14213197969543148,1.0,0.02652345371415464,0.07756232686980598,12.476153838121778,0.0858347885261665,0.0858347885261665,0.10192043895747599,1.0,0.016250606215195678,0.18061485909478997,34.40778264479113,0.13718166407957408,0.13718166407957408,0.04938271604938271,1.0,0.015546959017044563,0.5526544821584022,136.94901150539422,3,1.0,0.10192043895747599,0.8980795610425241,0.08604652441832736,0.035081246997876285,0.034674136471953346,0.06604063979027033,0.04651094180185294,1.0,3.093465036486458,0.21294262447025333,0.4707553019538815,False,2,0.0299887464551753,0.9747167166347716,False,False,True,-0.1523216870610366,-0.1801308606528198,-0.2112026003064719,-0.0501625279794423,0.9821582605491463,False,False,False,-0.19999999999999998,-0.19999999999999998,1.0,4.770039382410727,variable_and_atlas_unsupported,True,False,False,False
NFE2,NFIA,NFIA,ENSG00000162599,0.1483754542034812,0.1483754542034812,True,0.7852760736196319,985.2199401039912,0.0102880658436214,False,,,,False,False,False,0.1483754542034812,0.0536105734019802,0.0536105734019802,0.13883934696117436,1.0,0.03822869839321122,0.9480609418282824,1325.8539502812027,0.1075970893209282,0.1075970893209282,0.003017832647462277,1.0,0.009793949216291174,0.9760888129804127,1583.3064390666757,0.037362481961199144,0.037362481961199144,0.41056241426611795,1.0,0.01923949186403113,0.9756309834638693,1855.3232790320194,3,1.0,0.13883934696117436,0.8611606530388256,0.05366202275493882,0.03698812655087841,0.036768293513819106,0.07023460735972906,0.20751445534500398,1.0,4.796711646757049,0.0908672323142714,0.29448595184572773,False,3,-0.189652999625292,0.0355920922894983,False,False,True,-0.0081768045226107,-0.0400126069498531,-0.2559314749627775,-0.1968725200025195,6.4422474819186e-05,True,True,True,-0.19999999999999998,-0.19999999999999998,1.0,6.893879392713579,variable_and_atlas_unsupported,True,True,False,False
BCL11A,STRN,STRN,ENSG00000115808,0.1480618568948026,0.1480618568948026,True,0.281441717791411,45.34020734386517,0.0205761316872428,False,,,,False,False,False,0.1480618568948026,0.019827493793474867,0.019827493793474867,0.6472767183427082,1.0,0.014759329187154396,0.698753462603888,79.85828837173104,0.042741880345374926,0.042741880345374926,0.35212620027434843,1.0,0.0040887105199714155,0.696413321947074,78.90962926852228,0.15456466998096252,0.15456466998096252,0.030864197530864196,1.0,0.023254926059202125,0.7119234116623127,85.4469512048314,3,1.0,0.35212620027434843,0.6478737997256516,0.04276793684168342,0.07279757586718631,0.07209196908569042,0.13473717618748765,0.3082984210513107,1.0,13.412406012402405,0.001223300180693902,0.02103396699582015,False,2,0.0326404175016696,0.977856356695552,False,False,True,0.0549240674574849,0.0200581251976854,-0.0907314311521975,-0.0998335938070124,0.7281038806505915,False,False,False,0.6000000000000001,0.7999999999999999,0.5,3.8360099933978704,variable_and_atlas_unsupported,True,False,False,False
BCL11A,CENPK,CENPK,ENSG00000123219,0.1480518861974852,0.1480518861974852,True,0.3535276073619632,82.70252431981896,0.0208504801097393,False,,,,False,False,False,0.1480518861974852,0.029025851327199075,0.029025851327199075,0.5054191247084648,1.0,0.016230307797096055,0.7853185595568027,139.65271514961194,0.1390417229815672,0.1390417229815672,0.024554183813443074,1.0,0.015811802488463006,0.8497011101622932,173.42268528402963,0.07866254695695997,0.07866254695695997,0.1914951989026063,1.0,0.03536237691512674,0.8494342906875468,199.01004849956217,3,1.0,0.1914951989026063,0.8085048010973936,0.07882540128370702,0.055553522896235566,0.05509527878491106,0.11001587165436812,0.24414770976273606,1.0,11.21645339725237,0.0036675672967520175,0.04053971708374105,False,2,-0.0165060877476273,0.9805249974044375,False,False,True,-0.0128036125646813,-0.0866776804970621,-0.0669187127448098,-0.0056449728630358,0.8191334345823246,False,False,False,-0.19999999999999998,-0.19999999999999998,1.0,4.427269136178274,variable_and_atlas_unsupported,True,False,False,False
GFI1B,DHX9,DHX9,ENSG00000135829,0.1478911098044911,0.1478911098044911,True,0.531441717791411,112.41018969646936,0.0037037037037037,False,,,,False,False,False,0.1478911098044911,0.016446483455055023,0.016446483455055023,0.6470023322815202,1.0,0.012283890393373657,0.8898891966759237,220.55390366068337,0.00660180232535675,0.00660180232535675,0.8248285322359397,0.75,0.020614738285479644,0.9248505550811751,235.13009503506308,0.017213260481256307,0.017213260481256307,0.6788751714677641,1.0,0.01140196667248377,0.868581375108782,174.83776796002982,3,1.0,0.6788751714677641,0.3211248285322359,0.01644796654808262,0.00591848009231097,0.005917611254379515,0.010611458155899558,0.09481597860025719,0.75,0.12708327977234724,0.938435042158749,0.9703956667736956,False,1,-0.126064831239329,0.6409567536422461,False,False,False,-0.0741969811596552,0.0284367435388731,0.0295616477251502,0.0017113883587493,0.6265199799744714,False,True,False,-0.39999999999999997,0.0,0.25,4.731011243486711,variable_and_atlas_unsupported,True,False,False,True
GFI1B,NASP,NASP,ENSG00000132780,0.1476552257173357,0.1476552257173357,True,0.2400306748466257,51.36642836331372,0.0038408779149519,False,,,,False,False,False,0.1476552257173357,0.027868557526786953,0.027868557526786953,0.43599945122787764,1.0,0.023370164245200404,0.9383656509695559,341.5510685411127,0.06309281795932081,0.06309281795932081,0.06680384087791495,1.0,0.006390543140920795,0.969684030743008,412.94300499060864,0.07034337240405997,0.07034337240405997,0.09794238683127572,1.0,0.02910265435283007,0.8903394255874583,334.50229869252865,3,1.0,0.09794238683127572,0.9020576131687242,0.06317673642091143,0.022776428650338455,0.022720874989143464,0.04247481487727302,0.20475903990390726,1.0,1.4792997194282833,0.4772810015738742,0.6902732242388508,True,1,0.3285288525946612,0.8395353032934146,False,False,False,-0.1143533643599752,-0.0615024874327848,-0.0159831618177652,0.1046494997605847,0.560231410216532,False,True,False,-0.39999999999999997,-1.0,0.75,3.958265705914373,transportable_but_atlas_unsupported,False,False,False,False
GFI1B,RPS5,RPS5,ENSG00000083845,0.1476206837671649,0.1476206837671649,True,0.8144171779141104,417.5333525269796,0.0039780521262002,True,-0.0286762061311725,0.0952744699100986,2.92558898985131e-40,False,False,False,0.1476206837671649,0.07234699639366424,0.07234699639366424,0.05227054465633146,1.0,0.017139845791625304,0.9944598337950447,961.8306226159835,0.00654561190114806,0.00654561190114806,0.8264746227709191,0.5,0.02607482312908116,0.9991460290350697,1230.5833941334333,0.08070661129640083,0.08070661129640083,0.06392318244170096,1.0,0.012583013131562085,0.9991296779808397,1303.753137696943,3,1.0,0.06392318244170096,0.9360768175582991,0.07247361779318821,0.040708644988604444,0.04061928768815107,0.07416099939525277,0.4436613644220069,0.5,5.969813869214564,0.05054420724675261,0.20448930905712331,False,1,0.1182749683901872,0.7748817604182308,False,False,False,0.0392016015112533,-0.0158802259735272,-0.0161078901922077,0.0900786108439533,0.6059648449127788,False,False,False,0.7999999999999999,-0.39999999999999997,0.5,6.036756582158989,variable_and_atlas_unsupported,False,False,False,False
GFI1B,EEF1G,EEF1G,ENSG00000254772,0.1475168846445813,0.1475168846445813,True,0.754601226993865,321.44861531066493,0.0041152263374485,True,0.0868776703424312,0.0724232428207487,2.79179218639773e-21,False,False,False,0.1475168846445813,0.05569403618372898,0.05569403618372898,0.1218274111675127,1.0,0.03614784685418184,0.9854570637119415,939.7684573820744,0.08725314042155602,0.08725314042155602,0.020713305898491085,1.0,0.010914759000861448,0.991460290350184,947.2921531710256,0.11909984816761206,0.11909984816761206,0.00850480109739369,1.0,0.027863875988905617,0.9904264577893692,963.9162423559421,3,1.0,0.020713305898491085,0.9792866941015089,0.08747557998347286,0.03195833446434202,0.03170301470389493,0.06340581198388308,0.062202791774080154,1.0,2.602688576856342,0.27216567783567475,0.5314528535655605,True,1,0.1663824348915726,0.7703217839302647,False,False,False,-0.1007616055969302,-0.0479756310860754,-0.0301506675367794,0.0559754928263073,0.4278750891836168,False,True,False,-0.39999999999999997,-1.0,0.75,5.775943791171046,transportable_but_atlas_unsupported,False,False,False,False
KLF1,EPOR,EPOR,ENSG00000187266,0.1472673461567314,0.1472673461567314,True,0.7254601226993865,196.5499401582157,0.0017832647462277,True,0.132185857521754,-0.204823272483375,7.34406614154773e-54,False,True,False,0.1472673461567314,0.1017003040681457,0.1017003040681457,0.010975442447523666,1.0,0.0239405952875713,0.7396121883656638,113.12361601111222,0.13345283814163153,0.13345283814163153,0.0019204389574759945,1.0,0.010831463676626525,0.811272416737865,127.31347191479684,0.11430487039832106,0.11430487039832106,0.007956104252400549,1.0,0.016032792447617853,0.9094865100086934,195.01843377473844,3,1.0,0.007956104252400549,0.9920438957475994,0.11480663049139829,0.01621580392920001,0.01598824141444021,0.03175253407348583,0.0046104726238868675,1.0,0.9642239148582367,0.6174779266534522,0.7866118525596592,True,3,-0.0784494986644634,0.6885005162203544,False,False,True,-0.1854273790467516,-0.1043869197325336,-0.0577181548426632,-0.0729003726062494,0.7674508295135205,False,False,False,-0.39999999999999997,-0.39999999999999997,1.0,5.2859914139376665,transportable_but_atlas_unsupported,False,False,True,False
GFI1B,TCF12,TCF12,ENSG00000140262,0.14707034106165,0.14707034106165,True,0.5199386503067485,158.08459928145948,0.0042524005486968,False,,,,False,False,False,0.14707034106165,-0.011393207803204413,0.011393207803204413,0.7556592125120044,0.75,0.01959582380831628,0.9196675900277264,339.19510912090306,0.025807988137870545,0.025807988137870545,0.4108367626886145,1.0,0.019036091820147663,0.9436379163108956,338.0462433528616,0.10149490272002769,0.10149490272002769,0.020438957475994512,1.0,0.047370937394226056,0.9208006962576051,302.14867839872517,3,0.6666666666666666,0.4108367626886145,0.5891632373113855,0.025813720251647916,0.05771823870072871,0.05752704221482634,0.1128881105232321,0.3678454819695018,0.75,8.328739965338675,0.01553950197232164,0.09852320066496525,False,1,-0.0164840344956392,0.977178306437247,False,False,False,0.0327584578510657,-0.0332030334490714,-0.0686806619198108,0.0237143636859642,0.7491290495684038,False,True,False,-0.19999999999999998,0.39999999999999997,0.75,5.069436131673247,variable_and_atlas_unsupported,True,False,False,False
GATA1,BLVRB,BLVRB,ENSG00000090013,0.14704823599806,0.14704823599806,True,0.9961656441717792,2257.3448275904234,0.0012345679012345,True,0.244438007396406,-0.461713341027478,3.15572921177357e-292,False,True,False,0.14704823599806,0.14692233453683223,0.14692233453683223,0.00013719303059404582,1.0,0.035272367074461644,0.9792243767313317,568.6735926159331,0.01669873316276556,0.01669873316276556,0.47352537722908095,1.0,0.018497320674254834,0.9991460290350697,896.6476450360648,0.12951654946907526,0.12951654946907526,0.00027434842249657066,1.0,0.02823912411832781,0.9991296779808397,1768.2768815886755,3,1.0,0.00027434842249657066,0.9997256515775035,0.13024812012818676,0.07123422523248499,0.0706977220104262,0.1302236013740667,0.27327121083178907,1.0,18.808382170969416,8.237808744459455e-05,0.0029995315369531783,True,1,-0.0286007714993388,0.8569887257117662,False,False,False,-0.25034492561737,-0.1063321054238823,-0.0319879910096456,-0.013784695495355,0.0993777372662275,False,True,False,-0.39999999999999997,-0.39999999999999997,1.0,7.722387446774776,transportable_but_atlas_unsupported,False,False,False,False
NFE2,GALNT5,GALNT5,ENSG00000136542,0.1470308597180245,0.1470308597180245,True,0.5812883435582822,153.2158886991608,0.0104252400548696,False,,,,False,False,False,0.1470308597180245,0.11207337909934564,0.11207337909934564,0.0037042118260392372,1.0,0.016513722121097807,0.5927977839335205,71.96054577103457,0.021950557738288936,0.021950557738288936,0.45089163237311386,1.0,0.013951955744668832,0.6652433817250377,86.58958850990972,0.020466283186134315,0.020466283186134315,0.6455418381344308,0.6666666666666666,0.023795674520058416,0.684943429068754,91.25751591132925,3,1.0,0.45089163237311386,0.5491083676268862,0.02195408421485423,0.05273726242816845,0.05246615738212493,0.09160709591321133,0.3290949281093171,0.6666666666666666,8.403568915119768,0.014968841710984076,0.09852320066496525,False,3,0.0342700718486336,0.8979029342776277,False,False,True,0.1219088271350378,-0.0217372566407018,-7.218156973748391e-05,-0.0064247407765702,0.575145490084116,False,False,False,0.39999999999999997,0.0,0.75,5.038353495374591,variable_and_atlas_unsupported,True,False,False,False
NFE2,BMP2K,BMP2K,ENSG00000138756,0.1469534340173987,0.1469534340173987,True,0.9524539877300614,1004.8683929511652,0.0105624142661179,False,,,,False,False,False,0.1469534340173987,0.009182554796287561,0.009182554796287561,0.7940732610783372,0.75,0.013976855324129366,0.9605263157895021,743.2411663535345,0.06378519880484029,0.06378519880484029,0.0401920438957476,1.0,0.014696285866334466,0.9726729291204635,644.3571356476789,0.10377308830491348,0.10377308830491348,0.03607681755829904,1.0,0.022312812916201095,0.970409051348987,703.0539435483769,3,1.0,0.0401920438957476,0.9598079561042524,0.06387191504644174,0.04766454477818978,0.04748306552312675,0.09459053350862592,0.4364463374989602,0.75,5.909131501001616,0.05210128061925518,0.20856749821645687,True,3,0.0519094305505156,0.5981304723184852,False,False,True,0.0391798305403921,0.1092742192508947,0.0162826308238105,0.0324235165811537,0.7484350127243871,False,False,False,-0.6000000000000001,0.6000000000000001,0.0,6.913606519985587,transportable_but_atlas_unsupported,False,False,True,True
GFI1B,RPS27A,RPS27A,ENSG00000143947,0.1467406549693355,0.1467406549693355,True,0.9401840490797546,880.781510760749,0.0043895747599451,True,-0.091937567062236,0.127876377241519,6.824173531170989e-94,False,False,False,0.1467406549693355,0.0467462248137022,0.0467462248137022,0.1955000685965153,1.0,0.022034042526720393,0.9986149584487846,2122.482774797705,-0.024831380883784594,0.024831380883784594,0.4290809327846365,0.75,0.021225287986089022,1.0000000000000568,2424.8099087368228,0.0279181810824436,0.0279181810824436,0.5006858710562414,1.0,0.027434240546063384,0.9999999999999868,2514.9690777078763,3,0.6666666666666666,0.4290809327846365,0.5709190672153635,0.027925437850970167,0.03712208266846895,0.03710427907883409,0.07157760569748679,0.15959618903278822,0.75,5.114151927623856,0.07753111310149752,0.2616847129422356,False,1,0.1333087826997905,0.6494861494441965,False,False,False,0.0555386506600384,0.0035428729741234,0.0058669215463143,0.0663202524752435,0.5840399998133623,False,False,False,1.0,-1.0,0.25,6.78194430509316,variable_and_atlas_unsupported,True,False,False,True
NFE2,RAD23A,RAD23A,ENSG00000179262,0.1466257661045443,0.1466257661045443,True,0.8888036809815951,451.85921698249615,0.0106995884773662,True,-0.097664244700185,0.0562265897954111,4.29295842334969e-19,False,False,False,0.1466257661045443,0.06470595768554233,0.06470595768554233,0.0742214295513788,1.0,0.02061057105831118,0.8400277008310448,147.71975643819783,0.057692035164004785,0.057692035164004785,0.05925925925925926,1.0,0.008645577356567721,0.9099060631938974,196.7287228910214,0.08162309345231036,0.08162309345231036,0.08888888888888889,1.0,0.013973641455408014,0.9738903394255752,354.1930398571956,3,1.0,0.0742214295513788,0.9257785704486212,0.06479649017213114,0.012363986483085947,0.012302304272558543,0.02393105828830558,0.014815059091213702,1.0,0.44259759943050136,0.8014771633599902,0.8907988907045444,True,3,0.0345005851090206,0.8233275118560639,False,False,True,0.0378620272187441,-0.0080780928346486,-0.0580046082646862,0.0288234086218569,0.5840399998133623,False,True,False,0.39999999999999997,0.0,0.5,6.115581297893056,transportable_but_atlas_unsupported,False,False,True,False
GFI1B,ATAD2,ATAD2,ENSG00000156802,0.1456045645099997,0.1456045645099997,True,0.4133435582822086,164.5213205332957,0.0045267489711934,True,0.180052765226416,-0.229541706413278,2.22847600680178e-38,False,True,False,0.1456045645099997,0.03773167424564497,0.03773167424564497,0.2907120318287831,1.0,0.024195308622583164,0.8088642659279955,173.01864687517522,0.09060969906158856,0.09060969906158856,0.017421124828532236,1.0,0.024089132635239662,0.8958155422716071,240.25897149609037,0.04348222981849524,0.04348222981849524,0.2960219478737997,1.0,0.008445350004951575,0.8912097476066053,367.8670857208146,3,1.0,0.2907120318287831,0.709287968171217,0.04350966496138115,0.02914254239384977,0.029011930750097427,0.052878024815943586,0.15933953979836335,1.0,3.143009417042543,0.20773237040274603,0.46421060389638913,False,1,0.1245088044920912,0.925777446143282,False,False,False,-0.0310021958791032,-0.0749550629794051,-0.2227741526873922,-0.0054142883122116,0.5089737328609713,False,True,False,-0.39999999999999997,-0.39999999999999997,1.0,5.10910001149449,variable_and_atlas_unsupported,True,False,False,False
KLF1,ISG15,ISG15,ENSG00000187608,-0.1455641533688178,0.1455641533688178,True,0.0621165644171779,14.995630712757066,0.0019204389574759,False,,,,False,False,False,0.1455641533688178,-0.0032990743293108754,0.0032990743293108754,0.9263273425709974,0.75,0.024378747039029567,0.22991689750692365,16.898807979096574,-0.025586915679879557,0.025586915679879557,0.39122085048010974,1.0,0.019198630021222036,0.22843723313407222,15.096840405692475,-0.007825253187060758,0.007825253187060758,0.8388203017832647,0.6666666666666666,0.0177184775281073,0.17406440382941632,9.02657993036646,3,1.0,0.8388203017832647,0.16117969821673528,0.007825412918312957,0.011783840965830185,0.011780710374939671,0.02228784135056868,0.2870370791588102,0.6666666666666666,0.5157523137260981,0.7726909186490041,0.8759994114354094,False,3,0.3054526915408515,0.798196759144511,False,False,True,0.0923870063711486,0.0507127337044325,0.4452622795565017,0.2827741844705299,0.7239890688551928,False,False,False,0.0,0.0,1.0,2.7723156044938415,variable_and_atlas_unsupported,True,False,False,False
GFI1B,H2AFY,H2AFY,ENSG00000113648,0.1455604002556954,0.1455604002556954,True,0.4325153374233129,89.21909617146731,0.0046639231824417,True,0.039700567423459,0.115206706592965,2.2498338872888e-25,False,False,False,0.1455604002556954,-0.013006368919599729,0.013006368919599729,0.7216353409246811,0.5,0.020795132212684864,0.9314404432133228,300.66209652968223,0.015823329291574796,0.015823329291574796,0.6069958847736625,0.5,0.02438911353032856,0.9432109308284019,280.15260114404015,0.061620488060812134,0.061620488060812134,0.14513031550068586,1.0,0.023827590291064786,0.9112271540469875,257.32850331959656,3,0.6666666666666666,0.6069958847736625,0.3930041152263375,0.015824650093194566,0.037675468198671555,0.037633537864199845,0.07462685698041187,0.3051830197672574,0.5,3.5580141094383095,0.16880567888219422,0.41964142661878806,False,1,0.173439058982239,0.9144261961344348,False,False,False,-0.0391503640029125,-0.0376154738798273,0.0147999616232671,0.0160803264923489,0.9214043062044416,False,True,False,-0.7999999999999999,-1.0,0.25,4.502241113879385,variable_and_atlas_unsupported,True,False,False,True
NFE2,MFSD2B,MFSD2B,ENSG00000205639,0.1451327302494985,0.1451327302494985,True,0.536042944785276,109.01038155751549,0.0108367626886145,True,-0.0427491884113026,0.0460505352042214,4.1836480336755e-09,False,False,False,0.1451327302494985,0.06899893115062872,0.06899893115062872,0.0574838798189052,1.0,0.022746923264065078,0.7146814404432243,98.51853527781888,0.047389268857683485,0.047389268857683485,0.11550068587105625,1.0,0.013520386018378166,0.7514944491887544,102.39614575353683,0.05936437433424021,0.05936437433424021,0.1979423868312757,1.0,0.021959772155196282,0.8363794604003411,138.31226928731408,3,1.0,0.11550068587105625,0.8844993141289438,0.05943425806462884,0.010862908582458385,0.01082593599215957,0.021609662292945232,0.07058231132733293,1.0,0.4290933605943392,0.8069071441874625,0.8943064980181016,False,3,0.2032101161852089,0.0187674013527879,False,False,True,0.0308393270668922,0.0028959685408942,-0.0637099288635032,0.1649329308054576,0.2051266519841103,False,False,False,0.7999999999999999,-0.7999999999999999,0.25,4.700574739134708,variable_and_atlas_unsupported,True,False,False,True
GATA1,LPIN2,LPIN2,ENSG00000101577,-0.1450683147953793,0.1450683147953793,True,0.8427914110429447,748.748833337408,0.0013717421124828,True,0.297060089351446,-0.549537811253028,1.04913626676979e-126,True,False,False,0.1450683147953793,0.020801888534445024,0.020801888534445024,0.5078885992591576,0.5,0.025842390390771113,0.700831024930758,80.63603717553464,0.009420759405607923,0.009420759405607923,0.6810699588477366,1.0,0.006236342173786313,0.7621690862510956,98.8039871569236,0.01910394916512873,0.01910394916512873,0.553360768175583,0.6666666666666666,0.03946566338263881,0.8468233246301057,147.37114639924053,3,0.0,0.553360768175583,0.446639231824417,-0.019106273738836534,0.006141134039531571,0.006139723965945417,0.011381129128837101,0.08978598520653533,0.5,0.1398811809089233,0.9324492146445235,0.9684329930620135,False,1,-0.1322020542299616,0.7703217839302647,False,False,False,-0.1210605187960505,-0.0566045668671738,0.1105579975645835,0.0554143306767838,0.5184020307901149,False,True,False,-0.19999999999999998,0.39999999999999997,0.75,6.619738261559095,variable_but_atlas_supported,True,False,False,False
GATA1,FAM210B,FAM210B,ENSG00000124098,0.1450271062468852,0.1450271062468852,True,0.8420245398773006,316.03370099604444,0.0015089163237311,True,0.272819908049552,-0.498042929877909,1.15053779664416e-130,True,True,True,0.1450271062468852,0.10439754525833317,0.10439754525833317,0.0012347372753464124,1.0,0.010665822809389856,0.7763157894736996,122.14461441272549,0.04231797571180788,0.04231797571180788,0.07215363511659809,1.0,0.01874808341528899,0.9090520922289101,192.93821754132858,0.04472587636845351,0.04472587636845351,0.1607681755829904,1.0,0.013544425727539097,0.9608355091383695,317.5645846878778,3,1.0,0.07215363511659809,0.9278463648834019,0.044755735489087387,0.035371624191024735,0.03516716984337707,0.06207956954652529,0.07993012030449537,1.0,3.8532785020160527,0.14563682576227602,0.39300696919449507,True,1,-0.0130100058968997,0.977178306437247,False,False,False,-0.2799287408140696,-0.0681482771521252,-0.0839490199419676,0.078237856472221,0.1128804034710458,False,True,False,0.39999999999999997,-0.19999999999999998,0.75,5.759008080516891,transportable_and_atlas_supported,False,False,False,False
NFE2,MTMR3,MTMR3,ENSG00000100330,0.1449487000050108,0.1449487000050108,True,0.7162576687116564,207.6459819743185,0.0109739368998628,False,,,,False,False,False,0.1449487000050108,0.018204209590413852,0.018204209590413852,0.6116065303882563,0.75,0.02314162561401577,0.6204986149584532,63.28446425515983,0.008806705666859812,0.008806705666859812,0.7695473251028807,1.0,0.009617165226534772,0.5939368061485987,62.05654062378885,0.01581756740377228,0.01581756740377228,0.7159122085048011,0.6666666666666666,0.025486464786286855,0.6701479547432542,84.80059995537844,3,1.0,0.7159122085048011,0.2840877914951989,0.015818886762907776,0.004885581873053392,0.004884692470947278,0.00939750392355404,0.08031365061944014,0.6666666666666666,0.08860807020299158,0.9566630541041181,0.9771855288621273,False,3,0.0738684800228263,0.689105888381774,False,False,True,0.0021932926804217,0.0207325905794235,0.1312329788044341,0.0533055520850403,0.7245100949286609,False,True,False,0.0,0.0,0.0,5.3406389495998905,variable_and_atlas_unsupported,True,False,False,True
KLF1,CDKN1A,CDKN1A,ENSG00000124762,-0.1444564509648604,0.1444564509648604,True,0.0820552147239263,27.16325405517616,0.0020576131687242,True,-0.0530723728227699,0.171704259047474,7.12902459804924e-12,False,True,False,0.1444564509648604,0.0313474445833623,0.0313474445833623,0.3871587323363973,1.0,0.020609640134488686,0.3774238227146785,60.715052219861676,-0.01494288429819185,0.01494288429819185,0.6128943758573389,0.75,0.01583701538045126,0.4252775405636179,75.17463601667552,-0.08335339384739933,0.08335339384739933,0.03868312757201646,1.0,0.0389799344674983,0.34638816362054115,58.97518765804967,3,0.6666666666666666,0.3871587323363973,0.6128412676636027,0.01494399664505911,0.05781205830587559,0.057704815947868596,0.11470083843076162,0.28928370893441346,0.75,8.390865511146274,0.015064221925298407,0.09852320066496525,False,3,-0.2675845873082632,0.8569887257117662,False,False,True,0.0357436918213343,0.1815454811240949,-0.0924389696763769,-0.4097684296698369,0.6347408976751173,False,False,False,0.39999999999999997,-0.7999999999999999,0.25,3.3380180805504223,variable_and_atlas_unsupported,True,False,False,True
KLF1,CLEC2B,CLEC2B,ENSG00000110852,-0.1443151832510301,0.1443151832510301,True,0.0720858895705521,19.49987294494296,0.0021947873799725,False,,,,False,False,False,0.1443151832510301,-0.04124765338125287,0.04124765338125287,0.2569625463026478,1.0,0.025093168863587128,0.10872576177285277,8.082955062360941,-0.004747667107055163,0.004747667107055163,0.8744855967078189,0.75,0.008436523441841924,0.06105892399658432,3.6441416992786824,-0.06998380787294772,0.06998380787294772,0.07311385459533608,1.0,0.020058100339714256,0.031331592689295015,2.060465206386428,3,1.0,0.2569625463026478,0.7430374536973522,0.0412710697815498,0.03275078805304532,0.03269497829691517,0.06523614076589256,0.41978798781460175,0.75,3.4933775131389915,0.17435030498914936,0.4225216236413674,False,3,0.5923557600318605,0.5324675436904682,False,False,True,0.3985740212710457,-0.0719805644916552,0.2486821954201939,0.7040692237570444,0.560231410216532,False,False,False,0.7999999999999999,0.7999999999999999,0.75,3.0204186883174957,variable_and_atlas_unsupported,True,False,False,False
GATA1,KLF13,KLF13,ENSG00000169926,0.1442354429330303,0.1442354429330303,True,0.6993865030674846,237.88679138472995,0.0016460905349794,True,0.308563916792356,-0.612283194796458,2.7265892528579e-104,True,True,True,0.1442354429330303,0.05187762352029843,0.05187762352029843,0.09493757717107972,1.0,0.0072269052690033695,0.5602493074792245,55.34526275824928,0.04255453371813067,0.04255453371813067,0.07023319615912209,1.0,0.015000315094104776,0.7032450896669723,93.70033413935666,0.037160347545460284,0.037160347545460284,0.24567901234567902,1.0,0.046510294609134396,0.8938207136640465,212.48978683494792,3,1.0,0.09493757717107972,0.9050624228289202,0.04258024883388146,0.00746064630601176,0.007445529531697312,0.014717275974838143,0.09496887309100197,1.0,0.14746048517040575,0.928922243708936,0.9684329930620135,True,1,-0.1445822063986907,0.6106468657679304,False,False,False,-0.0871523612415066,-0.0752329871669479,-0.1795656809442447,-0.1230244823393951,0.9348870183947487,False,True,False,-0.19999999999999998,-0.19999999999999998,1.0,5.475989763496975,transportable_and_atlas_supported,False,False,False,False
GFI1B,RPL7,RPL7,ENSG00000147604,0.1441535134010132,0.1441535134010132,True,0.8926380368098159,456.8302183878381,0.0048010973936899,True,-0.10152352186571,0.158992330281919,4.87499469134206e-124,False,False,False,0.1441535134010132,0.04714600769863428,0.04714600769863428,0.19234462889285225,1.0,0.029303722313637797,0.9993074792244079,1581.1332851360435,-0.040708744885495106,0.040708744885495106,0.21262002743484226,1.0,0.024352043942041025,1.0000000000000568,1682.6366387265698,0.009847838624340213,0.009847838624340213,0.8100137174211248,0.6666666666666666,0.01654022341349083,0.9999999999999868,1505.9377261326676,3,0.6666666666666666,0.21262002743484226,0.7873799725651578,0.009848156990417764,0.04412213917703286,0.04409379983644746,0.08785475258412939,0.3509048815906314,0.6666666666666666,7.106377034311575,0.028633196509398592,0.1373949506923855,False,1,0.1767251197801724,0.6301016160582064,False,False,False,0.0582704424989156,0.0060566651605876,0.0379782452656615,0.0377718990771815,0.843292792515562,False,True,False,0.0,-0.39999999999999997,0.25,6.126498413177175,variable_and_atlas_unsupported,True,False,False,True
TAL1,DAPK1,DAPK1,ENSG00000196730,0.143949596919008,0.143949596919008,True,0.6487730061349694,390.190100049461,0.0012345679012345,False,,,,False,False,False,0.143949596919008,-0.011252500517333364,0.011252500517333364,0.7300041157909178,0.75,0.010752814108977236,0.4868421052631539,89.73130581737554,-0.014818481690245822,0.014818481690245822,0.5513031550068587,0.75,0.013648234503081266,0.4453458582408167,65.8939251891071,0.033271995198101895,0.033271995198101895,0.3779149519890261,0.6666666666666666,0.043449204407401694,0.3394255874673643,62.15340598459482,3,0.3333333333333333,0.5513031550068587,0.44869684499314133,-0.01125297547933442,0.02680257428797561,0.02679502723699581,0.048090476888347715,0.176051262230453,0.6666666666666666,1.9189994968976012,0.38308447665303574,0.6187009580149122,False,0,,,False,False,False,0.3520985090594152,0.0988725832566133,0.5762922881397965,0.1076319606724078,0.423149485355603,False,True,False,0.0,-0.39999999999999997,0.5,5.969193631218412,variable_and_atlas_unsupported,True,False,False,False
GATA1,RHCE,RHCE,ENSG00000188672,0.1438117652597411,0.1438117652597411,True,0.8581288343558282,479.1680118730355,0.0017832647462277,True,0.346023133489917,-0.973208534771153,4.38676302242053e-163,True,True,True,0.1438117652597411,0.030331002887273383,0.030331002887273383,0.32857730827273973,1.0,0.011638048971897156,0.3905817174515205,37.7191299708091,0.020491646720513207,0.020491646720513207,0.38189300411522636,1.0,0.01597607771457305,0.5918018787361304,79.96242333335121,0.04688714840833066,0.04688714840833066,0.1429355281207133,1.0,0.008306726786869084,0.8894691035683112,275.93936174247614,3,1.0,0.32857730827273973,0.6714226917272603,0.030340309226318328,0.01335580760448213,0.013339423985829624,0.02639550168781745,0.1254366435661513,1.0,0.5349806024256112,0.7652977530468785,0.8712935550535871,False,1,0.0952057102248051,0.7738387810495316,False,False,False,-0.6561242181935542,0.0290313338480989,-0.1444923356040546,0.055542616286065,0.0098017354564917,True,True,True,0.19999999999999998,-0.39999999999999997,0.5,6.174136067393061,variable_but_atlas_supported,True,True,False,False
NFE2,CD58,CD58,ENSG00000116815,0.1437980778346896,0.1437980778346896,True,0.6242331288343558,210.6032553248382,0.0111111111111111,True,0.083148614201684,-0.0388073962203831,1.995260609735e-07,False,True,False,0.1437980778346896,0.06059841479675329,0.06059841479675329,0.09576073535464398,1.0,0.01716008938316568,0.7825484764543095,128.94528521069958,0.09431416557567902,0.09431416557567902,0.005898491083676269,1.0,0.006347633207768044,0.8633646456020899,176.7886888830129,0.12379577114161489,0.12379577114161489,0.016598079561042523,1.0,0.03811978003306676,0.9103568320278405,238.6588367565691,3,1.0,0.016598079561042523,0.9834019204389575,0.09459531421414383,0.031902440653426165,0.031622309546456465,0.0631973563448616,0.049085690737892713,1.0,2.6154102918309015,0.2704399650711102,0.5298109016334857,True,3,-0.283991853995019,0.0086640490260288,True,True,True,-0.0009176289163147,-0.0737329226348078,-0.2337564730988525,-0.3011674078650716,0.0045860544876306,True,False,False,1.0,1.0,1.0,5.35471308419869,transportable_but_atlas_unsupported,False,False,False,False
GATA1,PDE12,PDE12,ENSG00000174840,0.1437819090647379,0.1437819090647379,True,0.0889570552147239,9.023661737822424,0.0019204389574759,False,,,,False,False,False,0.1437819090647379,-0.01982534019383672,0.01982534019383672,0.5305254493071752,0.75,0.031197474635737594,0.4265927977839301,31.921635414323944,-0.03233329338172846,0.03233329338172846,0.16968449931412893,1.0,0.012407622404803548,0.48761742100768224,38.390876169618906,-0.015230509275831312,0.015230509275831312,0.6395061728395062,0.6666666666666666,0.022495560841832615,0.402088772845956,27.046885982117708,3,0.0,0.5305254493071752,0.46947455069282484,-0.019827938217636124,0.008856656976273962,0.008851238974370365,0.017102784105897148,0.2459049254650059,0.6666666666666666,0.2720029789541086,0.8728413324106145,0.9251520287023466,False,1,0.6652167080436021,0.5787085648824443,False,False,False,-0.0373133337784039,-0.0151961076885648,-0.0229437557837676,-0.5211789859659735,0.5184020307901149,False,False,False,0.39999999999999997,0.7999999999999999,0.25,2.3049484717951767,variable_and_atlas_unsupported,True,False,False,True
NFE2,TRAK2,TRAK2,ENSG00000115993,0.1437289403535327,0.1437289403535327,True,0.9455521472392638,847.2738323685321,0.0112482853223593,False,,,,False,False,False,0.1437289403535327,-0.0254525736390976,0.0254525736390976,0.4774317464672795,0.75,0.026949698156774775,0.772853185595583,127.81644142914816,0.08435475349634185,0.08435475349634185,0.011934156378600824,1.0,0.02388748602147059,0.854824935952217,175.21906470200855,0.11192102542377629,0.11192102542377629,0.02633744855967078,1.0,0.010444232625857294,0.9556135770234871,351.04014234503563,3,0.6666666666666666,0.02633744855967078,0.9736625514403292,0.08455569382511885,0.07289318003779985,0.07267399140464433,0.13737359906287389,0.2646952734777544,0.75,14.96977203195911,0.0005615071691689602,0.01287307176724394,False,3,0.025225290038679,0.8685516302513563,False,False,True,0.0533771260873768,0.0584526142292964,-0.0860074270940227,-0.009323281523833,0.4534732625306825,False,True,False,-0.19999999999999998,0.6000000000000001,0.75,6.743203499194834,variable_and_atlas_unsupported,True,False,False,False
KLF1,TSPAN5,TSPAN5,ENSG00000168785,0.1433242258807699,0.1433242258807699,True,0.8604294478527608,788.1579694853799,0.0023319615912208,False,,,,False,False,False,0.1433242258807699,0.01659932401004095,0.01659932401004095,0.6404170668130059,1.0,0.018446944816767386,0.5927977839335205,90.83392234557402,0.11200894820561551,0.11200894820561551,0.004801097393689987,1.0,0.014045782481524228,0.7100768573868707,153.68151462502865,0.10061259362349431,0.10061259362349431,0.016049382716049384,1.0,0.06081308797768881,0.8999129677980758,402.067720075943,3,1.0,0.016049382716049384,0.9839506172839506,0.10095416753935466,0.0523471395554466,0.05210742550738331,0.09540962419557455,0.3637694300533757,1.0,8.69255666773825,0.0129549369235403,0.09217363167438443,True,3,0.103214594792168,0.5472533815383244,False,False,True,0.1701043945808296,0.1526206006296471,-0.0537932545060469,0.1155965411827822,0.6913421533814519,False,False,False,-0.39999999999999997,0.39999999999999997,0.25,6.670966515615931,transportable_but_atlas_unsupported,False,False,True,True
NFE2,HBM,HBM,ENSG00000206177,0.1433140928300856,0.1433140928300856,True,0.9992331288343558,3511.022888264137,0.0113854595336076,True,-0.0433729354248586,-0.0763227692063522,1.82306546062001e-08,False,True,False,0.1433140928300856,0.022659020612675978,0.022659020612675978,0.5247633420222253,1.0,0.01406921354391854,0.3808864265927948,48.521334790583175,0.09340402956233411,0.09340402956233411,0.006035665294924554,1.0,0.021391451465186787,0.817250213492776,241.1926441349184,0.10546526771997183,0.10546526771997183,0.03429355281207133,1.0,0.01924508004030124,0.9956483899042515,1412.6024317249723,3,1.0,0.03429355281207133,0.9657064471879286,0.09367708900243166,0.04493141241936274,0.044734781988174495,0.08280624710729585,0.29167262611178985,1.0,5.812141300135992,0.05469020517295296,0.21700792950037104,True,3,-0.2617375685419262,0.0052174856807255,True,True,True,-0.147122015283001,-0.0302590518549859,-0.1324932282729511,-0.320256211839855,0.5841465612758188,False,False,False,0.39999999999999997,0.39999999999999997,1.0,8.163947471893263,transportable_but_atlas_unsupported,False,False,False,False
NFE2,NSUN3,NSUN3,ENSG00000178694,-0.1433031012390601,0.1433031012390601,True,0.4210122699386503,140.4660854317739,0.0115226337448559,True,-0.0719945384968413,-0.0815309292932465,3.55836734697046e-10,False,False,False,0.1433031012390601,0.012420552574726887,0.012420552574726887,0.72465358759775,0.75,0.024986283728653403,0.450138504155121,38.42606447567597,0.004723971424933283,0.004723971424933283,0.8729766803840878,0.5,0.010966949092695384,0.46199829205806675,37.774588926239794,-0.02334241803342232,0.02334241803342232,0.6024691358024692,0.6666666666666666,0.029001020551510798,0.41688424717145683,36.75150189490477,3,0.3333333333333333,0.72465358759775,0.27534641240225,-0.004724006565304591,0.01882616985539793,0.01882352094828346,0.03576297060814921,0.135464086132201,0.5,0.8914812424007466,0.6403498436967847,0.8033650318070423,False,3,0.0033904535882784,0.9960376906068,False,False,True,0.073123984255518,0.1356428886514196,-0.1163072258773904,-0.017188721602454,0.6230730108668829,False,False,False,-0.7999999999999999,-0.6000000000000001,0.0,4.952060009428315,variable_and_atlas_unsupported,True,False,False,True
NFE2,GPX4,GPX4,ENSG00000167468,-0.1432080306776982,0.1432080306776982,True,0.3466257668711656,80.98617228376659,0.0116598079561042,True,0.0785618154271787,-0.041236744664799,1.25851813014207e-10,False,False,False,0.1432080306776982,0.0437542273533462,0.0437542273533462,0.2251337632048292,1.0,0.01966309640886825,0.9300554016620761,248.2078444017929,0.017054768674963704,0.017054768674963704,0.5628257887517146,1.0,0.015031324153913292,0.9244235695986814,215.97628091665874,-0.054884988338769695,0.054884988338769695,0.23182441700960219,1.0,0.02224936364738338,0.8128807658833707,151.75375556898035,3,0.3333333333333333,0.23182441700960219,0.7681755829903978,-0.0170564225094608,0.05106187111162601,0.05101941559391781,0.0986392156921159,0.19306414178602826,1.0,6.527303294424117,0.03824847276527098,0.16920126815399963,False,3,0.0804941186937648,0.8562768540015728,False,False,True,-0.0471865540369592,-0.0259663439180825,0.106646299028048,0.083323439688591,0.6054152067242751,False,True,False,0.7999999999999999,0.7999999999999999,1.0,4.4065506023587275,variable_and_atlas_unsupported,True,False,False,False
BCL11A,SUZ12,SUZ12,ENSG00000178691,0.142446801396896,0.142446801396896,True,0.4884969325153374,107.04307849737344,0.0259259259259259,False,,,,False,False,False,0.142446801396896,0.055441173924716175,0.055441173924716175,0.22705446563314582,1.0,0.016172019035806576,0.8947368421052869,227.55585034015604,0.05769869448643998,0.05769869448643998,0.22537722908093277,1.0,0.006896240345998062,0.9393680614859591,258.85655931592044,0.13916474520379066,0.13916474520379066,0.0467764060356653,1.0,0.026741278880389758,0.9155787641427228,262.5271115567503,3,1.0,0.22537722908093277,0.7746227709190672,0.057762851686235184,0.048189293659816966,0.04769949371899528,0.08372357127907448,0.10360280392532158,1.0,6.043767875819622,0.04870936644551649,0.19967614456804442,False,2,-0.2011972293621236,0.608156979748136,False,False,True,-0.0065148351877536,-0.0278535378267789,-0.0663777398297145,-0.1213786777003215,0.6778348574270372,False,False,False,1.0,1.0,1.0,4.6825300225704245,variable_and_atlas_unsupported,True,False,False,False
NFE2,AC024267.1,AC024267.1,ENSG00000264066,0.1423909356563303,0.1423909356563303,True,0.5697852760736196,149.55293288484458,0.0117969821673525,False,,,,False,False,False,0.1423909356563303,0.05158105596352198,0.05158105596352198,0.1544793524488956,1.0,0.02657310288223234,0.1724376731301929,14.512536617293934,0.078926501442832,0.078926501442832,0.015637860082304528,1.0,0.01721224067737155,0.3531169940222009,41.170197821801786,0.1602050003107959,0.1602050003107959,0.0031550068587105624,1.0,0.04303931368166124,0.6927763272410775,127.81122929948782,3,1.0,0.015637860082304528,0.9843621399176955,0.07909100479099782,0.05723486780336559,0.056499452876777476,0.10862394434727393,0.08399587211631464,1.0,8.212491816599655,0.01646948658033835,0.10156512035518496,True,3,-0.1798604270960143,0.138508313885427,False,False,True,0.1114330617418068,0.1319060664304402,-0.1350994644203809,-0.196510486786104,0.6504108478835773,False,False,False,0.7999999999999999,0.6000000000000001,0.5,5.014314735872791,transportable_but_atlas_unsupported,False,False,True,False
GFI1B,RPL10A,RPL10A,ENSG00000198755,0.1422577055620388,0.1422577055620388,True,0.6702453987730062,241.9473810022241,0.0049382716049382,True,-0.0656020150754322,0.152899869184857,1.22215924544354e-84,False,False,False,0.1422577055620388,0.025726520048497167,0.025726520048497167,0.4756482370695569,1.0,0.011289120689816088,0.9972299168975379,1192.7558560117545,-0.003083071140057839,0.003083071140057839,0.917283950617284,0.5,0.019919380702138032,0.9991460290350697,1418.2990239354147,0.029544633219452714,0.029544633219452714,0.4783264746227709,1.0,0.015736299786524768,0.9991296779808397,1301.1373268569985,3,0.6666666666666666,0.4783264746227709,0.5216735253772291,0.025732198035441096,0.01784213026043771,0.017837869942015284,0.032627704359510554,0.25420888463645896,0.5,1.1459231292982317,0.5638530761793079,0.7587501177282426,False,1,0.2268837675715757,0.6494861494441965,False,False,False,0.0461591124430702,0.0224758522094846,0.0646274626270842,0.1110522138114033,0.8191334345823246,False,False,False,1.0,-1.0,0.25,5.492844880807078,variable_and_atlas_unsupported,True,False,False,True
NFE2,JAK1,JAK1,ENSG00000162434,-0.1421694372297028,0.1421694372297028,True,0.651840490797546,205.71660671561003,0.0119341563786008,False,,,,False,False,False,0.1421694372297028,-0.052461290112611345,0.052461290112611345,0.146659349705035,1.0,0.016836421140744684,0.8026315789473857,123.46676459852064,-0.02722958718959892,0.02722958718959892,0.3534979423868313,0.75,0.02270785829719787,0.8108454312553713,118.45274739526418,-0.03157112096651585,0.03157112096651585,0.4843621399176955,1.0,0.02328241368948467,0.7771975630983415,109.62281930375124,3,1.0,0.3534979423868313,0.6465020576131687,0.0315816165982856,0.013512903116778429,0.013490039009603497,0.025231702923012425,0.170269793825074,0.75,0.590438656316942,0.7443683086303847,0.8654885127283789,False,3,0.007024261498722,0.977178306437247,False,False,True,0.0047939599022861,0.0067114862192215,0.0362525695025247,-0.0230511448612823,0.9546813130814008,False,True,False,0.0,-0.7999999999999999,0.75,5.331348805577594,variable_and_atlas_unsupported,True,False,False,False
NFE2,RHD,RHD,ENSG00000187010,0.1421629102245812,0.1421629102245812,True,0.6863496932515337,198.6122162820766,0.0120713305898491,True,-0.263870394372368,0.176649295962571,2.62903543125813e-41,True,False,False,0.1421629102245812,0.05984649403758223,0.05984649403758223,0.09960214021127727,1.0,0.028608601664868196,0.25761772853185416,22.24103639201083,0.09275035730924601,0.09275035730924601,0.006584362139917695,1.0,0.01240856346310619,0.34201537147736755,41.125094094654195,0.08031585103122982,0.08031585103122982,0.09190672153635117,1.0,0.010999245182117822,0.6788511749347247,129.94923327488115,3,1.0,0.09190672153635117,0.9080932784636488,0.08048921863101859,0.01671186216026823,0.01661463080295877,0.03290386327166378,0.051625948770763944,1.0,0.9711108552394312,0.6153553164894835,0.7866118525596592,True,3,0.1662876180041304,0.1053730284335537,False,False,True,-0.044884871756044,0.2868890513078048,0.0790429689655352,0.1626446788282766,0.5089737328609713,False,False,False,0.7999999999999999,-0.7999999999999999,0.25,5.296376565822506,transportable_and_atlas_supported,False,False,True,True
GATA1,RPS17,RPS17,ENSG00000182774,0.1414884372522429,0.1414884372522429,True,0.910276073619632,665.6843845658691,0.0020576131687242,True,-0.101212231837165,0.107680172778433,3.16315142254561e-50,False,False,False,0.1414884372522429,0.04697737891212732,0.04697737891212732,0.12896144875840307,1.0,0.009121958408836459,0.9993074792244079,1795.1712775396068,0.009993598099365245,0.009993598099365245,0.662962962962963,0.75,0.014374168830371521,0.9995730145175633,2044.3956952982794,-0.020505944727270867,0.020505944727270867,0.5267489711934157,1.0,0.0054807099015755124,0.9991296779808397,2140.068956206947,3,0.6666666666666666,0.5267489711934157,0.4732510288065843,0.009993930812855755,0.03381275068640141,0.03379354259139852,0.06748332363939819,0.2774727559393723,0.75,2.950515004090599,0.2287198236392865,0.4801279966371298,False,1,-0.2506584562378991,0.4158607794573909,False,False,False,0.0684304175890831,0.0016142545733254,0.0169441067558282,-0.1994540496065761,0.020895441026921,True,False,False,1.0,0.39999999999999997,0.5,6.502316747369618,variable_and_atlas_unsupported,True,True,False,False
GFI1B,COPS3,COPS3,ENSG00000141030,0.1414156725783367,0.1414156725783367,True,0.3236196319018405,48.63775413002952,0.0050754458161865,False,,,,False,False,False,0.1414156725783367,0.008591435757810944,0.008591435757810944,0.8120455480861573,0.75,0.022767224918694862,0.7299168975069373,86.05641914376083,0.016002715945691574,0.016002715945691574,0.6041152263374485,1.0,0.008058681381232531,0.804013663535473,105.80663122488997,0.06154448448363011,0.06154448448363011,0.14622770919067216,1.0,0.024915387176231978,0.8102697998259295,116.4888706400524,3,1.0,0.6041152263374485,0.3958847736625515,0.016004082184356686,0.028717675055702357,0.028673463704691076,0.05295304872581917,0.34063895638755487,0.75,2.0971015106304742,0.35044526220054834,0.5954128709604545,False,1,0.2613469503999797,0.5472533815383244,False,False,False,0.0219933411694755,-0.0463831737555486,-0.0002282480008521,0.1259421339027639,0.702017521401218,False,False,False,0.39999999999999997,-0.39999999999999997,0.5,3.904751716162814,variable_and_atlas_unsupported,True,False,False,False
GFI1B,RTTN,RTTN,ENSG00000176225,0.1412225272673384,0.1412225272673384,True,0.1679447852760736,25.14613946973553,0.0052126200274348,False,,,,False,False,False,0.1412225272673384,-0.024243538099979776,0.024243538099979776,0.5032240362189601,1.0,0.016832905326958494,0.6454293628808926,79.76005225192549,0.06487360058303039,0.06487360058303039,0.0607681755829904,1.0,0.02087202074458469,0.6929974380871248,89.52459978905101,0.03947992590035924,0.03947992590035924,0.3403292181069959,1.0,0.005779938875319133,0.667536988685813,85.76505639425476,3,0.6666666666666666,0.3403292181069959,0.6596707818930041,0.03950045709149342,0.045955267928064265,0.04591184121977449,0.08911713868301016,0.22377678121882802,1.0,7.117613232861241,0.028472783399168995,0.1373949506923855,False,1,-0.0099959392220381,0.9960376906068,False,False,False,-0.0452140862046797,-0.0728080546019004,-0.0627158242476416,0.0053716866807453,0.9546813130814008,False,True,False,-0.19999999999999998,-0.19999999999999998,0.5,3.2637015493920796,variable_and_atlas_unsupported,True,False,False,False
NFE2,PPIP5K2,PPIP5K2,ENSG00000145725,0.1411353145746861,0.1411353145746861,True,0.6065950920245399,207.3182257437995,0.0122085048010973,True,-0.0450588688380262,0.0587222538760077,1.1430015360088001e-21,False,False,False,0.1411353145746861,-0.015340824529763647,0.015340824529763647,0.6666209356564686,0.5,0.02707676818989255,0.8912742382271703,240.2210861432548,0.015097498361369473,0.015097498361369473,0.6119341563786008,1.0,0.010102769160120536,0.9432109308284019,330.3334508164499,-0.013041646874458503,0.013041646874458503,0.7655692729766804,0.6666666666666666,0.05783999458692192,0.9373368146213991,383.15424693293886,3,0.3333333333333333,0.6666209356564686,0.3333790643435314,-0.013042386344150596,0.016950126100185536,0.01694888989933438,0.030438322891133122,0.07787293746688273,0.5,1.0606385845472708,0.5884170626595395,0.7700426253409195,False,3,0.3370637079167035,0.0086640490260288,True,False,True,0.0134663759941451,0.0367665317226242,-0.0204860127782588,0.3545880579960315,0.0045234958771637,True,False,False,0.39999999999999997,-0.7999999999999999,0.25,5.339066842009086,variable_and_atlas_unsupported,True,True,False,True
GFI1B,NAP1L1,NAP1L1,ENSG00000187109,0.1411108322364969,0.1411108322364969,True,0.6088957055214724,192.10204858313963,0.0053497942386831,True,0.0374863496885076,0.065839415194654,9.22662359897718e-13,False,False,False,0.1411108322364969,0.01787099742636141,0.01787099742636141,0.6142131979695431,0.75,0.02923639932962655,0.9605263157895021,430.09142093378614,0.042463750705266055,0.042463750705266055,0.19465020576131686,1.0,0.023331090066496547,0.9799316823228555,470.51315479482355,0.06400327184251232,0.06400327184251232,0.12853223593964336,1.0,0.04854723299610871,0.9817232375978987,501.3107450518832,3,1.0,0.19465020576131686,0.8053497942386831,0.04248930147660815,0.02312537323304926,0.023082970734093152,0.04613227441615091,0.2634042163805624,0.75,1.3744681921265829,0.5029653006449296,0.69963038449261,False,1,0.067206651103557,0.8655457255387555,False,False,False,0.0008030205118261,-0.0218608258676577,-0.0280179586723871,0.1068445912134469,0.5841315318683553,False,False,False,1.0,-0.19999999999999998,0.5,5.2632187983017555,variable_and_atlas_unsupported,True,False,False,False
GFI1B,ABCC5,ABCC5,ENSG00000114770,0.1408967467346141,0.1408967467346141,True,0.2745398773006135,49.82081947590632,0.0054869684499314,True,0.285430085288089,-0.312085245331606,2.63558349825303e-48,True,True,True,0.1408967467346141,0.08652693208546046,0.08652693208546046,0.025929482782274662,1.0,0.024777208283705474,0.8587257617728744,221.17763358632385,0.07737566695727088,0.07737566695727088,0.030589849108367626,1.0,0.013523138571626262,0.8923996584116579,229.01908706532186,0.08643769178326885,0.08643769178326885,0.050205761316872426,1.0,0.009711794303395384,0.8442123585726645,208.55445066159632,3,1.0,0.030589849108367626,0.9694101508916324,0.08665393434307975,0.005293482983904203,0.00525791326201053,0.009151265128189576,0.012883068510998722,1.0,0.10278186438259396,0.9499072486145353,0.9757701765798451,True,1,0.3469298852451912,0.6674501619195826,False,False,False,-0.2751669109917885,-0.1996688342729038,-0.0724706189755545,0.2673635172942989,0.0067249973812192,True,True,True,0.6000000000000001,-0.39999999999999997,0.75,3.928306102829038,transportable_and_atlas_supported,False,False,False,False
GFI1B,HSDL2,HSDL2,ENSG00000119471,0.1408351695498258,0.1408351695498258,True,0.1710122699386503,22.94857942994113,0.0056241426611796,False,,,,False,False,False,0.1408351695498258,0.05272424529716632,0.05272424529716632,0.14199478666483742,1.0,0.008789375204271786,0.7174515235457176,91.26682153621432,0.04664693315899442,0.04664693315899442,0.16186556927297668,1.0,0.014711984395601885,0.7711357813834622,105.28432288524492,0.08188325981374801,0.08188325981374801,0.0607681755829904,1.0,0.03516275642636083,0.7067014795474303,89.14436670304096,3,1.0,0.14199478666483742,0.8580052133351626,0.0527731820399724,0.018918367546608385,0.018836049508515543,0.03523632665475359,0.05356194756262702,1.0,0.9875003941715961,0.6103332270681681,0.7866118525596592,False,1,0.2478915402485061,0.8915256183165826,False,False,False,-0.114825856982104,-0.1166597518862474,-0.1258874963579493,0.0007074081183499,0.8825843872037703,False,True,False,-0.39999999999999997,-0.39999999999999997,0.75,3.175909008107848,variable_and_atlas_unsupported,True,False,False,False
GFI1B,RACK1,RACK1,ENSG00000204628,0.1406704844098028,0.1406704844098028,True,0.7254601226993865,249.4191999327128,0.0057613168724279,True,-0.097507344594435,0.157628761364686,1.57427140367266e-113,False,False,False,0.1406704844098028,0.02185629330989366,0.02185629330989366,0.5424612429688572,0.75,0.022461449955973656,0.993074792243798,877.479647083005,0.04681183578448953,0.04681183578448953,0.16131687242798354,1.0,0.01711184582470488,0.9961571306576141,913.9561221032949,0.017422882421928628,0.017422882421928628,0.6737997256515775,0.6666666666666666,0.01878744478050867,0.9956483899042515,871.8488547038181,3,1.0,0.5424612429688572,0.4575387570311428,0.021859774540374872,0.015861935703208974,0.015843741204072063,0.029388953362560904,0.2661952613767426,0.6666666666666666,0.8995196730836719,0.6377813049938752,0.8024118451040828,False,1,0.2149398489094958,0.4781827014205362,False,False,False,0.0521366320065258,0.0225970113601636,0.093357305900646,0.1465937271705817,0.3834988097931139,False,False,False,0.19999999999999998,-0.19999999999999998,0.0,5.523136313333984,variable_and_atlas_unsupported,True,False,False,True
TAL1,HERC1,HERC1,ENSG00000103657,0.140666825099527,0.140666825099527,True,0.9363496932515336,845.9866343994682,0.0013717421124828,True,-0.0002152990066912,-0.219573363859218,2.87432976034618e-61,False,True,False,0.140666825099527,0.003795309627291077,0.003795309627291077,0.9123336534504047,0.75,0.015110540854740626,0.9168975069252331,290.7096147081934,0.04807944575971142,0.04807944575971142,0.06419753086419754,1.0,0.01294021118740807,0.9393680614859591,284.55660097591516,0.055399573182632875,0.055399573182632875,0.14334705075445817,1.0,0.043564203661312244,0.9477806788511637,324.7465484755368,3,1.0,0.14334705075445817,0.8566529492455418,0.048116544574786445,0.027949670936366577,0.027921523942327244,0.0516042635553418,0.4684975852054946,0.75,2.252782018294675,0.3242011867470432,0.5790830068864377,False,0,,,False,False,False,0.0208270567854657,0.0927582879697057,0.0170116763316883,0.1791856493948089,0.3989374553109798,False,False,False,0.39999999999999997,-0.39999999999999997,0.0,6.74168491459776,variable_and_atlas_unsupported,True,False,False,True
GFI1B,RPLP0,RPLP0,ENSG00000089157,0.1405329599519966,0.1405329599519966,True,0.8121165644171779,476.9940635087207,0.0058984910836762,True,-0.017839989747217,0.132423109137156,3.68120996968471e-85,False,False,False,0.1405329599519966,-0.007510430896513935,0.007510430896513935,0.832350116614076,0.75,0.03710855061315695,0.9986149584487846,1910.3079434249787,0.07034809734936993,0.07034809734936993,0.043621399176954734,1.0,0.012689963098065346,0.9995730145175633,1933.8469671240248,0.0391178398969468,0.0391178398969468,0.345679012345679,1.0,0.007927088914678266,0.9999999999999868,1875.8357003874014,3,0.6666666666666666,0.345679012345679,0.654320987654321,0.03913781101269351,0.039237615712081154,0.03918221330814113,0.07785852824588387,0.3979490241879844,0.75,5.391683060516495,0.06748556672539165,0.24428985849717794,False,1,0.1504742777085708,0.6885005162203544,False,False,False,-0.0214248756196399,-0.0080687719616704,0.0167837579663399,0.110964032042568,0.423149485355603,False,False,False,0.19999999999999998,-0.7999999999999999,0.25,6.169598312976511,variable_and_atlas_unsupported,True,False,False,True
GFI1B,CDC6,CDC6,ENSG00000094804,0.1403444895874309,0.1403444895874309,True,0.0667177914110429,9.86707128949748,0.0060356652949245,False,,,,False,False,False,0.1403444895874309,0.05459392137217185,0.05459392137217185,0.12909864178899713,1.0,0.020113490842925717,0.44944598337949776,40.269622256527185,0.06993432979057035,0.06993432979057035,0.04458161865569273,1.0,0.01048033128520444,0.5649017933390307,54.922389713749794,0.07193757942687959,0.07193757942687959,0.09231824417009603,1.0,0.04597645260292106,0.5291557876414318,52.216460644279294,3,1.0,0.09231824417009603,0.907681755829904,0.07004867738112691,0.009525991731483881,0.009488094419387498,0.017343658054707736,0.042376704024385765,1.0,0.2643599587223053,0.8761832859795443,0.9271067590108342,True,1,0.133364574684811,0.9747167166347716,False,False,False,-0.026078508049774,-0.0902943957352216,-0.1579988719825237,0.1793621388808778,0.6892183340471726,False,False,False,1.0,-0.19999999999999998,0.75,2.3857372342411676,transportable_but_atlas_unsupported,False,False,False,False
NFE2,PTPRA,PTPRA,ENSG00000132670,0.1403248063810502,0.1403248063810502,True,0.5061349693251533,115.52423565150508,0.0123456790123456,True,-0.0673488133528749,0.0536548755820709,1.1529859739835698e-22,False,False,False,0.1403248063810502,-0.03738846380779802,0.03738846380779802,0.2996295788173961,1.0,0.019521326480746483,0.8808864265928206,195.48799063632006,-0.005045698648980655,0.005045698648980655,0.8651577503429355,0.75,0.01345892410416316,0.9167378309137958,213.2717065242479,-0.07871588557990386,0.07871588557990386,0.09780521262002743,1.0,0.015825425331132806,0.8999129677980758,205.2931431758321,3,0.0,0.2996295788173961,0.7003704211826038,-0.03740590017796748,0.037010279212922936,0.03692629300576376,0.0736701869309232,0.39778241638903056,0.75,4.232019825913745,0.12051152192870873,0.34378116809242254,False,3,0.2488592473594744,0.0355920922894983,False,False,True,0.0733532815339716,0.0812706437874384,0.1280756768834879,0.1632432018580641,0.7239890688551928,False,False,False,0.7999999999999999,-0.39999999999999997,0.75,4.758099282713627,variable_and_atlas_unsupported,True,False,False,False
NFE2,RFX3-AS1,RFX3-AS1,ENSG00000232104,0.1402358950177206,0.1402358950177206,True,0.5636503067484663,194.0038798404493,0.0124828532235939,True,-0.045004615474427,0.0625390501981555,1.26567073789771e-12,False,False,False,0.1402358950177206,0.005570370969275021,0.005570370969275021,0.8728220606393196,0.75,0.017815610606918404,0.7216066481994575,126.84523434622031,0.02976084597895752,0.02976084597895752,0.3135802469135803,1.0,0.023106426793142242,0.7711357813834622,141.91576714744448,0.04100302807186817,0.04100302807186817,0.3683127572016461,1.0,0.014638118112481752,0.802436901653606,170.11433788646482,3,1.0,0.3683127572016461,0.631687242798354,0.029769637123923838,0.018117246615930574,0.018106347546068748,0.03543265710259315,0.3082954997933136,0.75,0.8847418299463763,0.6425112742003416,0.8033650318070423,False,3,-0.2274473126877383,0.0327299001419527,False,False,True,0.0941541550464314,0.1006516980070176,-0.0704722694320404,-0.1503977445811865,0.1128804034710458,False,False,False,0.39999999999999997,0.7999999999999999,0.5,5.2730194549835,variable_and_atlas_unsupported,True,False,False,False
GFI1B,DNMT1,DNMT1,ENSG00000130816,0.1401254710368871,0.1401254710368871,True,0.2308282208588957,45.38516549099098,0.0061728395061728,True,0.212179928619652,-0.0971159007903476,1.33695691792512e-08,False,True,False,0.1401254710368871,0.04404246458529593,0.04404246458529593,0.2228014816847304,1.0,0.01555842817735853,0.8504155124653946,188.88486692572525,0.03996482979607557,0.03996482979607557,0.22098765432098766,1.0,0.006070077725083968,0.9111870196413784,228.94006460974427,0.041819065991745605,0.041819065991745605,0.31536351165980797,1.0,0.02557773500876422,0.8494342906875468,199.88152958158003,3,1.0,0.2228014816847304,0.7771985183152696,0.04184346980920155,0.0020452170902055763,0.002041600624077209,0.004077634789220366,0.05397193994915318,1.0,0.014870159629430736,0.9925924920159722,0.9990483781429054,False,1,0.3429105966285111,0.8569887257117662,False,False,False,-0.1723054445669004,-0.0739686650384521,-0.1282232871220675,0.0091127961548632,0.6658042867296838,False,True,False,-0.19999999999999998,-0.19999999999999998,0.75,3.836979698868429,variable_and_atlas_unsupported,True,False,False,False
NFE2,FRMD4A,FRMD4A,ENSG00000151474,0.1401242562762325,0.1401242562762325,True,0.2024539877300613,37.36075221140163,0.0126200274348422,True,-0.478426960444985,0.247783703757239,6.23302504846624e-41,True,False,False,0.1401242562762325,0.015676092815643805,0.015676092815643805,0.661681986555083,0.75,0.01691489560100529,0.10872576177285277,6.597376302632163,0.017023721138982345,0.017023721138982345,0.5632373113854595,0.75,0.019877126266764147,0.1443210930828347,10.509053822418668,0.03609204377486237,0.03609204377486237,0.4251028806584362,1.0,0.026325265000032252,0.2219321148825057,16.3081358200738,3,1.0,0.5632373113854595,0.4367626886145405,0.017025365956645756,0.011426233152381352,0.011418027294685485,0.020415950959218568,0.1188431377687891,0.75,0.3368274866152711,0.8450041475383205,0.9080860543857994,False,3,0.3090424017225169,0.4781827014205362,False,False,True,0.1076497511789302,0.3642065552409623,0.2942682460951429,0.2769420255647643,0.7840280758727354,False,False,False,0.19999999999999998,-0.19999999999999998,0.0,3.64703485908788,variable_but_atlas_supported,True,False,False,True
GFI1B,KLF13,KLF13,ENSG00000169926,0.1400543185319329,0.1400543185319329,True,0.6993865030674846,237.88679138472995,0.0063100137174211,True,0.193135651255806,-0.602416463505527,2.60348761499361e-110,False,True,False,0.1400543185319329,0.0619647905357429,0.0619647905357429,0.08725476745781315,1.0,0.006426153642249457,0.5602493074792245,55.34526275824928,0.049827448795773756,0.049827448795773756,0.1353909465020576,1.0,0.008185520101483433,0.7032450896669723,93.70033413935666,0.061862034482768787,0.061862034482768787,0.14375857338820303,1.0,0.017580824628318784,0.8938207136640465,212.48978683494792,3,1.0,0.1353909465020576,0.8646090534979424,0.061941129683026494,0.006999960597962814,0.006978023549889153,0.012137341739969144,0.030495324770923125,1.0,0.17970596297405905,0.914065559952585,0.9606223796445673,False,1,-0.1326330368379451,0.6782170434332202,False,False,False,0.0199218939433762,-0.1043071202372752,-0.3809225419518855,-0.079390225746959,0.0212103795563532,True,True,True,-0.6000000000000001,-0.6000000000000001,0.75,5.475989763496975,variable_and_atlas_unsupported,True,True,False,False
GATA1,ITSN1,ITSN1,ENSG00000205726,0.1398023093836133,0.1398023093836133,True,0.5030674846625767,137.30888731518723,0.0021947873799725,True,0.203530375375012,-0.674564860636762,1.02763901523404e-47,False,True,False,0.1398023093836133,0.0660607325852663,0.0660607325852663,0.03745369735217451,1.0,0.01895133948802111,0.20844875346260253,15.696823921147528,0.014213333005591786,0.014213333005591786,0.5404663923182441,1.0,0.005197319609199933,0.27198975234841855,24.821822498819508,0.01996029577495302,0.01996029577495302,0.5366255144032922,1.0,0.01692180711510045,0.4873803307223725,63.18856224392686,3,1.0,0.5366255144032922,0.4633744855967078,0.019962947225290198,0.02847513160255802,0.028420739781447588,0.05184739957967452,0.28931212285301267,1.0,2.563106756825264,0.2776057385889848,0.5386769661021367,False,1,0.1765071807870901,0.7890597849502565,False,False,False,0.0437885795091454,0.0659437130289297,-0.132275170457642,0.1720815431568165,0.8261568683725588,False,False,False,0.39999999999999997,-0.39999999999999997,0.25,4.929489497742622,variable_and_atlas_unsupported,True,False,False,True
NFE2,LPIN2,LPIN2,ENSG00000101577,-0.1397052283833333,0.1397052283833333,True,0.8427914110429447,748.748833337408,0.0127572016460905,True,-0.0691020587428783,-0.180027315871862,1.6988813984400598e-69,False,False,False,0.1397052283833333,0.011052723521223738,0.011052723521223738,0.7553848264508163,0.75,0.012226838457179055,0.700831024930758,80.63603717553464,0.01782952836931247,0.01782952836931247,0.5440329218106996,0.75,0.032967418707652574,0.7621690862510956,98.8039871569236,0.03002427934310741,0.03002427934310741,0.50480109739369,1.0,0.008097325686178677,0.8468233246301057,147.37114639924053,3,0.0,0.5440329218106996,0.4559670781893004,-0.01783141801837896,0.009618351365666846,0.009613852553865524,0.018971555821883673,0.13478437651193562,0.75,0.2314726443404728,0.8907100528301202,0.9392666485551012,False,3,-0.1524773825675219,0.4060423281450624,False,False,True,-0.1495637668074836,-0.111972362936121,-0.145446996174296,-0.1470838872632685,0.9787848211767588,False,False,False,-0.19999999999999998,-0.6000000000000001,0.75,6.619738261559095,variable_and_atlas_unsupported,True,False,False,False
NFE2,CHST2,CHST2,ENSG00000175040,0.1395406356905173,0.1395406356905173,True,0.3911042944785276,62.06701092986738,0.0128943758573388,False,,,,False,False,False,0.1395406356905173,0.11843600204914446,0.11843600204914446,0.002332281520098779,1.0,0.015195053796769255,0.511080332409969,45.81287385001075,0.05918371777709225,0.05918371777709225,0.05432098765432099,1.0,0.022392209242576306,0.47608881298035527,41.60716371331786,0.07111184894352796,0.07111184894352796,0.13278463648834019,1.0,0.0174514361220821,0.6048738033072253,59.97402608995389,3,1.0,0.05432098765432099,0.945679012345679,0.07123208234540472,0.031606419956320596,0.03133871134274566,0.059252284272052216,0.06567240246178864,1.0,3.2645730418921244,0.19548208883891824,0.4470223940114233,True,3,-0.0365236308272689,0.9121997433162178,False,False,True,-0.0053023062521358,-0.0204042779401901,-0.0548765318010315,-0.0541326669622332,0.9709191850525204,False,True,False,0.0,0.0,1.0,4.144197826653597,transportable_but_atlas_unsupported,False,False,True,False
NFE2,NCEH1,NCEH1,ENSG00000144959,0.1393441629633259,0.1393441629633259,True,0.6119631901840491,181.5929456468367,0.0130315500685871,True,-0.154610549248145,0.106610339178732,6.6440435711363495e-28,False,False,False,0.1393441629633259,0.00499087031762112,0.00499087031762112,0.8858553985457539,0.5,0.012181309955744048,0.5844875346260406,80.5814438628153,0.033515516257527925,0.033515516257527925,0.2598079561042524,1.0,0.012208783918693261,0.7002561912895168,123.12828810927076,0.06453873085355043,0.06453873085355043,0.16762688614540466,1.0,0.008560833933308334,0.8633594429938997,232.2394700825422,3,1.0,0.2598079561042524,0.7401920438957477,0.0335280739350151,0.02982800507677896,0.02978266544002398,0.05954786053592931,0.3907865883640161,0.5,2.2589930545846952,0.3231959357994024,0.5790830068864377,False,3,0.2117459172625586,0.0970458925719205,False,False,True,0.0714647749314021,0.1427824348433417,-0.0400972351172687,0.2089691724904662,0.230206157072684,False,False,False,0.39999999999999997,-0.39999999999999997,0.25,5.207259334593335,variable_and_atlas_unsupported,True,False,False,True
NFE2,ASAP1,ASAP1,ENSG00000153317,0.1391203286100943,0.1391203286100943,True,0.8680981595092024,515.6506822166452,0.0131687242798353,True,-0.0497073136104014,0.0567963415526607,6.42186925357614e-25,False,False,False,0.1391203286100943,0.04577639049975213,0.04577639049975213,0.20318287830978185,1.0,0.016332897968965213,0.9196675900277264,424.92800874922625,0.012370912371262604,0.012370912371262604,0.6821673525377229,0.75,0.013879909794367746,0.9611443210931351,575.1954589600301,-0.0021181626815088605,0.0021181626815088605,0.9589849108367627,0.6666666666666666,0.020536393490827552,0.970409051348987,677.0934151870933,3,0.6666666666666666,0.6821673525377229,0.31783264746227713,0.012371543508519819,0.024579570158209635,0.02456198787188065,0.04789455318126099,0.38238087458840797,0.6666666666666666,1.63760903214515,0.44095849832400236,0.6673675072434168,False,3,0.0766814773863579,0.617846328267085,False,False,True,0.0621243592337574,0.067787075810937,-0.1004500670174494,0.0759130695998052,0.2208690222481977,False,True,False,-0.39999999999999997,-0.7999999999999999,0.0,6.247366983121401,variable_and_atlas_unsupported,True,False,False,True
NFE2,IDS,IDS,ENSG00000010404,-0.139068910260979,0.139068910260979,True,0.0674846625766871,10.574199978088307,0.0133058984910836,False,,,,False,False,False,0.139068910260979,-0.0212131483059248,0.0212131483059248,0.5542598435999451,1.0,0.018044308243467127,0.1523545706371183,10.254536208812652,-0.013341792446114706,0.013341792446114706,0.6577503429355281,0.75,0.026389670515440486,0.1541417591801873,9.549974963210808,-0.0003799124244276634,0.0003799124244276634,0.9927297668038408,0.3333333333333333,0.0312782747673343,0.1279373368146211,7.028949277995657,3,1.0,0.6577503429355281,0.34224965706447186,0.013342584158926333,0.010521272836371885,0.010519761515535703,0.020833235881497138,0.22919328503190828,0.3333333333333333,0.2773066364159885,0.8705297729722534,0.9242846131557888,False,3,0.0887834145202881,0.925777446143282,False,False,True,-0.0109657852700347,0.0266144759944015,0.209300080119424,0.0634954395408079,0.911302303422306,False,True,False,-0.39999999999999997,-0.39999999999999997,0.75,2.4487784812197906,variable_and_atlas_unsupported,True,False,False,False
GATA1,SPTA1,SPTA1,ENSG00000163554,0.1389599095493438,0.1389599095493438,True,0.8880368098159509,1226.036428324166,0.0023319615912208,True,0.377356316877075,-0.793375861774341,0.0,True,True,True,0.1389599095493438,0.023503255016794507,0.023503255016794507,0.4547948964192619,1.0,0.015095482270408493,0.9148199445983631,449.8639911341758,0.031591403552610885,0.031591403552610885,0.1803840877914952,1.0,0.01596952669291103,0.9602903501281478,592.5090967538595,0.01807686138868443,0.01807686138868443,0.5761316872427984,1.0,0.010852494695122554,0.9730200174064282,887.9224579506277,3,1.0,0.4547948964192619,0.5452051035807381,0.023507584207925366,0.006805188622267892,0.006800817897444004,0.013514542163926453,0.20274782003372588,1.0,0.15327220788693763,0.9262268425837663,0.9684329930620135,False,1,0.0675755817306287,0.8569887257117662,False,False,False,-0.5641046358558125,-0.1116919847440217,-0.0919864610423855,0.0602067348502605,0.0037981271457283,True,True,True,-0.39999999999999997,-0.39999999999999997,0.75,7.112357133205954,variable_but_atlas_supported,True,True,False,False
GATA1,CD36,CD36,ENSG00000135218,0.138914725381781,0.138914725381781,True,0.7661042944785276,688.5447643708304,0.0024691358024691,True,0.405364883278889,-0.496726397135334,5.962330017835551e-171,True,True,True,0.138914725381781,0.08296305664549998,0.08296305664549998,0.008780353958018933,1.0,0.008740611565064014,0.9328254847645694,719.1833509433873,0.02594143515345425,0.02594143515345425,0.2698216735253772,1.0,0.02127111204293782,0.9846285226302857,1372.7424774337724,0.024864483337019093,0.024864483337019093,0.4410150891632373,1.0,0.006197291084292692,0.9886858137510751,1812.7046340332693,3,1.0,0.2698216735253772,0.7301783264746228,0.02594725667015636,0.03334388098564528,0.033236700004859045,0.05809857330848089,0.2176681811064531,1.0,3.3566125553381445,0.18668990928059825,0.43444005204770797,False,1,0.0875450133728505,0.8569887257117662,False,False,False,-0.2848723216258206,-0.1019852291472057,-0.2279412707052622,0.0290280858396186,0.3660695585140567,False,True,False,-0.39999999999999997,-0.39999999999999997,0.75,6.53603161807132,variable_but_atlas_supported,True,False,False,False
GFI1B,PARP1,PARP1,ENSG00000143799,0.1387512008392722,0.1387512008392722,True,0.1587423312883435,23.35466657681384,0.0064471879286694,False,,,,False,False,False,0.1387512008392722,0.029760263595874796,0.029760263595874796,0.4067773357113459,0.75,0.028565486608091672,0.8573407202216278,185.43576823453085,-0.0201776080970023,0.0201776080970023,0.5205761316872428,1.0,0.014991511213695552,0.9030742954739991,224.91863893623923,0.006738995149593607,0.006738995149593607,0.8680384087791495,0.6666666666666666,0.01706263809890367,0.7980852915578708,146.4295806801977,3,0.6666666666666666,0.5205761316872428,0.4794238683127572,0.006739097167406977,0.024999926985744582,0.024994243872088682,0.0499378716928771,0.2402921754500544,0.6666666666666666,2.2660888722651786,0.3220512978179484,0.5790830068864377,False,1,0.2288191790476084,0.8569887257117662,False,False,False,-0.0454640016619707,-0.0563017027001852,0.0048218394429917,0.2313284339213176,0.5184020307901149,False,False,False,0.7999999999999999,-0.7999999999999999,0.25,3.1927234770319206,variable_and_atlas_unsupported,True,False,False,True
NFE2,PABPC1,PABPC1,ENSG00000070756,0.1380951476187246,0.1380951476187246,True,0.8903374233128835,546.1462070712555,0.0134430727023319,False,,,,False,False,False,0.1380951476187246,-0.011916107480598254,0.011916107480598254,0.7368637673206201,0.75,0.0189486854430363,0.9958448753462913,1233.938623879532,0.06863613886442138,0.06863613886442138,0.030727023319615913,1.0,0.018517099930400713,0.9965841161401078,1223.4356655152628,0.010905616936071262,0.010905616936071262,0.803840877914952,0.6666666666666666,0.023101273419012552,0.9947780678851045,1013.0407028410056,3,0.6666666666666666,0.7368637673206201,0.2631362326793799,0.010906049310951193,0.04157786108280226,0.04151768430179051,0.08055224634501963,0.4283339948255262,0.6666666666666666,6.409997829059515,0.040558945663376686,0.17434713448354283,False,3,0.0817283792643219,0.3525414661746643,False,False,True,-0.0410399393325046,-0.0390937350750692,-0.0307848666853564,0.0782483134782678,0.0181081260643379,True,False,False,0.7999999999999999,-0.7999999999999999,0.5,6.304716055685176,variable_and_atlas_unsupported,True,True,False,False
NFE2,PPME1,PPME1,ENSG00000214517,0.1380938053059407,0.1380938053059407,True,0.6234662576687117,178.57992391648455,0.0135802469135802,False,,,,False,False,False,0.1380938053059407,-0.003183951642218197,0.003183951642218197,0.9308547125806009,0.5,0.022526471317477474,0.7001385041551347,88.17341407262717,0.04887141719150679,0.04887141719150679,0.10727023319615912,1.0,0.012607508954960555,0.7801024765158288,108.0363710065825,0.06422333481040132,0.06422333481040132,0.16899862825788753,1.0,0.025530748483170964,0.8163620539599589,140.90853767072358,3,0.6666666666666666,0.16899862825788753,0.8310013717421125,0.04891038145992755,0.035371153812454086,0.03532983881909166,0.06740728645261952,0.4587167758467411,0.5,3.4888849629667003,0.17474238392922464,0.4225216236413674,False,3,-0.1098836239062393,0.5102640442683724,False,False,True,0.0100299745310297,0.060102247728172,-0.1313791550522755,-0.0856254611295448,0.364504680701667,False,True,False,0.7999999999999999,0.6000000000000001,0.75,5.190620367417801,variable_and_atlas_unsupported,True,False,False,False
GFI1B,ABCB10,ABCB10,ENSG00000135776,0.1380573531383172,0.1380573531383172,True,0.7438650306748467,308.1262576353231,0.0065843621399176,True,0.25137709555226,-0.631298151189638,8.09073762192016e-174,True,True,True,0.1380573531383172,0.10329702955656994,0.10329702955656994,0.013033337906434354,1.0,0.015588070873781022,0.7673130193905965,131.14025071754065,0.12043029688087949,0.12043029688087949,0.004663923182441701,1.0,0.005934006948511828,0.90435525192148,220.98349299140412,0.008921029608625407,0.008921029608625407,0.8268861454046639,0.6666666666666666,0.02116341000030039,0.9643167972149577,423.8221806630909,3,1.0,0.013033337906434354,0.9869666620935656,0.10366680242246898,0.060337058664253665,0.060048168030584236,0.11150926727225408,0.47231271810309844,0.6666666666666666,9.982335878512462,0.006797720529441346,0.05764094531129031,False,1,-0.1732121639030853,0.6490248809764502,False,False,False,-0.2661137950848579,-0.1467322179624464,-0.2465262243731885,0.0293078652393665,0.0739099206250908,False,True,False,-0.7999999999999999,-0.7999999999999999,0.75,5.73374979420475,variable_but_atlas_supported,False,False,False,False
NFE2,TESC,TESC,ENSG00000088992,0.1379224077865562,0.1379224077865562,True,0.8780674846625767,384.47272459425017,0.0137174211248285,True,-0.0823341202689323,0.038515480640731,2.60965635208055e-10,False,False,False,0.1379224077865562,0.053801887743504015,0.053801887743504015,0.1374674166552339,1.0,0.032342959196296144,0.8732686980609641,198.44458942578143,0.10086260991952364,0.10086260991952364,0.003978052126200274,1.0,0.009788951035846316,0.9154568744663149,200.4805512499896,0.08166876752616029,0.08166876752616029,0.08861454046639232,1.0,0.002164081149371442,0.9634464751958106,314.7298922289397,3,1.0,0.08861454046639232,0.9113854595336077,0.08185106874108915,0.023807482336091035,0.023663185705404623,0.04706072217601963,0.06753930844681855,1.0,1.9890830720437436,0.3698929882871317,0.6138438599188593,True,3,-0.0097615077271273,0.9581216780102612,False,False,True,0.0546246595685489,-0.0186671600922548,-0.0800284939812772,-0.0121563776349308,0.5089737328609713,False,True,False,-0.7999999999999999,0.19999999999999998,0.75,5.9544704371779416,transportable_but_atlas_unsupported,False,False,True,False
NFE2,FCHO2,FCHO2,ENSG00000157107,0.137910361638143,0.137910361638143,True,0.7438650306748467,247.0853820923,0.0138545953360768,False,,,,False,False,False,0.137910361638143,0.029737083008869736,0.029737083008869736,0.4089724242008506,1.0,0.0228426281711011,0.7264542936288207,90.68858371921418,-0.008261118298560948,0.008261118298560948,0.7846364883401921,0.5,0.01886707947504835,0.7719897523484495,112.66668009389088,0.02466548982655624,0.02466548982655624,0.5834019204389574,0.6666666666666666,0.02606419428423259,0.8398607484769293,161.11162328014944,3,0.6666666666666666,0.5834019204389574,0.41659807956104256,0.024670493702681786,0.020634949646239624,0.020630664404521524,0.03799820130743069,0.18799135155726515,0.5,1.5781358343173242,0.45426801343521805,0.6744008088207455,False,3,-0.012434455442287,0.9657768531045802,False,False,True,-0.0144854243076807,0.0661690942168142,-0.0892608531722308,-0.0169950357192062,0.4555684947029721,False,True,False,-0.6000000000000001,0.39999999999999997,1.0,5.513772969543559,variable_and_atlas_unsupported,True,False,False,False
NFE2,H3F3A,H3F3A,ENSG00000163041,0.1378080776635861,0.1378080776635861,True,0.991564417177914,2074.682193510756,0.0139917695473251,True,-0.0688738608601991,0.0704669547580196,3.57248016651634e-55,False,False,False,0.1378080776635861,0.10248235496585996,0.10248235496585996,0.007820002743860612,1.0,0.014027191293603025,0.9958448753462913,975.2291024265762,0.06923222134883716,0.06923222134883716,0.029492455418381344,1.0,0.011409658331632173,0.9982920580700824,1265.5767952889603,0.12125782684344256,0.12125782684344256,0.017421124828532236,1.0,0.013237257483647777,0.9999999999999868,2229.857542637235,3,1.0,0.017421124828532236,0.9825788751714678,0.10284341112623431,0.026588059163311334,0.02634626272312666,0.0520256054946054,0.010859663687422498,1.0,2.3751773394030056,0.30495572717889385,0.5715270455843954,True,3,0.0630154583417831,0.262854885206769,False,False,True,0.003914154560235,-0.0177402215987106,-0.0096075979684683,0.0477701641274988,0.5683463541820194,False,False,False,0.39999999999999997,-0.7999999999999999,0.5,7.638045146589447,transportable_but_atlas_unsupported,False,False,True,False
GFI1B,CLSPN,CLSPN,ENSG00000092853,0.1375976539851827,0.1375976539851827,True,0.236963190184049,46.53645919896656,0.0067215363511659,True,0.246369733777541,-0.279443853676378,1.16645815124961e-32,False,True,False,0.1375976539851827,0.06070534141134894,0.06070534141134894,0.09260529565098093,1.0,0.007340751723797226,0.7493074792243902,132.40601757133564,0.09929450001806467,0.09929450001806467,0.011248285322359396,1.0,0.014559143137428425,0.8407344150299266,174.17487174556803,0.06836264315553779,0.06836264315553779,0.10631001371742113,1.0,0.05171235794977233,0.7972149695387237,181.3389439693543,3,1.0,0.09260529565098093,0.907394704349019,0.06846943926690087,0.020568631084385745,0.02043092917180417,0.03858915860671573,0.05138663028510517,1.0,1.5712912578018288,0.45582531276714533,0.6744008088207455,True,1,0.9980931181916722,0.5405095434336348,False,False,False,-0.1617594931379311,-0.071082060194529,-0.0813337233837327,0.2203257222894892,0.0970808355112377,False,False,False,0.19999999999999998,-1.0,0.75,3.8614969786989763,transportable_but_atlas_unsupported,False,False,False,False
GFI1B,PCNA,PCNA,ENSG00000132646,0.1375758873603095,0.1375758873603095,True,0.3895705521472393,124.6991737839534,0.0068587105624142,False,,,,False,False,False,0.1375758873603095,0.05830195746840089,0.05830195746840089,0.10618740567979147,1.0,0.025276745144498534,0.9141274238227398,241.80969158684294,0.10194389985190944,0.10194389985190944,0.009876543209876543,1.0,0.011144568173363295,0.9619982920581224,305.18126329731507,0.040057840594018256,0.040057840594018256,0.3340192043895748,1.0,0.006169926423943164,0.9521322889468989,403.4491844752882,3,1.0,0.10618740567979147,0.8938125943202085,0.05836815093636688,0.03197851424277658,0.0317997674677107,0.06188605925789118,0.1664589917115177,1.0,3.518049181623657,0.17221275983434559,0.4225216236413674,False,1,0.0887920325759268,0.9144261961344348,False,False,False,-0.0588863628693456,0.0043498510265998,0.0361625597449273,0.1732788533684409,0.4224032972629782,False,False,False,0.39999999999999997,-0.39999999999999997,0.25,4.833891542654579,variable_and_atlas_unsupported,True,False,False,True
GFI1B,RPA3,RPA3,ENSG00000106399,0.1375320528713148,0.1375320528713148,True,0.4217791411042945,72.57998951776125,0.0069958847736625,False,,,,False,False,False,0.1375320528713148,0.03948838734207152,0.03948838734207152,0.2697214981478941,1.0,0.009637610729126356,0.6759002770083186,84.19436431611886,0.06292680277876762,0.06292680277876762,0.06748971193415639,1.0,0.011379424099635386,0.8206660973527252,118.07676751913367,0.0010743276771023656,0.0010743276771023656,0.9775034293552812,0.3333333333333333,0.00589247095052877,0.8868581375108701,162.8420651584345,3,1.0,0.2697214981478941,0.7302785018521059,0.03950893174517918,0.03126647988907328,0.031226932751310166,0.06185247510166526,0.4778385228284886,0.3333333333333333,2.9410495197958344,0.22980486116468143,0.480571652232898,False,1,-0.0160920521696198,0.97842268302645,False,False,False,-0.0239120649611235,-0.0676338593764469,-0.0520953191074116,0.1180495608881365,0.5184020307901149,False,False,False,0.7999999999999999,-0.39999999999999997,0.75,4.298373107216184,variable_and_atlas_unsupported,True,False,False,False
TAL1,GPCPD1,GPCPD1,ENSG00000125772,0.1373651920276634,0.1373651920276634,True,0.9233128834355828,708.0119350728035,0.0015089163237311,True,0.0540500360611889,-0.377066102649331,1.22409409433574e-75,False,True,False,0.1373651920276634,0.04404079696338934,0.04404079696338934,0.1904239264645356,1.0,0.017859036085877085,0.6648199445983455,76.3870450514026,0.05533306916323035,0.05533306916323035,0.03621399176954732,1.0,0.01132421909968084,0.7493595217762862,99.8609252270379,0.10116964966286601,0.10116964966286601,0.012345679012345678,1.0,0.006345764498089462,0.835509138381194,178.89404356898825,3,1.0,0.03621399176954732,0.9637860082304527,0.05538964511375254,0.030430551757237904,0.03025506385740351,0.05712885269947667,0.09666286992097115,1.0,2.3343091589883826,0.3112513233472483,0.5717049529731356,True,0,,,False,False,False,0.1174120236093523,0.1276009673697754,0.1698973525434794,0.1466176518643652,0.9709191850525204,False,True,False,0.7999999999999999,-0.7999999999999999,0.0,6.563872360061533,transportable_but_atlas_unsupported,False,False,False,True
GFI1B,RPL4,RPL4,ENSG00000174444,0.1373417754696115,0.1373417754696115,True,0.7361963190184049,276.424399020058,0.0071330589849108,True,0.0331415662538066,0.104741355271432,4.55485651238568e-48,False,False,False,0.1373417754696115,0.03709711337713808,0.03709711337713808,0.2985320345726437,1.0,0.023084776309423138,0.9944598337950447,1084.027592944893,0.021356674293463884,0.021356674293463884,0.49657064471879286,1.0,0.012456771126144564,0.998719043552576,1065.0161333867118,0.042446463348039976,0.042446463348039976,0.30795610425240055,1.0,0.039551338517381074,0.9965187119233986,1002.7150827343614,3,1.0,0.30795610425240055,0.6920438957475994,0.03711414507352037,0.010974372225761048,0.010963242905458857,0.02108978905457609,0.11171656776063231,1.0,0.41947912764502165,0.810795378924877,0.8959421251036618,False,1,0.2047479899666179,0.4439629021572178,False,False,False,-0.0486133556052652,-0.0519952411843585,0.0142113332471937,0.0593442323624411,0.568368604141395,False,False,False,0.19999999999999998,-1.0,0.5,5.625548460105316,variable_and_atlas_unsupported,True,False,False,False
NFE2,PTMS,PTMS,ENSG00000159335,0.1372356262233425,0.1372356262233425,True,0.5996932515337423,163.2135804903813,0.0141289437585733,False,,,,False,False,False,0.1372356262233425,0.03236157188819116,0.03236157188819116,0.3680889010838249,1.0,0.013776272961584715,0.40927977839334856,32.67765201186776,-0.014933225264993858,0.014933225264993858,0.6156378600823045,1.0,0.019184437081019842,0.409479077711355,33.95632877497973,0.04168222999178215,0.04168222999178215,0.3592592592592593,1.0,0.014800360858063459,0.6962576153176657,102.04113521266855,3,0.6666666666666666,0.3680889010838249,0.6319110989161751,0.03237287610772498,0.030367908419012657,0.030356169826404208,0.05661545525677601,0.14553833208469133,1.0,3.286895194115572,0.19331242876030946,0.4470223940114233,False,3,0.0424699292929406,0.8859149982850075,False,False,True,-0.0804698907249704,0.1186933692672682,-0.0533929093640395,0.0334390108780813,0.5153402736727258,False,False,False,-1.0,0.19999999999999998,0.75,5.101167900604268,variable_and_atlas_unsupported,True,False,False,False
GATA1,MGST3,MGST3,ENSG00000143198,0.1370052692627831,0.1370052692627831,True,0.8987730061349694,574.5560803027399,0.0026063100137174,True,0.245078837910706,-0.525997753041995,7.04049216238084e-123,False,True,False,0.1370052692627831,-0.008028711232159426,0.008028711232159426,0.799423789271505,0.75,0.03419990538078091,0.5865650969529106,62.40947307905498,-0.0034750695819431056,0.0034750695819431056,0.8813443072702332,0.75,0.009432819558156731,0.8091374893253968,134.88071098902878,0.03517176651893869,0.03517176651893869,0.27064471879286695,1.0,0.0246309867346683,0.9651871192341047,381.3989371520314,3,0.3333333333333333,0.799423789271505,0.20057621072849496,-0.0034750835704836828,0.023745134848833695,0.02373673268308751,0.043200477751098115,0.33147957805669237,0.75,1.442879804497804,0.4860518846460795,0.6950035363164146,False,1,0.0505930977689264,0.8579820517055036,False,False,False,-0.0515349182616565,0.0869886779935969,-0.0094099598125748,0.0119497346295093,0.6778348574270372,False,True,False,-0.7999999999999999,-0.39999999999999997,0.5,6.355336669639801,variable_and_atlas_unsupported,True,False,False,False
NFE2,TMEM86B,TMEM86B,ENSG00000180089,0.1368139522239483,0.1368139522239483,True,0.2569018404907975,35.52448163618136,0.0142661179698216,True,-0.19952642561208,0.114958827669891,4.6058965318706405e-09,False,False,False,0.1368139522239483,-0.006085222100631315,0.006085222100631315,0.8626697763753601,0.75,0.017590481232879603,0.1378116343490298,8.886498162911568,0.013145222169195137,0.013145222169195137,0.6618655692729767,1.0,0.020198410794916598,0.10546541417591786,6.439082950712741,0.0695516515892619,0.0695516515892619,0.13964334705075446,1.0,0.03343299273697623,0.18973020017406375,13.884016495969293,3,0.6666666666666666,0.6618655692729767,0.3381344307270233,0.013145979398768859,0.03937452375645565,0.039311643585407646,0.0756368736898932,0.3732304016901227,0.75,3.8855028948150743,0.14330909937179703,0.39078560577595756,False,3,0.2140478256209302,0.5472533815383244,False,False,True,0.3229280844052991,-0.028661067439719,-0.201348767295333,0.1790064923900889,0.3660695585140567,False,False,False,-0.39999999999999997,0.39999999999999997,0.75,3.5979827655081666,variable_and_atlas_unsupported,True,False,False,False
GFI1B,NEDD4,NEDD4,ENSG00000069869,0.1368057342670451,0.1368057342670451,True,0.0789877300613497,9.455154564701353,0.0072702331961591,True,0.0265471817140756,0.120259028596929,1.96505226642025e-08,False,False,False,0.1368057342670451,-0.05456262363671575,0.05456262363671575,0.12923583481959117,1.0,0.005936615763861656,0.731301939058184,99.51780366940068,0.0029146884605755997,0.0029146884605755997,0.9234567901234568,0.75,0.006069747657366183,0.6703672075149615,84.43678916890705,0.07119204752112808,0.07119204752112808,0.09423868312757201,1.0,0.02889137252142531,0.5291557876414318,55.325439086793494,3,0.6666666666666666,0.12923583481959117,0.8707641651804088,0.002914696714441026,0.06304286768979314,0.06295458215283788,0.12575467115784383,0.46897306167131075,0.75,10.051405181126647,0.00656697098187004,0.05764094531129031,False,1,-0.4347498189162018,0.8233275118560639,False,False,False,-0.0237657757378525,0.0716558633734617,0.1590582888313734,0.1913789676905701,0.7491290495684038,False,False,False,0.7999999999999999,-1.0,0.0,2.347095116578238,variable_and_atlas_unsupported,True,False,False,True
NFE2,TMOD1,TMOD1,ENSG00000136842,0.1367512973627464,0.1367512973627464,True,0.5812883435582822,127.6591286022866,0.0144032921810699,False,,,,False,False,False,0.1367512973627464,0.061592663892927405,0.061592663892927405,0.0904102071614762,1.0,0.0116594310187651,0.48961218836564696,46.59799487897756,0.06597183251364677,0.06597183251364677,0.03580246913580247,1.0,0.020620421254238196,0.44107600341588077,42.32347398540382,0.08706637842002862,0.08706637842002862,0.0710562414266118,1.0,0.008793020815610472,0.7711053089643122,113.36911760897557,3,1.0,0.0710562414266118,0.9289437585733882,0.06606779258055731,0.013698045230964236,0.013620249120417439,0.02547371452710122,0.027686968964596426,1.0,0.4746738446383614,0.7887255040198322,0.8844584909207901,True,3,0.0447973450980371,0.8569887257117662,False,False,True,-0.0495153234771249,-0.0523941088426283,-0.0600594756974532,-0.0097383188097112,0.9821582605491463,False,True,False,-0.19999999999999998,-0.19999999999999998,1.0,4.857166493087903,transportable_but_atlas_unsupported,False,False,True,False
NFE2,HADHA,HADHA,ENSG00000084754,0.1365642402312992,0.1365642402312992,True,0.5973926380368099,131.75259948535103,0.0145404663923182,True,-0.0453735208771456,0.0634653363293328,2.07215992186259e-31,False,False,False,0.1365642402312992,-0.02727461594795973,0.02727461594795973,0.44752366579777747,1.0,0.011384168042516532,0.8497229916897713,154.8716729509996,-0.01853896874057111,0.01853896874057111,0.5252400548696845,0.75,0.026660405674704863,0.9137489325363403,197.50942361889076,0.008577652185480874,0.008577652185480874,0.8478737997256516,0.6666666666666666,0.04307240547200315,0.9077458659703993,200.54869845997072,3,0.3333333333333333,0.5252400548696845,0.4747599451303155,-0.018541093085493534,0.01869810973088862,0.018694953832925423,0.035852268133440605,0.21229405714175012,0.6666666666666666,0.876922659702042,0.6450281434702747,0.8033650318070423,False,3,0.1530001521612301,0.1640764539910301,False,False,True,0.0579881151899802,0.0463700099165013,0.059460336766874,0.1732408972275257,0.4555879879577976,False,False,False,0.39999999999999997,-0.7999999999999999,0.5,4.888487241740881,variable_and_atlas_unsupported,True,False,False,False
GFI1B,FEN1,FEN1,ENSG00000168496,0.136513422998385,0.136513422998385,True,0.2285276073619632,33.645427488102946,0.0074074074074074,True,0.282738370277783,-0.206007573815038,1.3465304767115502e-15,True,True,True,0.136513422998385,0.029632140017222378,0.029632140017222378,0.40938400329263275,1.0,0.02468719906051486,0.6945983379501481,92.1292636612356,0.08191423842835902,0.08191423842835902,0.024417009602194787,1.0,0.02382024856203808,0.7570452604611718,101.68650269918463,0.07854473374241025,0.07854473374241025,0.0720164609053498,1.0,0.02401674106826101,0.7101827676240186,102.78758322687584,3,1.0,0.0720164609053498,0.9279835390946503,0.07870685563087454,0.029356298258769366,0.02926093300240013,0.05228209841113664,0.20987383219919306,1.0,2.6789156085712107,0.2619876786748163,0.519776836858049,True,1,-0.6693369223937948,0.6782170434332202,False,False,False,-0.2588857837427476,-0.1478126464833872,-0.0095071562083624,-0.0557446675142738,0.2948473358099668,False,True,False,-0.39999999999999997,-0.39999999999999997,1.0,3.5451657541027406,transportable_and_atlas_supported,False,False,False,False
GFI1B,RPS16,RPS16,ENSG00000105193,0.1365092948918955,0.1365092948918955,True,0.906441717791411,778.0412016088342,0.0075445816186556,True,-0.0609785724881116,0.0925252427424411,2.38074271541113e-50,False,False,False,0.1365092948918955,0.062098609102157115,0.062098609102157115,0.08615722321306078,1.0,0.030250893023286683,0.9986149584487846,1648.2863973365024,0.007460001311815859,0.007460001311815859,0.8024691358024691,0.5,0.02955854137379276,0.9995730145175633,1938.8344237888978,0.045868902771996435,0.045868902771996435,0.26694101508916324,1.0,0.022254767811702422,0.9999999999999868,2107.6539372125267,3,1.0,0.26694101508916324,0.7330589849108368,0.04590111216350006,0.02809738194098376,0.028059533555780586,0.054638607790341256,0.3725085913097225,0.5,2.924841717938145,0.23167474342941827,0.4808325997464116,False,1,0.1818748989595208,0.6164240979485248,False,False,False,0.0315603392975578,-0.0048966740936111,-0.0265071595281698,0.0939138476102286,0.3895313951243121,False,False,False,1.0,-0.7999999999999999,0.5,6.658063934855714,variable_and_atlas_unsupported,True,False,False,False
GFI1B,RPL36A,RPL36A,ENSG00000241343,0.1364998857567472,0.1364998857567472,True,0.9095092024539876,646.3820118000033,0.0076817558299039,True,-0.0928150831542678,0.0943632303356259,1.4398294750286701e-52,False,False,False,0.1364998857567472,0.023371580382250675,0.023371580382250675,0.5166689532171765,1.0,0.021664073522063895,0.9972299168975379,1136.875068763189,0.006496678347854046,0.006496678347854046,0.8285322359396433,1.0,0.007094456627233924,0.9995730145175633,1210.6605256231658,0.02488053477933783,0.02488053477933783,0.5507544581618655,1.0,0.012282481850955483,0.9991296779808397,1547.0506776288296,3,1.0,0.5507544581618655,0.4492455418381345,0.023375837202907687,0.01020893557739405,0.010206251673495514,0.018383856431483783,0.1710657878249029,1.0,0.37751347801436075,0.8279878993566911,0.8987181418735802,False,1,0.1051395105048273,0.7748817604182308,False,False,False,0.0643089190719592,0.0227007686830084,-0.0037418690576952,0.0428727962169767,0.736813379617918,False,True,False,0.0,0.0,0.25,6.4729365558111045,variable_and_atlas_unsupported,True,False,False,True
TAL1,TENT5C,TENT5C,ENSG00000183508,0.136458480968146,0.136458480968146,True,0.683282208588957,196.06620921516352,0.0016460905349794,True,0.0894230087714943,-0.509237257258718,5.768351565512109e-55,False,True,False,0.136458480968146,-0.04141859470449264,0.04141859470449264,0.21607902318562217,1.0,0.014011739201078127,0.4162049861495812,31.780515437516353,0.0035404282043035957,0.0035404282043035957,0.8893004115226337,0.75,0.021810009902862325,0.4436379163108423,36.142204293511696,-0.007566807567077457,0.007566807567077457,0.845679012345679,0.6666666666666666,0.02622227678450094,0.5248041775456965,53.867705712907956,3,0.3333333333333333,0.845679012345679,0.154320987654321,-0.00756695198853836,0.023432033518258025,0.023418752883788026,0.044959022908796234,0.37672403925838344,0.6666666666666666,1.825106873353476,0.4014977150373129,0.6310451182833657,False,0,,,False,False,False,-0.0110461137964644,0.0460467647735165,0.1415312052777433,0.0775848640387925,0.8257784382827508,False,True,False,0.0,-0.39999999999999997,0.25,5.283539759659891,variable_and_atlas_unsupported,True,False,False,True
GFI1B,RPL5,RPL5,ENSG00000122406,0.1361959327101589,0.1361959327101589,True,0.8144171779141104,390.3666110338103,0.0078189300411522,True,-0.036207553532082,0.134562014806999,2.3373052241698e-79,False,False,False,0.1361959327101589,0.04217919475307191,0.04217919475307191,0.2415969268761147,1.0,0.026642019853989746,0.9993074792244079,1416.5423266270586,-0.006312540676745663,0.006312540676745663,0.8333333333333334,0.75,0.02661561172935965,1.0000000000000568,1590.6267293670046,0.018087355350458766,0.018087355350458766,0.6613168724279835,0.6666666666666666,0.03535870944568109,0.9991296779808397,1554.7879046719306,3,0.6666666666666666,0.6613168724279835,0.33868312757201646,0.0180893281784355,0.02425857125533483,0.02424603079865209,0.04849173542981757,0.3043863964994078,0.6666666666666666,2.1172169515814394,0.34693824756127406,0.5954128709604545,False,1,0.1200455639392853,0.6885005162203544,False,False,False,0.0213481124149309,-0.026210876429506,0.0277202363518553,0.0837573041668998,0.5804037085483444,False,False,False,0.39999999999999997,-0.7999999999999999,0.0,5.96964474481783,variable_and_atlas_unsupported,True,False,False,True
KLF1,CLK3,CLK3,ENSG00000179335,0.1361704055148334,0.1361704055148334,True,0.7039877300613497,197.4105930526037,0.0024691358024691,True,-0.0357129519965821,-0.116438902681233,1.16281084858359e-08,False,True,False,0.1361704055148334,-0.018527165018439925,0.018527165018439925,0.6015914391548909,1.0,0.016359714410543798,0.2638504155124635,18.649061769405183,0.06507680106624429,0.06507680106624429,0.04801097393689986,1.0,0.013630947530528001,0.32749786507258544,31.022641167283812,0.11397675812156416,0.11397675812156416,0.00850480109739369,1.0,0.015558220152965969,0.6623150565709307,103.66994588575618,3,0.6666666666666666,0.04801097393689986,0.9519890260631001,0.06516890174174374,0.06723878016829395,0.06700512243178783,0.1325039231400041,0.33160313363158905,1.0,11.959848364192556,0.00252901802980609,0.031309243208999395,False,3,0.0158041034617868,0.9657668643808058,False,False,True,0.0661757386619002,0.0859691193787949,-0.0231694722080768,0.0273404962369191,0.9546813130814008,False,False,False,-0.6000000000000001,0.6000000000000001,0.5,5.290338585827685,variable_and_atlas_unsupported,True,False,False,False
TAL1,FOXO3,FOXO3,ENSG00000118689,0.1360982930968913,0.1360982930968913,True,0.9478527607361964,861.9279401313931,0.0017832647462277,True,0.116970652858899,-0.334468447610642,3.15265393283659e-88,False,True,False,0.1360982930968913,0.06283874782555683,0.06283874782555683,0.06818493620524077,1.0,0.0228269185506461,0.8393351800554215,176.2019865575805,0.03585502369819471,0.03585502369819471,0.153360768175583,1.0,0.011945992293993927,0.882578992314304,195.4576146200076,0.10301942987018405,0.10301942987018405,0.011248285322359396,1.0,0.04735951897437461,0.9338555265448109,336.384454107559,3,1.0,0.06818493620524077,0.9318150637947592,0.0629216549669107,0.033979250059435986,0.03379759861733023,0.06716440617198934,0.07152233025229121,1.0,3.5070199123206827,0.1731650737052764,0.4225216236413674,True,0,,,False,False,False,-0.003247894797072,0.0627496810206806,0.0432873995585821,0.0577949640589809,0.8257784382827508,False,False,False,-0.19999999999999998,0.19999999999999998,0.25,6.760331188328796,transportable_but_atlas_unsupported,False,False,False,True
NFE2,MORC3,MORC3,ENSG00000159256,0.1359914373935448,0.1359914373935448,True,0.7875766871165644,265.5214928137548,0.0146776406035665,False,,,,False,False,False,0.1359914373935448,0.00969001366566169,0.00969001366566169,0.784606941967348,1.0,0.005685272457891816,0.7569252077562467,102.14382094295382,0.035438923633818536,0.035438923633818536,0.23443072702331963,1.0,0.019498338379962163,0.8223740392826998,127.88971422742353,0.06234609911904713,0.06234609911904713,0.17983539094650206,1.0,0.025222488685140793,0.885117493472576,175.79398039909267,3,1.0,0.23443072702331963,0.7655692729766803,0.03545377094281421,0.02637068862865121,0.026330165819250496,0.05265608545338544,0.3345203399734307,1.0,1.7692217190373443,0.4128748083238627,0.6427693156013783,False,3,0.0946783271389315,0.4781827014205362,False,False,True,0.0136811540120983,-0.0435660001467842,-0.0310536103850058,0.0773674447800173,0.594813419864043,False,False,False,0.7999999999999999,-0.39999999999999997,0.5,5.585454888810853,variable_and_atlas_unsupported,True,False,False,False
GATA1,RPS19,RPS19,ENSG00000105372,0.1359848842992796,0.1359848842992796,True,0.950920245398773,1063.7016382976346,0.0027434842249657,True,-0.117928859190292,0.11920673685787,1.71786212559317e-63,False,False,False,0.1359848842992796,0.01009458567441246,0.01009458567441246,0.7498971052270544,0.75,0.023123725866245604,0.9993074792244079,3160.7364948776712,0.015938026227099535,0.015938026227099535,0.49327846364883404,1.0,0.01330172436347383,1.0000000000000568,3320.2598637564097,-0.020145818174550047,0.020145818174550047,0.5323731138545953,1.0,0.013289549774525285,0.9999999999999868,3481.5139962892017,3,0.6666666666666666,0.5323731138545953,0.4676268861454047,0.010094928577025247,0.019369921701225257,0.01936780683352141,0.03608384440164958,0.1382619528906197,0.75,1.0313934268102556,0.5970844529269759,0.778095318656417,False,1,-0.1241027024568338,0.689105888381774,False,False,False,0.0526230247078304,0.00142811948091,-0.0123663784759319,-0.0590644876377904,0.5153402736727258,False,False,False,0.39999999999999997,0.39999999999999997,0.25,6.970449887060463,variable_and_atlas_unsupported,True,False,False,True
GFI1B,DEK,DEK,ENSG00000124795,0.1359253695934459,0.1359253695934459,True,0.5391104294478528,277.31729040216624,0.0079561042524005,True,0.0954835870970538,-0.0745598746837686,2.59610974208269e-11,False,True,False,0.1359253695934459,0.03207298902581775,0.03207298902581775,0.3704211826039237,1.0,0.021353343336461,0.9480609418282824,413.19793014210575,0.04858550830809318,0.04858550830809318,0.1440329218106996,1.0,0.015053230815182426,0.9765157984629064,522.8461268989759,0.01355290908999431,0.01355290908999431,0.7436213991769547,1.0,0.010228318463931936,0.9590948651000754,606.0934199765388,3,1.0,0.3704211826039237,0.6295788173960764,0.03208399339661551,0.01754443830571974,0.017525884009338633,0.03503259921809887,0.3027750508395967,1.0,0.9653470373861597,0.6171312723114273,0.7866118525596592,False,1,0.0007035241980268,0.9977039165865588,False,False,False,-0.0199484995220519,-0.0117058126505268,-0.0889064754374291,0.0697065374509814,0.565573622521723,False,True,False,-0.39999999999999997,-1.0,0.75,5.628761795247885,variable_and_atlas_unsupported,True,False,False,False
NFE2,CPLANE1,CPLANE1,ENSG00000197603,0.1359015500343776,0.1359015500343776,True,0.3159509202453988,88.51939023021343,0.0148148148148148,True,0.115885850743474,-0.184810676103562,1.15832929568902e-26,False,True,False,0.1359015500343776,-0.009932299820850069,0.009932299820850069,0.7806283440801207,1.0,0.008288272132131609,0.32756232686980363,28.73298525655782,0.02131615701742041,0.02131615701742041,0.4646090534979424,1.0,0.011758585567690185,0.3104184457728418,29.474700939732163,0.058294933622600686,0.058294933622600686,0.20534979423868313,1.0,0.020622140225653476,0.42819843342036923,58.01845052236781,3,0.6666666666666666,0.4646090534979424,0.5353909465020577,0.021319386432731357,0.034187742897130946,0.034153700037077996,0.06822723344345076,0.28810558407158954,1.0,2.956319946487085,0.22805693341396716,0.4801279966371298,False,3,-0.5721990965259378,0.0074774934562784,True,True,True,-0.1879186861846149,0.0889854796088856,-0.2637699317717323,-0.6081593832271787,0.0045860544876306,True,False,False,0.7999999999999999,0.7999999999999999,0.5,4.494455252432363,variable_and_atlas_unsupported,True,True,False,False
NFE2,MFHAS1,MFHAS1,ENSG00000147324,0.1358107279253725,0.1358107279253725,True,0.7400306748466258,304.2850961617661,0.0149519890260631,False,,,,False,False,False,0.1358107279253725,0.07504583431156425,0.07504583431156425,0.04170668130058993,1.0,0.019429583809949347,0.8240997229917085,164.5942820631889,0.04758409015400501,0.04758409015400501,0.11385459533607682,1.0,0.012408130596719913,0.8992314261315563,216.5204408376297,0.07044494296787258,0.07044494296787258,0.13593964334705075,1.0,0.02869807880047827,0.9434290687554284,309.3619849152867,3,1.0,0.11385459533607682,0.8861454046639232,0.07056181860367718,0.014762938092061048,0.014707901417883138,0.02746174415755924,0.049283063320253596,1.0,0.8089252409868704,0.6673353268489292,0.814754570649876,False,3,-0.1500032870268781,0.2586915728687082,False,False,True,0.112227488833226,0.0079305164420226,-0.1615439575490654,-0.1302763590153164,0.0113598693755133,True,True,True,0.39999999999999997,0.0,0.5,5.7212460815226,variable_and_atlas_unsupported,True,True,False,False
NFE2,RIPOR3,RIPOR3,ENSG00000042062,0.1357763569227049,0.1357763569227049,True,0.6886503067484663,197.3291548433528,0.0150891632373113,True,-0.247970493473932,0.142644494581398,1.20044838893714e-65,False,False,False,0.1357763569227049,0.045478342048292694,0.045478342048292694,0.20606393195225683,1.0,0.024831471923328196,0.641966759002776,77.25188749156777,0.05601074985720741,0.05601074985720741,0.06721536351165981,1.0,0.011054936016136045,0.7583262169086528,115.86789107217432,0.06297377428263774,0.06297377428263774,0.17736625514403292,1.0,0.02490460160303649,0.8398607484769293,158.33210198090615,3,1.0,0.17736625514403292,0.8226337448559671,0.056069432741677194,0.008834124302524405,0.008808191949060705,0.01749543223434505,0.07329813610590566,1.0,0.20459976985042783,0.902758787320411,0.9503532131825416,False,3,0.3799353956059056,0.0024538085097965,True,False,True,0.0481985481956873,0.1421101079506866,-0.0247731061043829,0.3519798627877747,0.0135149516747188,True,False,False,0.39999999999999997,-0.39999999999999997,0.25,5.2899280486388776,variable_and_atlas_unsupported,True,True,False,True
KLF1,SOX6,SOX6,ENSG00000110693,0.135595154654474,0.135595154654474,True,0.8757668711656442,1539.4499639593853,0.0026063100137174,True,0.0678063645713172,-0.230807712498218,1.04484872687795e-27,False,True,False,0.135595154654474,0.056538948790114577,0.056538948790114577,0.12402249965701742,1.0,0.016403158390573266,0.33656509695290604,56.791638555652966,0.1126856683776028,0.1126856683776028,0.004663923182441701,1.0,0.009551126144322002,0.7019641332194914,314.7856856125982,0.08441212981673626,0.08441212981673626,0.03731138545953361,1.0,0.03136057931902369,0.9242819843341933,1084.9128213310082,3,1.0,0.03731138545953361,0.9626886145404664,0.08461348162734458,0.028283921902097206,0.02807359769051004,0.05614671958748822,0.06168622738848108,1.0,2.879343346079035,0.237005561224621,0.4873968185981408,True,3,0.0594380813679748,0.7549804144251665,False,False,True,-0.0194193571379394,0.0287691596977475,-0.1293207199184211,0.0603899149168731,0.9125865409661916,False,False,False,0.39999999999999997,-0.7999999999999999,0.5,7.33982983711934,transportable_but_atlas_unsupported,False,False,True,False
GATA1,RPSA,RPSA,ENSG00000168028,0.1355598651523606,0.1355598651523606,True,0.7415644171779141,364.2009064489107,0.0028806584362139,True,-0.0527608808458795,0.11352039180476,5.3498774746652504e-52,False,False,False,0.1355598651523606,0.05157924664321296,0.05157924664321296,0.09644670050761421,1.0,0.022401816020303278,0.995152354570668,1267.1872170422253,0.0020861709370739922,0.0020861709370739922,0.9292181069958848,0.5,0.01666347755912256,1.0000000000000568,1396.5857245464144,0.05295337671502746,0.05295337671502746,0.09547325102880659,1.0,0.036424491087681816,0.9991296779808397,1370.1456430751186,3,1.0,0.09644670050761421,0.9035532994923858,0.05162506059321518,0.029007236078843122,0.02897966355902167,0.050867205777953464,0.4810820525856104,0.5,3.0727575853588034,0.21515882714402434,0.47089386994979787,False,1,-0.1371737947438562,0.7196128715117135,False,False,False,0.0311942422642579,-0.0292755717934887,-0.0146489563648789,-0.1923069027334126,0.2208690222481977,False,False,False,0.39999999999999997,0.39999999999999997,0.75,5.9004476307793725,variable_and_atlas_unsupported,False,False,False,False
GFI1B,EXOC5,EXOC5,ENSG00000070367,0.1355563325730968,0.1355563325730968,True,0.3312883435582822,50.385428688662834,0.0080932784636488,False,,,,False,False,False,0.1355563325730968,0.029055400879698854,0.029055400879698854,0.41692961997530525,1.0,0.013017135202897432,0.7555401662050001,100.70591908837844,0.026601032369466506,0.026601032369466506,0.39519890260631,1.0,0.015455801101101794,0.8129803586678396,120.12439374522513,0.025991418585437378,0.025991418585437378,0.5294924554183813,1.0,0.0186053447204455,0.8137510879025177,120.2848800688281,3,1.0,0.41692961997530525,0.5830703800246948,0.026607309463899883,0.0016231480280142077,0.0016219094328006464,0.003063982294261476,0.07208487396493658,1.0,0.007431291507626753,0.9962912487160912,0.9997833016580421,False,1,0.2705596454785086,0.8569887257117662,False,False,False,-0.0675535673639766,-0.0617367070111142,-0.1592912755794547,-0.0218493664284396,0.843292792515562,False,True,False,-0.7999999999999999,-0.7999999999999999,1.0,3.9393546437232296,variable_and_atlas_unsupported,True,False,False,False
GFI1B,HBA1,HBA1,ENSG00000206172,-0.1354038878943175,0.1354038878943175,True,1.0,41207.51921381657,0.0082304526748971,True,0.102531121938097,-0.773263794466368,0.0,False,False,False,0.1354038878943175,0.17207503106960853,0.17207503106960853,0.0005487721223761833,1.0,0.015051556912799038,0.9986149584487846,1699.3546256986263,0.09456637982495386,0.09456637982495386,0.014540466392318244,1.0,0.008642392139210487,1.0000000000000568,2755.4605805846663,-0.04448804371111281,0.04448804371111281,0.2831275720164609,1.0,0.008899317305158746,0.9999999999999868,13818.10858964061,3,0.3333333333333333,0.014540466392318244,0.9854595336076818,-0.09484979819859403,0.11054514258142645,0.10972943169541587,0.21656307478072134,0.15926161860582264,1.0,30.58244922444107,2.2861542493165717e-07,1.768911850408697e-05,False,1,-0.0067931353254233,0.9682135974637652,False,False,False,-0.1691196130464858,-0.0559895527387977,-0.1453504635714672,-0.0296254284216036,0.4761558999226409,False,True,False,0.19999999999999998,0.7999999999999999,0.5,10.626400290996576,variable_and_atlas_unsupported,True,False,False,False
NFE2,CYTOR,CYTOR,ENSG00000222041,0.1352368068042689,0.1352368068042689,True,0.7469325153374233,252.2745426630296,0.0152263374485596,False,,,,False,False,False,0.1352368068042689,0.014746181928399505,0.014746181928399505,0.6778707641651804,0.5,0.02738442458241778,0.9148199445983631,243.17412458129806,0.04231807650064414,0.04231807650064414,0.15912208504801098,1.0,0.02622173753618927,0.9342442356960353,239.7897783516462,0.05120340372312638,0.05120340372312638,0.2626886145404664,1.0,0.03685211102357625,0.9617058311575165,262.3813498323083,3,1.0,0.2626886145404664,0.7373113854595337,0.042343365025447714,0.01903139038014159,0.019010029945371227,0.03645722179472687,0.2745306405133187,0.5,1.0038410789664423,0.6053669115027683,0.7855809606293785,False,3,-0.1338506100152083,0.2505980971380263,False,False,True,0.0603272379179149,0.0325377026981923,-0.0373297217700438,-0.099551362678334,0.179799236748939,False,False,False,0.39999999999999997,1.0,0.5,5.534474049244811,variable_and_atlas_unsupported,True,False,False,False
GFI1B,LDHB,LDHB,ENSG00000111716,0.1351255141999015,0.1351255141999015,True,0.1203987730061349,15.314743493959035,0.0083676268861454,True,-0.0509873372275045,0.227261986986349,1.14505229065411e-89,False,False,False,0.1351255141999015,0.011290215574566127,0.011290215574566127,0.757442721909727,0.75,0.013353951567301459,0.9529085872576456,357.60603921999495,-0.01350011556094829,0.01350011556094829,0.6556927297668038,1.0,0.014177911643518695,0.969684030743008,349.1718878681444,0.013512221311552055,0.013512221311552055,0.7445816186556927,0.6666666666666666,0.023141934854148057,0.8398607484769293,236.80240694316518,3,0.6666666666666666,0.7445816186556927,0.2554183813443073,0.01129069532863379,0.014996215620736006,0.01499535578447038,0.027012336872500344,0.05540713468783764,0.6666666666666666,0.814560335860703,0.6654577242684949,0.814754570649876,False,1,0.6126726236088432,0.6494861494441965,False,False,False,-0.0352615305798541,0.0616300297278607,0.2348942730619206,0.4072230120772402,0.2948473358099668,False,False,False,1.0,-0.7999999999999999,0.5,2.792069207822949,variable_and_atlas_unsupported,True,False,False,False
GATA1,RFESD,RFESD,ENSG00000175449,0.1349819892850104,0.1349819892850104,True,0.7469325153374233,240.46289134392669,0.0030178326474622,True,0.28163019862252,-0.532819108792236,2.1525858940033202e-120,True,True,True,0.1349819892850104,-0.03085512414182599,0.03085512414182599,0.31965976128412676,0.75,0.0222671889932578,0.7285318559556907,98.5536937116911,0.018579748489972747,0.018579748489972747,0.42784636488340194,0.75,0.021645338576391414,0.8761742100768993,159.95483820173314,0.09426297287262553,0.09426297287262553,0.003703703703703704,1.0,0.014943926556827043,0.9425587467362814,240.0646393909928,3,0.6666666666666666,0.31965976128412676,0.6803402387158732,0.018581886886317046,0.0631697330957798,0.06301626150658103,0.1251180970144515,0.22038964303883346,0.75,10.009723273731584,0.006705269046088775,0.05764094531129031,False,1,0.1774724022009311,0.3826997805973157,False,False,False,-0.3808127348158101,-0.0955332518427234,-0.120727631632403,0.0034769020208041,0.0425714485456902,True,True,True,-0.39999999999999997,-0.7999999999999999,0.5,5.486715802254509,variable_but_atlas_supported,True,True,False,False
NFE2,AMMECR1,AMMECR1,ENSG00000101935,0.1348306310324312,0.1348306310324312,True,0.7200920245398773,358.40239665735663,0.0153635116598079,True,-0.0500778188386439,0.0806996915928811,1.65268249996565e-41,False,False,False,0.1348306310324312,0.08336634063404359,0.08336634063404359,0.02524351762930443,1.0,0.012777178666790118,0.9245152354570896,403.5302581827145,0.038586947030570175,0.038586947030570175,0.1979423868312757,1.0,0.004383654965297519,0.9611443210931351,511.42269489145065,0.06536633856899635,0.06536633856899635,0.16131687242798354,1.0,0.0395027467692219,0.9512619669277519,507.75889625953425,3,1.0,0.16131687242798354,0.8386831275720165,0.06545967615823506,0.02261865951313184,0.02253267988576012,0.04477939360347342,0.09099659848506478,1.0,1.8741700871690818,0.39176815966363904,0.6208563764469468,False,3,0.2423918233040504,0.003211149412779,False,False,True,-0.0257172648549379,0.04802002470863,-0.0469511711705983,0.2344961457651486,0.0098017354564917,True,False,False,0.19999999999999998,-0.39999999999999997,0.5,5.88444264282293,variable_and_atlas_unsupported,True,True,False,False
GFI1B,NFIA,NFIA,ENSG00000162599,0.13479163682977,0.13479163682977,True,0.7852760736196319,985.2199401039912,0.0085048010973936,True,0.312482279633915,-0.738073669276194,0.0,True,True,True,0.13479163682977,0.1366917740234434,0.1366917740234434,0.0032926327342570998,1.0,0.02644733168457178,0.9480609418282824,1325.8539502812027,0.12494256233463176,0.12494256233463176,0.003017832647462277,1.0,0.03708464377156551,0.9760888129804127,1583.3064390666757,0.10730803450233325,0.10730803450233325,0.016186556927297667,1.0,0.04356198524769799,0.9756309834638693,1855.3232790320194,3,1.0,0.0032926327342570998,0.9967073672657429,0.12559886519162256,0.015012659659001072,0.014789775158427693,0.029383739521110147,0.007524893081653557,1.0,0.5657017572808727,0.753632162133435,0.8654885127283789,True,1,0.160239665485925,0.6782170434332202,False,False,False,-0.2524347231353024,-0.1381049933317571,-0.1686520909489608,0.0824354021879416,0.016528682091147,True,True,True,0.19999999999999998,0.19999999999999998,0.75,6.893879392713579,transportable_and_atlas_supported,False,False,False,False
GATA1,SNCA,SNCA,ENSG00000145335,0.1346911414313512,0.1346911414313512,True,0.9348159509202454,1338.8850430085472,0.0031550068587105,True,0.320429514730807,-0.780654352761112,3.51727629899477e-257,True,True,True,0.1346911414313512,0.04641181381893451,0.04641181381893451,0.13390039785978872,1.0,0.010072189873582039,0.8282548476454484,222.83268513103653,0.024877315814419834,0.024877315814419834,0.28998628257887515,1.0,0.0077113164623501445,0.8714773697694692,285.88180494773803,-0.002889393776123579,0.002889393776123579,0.9334705075445816,0.6666666666666666,0.017223282214789262,0.9651871192341047,647.5576101807027,3,0.6666666666666666,0.28998628257887515,0.7100137174211248,0.024882449752319256,0.024732327874716315,0.024716168244434098,0.049301207595058086,0.4238213286062905,0.6666666666666666,1.5421800139463797,0.46250865579461287,0.6800305414177324,False,1,0.1292500401704479,0.614826431418245,False,False,False,-0.3177553102285627,-0.1373400311546053,-0.0508240785764211,0.0980706533969405,0.1128804034710458,False,True,False,0.39999999999999997,-0.19999999999999998,0.5,7.200339100465296,variable_but_atlas_supported,True,False,False,False
KLF1,HECTD4,HECTD4,ENSG00000173064,0.1344538985497675,0.1344538985497675,True,0.946319018404908,959.1963565011604,0.0027434842249657,True,-0.0600276708841503,-0.0678633997648363,4.6145186511275894e-11,False,True,False,0.1344538985497675,0.007986929262526204,0.007986929262526204,0.8216490602277404,0.25,0.03487516209165847,0.8808864265928206,209.85360368389908,0.062224677414931304,0.062224677414931304,0.05500685871056241,1.0,0.01650312975821405,0.9192997438087577,244.57143821675064,0.028715031512666474,0.028715031512666474,0.4492455418381344,1.0,0.01875118351071821,0.9469103568320166,369.89312217273243,3,1.0,0.4492455418381344,0.5507544581618655,0.028722927775026143,0.027411053447661413,0.02736872885865414,0.0542377481524051,0.3833729222159161,0.25,2.7607242313325964,0.25148746901686364,0.5054244913033721,False,3,0.0861298425244411,0.4710669162324659,False,False,True,-0.0173169018362083,0.1103470212654098,0.0072097935063948,0.1131742279435646,0.5473953686408461,False,False,False,0.7999999999999999,-1.0,0.25,6.867137801568875,variable_and_atlas_unsupported,True,False,False,True
NFE2,H1F0,H1F0,ENSG00000189060,0.1344380928862003,0.1344380928862003,True,0.661042944785276,472.8767637504524,0.0155006858710562,False,,,,False,False,False,0.1344380928862003,0.08448176010068083,0.08448176010068083,0.0230484291397997,1.0,0.039440134222679335,0.6800554016620585,99.09842407290233,0.09232760543029167,0.09232760543029167,0.006858710562414266,1.0,0.014905243469858316,0.638343296327938,98.8343019155352,0.1468555717752158,0.1468555717752158,0.0064471879286694105,1.0,0.03498431386805104,0.9268929503916344,451.8228750099941,3,1.0,0.006858710562414266,0.9931412894375857,0.09259130085974608,0.03445737282296248,0.03397388405196877,0.06237381167453497,0.009468170786404608,1.0,3.02710616418348,0.22012645944988332,0.4747675205556717,True,3,-0.0459285677729452,0.8573745213431259,False,False,True,0.0728974657824051,0.0048864086481345,-0.1240367633816353,-0.1160206861301281,0.5153402736727258,False,True,False,0.7999999999999999,1.0,0.5,6.160947295803621,transportable_but_atlas_unsupported,False,False,True,False
GFI1B,RPS2,RPS2,ENSG00000140988,0.1344257526636847,0.1344257526636847,True,0.9187116564417178,926.6347966243028,0.0087791495198902,True,0.0102550320644736,0.105167843693375,1.07729668209477e-45,False,False,False,0.1344257526636847,0.0941179569950783,0.0941179569950783,0.019618603374948553,1.0,0.018005561346771122,1.000000000000031,3579.8541087977055,0.053009831533514074,0.053009831533514074,0.11358024691358025,1.0,0.03424093961469458,1.0000000000000568,3932.4111666781346,0.10868393603362057,0.10868393603362057,0.014814814814814815,1.0,0.030720544855964517,0.9999999999999868,3896.837206136626,3,1.0,0.019618603374948553,0.9803813966250514,0.09439734835604308,0.029062066666095385,0.028872280928841698,0.0556741045001065,0.055687337607196366,1.0,2.934110751325208,0.23060352716571772,0.480618125641681,True,1,0.2703976390106522,0.503470569594384,False,False,False,-0.0416304606665378,-0.0398728846212435,0.010387499876475,0.1193167268788839,0.364504680701667,False,False,False,0.39999999999999997,-0.7999999999999999,0.5,6.832638117209389,transportable_but_atlas_unsupported,False,False,False,False
NFE2,TADA3,TADA3,ENSG00000171148,0.134386574235023,0.134386574235023,True,0.2308282208588957,29.40332943281836,0.0156378600823045,False,,,,False,False,False,0.134386574235023,0.003906353325308855,0.003906353325308855,0.9097269858691178,0.5,0.01126796446298397,0.45914127423822343,35.25590594896398,0.012024507930902555,0.012024507930902555,0.6898491083676269,0.5,0.03006322059777861,0.42228864218616274,31.620243860526497,0.011395593058552625,0.011395593058552625,0.7956104252400549,0.3333333333333333,0.04072145886047802,0.42993907745866344,30.676058499341345,3,1.0,0.7956104252400549,0.20438957475994513,0.01139608637248537,0.004516727579484637,0.004516427052050886,0.0081181546055937,0.10996539347370256,0.3333333333333333,0.06371139878560009,0.9686463482509979,0.9845518712107844,False,3,-0.0591645080144503,0.8590040550092644,False,False,True,-0.0755564026257247,0.0071540503463007,0.1080968357137633,-0.080891205549508,0.6504108478835773,False,True,False,0.0,0.39999999999999997,0.5,3.4145521232316027,variable_and_atlas_unsupported,True,False,False,False
NFE2,PRR5,PRR5,ENSG00000186654,0.1342859652715215,0.1342859652715215,True,0.3197852760736196,46.84518512736441,0.0157750342935528,True,-0.241787724306778,0.16898305867135,9.85241417178296e-64,False,False,False,0.1342859652715215,0.04075433415155257,0.04075433415155257,0.25792289751680614,1.0,0.01445395364035961,0.47368421052631193,38.161301189943195,-0.0028614111173682687,0.0028614111173682687,0.9222222222222223,0.5,0.01214733680853192,0.47224594363791295,38.42173635181217,0.02690833936314603,0.02690833936314603,0.5484224965706447,1.0,0.015766461370737676,0.4943429068755494,40.69578142491201,3,0.6666666666666666,0.5484224965706447,0.4515775034293553,0.02691483659198902,0.02229756098209568,0.02228707716262219,0.04361574526892084,0.3330189796272147,0.5,1.8393225048210475,0.3986540613166398,0.6295073060076531,False,3,0.323804799611014,0.0970458925719205,False,False,True,0.2074079045857786,0.1491131980824751,0.0875989353698297,0.3043914999860133,0.5762333526411032,False,False,False,0.7999999999999999,-0.7999999999999999,0.25,3.8679704885384947,variable_and_atlas_unsupported,True,False,False,True
GFI1B,RAF1,RAF1,ENSG00000132155,0.1342845862566095,0.1342845862566095,True,0.3328220858895706,53.67001074374677,0.0090534979423868,False,,,,False,False,False,0.1342845862566095,-0.010014406176067055,0.010014406176067055,0.7830978186308135,0.75,0.015760749346361864,0.7472299168975203,88.00011624938995,0.008827801848637046,0.008827801848637046,0.7688614540466392,0.75,0.015069545486779124,0.7348420153715022,88.50700975951362,0.04278796466212621,0.04278796466212621,0.3030178326474623,1.0,0.01326388799702085,0.7449956483899006,91.8392847026784,3,0.6666666666666666,0.7688614540466392,0.2311385459533608,0.008828031176477616,0.02677371330869906,0.026759458850093235,0.052802370838193266,0.2731573864449602,0.75,1.7935226051280917,0.40788855044627337,0.6375833654703111,False,1,-0.4185610097137156,0.5559033775277359,False,False,False,0.119113061116469,-0.0601077534371315,-0.0780183109196862,-0.0698725633098187,0.3629317336110537,False,True,False,0.19999999999999998,0.7999999999999999,1.0,4.001315309426859,variable_and_atlas_unsupported,True,False,False,False
TAL1,CDC27,CDC27,ENSG00000004897,0.134254922956282,0.134254922956282,True,0.8274539877300614,384.7882807258733,0.0019204389574759,True,0.161947764579297,-0.307774964615836,1.5285545834724499e-81,False,True,False,0.134254922956282,0.15383895564998498,0.15383895564998498,0.0009603512141583208,1.0,0.010178037224776539,0.8995844875346501,233.4370486071429,0.07804355790427255,0.07804355790427255,0.00411522633744856,1.0,0.006043948589507677,0.9380871050384781,280.81224295925773,0.03363807090515127,0.03363807090515127,0.37160493827160496,1.0,0.027097612356015228,0.9686684073106929,410.18271921773885,3,1.0,0.00411522633744856,0.9958847736625515,0.07820258863873855,0.06142221393146182,0.0607797146649284,0.1202008847448337,0.2130868569110876,1.0,9.992908867198734,0.006761879239176759,0.05764094531129031,True,0,,,False,False,False,-0.1730058215765081,0.0013714916216563,-0.0686951813942429,-0.029042803863104,0.1393663436704674,False,False,False,0.39999999999999997,0.39999999999999997,0.75,5.955288723457305,transportable_but_atlas_unsupported,False,False,False,False
GATA1,STRN3,STRN3,ENSG00000196792,0.1342425462783144,0.1342425462783144,True,0.7952453987730062,392.79184925059695,0.0032921810699588,True,0.125725544806126,-0.197416306497917,6.00168816745926e-44,False,True,False,0.1342425462783144,-0.0009485412064176382,0.0009485412064176382,0.9766771847990122,0.5,0.020098933088697504,0.8919667590027937,254.40600957135106,-1.2394108746345484e-05,1.2394108746345484e-05,1.0,0.5,0.02356732805255716,0.9423569598634146,308.1330554706873,0.011597354496124616,0.011597354496124616,0.717832647462277,0.6666666666666666,0.021025920384542363,0.9503916449086048,417.51269904551225,3,0.3333333333333333,0.9766771847990122,0.02332281520098778,-1.239410874698012e-05,0.006989125629386126,0.006988825998642998,0.012545895702542255,0.1566114422470016,0.5,0.1257901226672463,0.9390420103351271,0.9703956667736956,False,1,0.1078002730246367,0.7703217839302647,False,False,False,-0.0426584674491482,0.069365818051884,-0.100832890408271,0.0487221828707802,0.3989374553109798,False,True,False,0.0,0.0,0.5,5.975822468303159,variable_and_atlas_unsupported,True,False,False,False
NFE2,CA8,CA8,ENSG00000178538,0.1342370387221671,0.1342370387221671,True,0.4539877300613497,127.27884672867678,0.015912208504801,True,-0.237337849630424,0.119176838798023,2.16953479586937e-28,False,False,False,0.1342370387221671,0.014348933424635654,0.014348933424635654,0.6871998902455755,0.75,0.016739199596997382,0.5166204986149555,71.93920309441958,0.0164399990263373,0.0164399990263373,0.5755829903978052,0.75,0.025618214139033615,0.660119555935114,111.23411718816992,-0.0334474933651098,0.0334474933651098,0.4576131687242798,0.6666666666666666,0.040725056642551556,0.7380330722367242,150.08128370075633,3,0.6666666666666666,0.5755829903978052,0.42441700960219475,0.014349918322650817,0.02822621630324778,0.02821829449820574,0.0498874923914471,0.11480800919811557,0.6666666666666666,2.1090001247705494,0.34836654531821576,0.5954128709604545,False,3,0.3664893783722325,0.0396537105313758,True,False,True,0.0990957829192113,0.1149978525356766,0.1860367517803873,0.4363728823417986,0.2742617484594819,False,False,False,1.0,-0.39999999999999997,0.25,4.854206384518536,variable_and_atlas_unsupported,True,False,False,True
GFI1B,DAAM1,DAAM1,ENSG00000100592,0.134203262298768,0.134203262298768,True,0.5866564417177914,174.07323662378886,0.0091906721536351,True,0.222894637740673,-0.345099194537266,8.50411480772685e-64,False,True,False,0.134203262298768,0.07531574470647288,0.07531574470647288,0.044587734943064894,1.0,0.020486601609788185,0.788088642659296,157.53273780413818,0.0921670025371985,0.0921670025371985,0.016323731138545954,1.0,0.007614827496605222,0.86806148590952,189.68531697552694,0.049718788567670515,0.049718788567670515,0.22976680384087791,1.0,0.019275816409828925,0.8920800696257524,236.5873473812837,3,1.0,0.044587734943064894,0.9554122650569351,0.07545863991477841,0.02148301621613769,0.021373737480266896,0.04244821396952799,0.11593682673014631,1.0,1.3999836217349388,0.4965893704109263,0.695449819647881,True,1,0.0505480072059038,0.9144261961344348,False,False,False,-0.2677622003995122,-0.1755061218064341,-0.1435809192025052,0.0741555646382092,0.1361143016976829,False,True,False,-0.39999999999999997,-0.39999999999999997,0.75,5.1652043813719875,transportable_but_atlas_unsupported,False,False,False,False
NFE2,SLC22A23,SLC22A23,ENSG00000137266,0.1341454338130239,0.1341454338130239,True,0.88420245398773,419.9291374713802,0.0160493827160493,True,0.0257023369102209,-0.0561442028854422,8.96234505695127e-12,False,True,False,0.1341454338130239,0.042587569886657774,0.042587569886657774,0.23830429414185758,1.0,0.022445929653631985,0.7416897506925337,138.506503514612,0.03891511276755012,0.03891511276755012,0.194238683127572,1.0,0.00634107561474971,0.8351836037575092,189.2257475875272,0.07937616359900039,0.07937616359900039,0.09519890260631002,1.0,0.01582657157752509,0.9007832898172229,242.93496031430195,3,1.0,0.194238683127572,0.805761316872428,0.04261334498237788,0.022458988817824273,0.022375523096338633,0.04046105083145027,0.0732914379791442,1.0,1.354090140209371,0.50811622403315,0.7020623720458034,False,3,-0.0975566328459654,0.2957312887983697,False,False,True,-0.0298426121427525,-0.1089763562509577,-0.1856612275539346,-0.130930882497406,0.5089737328609713,False,True,False,0.6000000000000001,0.6000000000000001,1.0,6.0424644999696415,variable_and_atlas_unsupported,True,False,False,False
KLF1,SPAG9,SPAG9,ENSG00000008294,-0.1340784945709444,0.1340784945709444,True,0.5644171779141104,179.5669790572082,0.0028806584362139,False,,,,False,False,False,0.1340784945709444,-0.06123080941946175,0.06123080941946175,0.09726985869117849,1.0,0.019194118066460687,0.8109418282548655,130.33131378137685,-0.048935529850913435,0.048935529850913435,0.1205761316872428,1.0,0.009962982865016793,0.8313407344150664,133.30617676160597,-0.04024771274729315,0.04024771274729315,0.2895747599451303,1.0,0.012934779352778356,0.7911227154046944,123.62536438104081,3,1.0,0.1205761316872428,0.8794238683127572,0.04897464781554135,0.010571018584022292,0.010543105264012524,0.020983096672168598,0.10494831566085829,1.0,0.29154942203139295,0.864352410327735,0.9194037237879077,False,3,-0.0007512292544751,0.9970386182900678,False,False,True,-0.0182104616719832,0.040929335403261,0.0313532249089961,0.0207410671267112,0.9214043062044416,False,False,False,-0.6000000000000001,-0.6000000000000001,0.75,5.196101784050781,variable_and_atlas_unsupported,True,False,False,False
NFE2,TMEM131L,TMEM131L,ENSG00000121210,0.1340282943497926,0.1340282943497926,True,0.75920245398773,330.611551922335,0.0161865569272976,False,,,,False,False,False,0.1340282943497926,0.01310340604214861,0.01310340604214861,0.7109342845383455,0.75,0.02136570584554558,0.790166204986166,143.6474576108088,0.033508502418427656,0.033508502418427656,0.26008230452674896,1.0,0.01700810285309443,0.8296327924850918,153.59908737820302,0.03257620003595902,0.03257620003595902,0.46954732510288066,1.0,0.023799811822677465,0.8833768494342819,219.94496820896765,3,1.0,0.46954732510288066,0.5304526748971193,0.03258773076223319,0.011527723249408494,0.011521189549282456,0.020405096376279047,0.22561426037628735,0.75,0.4102972417925748,0.8145262517936802,0.8959421251036618,False,3,0.0116114353564533,0.9709111773628344,False,False,True,0.0338350548675724,0.0963580950103406,0.0336971882255109,-0.0470627614413504,0.5237308736415124,False,False,False,0.6000000000000001,0.39999999999999997,0.25,5.803964259573332,variable_and_atlas_unsupported,True,False,False,True
KLF1,CDC27,CDC27,ENSG00000004897,0.1339980211217964,0.1339980211217964,True,0.8274539877300614,384.7882807258733,0.0030178326474622,True,0.0663461834293066,-0.136445189934194,8.1673352636314e-46,False,True,False,0.1339980211217964,-0.007997670392599007,0.007997670392599007,0.8209630950747702,0.5,0.019177444811777314,0.8995844875346501,233.4370486071429,0.100870758165044,0.100870758165044,0.008367626886145405,1.0,0.01797521155644681,0.9380871050384781,280.81224295925773,0.00710398995779873,0.00710398995779873,0.853360768175583,0.6666666666666666,0.03080320701308584,0.9686684073106929,410.18271921773885,3,0.6666666666666666,0.8209630950747702,0.17903690492522983,0.007104109466330961,0.059178212087769765,0.05898107281433689,0.108868428557643,0.4787787263738906,0.5,12.982732222988432,0.0015164759171724927,0.023966736009939402,False,3,0.0612048627513844,0.6885005162203544,False,False,True,-0.109460790769428,-0.0246176322665926,-0.0220520125467339,0.0677725730117898,0.3904478412044405,False,False,False,0.39999999999999997,-0.7999999999999999,0.5,5.955288723457305,variable_and_atlas_unsupported,True,False,False,False
NFE2,TFR2,TFR2,ENSG00000106327,0.1339689267235003,0.1339689267235003,True,0.3811349693251534,65.40074314175884,0.0163237311385459,True,0.0037998694150717,0.0468341832859521,2.66600519166748e-10,False,False,False,0.1339689267235003,0.02103914651922549,0.02103914651922549,0.5582384414871725,0.75,0.0233246279415467,0.8150969529086054,147.2519047327128,0.07037188421047913,0.07037188421047913,0.027160493827160494,1.0,0.00926010487138383,0.8262169086251426,126.66437746105079,0.04068765053831991,0.04068765053831991,0.3724279835390947,1.0,0.023064524531381796,0.8067885117493413,120.55419893983652,3,1.0,0.3724279835390947,0.6275720164609053,0.040710125463800505,0.024894751212174826,0.024835916354498104,0.04933273769125364,0.2694992121898273,0.75,2.2719992361486487,0.32110098250724695,0.5790830068864377,False,3,0.2092254869171264,0.3246143835229542,False,False,True,0.0746842215239146,-0.0238317593614423,-0.045797915218285,0.2300078606099617,0.1119802589556,False,False,False,0.19999999999999998,-0.39999999999999997,0.5,4.195708248313718,variable_and_atlas_unsupported,True,False,False,False
KLF1,FECH,FECH,ENSG00000066926,0.1338215364648614,0.1338215364648614,True,0.9171779141104296,505.9677868432853,0.0031550068587105,True,0.0372851456117003,-0.0935243122435565,9.558386560145381e-17,False,True,False,0.1338215364648614,0.026329951241815953,0.026329951241815953,0.467142269172726,0.75,0.02013041437960452,0.7950138504155292,126.2178271857368,0.09907830770989623,0.09907830770989623,0.008916323731138546,1.0,0.01612467488183079,0.876601195559393,161.91809083970952,0.06942075587406829,0.06942075587406829,0.0757201646090535,1.0,0.0253140674737382,0.9590948651000754,308.5330222137035,3,1.0,0.0757201646090535,0.9242798353909465,0.0695325979078735,0.03673612968920774,0.036580302517330826,0.07274835646808028,0.24753620414427363,0.75,4.736104376805515,0.09366298656755016,0.2988525189964616,True,3,-0.010440832427392,0.9581216780102612,False,False,True,-0.0401001811987345,-0.0371687835698632,-0.0927571051471397,0.0173984884322371,0.7578769200458321,False,False,False,-0.7999999999999999,-0.7999999999999999,0.75,6.228447464774382,transportable_but_atlas_unsupported,False,False,True,False
GFI1B,GYPC,GYPC,ENSG00000136732,0.1338003640013945,0.1338003640013945,True,0.9746932515337424,1543.5880793009026,0.0093278463648834,True,0.143370060693229,-0.501591975856702,6.57209e-318,False,True,False,0.1338003640013945,0.11678447179767952,0.11678447179767952,0.008094388805048704,1.0,0.03121352416563444,0.951523545706399,446.38845817219317,0.1281519717715587,0.1281519717715587,0.0024691358024691358,1.0,0.015236308631965175,0.9884713919727285,645.0777079945065,0.0658290339616699,0.0658290339616699,0.11920438957475994,1.0,0.02787078583658954,0.9999999999999868,1206.7574363224735,3,1.0,0.008094388805048704,0.9919056111949512,0.11731978529986609,0.033505309364104126,0.03319092566242278,0.062322937809888804,0.06583336947130156,1.0,3.110194185765556,0.21116887865041029,0.4685072970774336,True,1,0.1671032769018586,0.1327476111202084,False,False,False,-0.2491942801178569,-0.1175906359129302,-0.1672607921675401,0.0641743522009986,0.0199626037157098,True,True,True,-0.7999999999999999,-0.7999999999999999,0.75,7.342512538444436,transportable_but_atlas_unsupported,False,False,False,False
NFE2,CPOX,CPOX,ENSG00000080819,0.1337905950399116,0.1337905950399116,True,0.7384969325153374,268.82599037428554,0.0164609053497942,True,-0.0984164647214195,0.0762248591668821,5.9646094693343005e-24,False,False,False,0.1337905950399116,0.043391209425171696,0.043391209425171696,0.22883797503086845,1.0,0.018767871491233434,0.7437673130194037,95.17542143225332,0.06401959140755314,0.06401959140755314,0.03950617283950617,1.0,0.012080074439580762,0.8407344150299266,134.9628659145348,0.11423516092892233,0.11423516092892233,0.023868312757201648,1.0,0.03061146930054402,0.9503916449086048,285.6744205410988,3,1.0,0.03950617283950617,0.9604938271604938,0.06410726872076816,0.03669124359435329,0.036437158300815835,0.07084395150375064,0.11409326334302411,1.0,3.367309907350551,0.18569403113121036,0.43444005204770797,True,3,0.0592252924147202,0.6782170434332202,False,False,True,0.0185701904374715,0.045122653168274,-0.049208164330185,0.067908867467386,0.7631398883228815,False,False,False,1.0,-0.39999999999999997,0.25,5.597777271136567,transportable_but_atlas_unsupported,False,False,True,True
NFE2,FAM117A,FAM117A,ENSG00000121104,0.1337719232166762,0.1337719232166762,True,0.6464723926380368,194.72555355171608,0.0165980795610425,True,-0.124095160160008,0.0714436117204562,2.28980886250553e-17,False,False,False,0.1337719232166762,0.08595124118224441,0.08595124118224441,0.022225270956235423,1.0,0.017523848879186215,0.7146814404432243,110.05657790980526,0.09924518794502149,0.09924518794502149,0.004526748971193415,1.0,0.007935859259007376,0.7600341588386273,128.03367637954955,0.13420219664339414,0.13420219664339414,0.01083676268861454,1.0,0.030673556253283534,0.8781549173193995,231.33599801656683,3,1.0,0.01083676268861454,0.9891632373113854,0.09957296929069953,0.0252410454281096,0.02492280140949751,0.04825095546114973,0.008969876198799395,1.0,1.594654795210544,0.4505314479475654,0.6744008088207455,True,3,0.2033416244194648,0.3024713465311211,False,False,True,0.0004161130497955,0.1025297740472151,-0.0877597795159514,0.1693414212400744,0.2674414485996006,False,False,False,0.39999999999999997,0.19999999999999998,0.25,5.276713441001582,transportable_but_atlas_unsupported,False,False,True,True
GFI1B,MPC2,MPC2,ENSG00000143158,0.133692125747934,0.133692125747934,True,0.6088957055214724,164.39778497909882,0.0094650205761316,False,,,,False,False,False,0.133692125747934,0.07691895681678547,0.07691895681678547,0.04225545342296611,1.0,0.021212870766386817,0.918975069252103,253.68961239551925,0.025869640181830876,0.025869640181830876,0.40960219478737997,1.0,0.007882435005938384,0.9786507258753746,367.44923282658345,0.03941828494732785,0.03941828494732785,0.3410150891632373,0.6666666666666666,0.07226205405223238,0.9791122715404575,434.0346081368649,3,1.0,0.3410150891632373,0.6589849108367627,0.039438720061305416,0.026524122827938583,0.026444592687788464,0.05104931663495459,0.1953224425561531,0.6666666666666666,2.3538228407061643,0.30822926058492045,0.5715270455843954,False,1,0.0745790939351319,0.8562768540015728,False,False,False,-0.1242768897463905,-0.1229219767581801,-0.0697932791738957,0.0426452103421025,0.3989374553109798,False,True,False,-0.39999999999999997,-0.39999999999999997,0.75,5.108353390596042,variable_and_atlas_unsupported,True,False,False,False
GATA1,HEMGN,HEMGN,ENSG00000136929,0.1335605272671838,0.1335605272671838,True,0.8466257668711656,928.6721910399608,0.0034293552812071,True,0.395694632389724,-0.944702549105661,6.44598376133151e-218,True,True,True,0.1335605272671838,0.06713716671594785,0.06713716671594785,0.03484702977088764,1.0,0.00960933814274838,0.4272853185595534,47.58097511295722,0.02991137820131098,0.02991137820131098,0.20493827160493827,1.0,0.010247935055119296,0.8044406490179666,194.61131436093393,0.0944488640816454,0.0944488640816454,0.003429355281207133,1.0,0.0068297010784847305,0.9747606614447223,731.5379580853862,3,1.0,0.03484702977088764,0.9651529702291124,0.06723831173393077,0.032529343859774226,0.03239540920996442,0.06453748588033442,0.10841582308943154,1.0,3.470349350283114,0.17636939024733658,0.42314981613605174,True,1,-0.017526669600346,0.9657768531045802,False,False,False,-0.2877733013635804,-0.0846140578180328,-0.059856786789052,-0.0997691080956023,0.6149204655797225,False,True,False,0.0,0.0,1.0,6.834832041257924,transportable_and_atlas_supported,False,False,False,False
GATA1,OSBP2,OSBP2,ENSG00000184792,0.1333556164960074,0.1333556164960074,True,0.8174846625766872,353.62308758077705,0.0035665294924554,True,0.435854275886215,-1.05187803453255,4.50016770207357e-211,True,True,True,0.1333556164960074,0.0187132185190511,0.0187132185190511,0.5535738784469749,1.0,0.01922679897973161,0.6745152354570719,97.11824144689783,0.015066384846088866,0.015066384846088866,0.5171467764060357,1.0,0.006311559877236936,0.8070025619129285,153.52473836797657,0.042451882446094054,0.042451882446094054,0.1820301783264746,1.0,0.004611625532430794,0.9338555265448109,299.7869290700556,3,1.0,0.5171467764060357,0.4828532235939643,0.018715403338108866,0.01488423077754025,0.014870491135574683,0.027385497600005186,0.20480673376411535,1.0,0.6029275825719771,0.7397346107086866,0.8623271638958137,False,1,0.0568900694646617,0.8395353032934146,False,False,False,-0.8666512877738765,-0.2364288100033837,-0.0176591562675334,0.0367118636231946,0.0037981271457283,True,True,True,-0.6000000000000001,-0.7999999999999999,0.75,5.871055500321459,variable_but_atlas_supported,True,True,False,False
KLF1,AC107223.1,AC107223.1,ENSG00000251600,0.1333216767907816,0.1333216767907816,True,0.7423312883435583,371.4641490418275,0.0032921810699588,True,0.110068623118076,-0.118215694353801,1.3297019341578e-11,False,True,False,0.1333216767907816,0.06422533001765374,0.06422533001765374,0.08643160927424887,1.0,0.011598357335834633,0.47368421052631193,60.7463175434821,0.1037075237187136,0.1037075237187136,0.007407407407407408,1.0,0.008355739353078673,0.6451750640478363,108.7323568432214,0.15488613748311428,0.15488613748311428,0.0017832647462277093,1.0,0.02165335847714111,0.9103568320278405,304.1152590526625,3,1.0,0.007407407407407408,0.9925925925925926,0.10408174171972678,0.04605142634522277,0.04545597895507077,0.09066080746546054,0.0473318034248629,1.0,5.3437141256205685,0.06912373891777,0.24732713520288807,True,3,-0.0205498136686798,0.936607200824716,False,False,True,-0.025907966796022,0.0383783182136395,-0.0885691036677451,-0.0095819208693343,0.9147846333664906,False,False,False,0.39999999999999997,0.39999999999999997,0.75,5.920140789004832,transportable_but_atlas_unsupported,False,False,True,False
NFE2,AP2A1,AP2A1,ENSG00000196961,0.1333111854951082,0.1333111854951082,True,0.4210122699386503,67.94190125548373,0.0167352537722908,True,-0.108398033951338,0.0862159026210767,1.6815374431583699e-22,False,False,False,0.1333111854951082,0.026184463751759167,0.026184463751759167,0.46439840856084513,0.75,0.023413689519541623,0.5588642659279779,48.71971521238341,0.0498871139517319,0.0498871139517319,0.10054869684499314,1.0,0.022502756077185666,0.5952177625960796,56.125224625643924,-0.0015156339149270388,0.0015156339149270388,0.971604938271605,0.6666666666666666,0.025169475461068992,0.7302001740644007,83.44986949511055,3,0.6666666666666666,0.46439840856084513,0.5356015914391549,0.026190450465694626,0.02574759008055116,0.02572726674655229,0.05140274786665894,0.4374898193530139,0.6666666666666666,2.0696610040391565,0.355286596182149,0.597615225643343,False,3,0.1457272258562389,0.6423307790501559,False,False,True,0.0692767621786905,0.0637435767854247,0.1102880952938979,0.061421158052861,0.9814191754299628,False,True,False,-1.0,1.0,0.25,4.233264139116967,variable_and_atlas_unsupported,True,False,False,True
GATA1,FECH,FECH,ENSG00000066926,0.1331056680941106,0.1331056680941106,True,0.9171779141104296,505.9677868432853,0.0037037037037037,True,0.305223574674192,-0.616908126231324,5.5841667078678906e-182,True,True,True,0.1331056680941106,0.016136323645678213,0.016136323645678213,0.6100974070517218,0.75,0.01640313074442836,0.7950138504155292,126.2178271857368,-0.0160044926130221,0.0160044926130221,0.4906721536351166,0.75,0.03149982289221311,0.876601195559393,161.91809083970952,0.013376597826134855,0.013376597826134855,0.6803840877914952,0.6666666666666666,0.02747873523115108,0.9590948651000754,308.5330222137035,3,0.6666666666666666,0.6100974070517218,0.3899025929482782,0.013377395751708637,0.017814811558757786,0.017813368723931796,0.032140816258700314,0.09591074549148051,0.6666666666666666,1.1725873252639736,0.5563856207516071,0.7552690772922036,False,1,-0.0687319620861571,0.6782170434332202,False,False,False,-0.3126197894459868,-0.1035606666238647,-0.0834641402591271,-0.0413109998972215,0.1103189375593745,False,True,False,-0.19999999999999998,-0.39999999999999997,0.75,6.228447464774382,variable_but_atlas_supported,True,False,False,False
GATA1,TRIM10,TRIM10,ENSG00000204613,0.1330501012638898,0.1330501012638898,True,0.6595092024539877,183.65525754048883,0.0038408779149519,True,0.376463936983971,-1.11741800993934,1.43770634219771e-114,True,True,True,0.1330501012638898,0.01965456627921804,0.01965456627921804,0.5345040471944025,0.75,0.03019765041672273,0.31994459833794775,25.797968728756334,0.025724897512853073,0.025724897512853073,0.2747599451303155,1.0,0.009078190860466242,0.5111016225448312,55.91679103500229,0.06746112944452369,0.06746112944452369,0.034156378600823045,1.0,0.03733073369717261,0.8250652741514294,148.40210937914878,3,1.0,0.2747599451303155,0.7252400548696845,0.025730574425272157,0.026083036462767818,0.02602636310493204,0.047806563165305654,0.25023484444644567,0.75,1.7339703880770734,0.42021651272748495,0.648663394958387,False,1,0.1953265397476192,0.608156979748136,False,False,False,-0.6122252951895905,-0.1574929365002373,-0.1082783651507744,0.0397417475384371,0.2984021551627289,False,True,False,-1.0,-1.0,0.75,5.21849061389885,variable_but_atlas_supported,True,False,False,False
GFI1B,RPS7,RPS7,ENSG00000171863,0.1330229952761008,0.1330229952761008,True,0.9095092024539876,567.1257067550368,0.0096021947873799,True,-0.102970387477667,0.13049925706079,2.34236853355569e-101,False,False,False,0.1330229952761008,0.03533558345932928,0.03533558345932928,0.32254081492660175,1.0,0.015287050362722267,0.9965373961219146,1258.7324340254693,0.028900167817986776,0.028900167817986776,0.3588477366255144,1.0,0.016084980586690074,0.9995730145175633,1432.1988194339774,0.026715231855397037,0.026715231855397037,0.5183813443072702,1.0,0.016986242456349318,0.9999999999999868,1456.5409956159813,3,1.0,0.3588477366255144,0.6411522633744856,0.028908217848996113,0.004485837576846419,0.004481424279044756,0.008620351603932243,0.10418147427390649,1.0,0.05556773094534041,0.9725985562150631,0.9847166237944458,False,1,0.165157991074845,0.5669126960961601,False,False,False,0.0782150662042423,0.0134862420993722,0.0440976135383979,0.0578919589781076,0.6230730108668829,False,True,False,0.6000000000000001,-0.6000000000000001,0.0,6.342342708944235,variable_and_atlas_unsupported,True,False,False,True
GFI1B,RPS15,RPS15,ENSG00000115268,0.1330075758783414,0.1330075758783414,True,0.9409509202453988,695.2915993829852,0.0097393689986282,True,-0.0834525553885141,0.110045763080054,1.40581986455731e-65,False,False,False,0.1330075758783414,0.050700562375383056,0.050700562375383056,0.15873233639731102,1.0,0.017619057107644193,0.9986149584487846,1670.7663959183706,-0.0068859992036704645,0.0068859992036704645,0.8159122085048011,0.75,0.009111895796808355,0.9995730145175633,1823.0961563545152,0.043523994671340424,0.043523994671340424,0.29547325102880656,1.0,0.012633126601761236,0.9999999999999868,1924.2559033301295,3,0.6666666666666666,0.29547325102880656,0.7045267489711935,0.043551509004954234,0.03140308864220105,0.03138174278405483,0.05758656157905352,0.34675643961724656,0.75,3.653208780447305,0.16095919549932142,0.40833500825442604,False,1,0.101645304806905,0.713847922705964,False,False,False,0.0529674130925626,-0.0082156747668283,-0.0088641104571577,0.0809178528319984,0.4521208155341698,False,False,False,1.0,-0.7999999999999999,0.25,6.545768537223971,variable_and_atlas_unsupported,True,False,False,True
GFI1B,RPS3A,RPS3A,ENSG00000145425,0.1326885383557943,0.1326885383557943,True,0.9516871165644172,856.1880653617526,0.0100137174211248,True,-0.130538612321466,0.140154493199146,2.53372234378327e-114,False,False,False,0.1326885383557943,0.03504083934304866,0.03504083934304866,0.3266566058444231,1.0,0.008895773769573763,0.9993074792244079,2459.094829825506,0.027263283868438248,0.027263283868438248,0.3838134430727023,1.0,0.016578763289160824,1.0000000000000568,2644.40975902644,0.04854561090801271,0.04854561090801271,0.2393689986282579,1.0,0.03165421326894033,0.9991296779808397,2589.1620628282385,3,1.0,0.3266566058444231,0.6733433941555769,0.035055191671386335,0.010785083226650312,0.010768833644688934,0.021282327039574462,0.07274410393785388,1.0,0.34771092699669043,0.8404183600100306,0.904728634515146,False,1,0.2481182188569822,0.138508313885427,False,False,False,0.0733818743164455,0.0120353060251741,0.0223233625748389,0.1166938803753078,0.3848446511631783,False,False,False,0.7999999999999999,-0.7999999999999999,0.0,6.753657340686065,variable_and_atlas_unsupported,True,False,False,True
GFI1B,JAZF1,JAZF1,ENSG00000153814,0.1326511115829094,0.1326511115829094,True,0.8680981595092024,1282.192796212507,0.0101508916323731,True,0.109060380195326,-0.76123821024297,1.73476029892651e-275,False,True,False,0.1326511115829094,0.125995602094317,0.125995602094317,0.005350528193167787,1.0,0.027646601899328178,0.6675900277008388,140.46967640180273,0.1413260407027075,0.1413260407027075,0.0013717421124828531,1.0,0.0169279263080003,0.8723313407344565,340.8566981317211,0.057892665992582804,0.057892665992582804,0.16762688614540466,1.0,0.013826479318373544,0.9442993907745755,754.979722913062,3,1.0,0.005350528193167787,0.9946494718068322,0.12666874767137004,0.0448607398993152,0.044411260338497106,0.08343337471012469,0.0948597385672885,1.0,5.579250894070871,0.0614442237216858,0.23002987206322836,True,1,-0.0364231301390198,0.9144261961344348,False,False,False,-0.0067081220192514,-0.1003708862074837,-0.3106318249805987,0.009039747990129,0.1361143016976829,False,True,False,-0.19999999999999998,-0.39999999999999997,0.75,7.157106623172323,transportable_but_atlas_unsupported,False,False,False,False
NFE2,HECTD4,HECTD4,ENSG00000173064,0.1325635317211249,0.1325635317211249,True,0.946319018404908,959.1963565011604,0.016872427983539,True,-0.0883487726225896,-0.0683330334976793,2.3732171187160497e-22,False,True,False,0.1325635317211249,0.03854730059352147,0.03854730059352147,0.28577308272739743,1.0,0.008619862818359724,0.8808864265928206,209.85360368389908,0.04551995274514584,0.04551995274514584,0.13292181069958847,1.0,0.014842712563451805,0.9192997438087577,244.57143821675064,0.1340517507553605,0.1340517507553605,0.011111111111111112,1.0,0.008913913684803633,0.9469103568320166,369.89312217273243,3,1.0,0.13292181069958847,0.8670781893004116,0.045551432007645054,0.0536944442630007,0.05324095719410041,0.09550445016183903,0.1376230095507889,1.0,7.427640300554286,0.0243841938340817,0.12316756953485988,False,3,-0.1328756356906863,0.0945530294981234,False,False,True,-0.0703076429240728,0.048735892345456,-0.1245759149467153,-0.157048402413473,0.1499139780232275,False,False,False,0.6000000000000001,0.6000000000000001,0.75,6.867137801568875,variable_and_atlas_unsupported,True,False,False,False
GATA1,CREBRF,CREBRF,ENSG00000164463,-0.1325034958310748,0.1325034958310748,True,0.5920245398773006,173.16437853709056,0.0039780521262002,False,,,,False,False,False,0.1325034958310748,-0.027900491997553997,0.027900491997553997,0.37000960351214157,1.0,0.002370772298351241,0.3005540166204964,27.12368948742885,0.013225846615462954,0.013225846615462954,0.562962962962963,1.0,0.013531616579724643,0.2779675491033288,23.376120004571867,-0.04171509300837867,0.04171509300837867,0.1924554183813443,1.0,0.02631658999298826,0.4107919930374271,41.39426754232092,3,0.6666666666666666,0.37000960351214157,0.6299903964878584,0.027907734976761422,0.028590795089440468,0.02857949665859372,0.054940939623841625,0.18530710013952492,1.0,2.8488845611797666,0.24064263685871745,0.48945040673807716,False,1,0.0393012413441715,0.9581216780102612,False,False,False,0.4271412251212191,0.2846010230859093,0.1184746067843324,0.2036542234978053,0.5184020307901149,False,True,False,-0.6000000000000001,-0.6000000000000001,0.75,5.159999557498475,variable_and_atlas_unsupported,True,False,False,False
GFI1B,RBBP4,RBBP4,ENSG00000162521,0.1324597605805807,0.1324597605805807,True,0.2753067484662577,44.5293656180732,0.0102880658436214,False,,,,False,False,False,0.1324597605805807,-0.0009161051069978758,0.0009161051069978758,0.9801070105638634,0.5,0.014363567535984629,0.846952908587278,151.64176189435827,0.05541411175033784,0.05541411175033784,0.09958847736625515,1.0,0.015692969823310976,0.8689154568745073,154.3102018304691,0.11652350374671654,0.11652350374671654,0.009327846364883402,1.0,0.01394741986666785,0.8389904264577822,147.7986953660719,3,0.6666666666666666,0.09958847736625515,0.9004115226337448,0.05547093696077261,0.05900473847654171,0.05873600946760993,0.1174396088537144,0.5363257801088351,0.5,8.838833079166081,0.012041255831691976,0.08666903906764341,False,1,0.1409656759343608,0.8508720183409391,False,False,False,-0.0288470361887641,0.037389878862448,-0.0217463377326446,-0.0549209102832483,0.8330069025791452,False,False,False,0.39999999999999997,0.39999999999999997,0.5,3.8183575159764658,variable_and_atlas_unsupported,True,False,False,False
GATA1,RHD,RHD,ENSG00000187010,0.1323199119782121,0.1323199119782121,True,0.6863496932515337,198.6122162820766,0.0041152263374485,True,0.298314249577796,-0.963548524143388,3.99570967804277e-92,True,True,True,0.1323199119782121,0.028376880216581208,0.028376880216581208,0.36150363561531074,1.0,0.009158619788041538,0.25761772853185416,22.24103639201083,-0.007143622259858195,0.007143622259858195,0.7537722908093278,1.0,0.005807363559628939,0.34201537147736755,41.125094094654195,0.025552824460281787,0.025552824460281787,0.4270233196159122,1.0,0.01082499261207027,0.6788511749347247,129.94923327488115,3,0.6666666666666666,0.4270233196159122,0.5729766803840878,0.02555838818544478,0.019747035654815146,0.019743095903869697,0.035520502476439404,0.21013187010986575,1.0,1.4400180411783698,0.48674786518763946,0.6950035363164146,False,1,0.0734187511875285,0.7876661183921018,False,False,False,-0.5942766211041165,0.1940684593972454,-0.0718181959240614,0.1033404180687531,0.016528682091147,True,True,True,0.0,0.39999999999999997,0.75,5.296376565822506,variable_but_atlas_supported,True,True,False,False
NFE2,SORBS1,SORBS1,ENSG00000095637,0.1323196345267403,0.1323196345267403,True,0.4202453987730061,87.40193954754753,0.0170096021947873,True,-0.319524060762567,0.108132767984568,1.37496143168224e-14,True,False,False,0.1323196345267403,0.006957855691170812,0.006957855691170812,0.8431883660310057,0.75,0.008810063426677185,0.249307479224375,18.151971807982783,0.05561018897842396,0.05561018897842396,0.06954732510288066,1.0,0.011315174758395453,0.28693424423569425,24.631328466209403,0.08061814327205903,0.08061814327205903,0.09135802469135802,1.0,0.015023008602265108,0.39686684073107337,41.66598503013798,3,1.0,0.09135802469135802,0.908641975308642,0.0556676202886112,0.03754024968726785,0.037457276281886935,0.07366028758088822,0.4405006676089876,0.75,3.7674894975819155,0.15201976270506554,0.40181963589802583,True,3,0.2445526386013074,0.0959631692788429,False,False,True,0.114279482811026,0.2362174259936671,0.1283050678929194,0.2150695222912011,0.8752673646657542,False,False,False,0.39999999999999997,-0.39999999999999997,0.0,4.481893909986024,transportable_and_atlas_supported,False,False,True,True
GFI1B,FAR1,FAR1,ENSG00000197601,0.1321231298965962,0.1321231298965962,True,0.4279141104294479,96.44722239691812,0.0105624142661179,False,,,,False,False,False,0.1321231298965962,-0.0220145800789914,0.0220145800789914,0.5404033475099465,1.0,0.008899324705964006,0.8566481994460045,180.2449279789852,0.06872107100837359,0.06872107100837359,0.048285322359396435,1.0,0.02407248886311787,0.9133219470538466,217.97674979048486,0.07796324987971948,0.07796324987971948,0.07338820301783265,1.0,0.014145550046938501,0.8894691035683112,206.8181993470323,3,0.6666666666666666,0.07338820301783265,0.9266117969821673,0.06882955896100812,0.05532879655736835,0.05524783967388966,0.09997782995871088,0.27716224204137757,1.0,8.99556620525598,0.01113365136198313,0.08107917874197126,False,1,-0.0348774546244306,0.9657768531045802,False,False,False,0.1202920383953972,0.0553704292897059,-0.0199489212210181,0.0395925105548069,0.7239890688551928,False,True,False,-0.7999999999999999,0.7999999999999999,0.5,4.579310922693771,variable_and_atlas_unsupported,True,False,False,False
TAL1,TSPAN5,TSPAN5,ENSG00000168785,0.1321126789338551,0.1321126789338551,True,0.8604294478527608,788.1579694853799,0.0020576131687242,True,0.151079939502955,-0.663080601183756,1.18856254507292e-147,False,True,False,0.1321126789338551,0.05877038037372885,0.05877038037372885,0.08286459047880368,1.0,0.019247104428702526,0.5927977839335205,90.83392234557402,0.0789823906219984,0.0789823906219984,0.0035665294924554186,1.0,0.02123799154087137,0.7100768573868707,153.68151462502865,0.13088331362985642,0.13088331362985642,0.0031550068587105624,1.0,0.019208552125976868,0.8999129677980758,402.067720075943,3,1.0,0.0035665294924554186,0.9964334705075446,0.07914724455789389,0.037566971564136686,0.037198804439001504,0.07211293325612757,0.04590201438564781,1.0,3.531570133601271,0.1710524461621277,0.4218385026866815,True,0,,,False,False,False,-0.0201369420590562,0.1152692159518838,-0.0048102361528762,0.0451587948223707,0.7631398883228815,False,False,False,0.0,-0.39999999999999997,0.5,6.670966515615931,transportable_but_atlas_unsupported,False,False,False,False
TAL1,TMOD1,TMOD1,ENSG00000136842,0.1321000253744204,0.1321000253744204,True,0.5812883435582822,127.6591286022866,0.0021947873799725,True,0.147446657350346,-0.335907851952454,3.06592296851085e-28,False,True,False,0.1321000253744204,-0.0004882318699834675,0.0004882318699834675,0.988338592399506,0.25,0.013191403337268226,0.48961218836564696,46.59799487897756,0.0026808717615282576,0.0026808717615282576,0.9175582990397805,0.75,0.0170335070108006,0.44107600341588077,42.32347398540382,0.05517759800538462,0.05517759800538462,0.14513031550068586,1.0,0.019560578571207902,0.7711053089643122,113.36911760897557,3,0.6666666666666666,0.9175582990397805,0.08244170096021952,0.0026808781840966635,0.031296367106020996,0.03126402112083228,0.055665829875368084,0.4677347962811544,0.25,2.5319154165874744,0.2819691226201519,0.5448549254534355,False,0,,,False,False,False,-0.1324287345559145,0.0550395312210266,0.0193863287193868,0.090574164223272,0.478615205684812,False,False,False,-0.39999999999999997,-0.7999999999999999,0.0,4.857166493087903,variable_and_atlas_unsupported,True,False,False,True
GFI1B,GMPS,GMPS,ENSG00000163655,0.131915004630673,0.131915004630673,True,0.3220858895705521,54.01807057285527,0.0108367626886145,True,0.149278475960107,-0.0866092762641671,6.06144393074905e-07,False,True,False,0.131915004630673,-0.01094808679427052,0.01094808679427052,0.7644395664700233,1.0,0.0091365494002994,0.8109418282548655,134.89449147623802,0.06290801978609611,0.06290801978609611,0.06762688614540466,1.0,0.022265823871863388,0.8723313407344565,157.72152458953136,0.05266929062550254,0.05266929062550254,0.20589849108367628,1.0,0.017471934307902025,0.8450826805918116,161.32612537549136,3,0.6666666666666666,0.20589849108367628,0.7941015089163237,0.052718074336994436,0.04005424658670833,0.04001401163718429,0.07385610658036663,0.36892525916214197,1.0,5.1246252115684845,0.07712617161264092,0.2616847129422356,False,1,0.1799195808366766,0.8590040550092644,False,False,False,-0.1508500391682836,-0.0649730493798894,-0.0736638740089044,0.0892765671076329,0.5033184635860452,False,True,False,-0.39999999999999997,-1.0,0.5,4.0076616871399064,variable_and_atlas_unsupported,True,False,False,False
NFE2,AP000787.1,AP000787.1,ENSG00000245552,0.1319129704317713,0.1319129704317713,True,0.38420245398773,82.5429868605645,0.0171467764060356,False,,,,False,False,False,0.1319129704317713,0.053444067986270674,0.053444067986270674,0.13993689120592673,1.0,0.02069893144400872,0.11080332409972256,8.105064650379813,0.01579666183399423,0.01579666183399423,0.593278463648834,0.75,0.020342274667196465,0.14602903501280906,12.208130013042439,0.10089829403520661,0.10089829403520661,0.04252400548696845,1.0,0.016987450619777467,0.2837249782419494,33.37710797879993,3,1.0,0.13993689120592673,0.8600631087940733,0.053495038901032306,0.04282081789888939,0.04264488746850436,0.08510163220121239,0.29392128333798057,0.75,5.672586181572026,0.05864264651914266,0.22687373872093314,False,3,-0.1581833250258686,0.4939672057541842,False,False,True,-0.1397740977461362,0.0527495075806847,-0.0610544922647535,-0.1945183905303328,0.7631398883228815,False,False,False,0.7999999999999999,0.7999999999999999,0.75,4.425361312087586,variable_and_atlas_unsupported,True,False,False,False
GATA1,JAZF1,JAZF1,ENSG00000153814,0.1318592247362425,0.1318592247362425,True,0.8680981595092024,1282.192796212507,0.0042524005486968,True,0.232285449434146,-0.814786540561784,5.16647645079637e-261,False,True,False,0.1318592247362425,0.04329241255662405,0.04329241255662405,0.16092742488681575,1.0,0.029400909575116145,0.6675900277008388,140.46967640180273,0.08621284312098619,0.08621284312098619,0.0005486968449931413,1.0,0.017910524527040908,0.8723313407344565,340.8566981317211,0.062456453885354,0.062456453885354,0.051165980795610425,1.0,0.03935757855247846,0.9442993907745755,754.979722913062,3,1.0,0.051165980795610425,0.9488340192043896,0.06253785471269965,0.021596093493681,0.021501123495429885,0.04292043056436214,0.08198680834117676,1.0,1.6960461029594858,0.428260745054987,0.6561717851213786,True,1,0.1211813738746394,0.754165802934624,False,False,False,0.0079315403665884,-0.0176501451617779,-0.0868782587224754,0.0791903960141878,0.843292792515562,False,True,False,0.39999999999999997,-0.39999999999999997,0.5,7.157106623172323,transportable_but_atlas_unsupported,False,False,False,False
GATA1,SLC22A16,SLC22A16,ENSG00000004809,0.1317608204536208,0.1317608204536208,True,0.4608895705521472,100.58911346927526,0.0043895747599451,True,0.410820382885898,-1.20071086696314,3.37147551411459e-74,True,True,True,0.1317608204536208,-0.0010230864637234217,0.0010230864637234217,0.9739333241871313,0.75,0.005826479507287793,0.2292243767313004,19.874290880613472,0.02712927962673974,0.02712927962673974,0.24773662551440329,1.0,0.009082497388864266,0.34244235695986114,35.96098987181286,0.04778209832314207,0.04778209832314207,0.1353909465020576,1.0,0.022568479781577243,0.6144473455178429,97.28146278486552,3,0.6666666666666666,0.24773662551440329,0.7522633744855967,0.027135938264257867,0.02451598590000447,0.02449843770079367,0.04880518478686549,0.45518064471329234,0.75,1.5635624687667509,0.45759020953911644,0.6744008088207455,False,1,0.3153940854229292,0.4220092657870727,False,False,False,-0.8120773797513675,-0.2348513611791914,-0.1455375859510611,0.0352607080561668,0.2058958750725813,False,True,False,-1.0,-1.0,0.5,4.620936378510354,variable_but_atlas_supported,True,False,False,False
KLF1,SPTB,SPTB,ENSG00000070182,0.1315560814745576,0.1315560814745576,True,0.7829754601226994,310.7787562531179,0.0034293552812071,True,0.0901179675588308,-0.120121349612494,1.63180136204238e-23,False,True,False,0.1315560814745576,0.12479845423733202,0.12479845423733202,0.0039785978872273284,1.0,0.026697168245676958,0.7666204986149732,145.55453223407054,0.1563816843132527,0.1563816843132527,0.0010973936899862826,1.0,0.022199845496017893,0.9090520922289101,254.40805452734398,0.028630859623927,0.028630859623927,0.4503429355281207,0.6666666666666666,0.03409961122638841,0.9625761531766636,412.53457545778036,3,1.0,0.0039785978872273284,0.9960214021127727,0.12545247447575955,0.06715868520914632,0.06654068916154432,0.1277508246893257,0.25854431603262223,0.6666666666666666,12.82467430679219,0.0016411843167679775,0.024187930763794715,False,3,-0.0059881750620852,0.977178306437247,False,False,True,-0.0519703573968082,-0.035301098999615,-0.0774355851541168,0.0042913029026346,0.9011384525394656,False,False,False,-0.7999999999999999,-0.7999999999999999,0.75,5.742293821695482,variable_and_atlas_unsupported,False,False,False,False
GFI1B,SYTL4,SYTL4,ENSG00000102362,0.1314656833916276,0.1314656833916276,True,0.1211656441717791,16.6177877114781,0.0112482853223593,False,,,,False,False,False,0.1314656833916276,0.01529085813213993,0.01529085813213993,0.6711483056660722,1.0,0.011679143659502457,0.5096952908587223,56.44682302687313,0.0006305481684540178,0.0006305481684540178,0.9823045267489712,0.5,0.022892573709144732,0.5435525192143483,54.76626723793325,0.07403598232594913,0.07403598232594913,0.08587105624142662,1.0,0.023878163945417454,0.5604873803307256,59.98935649353709,3,1.0,0.6711483056660722,0.3288516943339278,0.015292050019608346,0.03892315938089058,0.03884643284487385,0.0734054341574951,0.45514844092502205,0.5,4.222720346385786,0.12107317390007773,0.34378116809242254,False,1,-0.33421042273434,0.6984747987762455,False,False,False,0.0973648112297855,0.0566351272764309,0.0462059396003862,0.1433178839838833,0.9788087327173716,False,False,False,0.39999999999999997,-0.39999999999999997,0.0,2.86890905709055,variable_and_atlas_unsupported,True,False,False,True
GATA1,CCDC14,CCDC14,ENSG00000175455,0.1313152337317818,0.1313152337317818,True,0.3872699386503067,79.59796482737211,0.0045267489711934,True,0.170991218590664,-0.102310107438583,9.21327622306798e-10,False,True,False,0.1313152337317818,0.05684129188110057,0.05684129188110057,0.068870901358211,1.0,0.02355893607179744,0.8441828254847847,173.56870686914718,-0.04503608828671289,0.04503608828671289,0.053497942386831275,1.0,0.012561692791470052,0.9060631938514546,207.0451641407998,0.01966810488351294,0.01966810488351294,0.5429355281207133,0.6666666666666666,0.022716570856258885,0.8929503916448994,217.92496210532337,3,0.6666666666666666,0.068870901358211,0.931129098641789,0.019670641571826752,0.05159916954744344,0.051554952938950994,0.10187738016781346,0.2782453199798149,0.6666666666666666,9.803303694260393,0.0074342926078266106,0.0621868530303334,False,1,-0.5097715792010354,0.4060423281450624,False,False,False,-0.0927592565267307,-0.0793187611604968,-0.1471117767023005,-0.1706346691960896,0.8509010139167891,False,False,False,0.39999999999999997,0.7999999999999999,0.75,4.389473398913045,variable_and_atlas_unsupported,True,False,False,False
KLF1,RABGAP1L,RABGAP1L,ENSG00000152061,0.1312479765842909,0.1312479765842909,True,0.8565950920245399,716.9883280012235,0.0035665294924554,True,0.0662863020317932,-0.0619636265170237,1.06532106761068e-13,False,True,False,0.1312479765842909,0.056702349557932435,0.056702349557932435,0.12319934147345314,1.0,0.03401192780555928,0.9376731301939326,657.3297357598395,0.039137868457488866,0.039137868457488866,0.20644718792866942,1.0,0.012271392526695674,0.9649871904355779,732.645475075081,0.020830475742569212,0.020830475742569212,0.581755829903978,0.6666666666666666,0.028612542288787544,0.9730200174064282,840.5963813480562,3,1.0,0.20644718792866942,0.7935528120713305,0.03915787028375904,0.017966072350843132,0.017937219012300814,0.03587187381536322,0.2442883657219188,0.6666666666666666,0.8214429382293316,0.6631716196572208,0.814490540809166,False,3,0.0086404154983733,0.9747167166347716,False,False,True,-0.048193860474854,-0.0345259372237603,0.0261391440089495,0.0068322349390255,0.7447178232686813,False,False,False,-0.19999999999999998,0.39999999999999997,0.5,6.576453312650385,variable_and_atlas_unsupported,True,False,False,False
GFI1B,RPL27A,RPL27A,ENSG00000166441,0.1310673345437737,0.1310673345437737,True,0.9386503067484664,680.3080423032147,0.0116598079561042,True,-0.102911741948343,0.130644648881397,2.96247624347351e-97,False,False,False,0.1310673345437737,0.059211852944512464,0.059211852944512464,0.10042529839484154,1.0,0.01903294834652684,1.000000000000031,1920.3408348550722,-0.009648728130865519,0.009648728130865519,0.7481481481481481,0.75,0.017291739175036607,1.0000000000000568,2058.0044698971105,0.024759368083711743,0.024759368083711743,0.5521262002743484,1.0,0.0028700444323085474,0.9999999999999868,2204.1623863582595,3,0.6666666666666666,0.5521262002743484,0.44787379972565156,0.024764429326781436,0.034465126019540666,0.034430292922158955,0.06886058107537799,0.33216542036048424,0.75,4.269947534772345,0.11824769228199733,0.3420342127222259,False,1,0.0734426253871669,0.7738387810495316,False,False,False,0.0593439411777247,0.012914388827403,-0.0071349089898449,0.0454809160392789,0.6180799768768108,False,True,False,0.6000000000000001,-0.6000000000000001,0.5,6.524014542059305,variable_and_atlas_unsupported,True,False,False,False
GFI1B,RPL19,RPL19,ENSG00000108298,0.1310671019183166,0.1310671019183166,True,0.9302147239263804,779.2635003487504,0.0117969821673525,True,-0.0849238630612019,0.133557929387768,1.07550259561413e-99,False,False,False,0.1310671019183166,0.002610636915491554,0.002610636915491554,0.9384003292632734,0.5,0.021054784755475477,0.9986149584487846,2042.5909045583069,-0.017813356728445803,0.017813356728445803,0.5685871056241426,0.75,0.012462100195309859,1.0000000000000568,2246.6446279272936,0.04457507524594786,0.04457507524594786,0.28189300411522633,0.6666666666666666,0.042044723890928386,0.9999999999999868,2203.9423761622315,3,0.6666666666666666,0.5685871056241426,0.4314128943758574,0.002610642846382598,0.0318249186294513,0.03180793937835282,0.06238843197439366,0.3291294568482677,0.5,2.9767855790230517,0.22573516807417635,0.4801279966371298,False,1,0.0834792037513837,0.7890597849502565,False,False,False,0.0514504039122859,0.0175817630614031,0.0681134413531658,-0.0122434195934708,0.6347408976751173,False,True,False,-0.39999999999999997,0.19999999999999998,0.5,6.659631683594921,variable_and_atlas_unsupported,True,False,False,False
NFE2,ARL15,ARL15,ENSG00000185305,0.1309237109086671,0.1309237109086671,True,0.5276073619631901,210.42916133907943,0.0172839506172839,False,,,,False,False,False,0.1309237109086671,0.08053992035698934,0.08053992035698934,0.029359308547125807,1.0,0.023694402641203642,0.9099722991689999,460.20927248919156,0.06565628270656332,0.06565628270656332,0.03662551440329218,1.0,0.0051830326155180555,0.911614005123872,358.7421526132766,0.0885451722984136,0.0885451722984136,0.06680384087791495,1.0,0.001062143473087246,0.8842471714534289,345.5912178811835,3,1.0,0.03662551440329218,0.9633744855967078,0.08071474681948924,0.011684476899220694,0.011615420749322631,0.022888889591850287,0.019856242250337875,1.0,0.46071989081252807,0.7942476652469787,0.8874355682091692,True,3,0.0222159490755836,0.9657768531045802,False,False,True,0.0012951108790389,0.0947902011961286,0.1165254388985912,-0.0183098703767003,0.7579668986804257,False,True,False,0.0,0.39999999999999997,0.25,5.353890007816223,transportable_but_atlas_unsupported,False,False,True,True
GFI1B,NSD2,NSD2,ENSG00000109685,0.1308382270545672,0.1308382270545672,True,0.3957055214723926,120.86767269961912,0.0119341563786008,True,0.139196335897515,-0.114240038284852,3.73297048452361e-15,False,True,False,0.1308382270545672,0.02103973195159659,0.02103973195159659,0.5565921251200439,1.0,0.007461435051521266,0.8954293628809102,276.26822895042983,0.07401461600048158,0.07401461600048158,0.03607681755829904,1.0,0.02856253149672422,0.9218616567037196,303.66090658415123,0.08066489914491938,0.08066489914491938,0.06433470507544582,1.0,0.01388056544581498,0.9007832898172229,316.8650883327443,3,1.0,0.06433470507544582,0.9356652949245542,0.07415021670569666,0.032764105858541163,0.03267446803628611,0.059625167193322795,0.2927035078943632,1.0,3.131769062510151,0.20890315006122273,0.46514766146725495,True,1,0.1743245402332159,0.910198409902769,False,False,False,-0.0662628244234821,-0.0501978428144631,-0.155174091614315,0.2347496560316464,0.0212103795563532,True,False,False,0.7999999999999999,-0.39999999999999997,0.75,4.8029358060716225,transportable_but_atlas_unsupported,False,False,False,False
NFE2,SOD1,SOD1,ENSG00000142168,-0.1306518581580211,0.1306518581580211,True,0.7921779141104295,260.309174809251,0.0174211248285322,False,,,,False,False,False,0.1306518581580211,0.06485687026536015,0.06485687026536015,0.07339827136781452,1.0,0.022053920849664184,0.8864265927978071,190.01741338337166,-0.04138402098393681,0.04138402098393681,0.16652949245541837,1.0,0.022170272028336192,0.9427839453459083,218.70814904491613,-0.05016504123046922,0.05016504123046922,0.2718792866941015,1.0,0.02355279673930679,0.9347258485639579,222.60953504637106,3,0.6666666666666666,0.16652949245541837,0.8334705075445816,0.04140767056176042,0.0640958839560198,0.06402378908677794,0.11502191149582937,0.09930316958046101,1.0,12.146201137693538,0.002304018356736298,0.029105864547342215,False,3,0.0653224067308804,0.6674501619195826,False,False,True,0.088701844139658,0.0196006232264393,-0.0003115190939244,0.0379987743139569,0.7307670582750736,False,False,False,0.6000000000000001,-0.39999999999999997,0.5,5.565704284077202,variable_and_atlas_unsupported,True,False,False,False
TAL1,SLC4A1,SLC4A1,ENSG00000004939,0.1305718637809325,0.1305718637809325,True,0.9846625766871164,2584.959107528628,0.0023319615912208,True,0.235488022147134,-0.739901874131505,1.56750957682575e-145,False,True,False,0.1305718637809325,0.1838154208550781,0.1838154208550781,0.00027438606118809165,1.0,0.009592222701048108,0.33448753462603625,89.61902853508838,0.09546230465814703,0.09546230465814703,0.0012345679012345679,1.0,0.0082744969379481,0.6955593509820867,456.2626490957259,0.14465809856990391,0.14465809856990391,0.0009602194787379973,1.0,0.012246357643921516,0.9460400348128696,1567.366249180663,3,1.0,0.0009602194787379973,0.999039780521262,0.14567999690525446,0.04517386660484782,0.04427150168536086,0.08835311619693106,0.0004945677741741733,1.0,7.420260828284187,0.02447433126460059,0.12316756953485988,True,0,,,False,False,False,0.0731748738404822,0.1141854862610386,-0.0453444118427819,-0.0543269883582601,0.955216940954256,False,False,False,-0.39999999999999997,0.19999999999999998,0.5,7.857851746186137,transportable_but_atlas_unsupported,False,False,False,False
NFE2,RHBDD1,RHBDD1,ENSG00000144468,0.1301972273750656,0.1301972273750656,True,0.5904907975460123,170.77921818196864,0.0175582990397805,True,-0.0470479230807326,0.0737360642364401,1.84714588219628e-20,False,False,False,0.1301972273750656,0.025845436256574598,0.025845436256574598,0.4705720949375772,1.0,0.01004613676494705,0.7396121883656638,126.06107877646001,0.02482173638793315,0.02482173638793315,0.39423868312757204,0.75,0.024390446780595727,0.8347566182750156,167.9378024921624,0.06109314413128882,0.06109314413128882,0.18737997256515776,1.0,0.0239952785743434,0.8746736292428113,225.73390907215418,3,1.0,0.39423868312757204,0.605761316872428,0.02585119336563774,0.02069297724714259,0.020652134238083843,0.036271407743355674,0.146523657969112,0.75,1.1293729223158375,0.5685383776795383,0.7602511628855314,False,3,0.1294801855116202,0.6164240979485248,False,False,True,0.0011204516259747,0.0511102377036334,-0.1115629718677819,0.049434815645308,0.4416394139579582,False,True,False,0.0,0.39999999999999997,0.25,5.1462100370526525,variable_and_atlas_unsupported,True,False,False,True
NFE2,CR1,CR1,ENSG00000203710,0.1299625390650965,0.1299625390650965,True,0.3197852760736196,68.74950630375518,0.0176954732510288,False,,,,False,False,False,0.1299625390650965,-0.043327521289995216,0.043327521289995216,0.2293867471532446,1.0,0.02864272315555916,0.10734072022160625,10.304435080960312,0.0039960918616846215,0.0039960918616846215,0.8921810699588477,0.75,0.020069346767935554,0.078138343296328,8.633987923565227,0.06177874338801571,0.06177874338801571,0.1832647462277092,1.0,0.026159237012171144,0.1540469973890335,22.338702494559403,3,0.6666666666666666,0.2293867471532446,0.7706132528467554,0.00399611313275262,0.05269351949052029,0.05263979175127777,0.10510626467801093,0.3966497000640039,0.75,7.014257013583748,0.029982886598841966,0.14276466772833213,False,3,0.2269490825369149,0.2383468290751336,False,False,True,-0.1465991274532157,0.0346746294996276,0.2201668168492436,0.220261678398856,0.6180799768768108,False,False,False,1.0,-1.0,0.0,4.244910342594062,variable_and_atlas_unsupported,True,False,False,True
GATA1,RPS27,RPS27,ENSG00000177954,0.1299008035574904,0.1299008035574904,True,0.9532208588957056,801.6644827219745,0.0046639231824417,True,-0.184744583858717,0.108719571339605,6.50879661701257e-61,False,False,False,0.1299008035574904,-0.0034880476490162043,0.0034880476490162043,0.9083550555631774,0.5,0.02059778922210995,0.9972299168975379,1385.5175798680357,-0.03125717614422976,0.03125717614422976,0.1850480109739369,1.0,0.011616896327503942,0.9995730145175633,1424.1431019041754,-0.020003783807090395,0.020003783807090395,0.5356652949245542,1.0,0.007532231564753441,0.9991296779808397,1756.1257615949992,3,0.0,0.5356652949245542,0.46433470507544583,-0.020006452628355056,0.013972322690861277,0.013967419693226494,0.027769128495213555,0.36170964834661784,0.5,0.6844260923321474,0.7101968838673216,0.8437847814085837,False,1,-0.0767730072994442,0.8381352637389835,False,False,False,0.155623286016472,0.0649419513444432,0.0520711667951017,-0.1072970904735779,0.0098988081418447,True,True,True,-0.19999999999999998,0.39999999999999997,1.0,6.687936796895573,variable_and_atlas_unsupported,True,True,False,False
TAL1,RYBP,RYBP,ENSG00000163602,0.1296518406643284,0.1296518406643284,True,0.7208588957055214,258.6637961684292,0.0024691358024691,False,,,,False,False,False,0.1296518406643284,0.043673456399543745,0.043673456399543745,0.19371655919879271,1.0,0.00730803596408809,0.9182825484764797,319.98296278772597,-0.023526891040416067,0.023526891040416067,0.34526748971193416,1.0,0.007542608111195565,0.9120409906063657,282.0017267450648,0.009303548497054809,0.009303548497054809,0.806721536351166,0.6666666666666666,0.04170743614647072,0.8555265448215762,202.29558627159665,3,0.6666666666666666,0.34526748971193416,0.6547325102880659,0.009303816937022633,0.03361926984891905,0.03360311251828818,0.06720034743995981,0.3192915657390861,0.6666666666666666,4.05248796646365,0.13182974714772303,0.3675793400200025,False,0,,,False,False,False,0.0065830430388253,-0.0134443440673057,0.0455376705294847,0.1200753441406482,0.6913421533814519,False,False,False,0.19999999999999998,-0.7999999999999999,0.0,5.5593877025911995,variable_and_atlas_unsupported,True,False,False,True
GATA1,RPS4X,RPS4X,ENSG00000198034,0.1296430714291128,0.1296430714291128,True,0.8190184049079755,390.099605492865,0.0048010973936899,True,-0.14458760388366,0.160521757364238,8.5380165575655e-106,False,False,False,0.1296430714291128,-0.01738027525087613,0.01738027525087613,0.5826588009329126,1.0,0.015103336758926783,0.9979224376731612,1223.0858812764689,0.024918068685802125,0.024918068685802125,0.2897119341563786,1.0,0.019906055190332998,0.9982920580700824,1311.7854871847842,0.0070146540261772135,0.0070146540261772135,0.8253772290809328,0.6666666666666666,0.02334604838133648,0.9991296779808397,1309.1711227129522,3,0.6666666666666666,0.5826588009329126,0.41734119906708744,0.0070147690824589135,0.02123539091310855,0.021232030561914517,0.04229834393667825,0.26822484669379026,0.6666666666666666,1.5892425259444136,0.45175229784920135,0.6744008088207455,False,1,-0.0534583635818273,0.9121997433162178,False,False,False,0.089155004213927,0.0329207782330825,0.0539866144813265,-0.1296716141404645,0.1570837994276701,False,False,False,0.39999999999999997,1.0,0.5,5.9689622730492875,variable_and_atlas_unsupported,True,False,False,False
KLF1,TFRC,TFRC,ENSG00000072274,0.1296274664164168,0.1296274664164168,True,0.937883435582822,1553.4748777178845,0.0037037037037037,True,0.102221172363399,-0.0941429884520646,2.5671927864078e-44,False,True,False,0.1296274664164168,0.10815115530898234,0.10815115530898234,0.007957195774454657,1.0,0.013234971552038384,0.995152354570668,1381.1922024179469,0.06621158779600152,0.06621158779600152,0.0448559670781893,1.0,0.014052367697920242,0.9982920580700824,1786.4999869214648,0.05138086374271452,0.05138086374271452,0.18545953360768175,1.0,0.0076514183437523635,0.9999999999999868,2006.8164183649449,3,1.0,0.0448559670781893,0.9551440329218107,0.0663085997372346,0.029648180807903796,0.029444138363007785,0.05677029156626782,0.0936642605095453,1.0,2.4208061795122617,0.29807710338373683,0.5659807576519421,True,3,0.016986618512211,0.9121997433162178,False,False,True,-0.105558726518388,-0.0674784128042186,-0.1303326587218211,0.01084713905295,0.5089737328609713,False,False,False,-0.7999999999999999,-0.7999999999999999,0.75,7.348893068363319,transportable_but_atlas_unsupported,False,False,True,False
NFE2,PEAR1,PEAR1,ENSG00000187800,0.1294312109747475,0.1294312109747475,True,0.1802147239263803,23.851880950157486,0.017832647462277,False,,,,False,False,False,0.1294312109747475,0.07472973880576972,0.07472973880576972,0.0425298394841542,1.0,0.01870911378989959,0.11703601108033192,7.670319880457954,0.03256393045963179,0.03256393045963179,0.27037037037037037,1.0,0.009364111823381102,0.12083689154568715,7.188458629741925,0.09798400011938631,0.09798400011938631,0.04718792866941015,1.0,0.04546414090729802,0.16884247171453384,13.596802441560476,3,1.0,0.04718792866941015,0.9528120713305899,0.07486931704504624,0.033310101732908694,0.033162482760423544,0.06542006965975453,0.13021994700824008,1.0,3.7356602043172726,0.15445845752108275,0.40181963589802583,True,3,0.0824660644116589,0.9144261961344348,False,False,True,0.1099808199308018,0.0524215529864072,-0.1400542257703449,0.0850425731803231,0.913023702577778,False,True,False,0.39999999999999997,0.0,0.25,3.212933441837386,transportable_but_atlas_unsupported,False,False,True,True
GFI1B,UROD,UROD,ENSG00000126088,0.1291509824169418,0.1291509824169418,True,0.8450920245398773,432.4811016488186,0.0133058984910836,True,0.127031311408113,-0.404777727943512,2.55822740914557e-126,False,True,False,0.1291509824169418,0.11770388069435482,0.11770388069435482,0.0074084236520784745,1.0,0.015368150826635877,0.8427977839335381,161.90656493593835,0.01955212336530681,0.01955212336530681,0.5319615912208505,1.0,0.011906413982925199,0.9180187873612767,204.084359714491,-0.045619254060493226,0.045619254060493226,0.27050754458161863,1.0,0.041418075306109914,0.9756309834638693,361.7478085850671,3,0.6666666666666666,0.27050754458161863,0.7294924554183814,0.01955461543487641,0.08251981228805025,0.08221468061170367,0.16332313475484805,0.2622770137165279,1.0,17.854531434126905,0.00013272042404355043,0.004564107915719873,False,1,0.0071966274683439,0.9805249974044375,False,False,False,-0.1620493076692168,-0.1019533762331899,-0.1091281969157104,0.0406371605341718,0.2897053959110384,False,True,False,-0.19999999999999998,-0.39999999999999997,0.5,6.071848200457901,variable_and_atlas_unsupported,True,False,False,False
GATA1,PIGQ,PIGQ,ENSG00000007541,0.1288212291993747,0.1288212291993747,True,0.4524539877300613,76.46864849678168,0.0049382716049382,True,0.36835861643681,-0.845090075732261,8.59705143514825e-70,True,True,True,0.1288212291993747,-0.00901592683402991,0.00901592683402991,0.775552201948141,0.75,0.011420044243835142,0.4556786703601071,40.21564742583194,0.03036906299270117,0.03036906299270117,0.19766803840877914,1.0,0.012293684186165768,0.4940222032450861,47.85733294240522,0.024908797357086065,0.024908797357086065,0.4400548696844993,0.6666666666666666,0.03745190214976577,0.6988685813751069,79.19357512857205,3,0.6666666666666666,0.4400548696844993,0.5599451303155007,0.024913950815071032,0.0213426256295733,0.021338067844060917,0.03938498982673108,0.2901895766567931,0.6666666666666666,1.4548692094894247,0.4831468642662323,0.6950035363164146,False,1,-0.1127766808273099,0.8395353032934146,False,False,False,-0.4964201300835362,-0.1566552629185574,-0.1173171041855553,-0.0822754922472976,0.2431722723976089,False,True,False,-0.7999999999999999,-0.7999999999999999,0.75,4.349873318987334,variable_but_atlas_supported,True,False,False,False
GATA1,RPS3,RPS3,ENSG00000149273,0.1287255965842521,0.1287255965842521,True,0.9470858895705522,991.8199395236124,0.0050754458161865,True,-0.0445376849457375,0.0931642486202972,5.14590580522536e-40,False,False,False,0.1287255965842521,0.049857973233015045,0.049857973233015045,0.10755933598573192,1.0,0.011729386991315227,1.000000000000031,2372.5740908905073,0.018747362509147224,0.018747362509147224,0.4231824417009602,1.0,0.008684043031042098,0.9995730145175633,2786.4616380820025,0.037582602024194674,0.037582602024194674,0.2401920438957476,1.0,0.027449051717878717,0.9999999999999868,2972.389900014174,3,1.0,0.2401920438957476,0.7598079561042523,0.03760031157510364,0.015689308757264833,0.015670147231363105,0.03111061072386782,0.1584796862680828,1.0,0.9027891097664751,0.6367395639054181,0.8024118451040828,False,1,-0.0957162022850823,0.8395353032934146,False,False,False,0.0520214320120943,-0.0054984879386183,-0.0045005276895117,-0.1262366384334584,0.1978693998112064,False,False,False,0.7999999999999999,0.19999999999999998,0.75,6.900549317818058,variable_and_atlas_unsupported,True,False,False,False
NFE2,USP24,USP24,ENSG00000162402,0.1286052639247509,0.1286052639247509,True,0.6763803680981595,224.2350088186162,0.0179698216735253,False,,,,False,False,False,0.1286052639247509,-0.003162977813507596,0.003162977813507596,0.9314034847029771,0.5,0.006755266545198839,0.9044321329640134,285.47818248033263,0.025468863524955542,0.025468863524955542,0.38257887517146777,1.0,0.01387138854126813,0.9355251921435163,316.90826341642463,0.0361763025071925,0.0361763025071925,0.42373113854595335,1.0,0.013924406348047777,0.9129677980852816,268.170309266199,3,0.6666666666666666,0.42373113854595335,0.5762688614540467,0.02547437257244252,0.02034613294092064,0.020338840364107436,0.039339280320700096,0.3056777093227532,0.5,1.134860875249608,0.5669804601726689,0.7602511628855314,False,3,0.0209784361189463,0.9144261961344348,False,False,True,-0.0546818669136857,0.0231939953927135,-0.1056347496219444,0.000419498748099,0.4224032972629782,False,True,False,-0.39999999999999997,0.0,0.25,5.417144340749207,variable_and_atlas_unsupported,True,False,False,True
GATA1,RHAG,RHAG,ENSG00000112077,0.1282369374308989,0.1282369374308989,True,0.897239263803681,743.8141556626155,0.0052126200274348,True,0.239765700318783,-0.556382033003835,2.97422834226738e-223,False,True,False,0.1282369374308989,0.021513881390043503,0.021513881390043503,0.4930717519550007,0.75,0.027309737906004574,0.8698060941828475,235.63215731407882,-0.012547911996339915,0.012547911996339915,0.5860082304526749,0.75,0.022716999574275913,0.9577284372331859,368.81547994443025,0.09065278453629164,0.09065278453629164,0.005624142661179698,1.0,0.019175938769564888,0.986074847693634,612.7915417835579,3,0.6666666666666666,0.4930717519550007,0.5069282480449993,0.021517201524604068,0.05272075167279401,0.05258449939824356,0.10320069653263156,0.3117392206645848,0.75,8.176566042913375,0.016767999151318175,0.1017587399477054,False,1,0.0571512515880843,0.8569887257117662,False,False,False,-0.1913800421076857,0.0012758246357529,-0.1119781700996663,-0.0066773308610716,0.3417208043998793,False,True,False,0.19999999999999998,0.19999999999999998,1.0,6.613134731773942,variable_and_atlas_unsupported,True,False,False,False
KLF1,MARK3,MARK3,ENSG00000075413,0.1282357566676278,0.1282357566676278,True,0.8788343558282209,429.9080349386575,0.0038408779149519,False,,,,False,False,False,0.1282357566676278,0.01966787231061365,0.01966787231061365,0.5785430100150912,0.75,0.022327541107796833,0.8981994459834035,229.7773004990073,0.01597432591493118,0.01597432591493118,0.5880658436213991,1.0,0.003569101057716239,0.9342442356960353,241.29498637922302,0.11498464073731915,0.11498464073731915,0.007270233196159122,1.0,0.05300744828257932,0.953872932985193,314.3894764095055,3,1.0,0.5785430100150912,0.42145698998490877,0.019670408908926525,0.056421442194200276,0.05612778733912411,0.09901031482238797,0.3326075793342494,0.75,8.415919943730534,0.014876686261388857,0.09852320066496525,False,3,0.1258377867678956,0.1272427893563605,False,False,True,0.0144384319074852,0.0515301105156278,0.0534507065907316,0.1310577247532642,0.568368604141395,False,False,False,0.7999999999999999,-0.7999999999999999,0.0,6.065894691323452,variable_and_atlas_unsupported,True,False,False,True
NFE2,RAP1GAP,RAP1GAP,ENSG00000076864,0.1277071480286655,0.1277071480286655,True,0.5138036809815951,109.69419239164502,0.0181069958847736,True,-0.091358856074039,-0.153759831045601,7.63234911943965e-14,False,True,False,0.1277071480286655,-0.009463770707539027,0.009463770707539027,0.7894086980381396,0.75,0.009689600992288713,0.10734072022160625,6.650828845347645,-0.0009988311214890091,0.0009988311214890091,0.9737997256515775,0.75,0.017001232465505344,0.14602903501280906,9.79106673727545,0.0862390839914751,0.0862390839914751,0.07325102880658436,1.0,0.019256549036572278,0.3437771975630998,33.95257938925611,3,0.3333333333333333,0.7894086980381396,0.21059130196186038,-0.0009988314536550284,0.05310346837076221,0.052979784561335,0.09570285469901413,0.4757222252625875,0.75,7.24125650891382,0.026765855441267215,0.13254451614515525,False,3,-0.1078917137329262,0.6106468657679304,False,False,True,-0.2443034631106408,-0.2676079251071813,-0.3067892621634769,-0.1197266926107868,0.9214043062044416,False,True,False,-0.39999999999999997,-0.19999999999999998,0.5,4.706771375751615,variable_and_atlas_unsupported,True,False,False,False
GFI1B,UBR2,UBR2,ENSG00000024048,-0.12767818630001,0.12767818630001,True,0.7361963190184049,370.9091639910555,0.0139917695473251,True,-0.0411183077263776,-0.142874033007041,5.60675591268127e-19,False,False,False,0.12767818630001,-0.05689427385846626,0.05689427385846626,0.1131842502400878,1.0,0.006276774674440918,0.7340720221606772,97.54807918772634,-0.03660520140199565,0.03660520140199565,0.25816186556927295,1.0,0.01756880037510751,0.7318531169940466,88.80362132256633,-0.0004819246819810392,0.0004819246819810392,0.9898491083676269,0.3333333333333333,0.03900915973019437,0.7188859878154891,95.06793352679964,3,1.0,0.25816186556927295,0.741838134430727,0.03662156415966751,0.02860317707431284,0.02857414542829571,0.05641234917648522,0.4699159505869414,0.3333333333333333,2.0473270207763594,0.35927631373945534,0.6010595627154672,False,1,0.0819084100165501,0.8244782996709202,False,False,False,0.1352739062816592,0.1240320956096162,0.0437221529856764,-0.0012336002368496,0.6265199799744714,False,True,False,-0.19999999999999998,-0.19999999999999998,0.75,5.918649641635924,variable_and_atlas_unsupported,True,False,False,False
KLF1,KLF13,KLF13,ENSG00000169926,0.1276124752664862,0.1276124752664862,True,0.6993865030674846,237.88679138472995,0.0039780521262002,True,0.100319896107035,-0.196979077770934,9.08492714861044e-37,False,True,False,0.1276124752664862,0.07304867288746167,0.07304867288746167,0.05556317739058856,1.0,0.02875424090502358,0.5602493074792245,55.34526275824928,0.10645349405823555,0.10645349405823555,0.006721536351165981,1.0,0.01611046778868772,0.7032450896669723,93.70033413935666,0.14493854406394208,0.14493854406394208,0.0023319615912208505,1.0,0.017851202850661083,0.8938207136640465,212.48978683494792,3,1.0,0.006721536351165981,0.993278463648834,0.10685837320617615,0.03642743834313239,0.03597484011816236,0.07188987117648041,0.029547522742963885,1.0,3.3593164352886333,0.18643768626287377,0.43444005204770797,True,3,-0.0059006883384134,0.977178306437247,False,False,True,0.0786703573638345,-0.0852221615989586,-0.2004352147321202,-0.0368568392809015,0.2271181746671969,False,False,False,0.39999999999999997,0.7999999999999999,0.75,5.475989763496975,transportable_but_atlas_unsupported,False,False,True,False
GFI1B,RESF1,RESF1,ENSG00000174718,0.127421178713534,0.127421178713534,True,0.4171779141104294,80.21084153979407,0.0146776406035665,True,0.0906710548842513,-0.156011654438156,1.24287155166326e-12,False,True,False,0.127421178713534,0.07750427049715135,0.07750427049715135,0.04060913705583756,1.0,0.02342166077826978,0.6468144044321392,73.2296482625528,0.025910672978342725,0.025910672978342725,0.40877914951989025,1.0,0.011320020049384335,0.6827497865072772,75.90270347643906,-0.043797616457739295,0.043797616457739295,0.2905349794238683,1.0,0.010971915304130267,0.7493472584856359,95.23146630233124,3,0.6666666666666666,0.2905349794238683,0.7094650205761317,0.025916473804022497,0.06096464478861579,0.060875956802685344,0.12130188695489064,0.18796886644816452,1.0,9.35604667611611,0.009297373500070354,0.06999866325563148,False,1,-0.1888334488589881,0.6782170434332202,False,False,False,-0.0171641338420846,0.0283595828560019,-0.0601835601162238,-0.1173133205682983,0.7281038806505915,False,False,False,0.39999999999999997,0.39999999999999997,0.5,4.3970487547550245,variable_and_atlas_unsupported,True,False,False,False
NFE2,HAGH,HAGH,ENSG00000063854,0.1272087367768383,0.1272087367768383,True,0.8412576687116564,347.2373892445237,0.0182441700960219,True,-0.199702445105669,0.109955781581621,1.16477875832885e-51,False,False,False,0.1272087367768383,0.03263598832573096,0.03263598832573096,0.3643846892577857,1.0,0.021487370237090648,0.7326869806094306,98.25457175076384,0.0534421050080644,0.0534421050080644,0.0813443072702332,1.0,0.007321394407362725,0.8176771989752697,123.18893827748317,0.17804277150943482,0.17804277150943482,0.0016460905349794238,1.0,0.023848264635689887,0.9434290687554284,250.87400891830393,3,1.0,0.0813443072702332,0.9186556927297668,0.05349307030018014,0.07971796757805519,0.07863560811300996,0.14540678318370387,0.19063182428869888,1.0,16.154871446106498,0.0003104661367100993,0.008735388119252339,True,3,0.1324824990425093,0.0383274045708864,False,False,True,0.0102761958717397,0.0926704601912731,0.0333858189951416,0.1117740760470942,0.6651715554376546,False,False,False,0.39999999999999997,-0.39999999999999997,0.0,5.852884400215376,transportable_but_atlas_unsupported,False,False,True,True
TAL1,ALAS2,ALAS2,ENSG00000158578,0.1267968907058301,0.1267968907058301,True,0.9754601226993864,1225.282777653802,0.0026063100137174,True,0.150401125603976,-0.507398679165156,1.3316965835959102e-145,False,True,False,0.1267968907058301,0.16543692370153149,0.16543692370153149,0.0005487721223761833,1.0,0.01997057271367159,0.7209141274238342,150.2625461224896,0.09874555032427716,0.09874555032427716,0.0010973936899862826,1.0,0.019165824903457737,0.8932536293766452,286.8985641366644,0.0816620870657103,0.0816620870657103,0.03717421124828532,1.0,0.02102582311796783,0.9825935596170458,750.1200934962405,3,1.0,0.0010973936899862826,0.9989026063100137,0.09906838670779436,0.04500765677274603,0.044267759624828686,0.08377483663582118,0.02098912631945772,1.0,5.706186011798769,0.05766568445329272,0.2244972243810578,True,0,,,False,False,False,-0.0322497445659935,0.0709172932900831,0.0194025344041807,0.0081844439357098,0.843292792515562,False,False,False,0.0,0.7999999999999999,0.25,7.11174274051524,transportable_but_atlas_unsupported,False,False,False,True
NFE2,DCAF11,DCAF11,ENSG00000100897,0.1267869571428407,0.1267869571428407,True,0.5927914110429447,124.82249879903476,0.0183813443072702,True,-0.27326847862619,0.127698681233361,3.40012598114528e-48,True,False,False,0.1267869571428407,0.02830260580179173,0.02830260580179173,0.43037453697352174,0.75,0.02917814629351499,0.5290858725761752,45.41960129870526,0.05562743736005411,0.05562743736005411,0.06941015089163237,1.0,0.005683029921432833,0.5866780529462067,54.407373655338574,0.05422270461418401,0.05422270461418401,0.2382716049382716,1.0,0.042209540466991276,0.7284595300261066,93.24318739087802,3,1.0,0.2382716049382716,0.7617283950617284,0.054275938642453246,0.015414191500704182,0.01538652666143831,0.027324831558262385,0.18060685441900245,0.75,0.7350971107186853,0.6924297048192493,0.8342365670775412,False,3,0.4385959359279326,1.766174543586995e-05,True,False,True,0.0278651767740778,0.1001106559625758,0.1103902482118932,0.3980912422775476,0.0299770461583164,True,False,False,0.7999999999999999,-0.7999999999999999,0.0,4.834872174054631,variable_but_atlas_supported,True,True,False,True
NFE2,FNBP1L,FNBP1L,ENSG00000137942,0.1264937473078428,0.1264937473078428,True,0.303680981595092,65.3252681190994,0.0185185185185185,True,-0.309457622198528,0.0989116056006048,1.48462744807622e-10,True,False,False,0.1264937473078428,0.01044503845441211,0.01044503845441211,0.7685553573878448,0.75,0.021065251942264183,0.36565096952908305,40.352601231651036,0.054772202658745134,0.054772202658745134,0.07311385459533608,1.0,0.017398331680437633,0.23014517506404658,22.85589937275149,0.0511951727783922,0.0511951727783922,0.26310013717421127,1.0,0.050497797464180615,0.2262837249782411,21.25322811173625,3,1.0,0.26310013717421127,0.7368998628257888,0.05123996983550263,0.02465358008788306,0.024624737144401703,0.044327164204333025,0.3594483391290177,0.75,1.9004525929335596,0.3866535152291093,0.6187009580149122,False,3,0.4587310304735624,0.0959631692788429,False,False,True,-0.1690743350459248,0.2518443218260217,0.1622655398610273,0.4026240078070799,0.0514347652294156,False,False,False,0.7999999999999999,-1.0,0.25,4.194570942519958,variable_but_atlas_supported,True,False,False,True
GATA1,PIP5K1B,PIP5K1B,ENSG00000107242,0.1264644084742648,0.1264644084742648,True,0.7300613496932515,345.3402140744976,0.0053497942386831,True,0.134749262982055,-0.168693374866919,9.92955350301997e-33,False,True,False,0.1264644084742648,0.04749167834200896,0.04749167834200896,0.12388530662642337,1.0,0.014914552981207786,0.8995844875346501,316.1681411398662,0.012462480194537768,0.012462480194537768,0.5886145404663923,0.75,0.011933025640842457,0.9316823228010734,332.1853311071729,0.021202180807993333,0.021202180807993333,0.5127572016460905,1.0,0.014350778247030595,0.9373368146213991,357.42903333883294,3,1.0,0.5127572016460905,0.4872427983539095,0.021205358688083393,0.018251866433802204,0.018232593389580505,0.03502919814747119,0.24931537837799253,0.75,1.1083071965560658,0.5745583626363739,0.7640035178712777,False,1,-0.04732998056604,0.9144261961344348,False,False,False,-0.0694122861218361,0.0017838338553606,0.0463456112616957,-0.0384076283431125,0.6913421533814519,False,True,False,0.39999999999999997,0.6000000000000001,0.5,5.847421569628848,variable_and_atlas_unsupported,True,False,False,False
GATA1,RPL35,RPL35,ENSG00000136942,0.1264507071220765,0.1264507071220765,True,0.8121165644171779,382.98847269644574,0.0054869684499314,True,-0.129221227624309,0.119512495979192,2.59464021638541e-54,False,False,False,0.1264507071220765,0.03199246449981301,0.03199246449981301,0.30196186033749484,1.0,0.014271578695779488,0.9979224376731612,1338.4229702161651,-0.017519005315960838,0.017519005315960838,0.4540466392318244,1.0,0.018913620400494217,1.0000000000000568,1357.3545349876165,-0.023974770922125122,0.023974770922125122,0.4567901234567901,1.0,0.015736140716399834,0.9999999999999868,1312.1676429460758,3,0.3333333333333333,0.4540466392318244,0.5459533607681756,-0.017520797931115967,0.03062794597952899,0.030619694080919732,0.05596723542193813,0.08860878223739778,1.0,2.7330831775041773,0.25498728731016146,0.5091520349838385,False,1,-0.0864883621750947,0.8773896437453579,False,False,False,0.0636210653804054,-0.0300489381692861,0.0328297700687162,-0.1230506416005949,0.1747160288358435,False,False,False,1.0,0.39999999999999997,0.5,5.950612533117474,variable_and_atlas_unsupported,True,False,False,False
NFE2,PHLPP2,PHLPP2,ENSG00000040199,0.1262975573627285,0.1262975573627285,True,0.3903374233128834,84.01698507884889,0.0186556927297668,False,,,,False,False,False,0.1262975573627285,-0.022822096252834937,0.022822096252834937,0.5206475511044039,1.0,0.024664291655401033,0.3538781163434876,26.24621600622014,-0.039061431667853766,0.039061431667853766,0.19218106995884773,1.0,0.019527447094380868,0.33176771989752135,27.25465085508175,0.04188600960205885,0.04188600960205885,0.35665294924554186,0.6666666666666666,0.04572629536275975,0.38468233246301387,35.73151822012432,3,0.3333333333333333,0.35665294924554186,0.6433470507544581,-0.022826059773195503,0.042846117826186886,0.04282394817971905,0.08094744126991262,0.16423329836500244,0.6666666666666666,5.119423646834724,0.07732702106944557,0.2616847129422356,False,3,-0.1363092805558517,0.6749637414291912,False,False,True,0.1985801962009861,0.0842512111506064,0.0463606424453241,-0.1828668847501428,0.2695466258703544,False,False,False,-0.39999999999999997,0.7999999999999999,0.75,4.442851060985115,variable_and_atlas_unsupported,True,False,False,False
NFE2,OXCT1,OXCT1,ENSG00000083720,-0.1261510656474053,0.1261510656474053,True,0.1794478527607362,27.86322574397949,0.018792866941015,False,,,,False,False,False,0.1261510656474053,0.013732267297570534,0.013732267297570534,0.697626560570723,0.75,0.012941095531462334,0.7181440443213409,99.91260134207613,-0.046251770871342794,0.046251770871342794,0.12578875171467763,1.0,0.008564674089028257,0.7613151152861083,112.68009331432349,-0.07581424808481105,0.07581424808481105,0.10973936899862825,1.0,0.01908191128518627,0.7310704960835478,109.19886698271783,3,0.6666666666666666,0.12578875171467763,0.8742112482853224,0.04628479427012225,0.045693960721259363,0.04562638730525276,0.08954651538238158,0.3348799318007809,0.75,5.600684271151095,0.060789260898150954,0.2299512229255984,False,3,0.48202522651793,0.6674501619195826,False,False,True,0.1191785753554537,0.0046806146464879,-0.0434346330897167,0.1241291502443942,0.5994277513472099,False,False,False,0.39999999999999997,0.19999999999999998,0.5,3.362568319240346,variable_and_atlas_unsupported,True,False,False,False
NFE2,SLC6A9,SLC6A9,ENSG00000196517,0.1259890614579883,0.1259890614579883,True,0.5130368098159509,95.76855706272636,0.0189300411522633,False,,,,False,False,False,0.1259890614579883,0.03542126943944264,0.03542126943944264,0.3230895870489779,1.0,0.02320394540070354,0.1045706371191132,6.522307766810771,0.06940938743114138,0.06940938743114138,0.0289437585733882,1.0,0.013711412696639532,0.23526900085396968,21.31887478045596,0.14696157979946645,0.14696157979946645,0.006310013717421125,1.0,0.03300292962382976,0.5483028720626669,62.91673833598824,3,1.0,0.0289437585733882,0.9710562414266118,0.06952117442142336,0.05774103086752634,0.05717046956393042,0.1115403103600238,0.17672169876952443,1.0,8.336376254379273,0.015480283033194065,0.09852320066496525,True,3,-0.0537128077387081,0.8569887257117662,False,False,True,0.085012933769352,0.301667087389333,-0.2452213602244934,-0.0878006624048471,0.2490668406687976,False,False,False,0.39999999999999997,0.7999999999999999,0.5,4.572322117783711,transportable_but_atlas_unsupported,False,False,True,False
GATA1,EEF1D,EEF1D,ENSG00000104529,0.1256739434109955,0.1256739434109955,True,0.6664110429447853,208.5546944802284,0.0056241426611796,False,,,,False,False,False,0.1256739434109955,0.03277102407568671,0.03277102407568671,0.29030045273700095,0.75,0.029709382818035326,0.9328254847645694,267.64498817399135,0.013477565189862477,0.013477565189862477,0.5563786008230452,0.75,0.0158053767473929,0.9568744662681986,269.95428618851594,-0.004771683068186993,0.004771683068186993,0.8827160493827161,1.0,0.004051274524000671,0.9625761531766636,307.89632630839424,3,0.6666666666666666,0.5563786008230452,0.44362139917695476,0.013478381321858903,0.0187797074219034,0.018773773716959416,0.0375427071438737,0.2967181463865536,0.75,0.9023217594107565,0.6368883715219098,0.8024118451040828,False,1,-0.1033550917373613,0.8569887257117662,False,False,False,0.0088330244290426,-0.0668291327590509,-0.0855211958163787,-0.0853421399069247,0.6620111038460027,False,True,False,-0.39999999999999997,-0.39999999999999997,0.5,5.344984776793628,variable_and_atlas_unsupported,True,False,False,False
NFE2,RFC3,RFC3,ENSG00000133119,-0.1256729769624422,0.1256729769624422,True,0.375,87.75321731272213,0.0190672153635116,False,,,,False,False,False,0.1256729769624422,-0.03371505256509891,0.03371505256509891,0.34874468377006446,1.0,0.01802490787682811,0.7285318559556907,122.02618716055488,-0.03604560506598901,0.03604560506598901,0.22798353909465022,1.0,0.014321408534557187,0.7937660119556255,136.57140938076006,-0.01895447075445222,0.01895447075445222,0.6677640603566529,1.0,0.0077118518534736,0.7780678851174886,144.14132214184053,3,1.0,0.34874468377006446,0.6512553162299355,0.03372783597182569,0.00927535664745488,0.009268343275213654,0.017091134311536787,0.227216315282189,1.0,0.23440336195684866,0.8894057988420815,0.9392666485551012,False,3,-0.0240221349806765,0.9590810020570693,False,False,True,-0.0199527250756736,0.0390476211537788,0.02554535669623,-0.0010876712810812,0.9356494438313548,False,False,False,-0.39999999999999997,0.0,0.5,4.485859679109412,variable_and_atlas_unsupported,True,False,False,False
NFE2,CDYL,CDYL,ENSG00000153046,0.1256135805108872,0.1256135805108872,True,0.7108895705521472,254.4490612901927,0.0192043895747599,True,0.0032743793783769,0.029857360848223,1.4513389758385e-07,False,False,False,0.1256135805108872,0.0184958142925654,0.0184958142925654,0.6051584579503361,0.5,0.0237564664736387,0.8781163434903273,236.2538203486989,0.029055032107999205,0.029055032107999205,0.3253772290809328,1.0,0.023411798590693568,0.9184457728437704,256.04273655258237,0.05320803038013765,0.05320803038013765,0.24540466392318244,1.0,0.05034697982559295,0.935596170583105,286.61945693606714,3,1.0,0.3253772290809328,0.6746227709190672,0.02906321228835151,0.017820001224400236,0.017794204824970437,0.034712216087572245,0.18889853516394975,0.5,0.7939869199016383,0.6723384227446296,0.8176374924929779,False,3,0.0802166002615528,0.6674501619195826,False,False,True,-0.0166097787106803,-0.0114456352586678,-0.0688150932628537,0.0737761615439742,0.4534732625306825,False,False,False,0.7999999999999999,-0.39999999999999997,0.75,5.543023021039942,variable_and_atlas_unsupported,True,False,False,False
KLF1,CD36,CD36,ENSG00000135218,0.1252521874739709,0.1252521874739709,True,0.7661042944785276,688.5447643708304,0.0041152263374485,False,,,,False,False,False,0.1252521874739709,0.06527287367708719,0.06527287367708719,0.0820414322952394,1.0,0.026498134176802315,0.9328254847645694,719.1833509433873,0.08338498921568661,0.08338498921568661,0.017146776406035666,1.0,0.01816855909512484,0.9846285226302857,1372.7424774337724,0.014005448075459495,0.014005448075459495,0.717283950617284,0.6666666666666666,0.03385581834857753,0.9886858137510751,1812.7046340332693,3,1.0,0.0820414322952394,0.9179585677047606,0.06536581077543224,0.0360783296242515,0.03598591943601106,0.06937954114022712,0.38685407157385654,0.6666666666666666,3.7196250036646354,0.15570182143750008,0.40181963589802583,False,3,-0.0741156356528613,0.8288349934096813,False,False,True,0.0248040379036817,0.0717090073751773,-0.0623353935938906,-0.0414733953986291,0.7884104890703748,False,False,False,0.0,-0.39999999999999997,0.5,6.53603161807132,variable_and_atlas_unsupported,False,False,False,False
KLF1,UROD,UROD,ENSG00000126088,0.1251619176047682,0.1251619176047682,True,0.8450920245398773,432.4811016488186,0.0042524005486968,False,,,,False,False,False,0.1251619176047682,0.07470149217291683,0.07470149217291683,0.051035807380985045,1.0,0.017836003118755512,0.8427977839335381,161.90656493593835,0.07438005167311068,0.07438005167311068,0.025925925925925925,1.0,0.025798377426061756,0.9180187873612767,204.084359714491,0.14592727084784296,0.14592727084784296,0.0021947873799725653,1.0,0.007539107919762432,0.9756309834638693,361.7478085850671,3,1.0,0.025925925925925925,0.9740740740740741,0.07484091184232883,0.041741147182495456,0.04121532773835816,0.07154721917473228,0.024423753185896912,1.0,4.568084496940889,0.1018715830629032,0.31540927653272505,True,3,0.0553865109032579,0.6957239312109975,False,False,True,-0.0043324358550549,-0.0345183914515068,-0.066738923363774,0.0241256482925157,0.7385102757495893,False,False,False,0.39999999999999997,0.19999999999999998,0.75,6.071848200457901,transportable_but_atlas_unsupported,False,False,True,False
TAL1,KLF3,KLF3,ENSG00000109787,0.1249708342047556,0.1249708342047556,True,0.8588957055214724,387.6834089813391,0.0027434842249657,True,0.126534612347298,-0.393025222906805,4.92551730260777e-81,False,True,False,0.1249708342047556,0.11531245044306473,0.11531245044306473,0.004664563040197558,1.0,0.024127118320538682,0.7520775623268835,104.60214380527648,0.011526959925585535,0.011526959925585535,0.645679012345679,0.75,0.016846173170001238,0.8223740392826998,133.06429125728332,0.10619632983787211,0.10619632983787211,0.009876543209876543,1.0,0.030768895362535173,0.919060052219311,230.99415617295946,3,1.0,0.009876543209876543,0.9901234567901235,0.10659826850406347,0.05773815876626832,0.057470023050328216,0.1037854905174792,0.3685945081691808,0.75,12.319592891513075,0.0021126832736123122,0.028429368399261332,True,0,,,False,False,False,-0.1343142901275934,0.0991924261433441,0.0130744527156133,-0.0058999387983056,0.0875813081117899,False,False,False,-0.39999999999999997,0.7999999999999999,0.5,5.96276515359589,transportable_but_atlas_unsupported,False,False,False,False
GATA1,RPS8,RPS8,ENSG00000142937,0.1248362124518059,0.1248362124518059,True,0.9340490797546012,929.0896851091852,0.0057613168724279,True,-0.0721423445527156,0.114112554431047,4.2222905278200604e-58,False,False,False,0.1248362124518059,0.02580617487578137,0.02580617487578137,0.40952119632322675,0.75,0.027398218347843097,0.9993074792244079,2542.370158835228,0.03190871965082818,0.03190871965082818,0.17613168724279835,0.75,0.03170135125068838,1.0000000000000568,2692.1310610537776,0.0008161886033036265,0.0008161886033036265,0.9828532235939643,0.6666666666666666,0.03683998457733823,0.9999999999999868,2944.5471022226707,3,1.0,0.40952119632322675,0.5904788036767732,0.025811905781111463,0.01647982954837937,0.016474657070641132,0.031092531047524553,0.4151264694154386,0.6666666666666666,0.7561114873244791,0.6851923044728927,0.8300078991560089,False,1,-0.0504001239887843,0.9144261961344348,False,False,False,0.0529606084442347,-0.009293409497044,-0.0149033630850213,-0.1360903301427152,0.1415934693869604,False,False,False,0.39999999999999997,0.39999999999999997,0.75,6.835281017098962,variable_and_atlas_unsupported,True,False,False,False
KLF1,UBR4,UBR4,ENSG00000127481,-0.1247701033380885,0.1247701033380885,True,0.6035276073619632,159.67884244302388,0.0043895747599451,False,,,,False,False,False,0.1247701033380885,0.020935416254714696,0.020935416254714696,0.556729318150638,1.0,0.012878136856273375,0.8019390581717624,125.23723432829951,-0.008747179540015837,0.008747179540015837,0.766803840877915,0.75,0.009194078557305002,0.8351836037575092,131.45114337739489,0.038787309721304404,0.038787309721304404,0.30617283950617286,0.6666666666666666,0.040591067486713685,0.7362924281984301,97.20805751072973,3,0.3333333333333333,0.556729318150638,0.443270681849362,-0.0209384756653743,0.024020573711660997,0.024011366276517156,0.04753448926132024,0.23061178544418953,0.6666666666666666,1.9287040693422812,0.38123014364054925,0.6187009580149122,False,3,0.1996543032075407,0.138508313885427,False,False,True,-0.010025733600346,0.0432576286731008,0.0505263196107306,0.2022433096081809,0.2208690222481977,False,False,False,0.7999999999999999,0.39999999999999997,0.75,5.079407605351514,variable_and_atlas_unsupported,True,False,False,False
NFE2,CLEC2B,CLEC2B,ENSG00000110852,-0.1247446809865112,0.1247446809865112,True,0.0720858895705521,19.49987294494296,0.0193415637860082,False,,,,False,False,False,0.1247446809865112,-0.013097224529753992,0.013097224529753992,0.7110714775689395,0.75,0.011131717036631728,0.10872576177285277,8.082955062360941,-0.004251744259872697,0.004251744259872697,0.8858710562414266,0.5,0.016542609023703088,0.06105892399658432,3.6441416992786824,-0.07697241769143122,0.07697241769143122,0.10507544581618655,1.0,0.0479066549470885,0.031331592689295015,2.060465206386428,3,1.0,0.7110714775689395,0.2889285224310605,0.013097973494309837,0.03976643506348927,0.03967908594164315,0.07272067343155852,0.40976169262623163,0.5,4.286996201555061,0.1172439935393252,0.34175071622097225,False,3,0.4130859210060417,0.6891200198107037,False,False,True,0.1543586910283811,0.2312821393403953,0.9309381780560112,0.2969840725988386,0.5442065301737703,False,True,False,0.6000000000000001,0.6000000000000001,1.0,3.0204186883174957,variable_and_atlas_unsupported,True,False,False,False
NFE2,FAM20B,FAM20B,ENSG00000116199,0.1245954322436043,0.1245954322436043,True,0.522239263803681,104.17334032336984,0.0194787379972565,False,,,,False,False,False,0.1245954322436043,0.04984943406843428,0.04984943406843428,0.167649883385924,1.0,0.016550812431025075,0.6378116343490361,74.23629020126072,0.06150171618104626,0.06150171618104626,0.04663923182441701,1.0,0.01710917163507365,0.6276686592655968,64.89087858149777,0.10181174964738429,0.10181174964738429,0.040329218106995884,1.0,0.051244655393282094,0.6736292428198424,73.11728611080807,3,1.0,0.04663923182441701,0.953360768175583,0.06157943525527207,0.027436418551068247,0.027266452882665115,0.051962315578950015,0.07175646994234891,1.0,1.891680004125143,0.3883532163489545,0.6195635075257805,True,3,-0.0822499704611478,0.6782170434332202,False,False,True,-0.1154322513128343,-0.012259547942285,-0.0416188859103058,-0.0435609138418046,0.7752387666633747,False,False,False,-0.19999999999999998,-0.19999999999999998,1.0,4.655609849208219,transportable_but_atlas_unsupported,False,False,True,False
TAL1,UBE2H,UBE2H,ENSG00000186591,0.124432431281309,0.124432431281309,True,0.8619631901840491,518.8695118816064,0.0028806584362139,True,-0.0168485997444286,-0.316799319014319,5.525504213186939e-40,False,True,False,0.124432431281309,0.027217057104711086,0.027217057104711086,0.40348470297708877,1.0,0.009605792316602614,0.4702216066481956,43.437479656550124,0.0027185742666389887,0.0027185742666389887,0.9163237311385459,0.5,0.013101296818121782,0.44705380017079105,41.27871167755628,0.06735853009922566,0.06735853009922566,0.07640603566529493,1.0,0.020063259440923503,0.5953002610966077,86.85870143250268,3,1.0,0.40348470297708877,0.5965152970229113,0.02722378060340695,0.03268805190377389,0.03263392254892499,0.06463995583258667,0.4233686452303602,0.5,3.213205367301473,0.20056785036913863,0.4564393359503559,False,0,,,False,False,False,0.2819730761320183,0.1827935538072204,0.1756889284821001,0.1577599335241578,0.8279618400770263,False,False,False,-0.7999999999999999,0.7999999999999999,0.0,6.253577841395874,variable_and_atlas_unsupported,True,False,False,True
NFE2,BRAF,BRAF,ENSG00000157764,0.1243988408369134,0.1243988408369134,True,0.6019938650306749,155.31619349127357,0.0196159122085048,False,,,,False,False,False,0.1243988408369134,0.004130772608448266,0.004130772608448266,0.904239264645356,0.75,0.01924139374729234,0.8649584487534843,189.89398514119145,0.013713817158946793,0.013713817158946793,0.6499314128943758,1.0,0.019373115869800075,0.875320239111912,186.11435664641994,0.013341950625977358,0.013341950625977358,0.7584362139917695,0.6666666666666666,0.024744221464473665,0.8581375108790174,178.83780720823944,3,1.0,0.7584362139917695,0.24156378600823047,0.013342742366950891,0.00542907391985595,0.005428609828887954,0.009583044550498528,0.1276089762407513,0.6666666666666666,0.09078162511727987,0.9556239390085393,0.9771855288621273,False,3,-0.0056363653954015,0.9838968769011782,False,False,True,0.0210947582959641,0.0341860298250067,0.0511374444008833,0.0051181158929039,0.9814191754299628,False,True,False,-0.39999999999999997,0.39999999999999997,0.0,5.051880837251273,variable_and_atlas_unsupported,True,False,False,True
NFE2,TXNRD2,TXNRD2,ENSG00000184470,0.1242800517755914,0.1242800517755914,True,0.1625766871165644,19.71973338411748,0.019753086419753,False,,,,False,False,False,0.1242800517755914,0.05738978403021797,0.05738978403021797,0.11236109205652353,1.0,0.009059919687042174,0.33240997229916647,22.713561530558298,0.003642078761218658,0.003642078761218658,0.9015089163237311,0.5,0.00998405400194344,0.3689154568744638,27.088530283294357,0.00026980576291405563,0.00026980576291405563,0.9954732510288066,0.3333333333333333,0.008287750214157329,0.40992167101828,28.732231019155677,3,1.0,0.9015089163237311,0.09849108367626891,0.0036420948650866466,0.03208552285486583,0.03204912886001631,0.05711997826730392,0.4850207332453122,0.3333333333333333,3.063278747364893,0.2161809752575488,0.47089386994979787,False,3,0.1737503258434339,0.6782170434332202,False,False,True,0.0374010371601626,-0.0227103555991522,0.1252615768190171,0.130564468519022,0.7459466275710456,False,False,False,0.39999999999999997,-0.39999999999999997,0.25,3.031086549746597,variable_and_atlas_unsupported,True,False,False,True
NFE2,ASPH,ASPH,ENSG00000198363,-0.1242271379935563,0.1242271379935563,True,0.1058282208588957,38.098214794484335,0.0198902606310013,True,0.141073576588392,-0.193372023669667,7.08607463153511e-34,False,False,False,0.1242271379935563,-0.012469797305474643,0.012469797305474643,0.7235560433529976,0.75,0.020115867167299035,0.5083102493074757,50.30597519662238,-0.017582824271473695,0.017582824271473695,0.5497942386831276,0.75,0.019872624366484116,0.4201537147736948,41.133132921291,-0.03870604648182373,0.03870604648182373,0.3936899862825789,0.6666666666666666,0.04030025684944695,0.247171453437771,18.783483508427743,3,1.0,0.5497942386831276,0.4502057613168724,0.01758463655115495,0.013918865657663431,0.013908476624864042,0.026236249176349084,0.16501177634078576,0.6666666666666666,0.48851064326473104,0.783287618456412,0.8815546105900347,False,3,0.0355955633577596,0.977178306437247,False,False,True,-0.1056515857606358,-0.0673766411400693,-0.1252572860344608,-0.0218660165897074,0.9814191754299628,False,True,False,-0.39999999999999997,0.39999999999999997,0.0,3.6660768085189197,variable_and_atlas_unsupported,True,False,False,True
TAL1,MALAT1,MALAT1,ENSG00000251562,0.1242257242551871,0.1242257242551871,True,0.9992331288343558,34454.60498496907,0.0030178326474622,False,,,,False,False,False,0.1242257242551871,0.06926033770841998,0.06926033770841998,0.04774317464672795,1.0,0.01097747177552224,1.000000000000031,20984.462954958744,0.06897794111700528,0.06897794111700528,0.011111111111111112,1.0,0.013281909027806963,0.9995730145175633,19008.993158714962,0.11599829853689936,0.11599829853689936,0.005761316872427984,1.0,0.02566642455490811,0.9991296779808397,19256.79300584664,3,1.0,0.011111111111111112,0.9888888888888889,0.06937140470700139,0.027305160502738016,0.027066063444018795,0.04702035741989408,0.022850983784275265,1.0,1.955487968789822,0.3761587623586987,0.617618763660569,True,0,,,False,False,False,0.2041634176744724,0.1078579768912593,0.1253708876517551,0.138343956758502,0.7578769200458321,False,False,False,0.39999999999999997,-0.39999999999999997,0.0,10.447426962336012,transportable_but_atlas_unsupported,False,False,False,True
GATA1,SLC11A2,SLC11A2,ENSG00000110911,0.1241836507765457,0.1241836507765457,True,0.4478527607361963,86.09203566251499,0.0058984910836762,True,0.128241952049378,-0.246528482885737,7.32874623576946e-28,False,True,False,0.1241836507765457,0.0293840533067639,0.0293840533067639,0.34504047194402526,1.0,0.008162826583585508,0.6738227146814486,75.92417223955879,0.0048590983666737305,0.0048590983666737305,0.8336076817558299,0.75,0.01793018434485351,0.7485055508112989,93.05268900197179,0.014839731240079581,0.014839731240079581,0.6480109739368999,0.6666666666666666,0.03388790435379898,0.8050478677110472,121.28994247854365,3,1.0,0.6480109739368999,0.3519890260631001,0.014840820707483082,0.012337425795126485,0.012333043364248496,0.024524954940090167,0.24662224201341196,0.6666666666666666,0.533864705064807,0.7657248690616338,0.8712935550535871,False,1,0.1721044331278615,0.7703217839302647,False,False,False,-0.0795066666091743,-0.0496361178943987,-0.0740859352811107,-0.0584398764263305,0.9908782578992928,False,True,False,0.39999999999999997,0.39999999999999997,1.0,4.46696544067094,variable_and_atlas_unsupported,True,False,False,False
TAL1,NEAT1,NEAT1,ENSG00000245532,0.1240795998372051,0.1240795998372051,True,0.9900306748466258,2435.469794288514,0.0031550068587105,True,-0.232221536473602,0.141088912737034,3.90300470580863e-32,False,False,False,0.1240795998372051,0.09090857128507054,0.09090857128507054,0.01577719851831527,1.0,0.018035001379792387,0.9861495844875648,1930.84930043763,0.038119011281580295,0.038119011281580295,0.13072702331961591,1.0,0.01420367422668267,0.9846285226302857,1336.9070393518737,0.07090400382138025,0.07090400382138025,0.06584362139917696,1.0,0.05087080676007349,0.9791122715404575,1160.9755801355168,3,1.0,0.06584362139917696,0.934156378600823,0.07102318393044195,0.026765599642896466,0.02665137926576588,0.05278956000349025,0.05763385111590844,1.0,2.632929284245072,0.26808139225847594,0.5284789229554032,True,0,,,False,False,False,0.2483203783452905,0.1327659987811082,0.2204490147365726,0.2461511399423981,0.7239890688551928,False,False,False,0.7999999999999999,-0.7999999999999999,0.0,7.798305465033932,transportable_but_atlas_unsupported,False,False,False,True
NFE2,UBAC1,UBAC1,ENSG00000130560,0.1239162840711322,0.1239162840711322,True,0.8427914110429447,384.4065903039884,0.0200274348422496,True,-0.0237425119838015,0.0577307897972501,1.0010346382117e-22,False,False,False,0.1239162840711322,0.10807413082385471,0.10807413082385471,0.00493894910138565,1.0,0.027165790482467454,0.8822714681440672,231.47925564599953,0.06568673879699626,0.06568673879699626,0.036488340192043896,1.0,0.008253556380373294,0.962425277540616,352.7291138991551,0.08010607256328106,0.08010607256328106,0.09300411522633745,1.0,0.02060658059588268,0.986074847693634,568.3680105922614,3,1.0,0.036488340192043896,0.9635116598079561,0.08027808175015076,0.021722495708804877,0.021551567893345745,0.042387392026858456,0.04461851332973332,1.0,1.6200816882176161,0.4448398967627404,0.6715997465759421,True,3,0.1629222105411697,0.0336437615126353,False,False,True,-0.0378666515910562,-0.0325261234513919,-0.1604621191757693,0.1743675675198275,0.0057673883280472,True,False,False,0.7999999999999999,-0.39999999999999997,0.75,5.954298855740625,transportable_but_atlas_unsupported,False,False,True,False
NFE2,HIST1H1C,HIST1H1C,ENSG00000187837,-0.1233886146885,0.1233886146885,True,0.8604294478527608,672.8539639025975,0.0201646090534979,True,-0.105618756629424,0.0718901464563737,4.08835423833373e-14,False,True,False,0.1233886146885,-0.008596194612009696,0.008596194612009696,0.8091644944436822,1.0,0.005013616101356364,0.6752077562326952,114.50884212215973,0.09046277365505352,0.09046277365505352,0.008093278463648833,1.0,0.011908321626376244,0.8667805294620391,235.25494407936904,-0.01643700451153193,0.01643700451153193,0.7061728395061728,1.0,0.008939238620566975,0.9495213228894578,555.4387475652113,3,0.6666666666666666,0.7061728395061728,0.2938271604938272,0.008596406358742623,0.0597276768471502,0.059584282136148206,0.10689977816658545,0.4358205761556429,1.0,12.940628456353117,0.0015487389990267789,0.023966736009939402,False,3,0.0197425251342723,0.9144261961344348,False,False,True,0.000997120056441,0.0578485815981032,-0.0291591586207186,0.0163349446977264,0.913023702577778,False,False,False,0.39999999999999997,-0.39999999999999997,0.5,6.513013416668145,variable_and_atlas_unsupported,True,False,False,False
TAL1,DDX5,DDX5,ENSG00000108654,0.1229549030168616,0.1229549030168616,True,0.8742331288343558,367.0816554763463,0.0032921810699588,False,,,,False,False,False,0.1229549030168616,-0.03888817864447912,0.03888817864447912,0.24296885718205516,1.0,0.024053991189594996,0.949445983379529,363.8070208457406,-0.029962355977971658,0.029962355977971658,0.23443072702331963,1.0,0.013444400821578975,0.9735269000854508,394.40798128970937,-0.006561268127284031,0.006561268127284031,0.8665294924554183,0.6666666666666666,0.05358223821048709,0.9634464751958106,365.77199325424374,3,0.0,0.24296885718205516,0.7570311428179448,-0.0299713269735301,0.016704186192292227,0.01669486131746471,0.032326910517195086,0.3625027849984767,0.6666666666666666,0.6983335692194459,0.7052754913624735,0.8395490945257136,False,0,,,False,False,False,-0.0135047744161401,0.010390633218184,0.010114333897888,0.0438218053717031,0.8682245847876916,False,False,False,1.0,-0.7999999999999999,0.5,5.908304803436388,variable_and_atlas_unsupported,True,False,False,False
KLF1,MAFF,MAFF,ENSG00000185022,-0.1229414773746653,0.1229414773746653,True,0.0621165644171779,13.737251882810725,0.0045267489711934,False,,,,False,False,False,0.1229414773746653,-0.026965678740090527,0.026965678740090527,0.45630401975579643,0.75,0.02531071652305107,0.03808864265927979,3.244562942565699,-0.06005452900620441,0.06005452900620441,0.06296296296296296,1.0,0.004385368282357077,0.03543979504696842,1.938977443381026,-0.058433136880258335,0.058433136880258335,0.13223593964334704,1.0,0.010869758998567038,0.02349869451697127,1.2893064741913576,3,1.0,0.13223593964334704,0.867764060356653,0.05849977877425908,0.018689865158061283,0.01865342616501768,0.033088850266113884,0.2099746225955385,0.75,1.0798025334832961,0.5828057918482286,0.7675676279873479,False,3,-0.0359137501082071,0.977178306437247,False,False,True,0.0786317103571696,0.430120205953205,0.1255947661758505,0.0890891401255746,0.8926154675105041,False,False,False,0.39999999999999997,0.39999999999999997,1.0,2.690378429949805,variable_and_atlas_unsupported,True,False,False,False
NFE2,SRSF2,SRSF2,ENSG00000161547,-0.1226204501566267,0.1226204501566267,True,0.4532208588957055,114.93573180178224,0.0203017832647462,False,,,,False,False,False,0.1226204501566267,-0.05735440797750041,0.05735440797750041,0.11263547811771162,1.0,0.020490628352333253,0.9335180055401927,316.18766741540225,0.008902439111517732,0.008902439111517732,0.7679012345679013,1.0,0.005959587232723555,0.9457728437233638,319.28271880869914,-0.08336452452117427,0.08336452452117427,0.0823045267489712,1.0,0.012520180933312218,0.9242819843341933,297.8911044202147,3,0.6666666666666666,0.11263547811771162,0.8873645218822884,0.05741742204210179,0.04766334797052361,0.04757395738354746,0.092266963632692,0.38737062871779687,1.0,7.843417683905336,0.019807218402185252,0.1099664667082831,False,3,0.1319408226940892,0.5787085648824443,False,False,True,0.0293959486078231,0.0018141769013928,0.0175687054777167,0.1242560347183362,0.6180799768768108,False,False,False,0.7999999999999999,0.7999999999999999,0.75,4.753036001380069,variable_and_atlas_unsupported,True,False,False,False
KLF1,TESC,TESC,ENSG00000088992,0.1225915771520196,0.1225915771520196,True,0.8780674846625767,384.47272459425017,0.0046639231824417,False,,,,False,False,False,0.1225915771520196,0.06752604807631381,0.06752604807631381,0.07243792015365619,1.0,0.02922740066109544,0.8732686980609641,198.44458942578143,0.07124680440690959,0.07124680440690959,0.032373113854595334,1.0,0.02774511692265043,0.9154568744663149,200.4805512499896,0.05981691803119358,0.05981691803119358,0.12222222222222222,1.0,0.05308976133537228,0.9634464751958106,314.7298922289397,3,1.0,0.07243792015365619,0.9275620798463438,0.06762896413970902,0.00585475607744785,0.005829765808418356,0.011429886375716007,0.045012086729923725,1.0,0.1006783708042102,0.9509068360776053,0.9757701765798451,True,3,0.0472958220410204,0.7077775689528754,False,False,True,-0.0640800744189662,-0.0318108215202068,-0.0701316114587098,0.0695919560666706,0.4592025933377344,False,False,False,-0.39999999999999997,-1.0,0.75,5.9544704371779416,transportable_but_atlas_unsupported,False,False,True,False
GATA1,DIPK2A,DIPK2A,ENSG00000181744,-0.1225908976616769,0.1225908976616769,True,0.5276073619631901,169.3446350834898,0.0060356652949245,True,-0.0324758405098922,-0.146500321861,4.82371539267406e-08,False,False,False,0.1225908976616769,-0.030784368693683672,0.030784368693683672,0.32089449855947316,1.0,0.007666151654107237,0.3898891966758972,29.969059442446117,-0.028105296576489823,0.028105296576489823,0.23196159122085047,1.0,0.008679821476022375,0.4342442356959833,37.110079542748295,-0.01696877252167408,0.01696877252167408,0.5986282578875172,1.0,0.019413856855875496,0.4377719756309874,44.4656820329796,3,1.0,0.32089449855947316,0.6791055014405268,0.02811270028243809,0.007330704017504197,0.007326553225774739,0.013815596172009594,0.19126314661683277,1.0,0.13552028478767622,0.9344845899348695,0.9689212079894208,False,1,0.3231291025099637,0.3758536230183459,False,False,False,0.2262088912139891,0.057482502492149,0.0584476196226873,0.1429906467042115,0.7999925764175514,False,True,False,0.6000000000000001,0.6000000000000001,1.0,5.137823650118176,variable_and_atlas_unsupported,True,False,False,False
NFE2,CTSL,CTSL,ENSG00000135047,0.1225626026448965,0.1225626026448965,True,0.7078220858895705,228.2889742977381,0.0204389574759945,False,,,,False,False,False,0.1225626026448965,0.052547310636167625,0.052547310636167625,0.14569899849087667,1.0,0.003999416102343605,0.2416897506925191,17.368849622443534,0.02585064770541819,0.02585064770541819,0.37585733882030176,1.0,0.013929464766535992,0.3381725021349252,27.322031391667693,0.11876357117752061,0.11876357117752061,0.0196159122085048,1.0,0.005930186141298274,0.6074847693646664,76.5679725711116,3,1.0,0.14569899849087667,0.8543010015091234,0.05259575581469122,0.04813992527230449,0.04783672982108196,0.09291292347210242,0.18063672582658444,1.0,6.6905496683836825,0.03525052577642475,0.15927062376355414,False,3,0.0491823573002373,0.8395353032934146,False,False,True,0.123553923613591,0.1527880147506778,0.0723957359355695,0.0104917356713493,0.9256815628692856,False,False,False,-1.0,1.0,0.0,5.434983104528703,variable_and_atlas_unsupported,True,False,False,True
NFE2,CITED2,CITED2,ENSG00000164442,-0.1223278441291037,0.1223278441291037,True,0.5030674846625767,145.51571921387372,0.0205761316872428,False,,,,False,False,False,0.1223278441291037,0.04951136707338279,0.04951136707338279,0.17080532308958704,1.0,0.024826880695441155,0.376038781163432,32.73335818072526,0.022931707757095837,0.022931707757095837,0.4337448559670782,1.0,0.010760847235864825,0.4406490179333872,38.02524927848315,0.10787172096727207,0.10787172096727207,0.030041152263374487,1.0,0.030282632810820425,0.6283724978241957,66.56717822632825,3,0.0,0.17080532308958704,0.8291946769104129,-0.04955188366649654,0.043674600163414824,0.04344961649262049,0.08494001321017623,0.20490991114890472,1.0,5.5684551431030815,0.061776788755364194,0.23002987206322836,False,3,0.0980811994700985,0.608156979748136,False,False,True,0.0279096281726334,0.1081228665546061,-0.007661642972821,0.0568938600208038,0.8015212406924666,False,False,False,-0.39999999999999997,0.7999999999999999,0.5,4.987132721089278,variable_and_atlas_unsupported,True,False,False,False
KLF1,RBM38,RBM38,ENSG00000132819,0.1222076109319884,0.1222076109319884,True,0.8052147239263804,254.4276281760976,0.0048010973936899,False,,,,False,False,False,0.1222076109319884,0.07695164807906553,0.07695164807906553,0.045548086157223215,1.0,0.018197310720234255,0.6225761772853231,61.64482444842812,0.10030317594674859,0.10030317594674859,0.008641975308641974,1.0,0.015235551041571843,0.6204099060632048,59.754644566711455,0.11768038954236348,0.11768038954236348,0.005761316872427984,1.0,0.013041373774673064,0.784160139251518,100.7921658326803,3,1.0,0.008641975308641974,0.991358024691358,0.10064159544917743,0.020633689836989502,0.020437269009039048,0.040728741463297954,0.022186130130915208,1.0,1.1062050476832201,0.5751625837286194,0.7640035178712777,True,3,0.0155903309588589,0.9204315221137244,False,False,True,0.0753051713736625,0.0765082071547265,-0.085630201231009,0.0380497450807459,0.6265199799744714,False,False,False,-0.19999999999999998,0.6000000000000001,0.25,5.542939113848443,transportable_but_atlas_unsupported,False,False,True,True
NFE2,MGST3,MGST3,ENSG00000143198,0.1221566617719654,0.1221566617719654,True,0.8987730061349694,574.5560803027399,0.020713305898491,True,-0.26964537477216,0.160293840587296,6.50281465134792e-72,True,False,False,0.1221566617719654,0.046817205582991,0.046817205582991,0.19385375222938675,1.0,0.014683694513467783,0.5865650969529106,62.40947307905498,0.0375213899227821,0.0375213899227821,0.21069958847736625,1.0,0.005589009027959214,0.8091374893253968,134.88071098902878,0.07087245343065557,0.07087245343065557,0.1336076817558299,1.0,0.015751316976894112,0.9651871192341047,381.3989371520314,3,1.0,0.19385375222938675,0.8061462477706133,0.04685145607968483,0.017265231090892303,0.017211239423253658,0.033351063507873466,0.040530920888379736,1.0,0.8577789081257647,0.6512319162444826,0.807698539890271,False,3,0.1675437189445761,0.0036832839292713,False,False,True,0.1366106814652855,0.1678143591519861,0.1096212644770989,0.1886991996196824,0.9214043062044416,False,False,False,0.19999999999999998,-0.19999999999999998,0.0,6.355336669639801,variable_but_atlas_supported,True,False,False,True
TAL1,SPTA1,SPTA1,ENSG00000163554,0.1219701850093225,0.1219701850093225,True,0.8880368098159509,1226.036428324166,0.0034293552812071,True,0.199754758255426,-0.532323609279442,4.80303191973939e-206,False,True,False,0.1219701850093225,0.09964720667288858,0.09964720667288858,0.009740705172177254,1.0,0.017699040610747178,0.9148199445983631,449.8639911341758,0.04939445665702465,0.04939445665702465,0.05843621399176955,1.0,0.009370045692273234,0.9602903501281478,592.5090967538595,0.14001605405717354,0.14001605405717354,0.0015089163237311386,1.0,0.02944105614607855,0.9730200174064282,887.9224579506277,3,1.0,0.009740705172177254,0.9902592948278227,0.09997900351849165,0.04583715832158343,0.045400544487644044,0.09062159740014888,0.030767223216246007,1.0,6.824253476103408,0.032971005067747854,0.1534515198265859,True,0,,,False,False,False,-0.2614267004437017,-0.0018211695340906,-0.0580139826734379,0.0445044682845537,0.0079865706617805,True,False,False,0.39999999999999997,0.0,0.75,7.112357133205954,transportable_but_atlas_unsupported,False,False,False,False
KLF1,SLC6A9,SLC6A9,ENSG00000196517,0.12192608321008,0.12192608321008,True,0.5130368098159509,95.76855706272636,0.0049382716049382,True,0.125217361463771,-0.271328695486489,3.37311712425243e-21,False,True,False,0.12192608321008,0.010313950766455759,0.010313950766455759,0.7688297434490328,0.75,0.018709479147566536,0.1045706371191132,6.522307766810771,0.06200529520793225,0.06200529520793225,0.055829903978052126,1.0,0.015318194342619228,0.23526900085396968,21.31887478045596,0.07267450725740285,0.07267450725740285,0.0635116598079561,1.0,0.0342308810060355,0.5483028720626669,62.91673833598824,3,1.0,0.0635116598079561,0.9364883401920439,0.062084942040838906,0.03341628710516491,0.03335332612545196,0.062360556490947086,0.40945113252772003,0.75,3.1835974431352563,0.20355913603087908,0.458193109829506,True,3,-0.0122070672566061,0.977178306437247,False,False,True,-0.1328987317549987,0.0906769261982012,-0.1623449383549099,0.0048237960310776,0.7274907072774965,False,False,False,-0.39999999999999997,0.0,0.5,4.572322117783711,transportable_but_atlas_unsupported,False,False,True,False
GATA1,RPL19,RPL19,ENSG00000108298,0.1218599607820492,0.1218599607820492,True,0.9302147239263804,779.2635003487504,0.0061728395061728,True,-0.129912554964656,0.139332318855018,2.26539219818107e-90,False,False,False,0.1218599607820492,0.030275346088977494,0.030275346088977494,0.3302236246398683,1.0,0.01828416102082315,0.9986149584487846,2042.5909045583069,0.022035865186879198,0.022035865186879198,0.3496570644718793,1.0,0.013997271835987556,1.0000000000000568,2246.6446279272936,-0.012228075196799037,0.012228075196799037,0.7043895747599451,1.0,0.009657377052187582,0.9999999999999868,2203.9423761622315,3,0.6666666666666666,0.3496570644718793,0.6503429355281207,0.022039432946793246,0.022545014879102373,0.022540509744119586,0.04250342128577653,0.2106390952428019,1.0,1.2817861552219538,0.5268217212030675,0.7246725453882195,False,1,-0.0988740530951912,0.7703217839302647,False,False,False,0.1043489063088124,0.0060812648267085,0.0378344620234141,-0.1566886528240717,0.0057673883280472,True,False,False,0.7999999999999999,0.39999999999999997,0.5,6.659631683594921,variable_and_atlas_unsupported,True,True,False,False
TAL1,RAPGEF2,RAPGEF2,ENSG00000109756,0.121700233782057,0.121700233782057,True,0.9539877300613496,1231.6047439433096,0.0035665294924554,True,-0.0189126848832948,-0.260430712923768,4.40109030298676e-69,False,True,False,0.121700233782057,0.06049104719706043,0.06049104719706043,0.07641651804088352,1.0,0.007185199386071416,0.8843490304709372,230.09543656046384,0.0635894949987118,0.0635894949987118,0.017969821673525378,1.0,0.005468368461370615,0.9180187873612767,259.5502985152449,0.04873779695896169,0.04873779695896169,0.19451303155006858,1.0,0.04764708534342319,0.9225413402958992,355.0141297693182,3,1.0,0.07641651804088352,0.9235834819591164,0.06056499188767153,0.00785943168047009,0.007834881456270242,0.014851698039750116,0.08993544700950461,1.0,0.17279396662431104,0.917230033917935,0.9616428222157335,True,0,,,False,False,False,0.151516308976553,0.1463762154505537,0.1198662177598555,0.0600904606322256,0.843292792515562,False,False,False,-0.39999999999999997,0.39999999999999997,0.0,7.116884887249691,transportable_but_atlas_unsupported,False,False,False,True
GATA1,RPS9,RPS9,ENSG00000170889,0.1215269476691071,0.1215269476691071,True,0.8642638036809815,537.5686595705706,0.0063100137174211,True,-0.0162245407523249,0.102865229215932,3.63861437397357e-47,False,False,False,0.1215269476691071,0.05589287436226297,0.05589287436226297,0.07435862258197283,1.0,0.007623929278095066,0.9979224376731612,1517.9226342964198,0.02027811820042448,0.02027811820042448,0.3877914951989026,1.0,0.016773054785428978,0.998719043552576,1675.9949922764863,0.003205955104362338,0.003205955104362338,0.9260631001371742,0.6666666666666666,0.02447734951338127,0.9982593559616927,1610.552171634427,3,1.0,0.3877914951989026,0.6122085048010975,0.020280898354492094,0.02691338311655033,0.02688178153240065,0.05268691925790063,0.4307700475906106,0.6666666666666666,1.9479570980547063,0.37757783390069555,0.6183086750913507,False,1,-0.0854062930103072,0.8233275118560639,False,False,False,0.0106535526230812,-0.025669109902289,-0.0080104003601032,-0.1341732998187451,0.5184020307901149,False,False,False,0.7999999999999999,0.39999999999999997,0.75,6.288914989992623,variable_and_atlas_unsupported,True,False,False,False
KLF1,SLC6A19,SLC6A19,ENSG00000174358,0.1215074839764827,0.1215074839764827,True,0.1503067484662576,24.293387441763063,0.0050754458161865,False,,,,False,False,False,0.1215074839764827,0.029213349076212237,0.029213349076212237,0.41871312937302785,1.0,0.016469607292831062,0.034626038781163444,2.5140295443138285,0.016453797383362542,0.016453797383362542,0.5775034293552812,1.0,0.009466039672196048,0.07130657557643054,4.792345107341934,-0.07532205450908463,0.07532205450908463,0.05692729766803841,1.0,0.028540385858912453,0.07571801566579632,5.376424491472094,3,0.6666666666666666,0.41871312937302785,0.5812868706269722,0.016455282456126978,0.05711335332627857,0.05702815642693207,0.10453540358529687,0.2668029410986626,1.0,8.321202025614818,0.015598180396068811,0.09852320066496525,False,3,0.2646052773573299,0.6494861494441965,False,False,True,0.674119835049392,0.1644629172945044,0.144573320824796,0.2647302963175243,0.7466007889537296,False,False,False,0.0,-0.7999999999999999,0.25,3.2305429956332263,variable_and_atlas_unsupported,True,False,False,True
TAL1,ZBTB7A,ZBTB7A,ENSG00000178951,0.1214986875587556,0.1214986875587556,True,0.5406441717791411,101.52730793053166,0.0037037037037037,False,,,,False,False,False,0.1214986875587556,0.05913244971512568,0.05913244971512568,0.08135546714226917,1.0,0.014852957658803675,0.816481994459852,137.88899539299533,0.0002084116171069242,0.0002084116171069242,0.9935528120713306,0.5,0.012887511689048888,0.817250213492776,126.60123954008672,0.08025395202738514,0.08025395202738514,0.0401920438957476,1.0,0.024328108228396268,0.8468233246301057,136.90528550722064,3,1.0,0.08135546714226917,0.9186445328577308,0.059201516434212016,0.041564634135531596,0.04148382951078052,0.08004554041027821,0.5389333876286474,0.5,5.9979882026221,0.04983717431118831,0.20295533485937872,False,0,,,False,False,False,-0.009062579285325,-0.1325073338126767,-0.1151282148630111,-0.0498960291370392,0.6589218556871617,False,False,False,-0.39999999999999997,-0.39999999999999997,1.0,4.630129181929723,variable_and_atlas_unsupported,False,False,False,False
TAL1,CAT,CAT,ENSG00000121691,0.1214732895876235,0.1214732895876235,True,0.9440184049079756,860.4868626076046,0.0038408779149519,True,0.11109752719,-0.319507659725715,8.68309227306613e-115,False,True,False,0.1214732895876235,0.09861922223454711,0.09861922223454711,0.010975442447523666,1.0,0.017590226195647797,0.9231301939058429,268.00333372772013,0.03275428731663736,0.03275428731663736,0.1935528120713306,1.0,0.016717503530951496,0.9666951323655525,347.82148930434084,0.13772476537509595,0.13772476537509595,0.0023319615912208505,1.0,0.023907244123458064,0.9817232375978987,581.7952659507436,3,1.0,0.010975442447523666,0.9890245575524763,0.09894081631013694,0.053470273506139164,0.053050658839577026,0.10497047805845859,0.10799276157718317,1.0,9.56060249789935,0.00839347006255515,0.06697678810720577,True,0,,,False,False,False,-0.053032746147405,-0.0430032270994332,0.0075571793308616,-0.0516087601891045,0.8906609170475812,False,False,False,-0.39999999999999997,-0.39999999999999997,0.75,6.7586598064119014,transportable_but_atlas_unsupported,False,False,False,False
TAL1,COX7B,COX7B,ENSG00000131174,-0.1212843276650907,0.1212843276650907,True,0.6058282208588958,132.1316788583557,0.0039780521262002,False,,,,False,False,False,0.1212843276650907,-0.025284805810655897,0.025284805810655897,0.4350391000137193,0.75,0.030778478824303065,0.8504155124653946,153.6821872012803,-0.012586187366858272,0.012586187366858272,0.6165980795610425,0.75,0.02438164875749654,0.9175918018787831,193.0245059602663,-0.05539713537836004,0.05539713537836004,0.14348422496570645,1.0,0.020083465951802396,0.9260226283724874,200.7001754272075,3,1.0,0.4350391000137193,0.5649608999862807,0.02529019625106574,0.022018208351945054,0.021987816975235375,0.042810948011501766,0.23867852424987343,0.75,1.4058109383435293,0.4951445844963568,0.6950035363164146,False,0,,,False,False,False,0.0662927341483822,0.1137439711627858,0.1883969351246502,0.1070995918632507,0.6589218556871617,False,True,False,0.0,0.0,1.0,4.89133870503325,variable_and_atlas_unsupported,True,False,False,False
NFE2,CD2AP,CD2AP,ENSG00000198087,0.1211387101062353,0.1211387101062353,True,0.7262269938650306,236.06058042155715,0.0208504801097393,False,,,,False,False,False,0.1211387101062353,0.03764783816606644,0.03764783816606644,0.29592536699135685,1.0,0.013042203805617832,0.8303324099723184,153.05051565580183,0.017349618470353087,0.017349618470353087,0.5539094650205761,1.0,0.011668485040322035,0.8923996584116579,186.12724360582982,0.08564755953874854,0.08564755953874854,0.0747599451303155,1.0,0.05076509413686361,0.9173194081810169,243.66539391534698,3,1.0,0.29592536699135685,0.7040746330086431,0.03766564015071279,0.03518596320798812,0.03507278082514649,0.06829794106839546,0.2398104116011888,1.0,3.5903514178678755,0.16609826483361187,0.41794644687807214,False,3,0.0669044133954958,0.6782170434332202,False,False,True,-0.0411743658665176,-0.0109656946826327,-0.0145366439269515,0.0543017500260495,0.7274907072774965,False,False,False,0.7999999999999999,-0.39999999999999997,0.75,5.468315722064611,variable_and_atlas_unsupported,True,False,False,False
NFE2,SLC11A2,SLC11A2,ENSG00000110911,0.1210832872138317,0.1210832872138317,True,0.4478527607361963,86.09203566251499,0.0209876543209876,True,-0.0639942166292648,0.0527984954134622,6.77395491386192e-12,False,False,False,0.1210832872138317,0.05436211725799533,0.05436211725799533,0.13307723967622445,1.0,0.02230668166108402,0.6738227146814486,75.92417223955879,0.061502577201021605,0.061502577201021605,0.046502057613168724,1.0,0.007015500018817278,0.7485055508112989,93.05268900197179,0.08415394669901095,0.08415394669901095,0.07914951989026063,1.0,0.05156804219362358,0.8050478677110472,121.28994247854365,3,1.0,0.07914951989026063,0.9208504801097394,0.0615802995444333,0.01563229657796959,0.015554333853597259,0.029791829441015626,0.043721310409796765,1.0,0.6131660675981647,0.7359574063028114,0.8605534571031126,True,3,-0.0238170248009887,0.9581216780102612,False,False,True,0.0542221148649348,0.0980483688907561,-0.0225721910592211,-0.014246713852428,0.5841315318683553,False,False,False,-0.7999999999999999,0.6000000000000001,0.5,4.46696544067094,transportable_but_atlas_unsupported,False,False,True,False
NFE2,PPOX,PPOX,ENSG00000143224,0.121053264179333,0.121053264179333,True,0.4608895705521472,77.5343713784193,0.0212620027434842,True,-0.0531914694888688,0.0529363555000643,1.34566289992482e-07,False,False,False,0.121053264179333,0.10234523095916864,0.10234523095916864,0.007957195774454657,1.0,0.02607528605978169,0.45844875346260017,38.967065984275,0.04285155554682875,0.04285155554682875,0.15473251028806584,1.0,0.013553504129361559,0.5435525192143483,48.48860381292012,0.08867091776595576,0.08867091776595576,0.06611796982167352,1.0,0.02793977901021394,0.7075718015665774,78.66818210813037,3,1.0,0.06611796982167352,0.9338820301783265,0.08890441291020476,0.03132669747687114,0.03116060068297383,0.059493675412339894,0.07391234151616248,1.0,3.6448179891861625,0.16163590153701868,0.40837805327107984,True,3,-0.0712040560563581,0.7965910017087824,False,False,True,0.075425106957413,-0.0487793227954483,0.0015652627897799,-0.052317076205014,0.6347408976751173,False,False,False,0.6000000000000001,0.19999999999999998,0.5,4.363536380913553,transportable_but_atlas_unsupported,False,False,True,False
NFE2,WRN,WRN,ENSG00000165392,0.1209234471591345,0.1209234471591345,True,0.571319018404908,201.46512266215404,0.0213991769547325,True,-0.0344576127724119,0.0665477701082477,4.785839259186029e-28,False,False,False,0.1209234471591345,0.015512751577883161,0.015512751577883161,0.6642886541363698,1.0,0.013442197199472454,0.9051246537396367,299.8754061469765,0.02262737460726438,0.02262737460726438,0.43882030178326475,1.0,0.01020337180772814,0.941929974380921,317.9739952065135,-0.019916840227705856,0.019916840227705856,0.6525377229080933,1.0,0.013064203771618746,0.9303742384682226,359.3454244878304,3,0.6666666666666666,0.6525377229080933,0.3474622770919067,0.015513996115337764,0.022791625077341112,0.022788462184056224,0.042544214834970236,0.12691808276062883,1.0,1.4306992532989096,0.4890211070929871,0.6950035363164146,False,3,0.322785471828911,0.0347005308526058,True,False,True,0.0133159539486776,0.0352190815022819,-0.0776751290288135,0.3115922805578283,0.0009387547802899,True,False,False,0.7999999999999999,-1.0,0.0,5.310567637945515,variable_and_atlas_unsupported,True,True,False,True
GATA1,RPL3,RPL3,ENSG00000100316,0.1208420027422969,0.1208420027422969,True,0.7837423312883436,493.7378417722077,0.0064471879286694,True,0.108961805453045,0.0849804039507715,2.7959303434651597e-22,False,False,False,0.1208420027422969,-0.03410030997684289,0.03410030997684289,0.2732885169433393,0.75,0.03271225031397476,0.9965373961219146,2050.181719380142,0.01958491469785939,0.01958491469785939,0.40342935528120716,0.75,0.01745393010667291,0.9991460290350697,2227.7775219779637,0.0028498482573802815,0.0028498482573802815,0.9347050754458162,0.6666666666666666,0.01759389614863309,0.9991296779808397,2232.648642846319,3,0.6666666666666666,0.40342935528120716,0.5965706447187928,0.002849855972560414,0.027477964289228315,0.027469619554077805,0.05368522467470228,0.3503955841856856,0.6666666666666666,2.5680968959723325,0.27691395633849875,0.5386769661021367,False,1,-0.2276989755564474,0.6674501619195826,False,False,False,-0.0812961600202463,-0.0907273977146893,-0.0164251461414238,-0.1312659417995739,0.8509010139167891,False,False,False,0.7999999999999999,0.7999999999999999,0.75,6.204028009693012,variable_and_atlas_unsupported,True,False,False,False
NFE2,SPECC1,SPECC1,ENSG00000128487,0.1207940582747733,0.1207940582747733,True,0.821319018404908,362.38149688767777,0.0215363511659807,True,-0.164532612009678,0.0909763502870994,1.29422650359232e-51,False,False,False,0.1207940582747733,0.028776790701622243,0.028776790701622243,0.42351488544381943,0.75,0.02673333742873274,0.8580332409972511,184.80272690950278,0.06856317504885502,0.06856317504885502,0.031001371742112482,1.0,0.013463946612661256,0.9167378309137958,226.74908826881162,0.02062778685543542,0.02062778685543542,0.6423868312757202,0.6666666666666666,0.032289911180393295,0.9373368146213991,311.3459074103327,3,1.0,0.42351488544381943,0.5764851145561806,0.028784738039517106,0.025707509591259958,0.025648794917645833,0.0479353881934196,0.309775178486975,0.6666666666666666,2.352815505435392,0.30838454479028765,0.5715270455843954,False,3,0.1708524719683056,0.0776631889839627,False,False,True,0.1056706264201233,0.1497976533675595,0.0119476907281321,0.1503628867718727,0.4155500740319993,False,False,False,1.0,-1.0,0.0,5.895453238011062,variable_and_atlas_unsupported,True,False,False,True
NFE2,SPAG9,SPAG9,ENSG00000008294,-0.1206822743134871,0.1206822743134871,True,0.5644171779141104,179.5669790572082,0.021673525377229,True,0.0231701953464248,-0.0562887269231075,1.7272501820644802e-14,False,False,False,0.1206822743134871,-0.026640053704229876,0.026640053704229876,0.45740156400054877,0.75,0.023116097140946066,0.8109418282548655,130.33131378137685,-0.019838801623946176,0.019838801623946176,0.4964334705075446,1.0,0.009849905546212807,0.8313407344150664,133.30617676160597,0.01714055291310821,0.01714055291310821,0.6947873799725651,1.0,0.005274173246602474,0.7911227154046944,123.62536438104081,3,0.6666666666666666,0.4964334705075446,0.5035665294924554,0.01984140494435803,0.023563875680318053,0.023560104723942533,0.04378060661733808,0.12729217621305222,0.75,1.4082306360839574,0.4945458966141668,0.6950035363164146,False,3,-0.0113513321750205,0.977178306437247,False,False,True,-0.0121001854004133,-0.0107646441557834,0.0417103584111717,-0.0257145634153395,0.9429986330105412,False,True,False,-0.19999999999999998,-1.0,0.0,5.196101784050781,variable_and_atlas_unsupported,True,False,False,True
GATA1,RPLP0,RPLP0,ENSG00000089157,0.1205797123328287,0.1205797123328287,True,0.8121165644171779,476.9940635087207,0.0065843621399176,True,-0.0606417808445299,0.129335186492367,3.927249767302901e-68,False,False,False,0.1205797123328287,0.04089732040116211,0.04089732040116211,0.18603374948552615,1.0,0.01922973902113559,0.9986149584487846,1910.3079434249787,0.035566250309041064,0.035566250309041064,0.13319615912208504,1.0,0.015590373657655367,0.9995730145175633,1933.8469671240248,0.012400608180857604,0.012400608180857604,0.7010973936899862,0.6666666666666666,0.022307829963479384,0.9999999999999868,1875.8357003874014,3,1.0,0.18603374948552615,0.8139662505144738,0.035581258307578384,0.015161049262636336,0.015149971897141306,0.028496712220304508,0.3137393240574994,0.6666666666666666,0.5801845568576725,0.7481945221779432,0.8654885127283789,False,1,-0.1343006554919573,0.802274724452185,False,False,False,0.0062057493554043,-0.0011484043378193,-0.0162570764597872,-0.0718895238829822,0.843292792515562,False,False,False,0.39999999999999997,0.19999999999999998,0.75,6.169598312976511,variable_and_atlas_unsupported,True,False,False,False
TAL1,TOP1,TOP1,ENSG00000198900,0.1205137151927446,0.1205137151927446,True,0.9800613496932516,1323.8374660621191,0.0041152263374485,True,0.150649633788977,-0.363941452696384,4.3304901608997096e-160,False,True,False,0.1205137151927446,0.03591310463179682,0.03591310463179682,0.2772671148305666,1.0,0.020152988187745143,0.9418282548476725,353.7080823406138,0.04164274863205998,0.04164274863205998,0.10246913580246914,1.0,0.020644628859483333,0.978223740392881,454.2136277888256,0.03156971774332659,0.03156971774332659,0.40329218106995884,1.0,0.030445497143263854,0.9660574412532518,574.5252888141748,3,1.0,0.2772671148305666,0.7227328851694335,0.03592855624601527,0.005059252532756285,0.005052388565785226,0.01007303088873339,0.15106905449548372,1.0,0.08370880176755817,0.9590094013291895,0.9779684010259775,False,0,,,False,False,False,-0.0413732717526425,-0.0178232313482969,0.0227250940398653,0.0209497165518715,0.6504108478835773,False,False,False,-0.6000000000000001,0.19999999999999998,0.5,7.189045063773166,variable_and_atlas_unsupported,True,False,False,False
NFE2,SAMD9L,SAMD9L,ENSG00000177409,0.1204016012479661,0.1204016012479661,True,0.3642638036809816,63.93374841265324,0.0218106995884773,True,-0.113335510620637,0.104082727226907,1.37327818651539e-16,False,False,False,0.1204016012479661,0.05959630143845985,0.05959630143845985,0.10083687748662368,1.0,0.020123897803879465,0.3012465373961197,22.65802136117592,0.008806697960122936,0.008806697960122936,0.769684499314129,0.75,0.013738475687452838,0.36763450042698304,28.517155746540446,0.019505314505859572,0.019505314505859572,0.659122085048011,1.0,0.008448071230737078,0.4386422976501345,38.021077545366346,3,1.0,0.659122085048011,0.34087791495198905,0.019507788717074818,0.026814235814091886,0.02677477497791945,0.050789603478336914,0.35853023155993496,0.75,2.358255907404932,0.30754681675873297,0.5715270455843954,False,3,-0.064537667482753,0.8562768540015728,False,False,True,0.1347225742871772,0.1740541900729863,0.098965960802238,-0.0236135919147523,0.6265199799744714,False,False,False,-0.7999999999999999,0.7999999999999999,0.25,4.173367494911884,variable_and_atlas_unsupported,True,False,False,True
NFE2,SWT1,SWT1,ENSG00000116668,0.1203999741394385,0.1203999741394385,True,0.3297546012269938,64.27827909407607,0.0219478737997256,True,-0.169511071376655,0.0748456860352527,3.87099409174878e-07,False,False,False,0.1203999741394385,0.007388266476468572,0.007388266476468572,0.8344080120729866,0.5,0.01957589691106091,0.27977839335179855,21.01001691366815,-0.012547316551650638,0.012547316551650638,0.6775034293552812,0.75,0.010089735394528988,0.2894961571306558,20.177167830246,0.029928104494597905,0.029928104494597905,0.5058984910836762,1.0,0.025091957364477904,0.3559617058311593,29.973871948443875,3,0.6666666666666666,0.6775034293552812,0.3224965706447188,0.007388400914028863,0.021255890697243054,0.02125101237435775,0.042475421046248546,0.1643095697647405,0.5,1.4154829129355946,0.4927558521710157,0.6950035363164146,False,3,0.248877884815859,0.4594272866225373,False,False,True,-0.0160659141374813,0.157153765178376,-0.277957176628869,0.1995201210505042,0.2695466258703544,False,True,False,0.7999999999999999,-0.19999999999999998,0.75,4.178659348391643,variable_and_atlas_unsupported,True,False,False,False
GATA1,PSMC5,PSMC5,ENSG00000087191,0.1203861410096521,0.1203861410096521,True,0.3512269938650307,52.56325675094669,0.0067215363511659,False,,,,False,False,False,0.1203861410096521,-0.005689009625741824,0.005689009625741824,0.8544381945397174,0.5,0.02295194853780945,0.6945983379501481,80.24015599515832,0.03891495368751539,0.03891495368751539,0.099039780521262,1.0,0.017152344873280552,0.7450896669513497,89.62623965542957,0.009230222030966307,0.009230222030966307,0.7735253772290809,0.3333333333333333,0.03224513898768164,0.7597911227154005,91.15378600018722,3,0.6666666666666666,0.7735253772290809,0.22647462277091912,0.009230484173438273,0.022716374192899996,0.022705653884727495,0.04460396331325721,0.41474981777634023,0.3333333333333333,1.9063042789476603,0.3855238811173159,0.6187009580149122,False,1,-0.3488408295990839,0.3847493577209752,False,False,False,-0.0321863100665555,-0.1304755108088145,-0.0577714012838985,-0.3174979787181465,0.2984021551627289,False,False,False,1.0,1.0,0.75,3.9808633246305942,variable_and_atlas_unsupported,True,False,False,False
NFE2,EEF1D,EEF1D,ENSG00000104529,0.1203046215382024,0.1203046215382024,True,0.6664110429447853,208.5546944802284,0.0220850480109739,False,,,,False,False,False,0.1203046215382024,0.014052779924796331,0.014052779924796331,0.6922760323775552,0.75,0.03597592555577836,0.9328254847645694,267.64498817399135,-0.026052450792234515,0.026052450792234515,0.3727023319615912,1.0,0.020174726048832355,0.9568744662681986,269.95428618851594,0.02111794837570129,0.02111794837570129,0.6330589849108368,1.0,0.014205614834603657,0.9625761531766636,307.89632630839424,3,0.6666666666666666,0.6330589849108368,0.3669410150891632,0.014053705085000557,0.02544544437078856,0.025440756978283015,0.047170399167935806,0.1700096053380327,0.75,2.3152965512352925,0.31422428154219806,0.5743815310225103,False,3,-0.0714499171414823,0.7196128715117135,False,False,True,-0.00822483737364,-0.0246327444942216,-0.0707159697992957,-0.0151556906745265,0.8457329815492117,False,True,False,0.19999999999999998,0.0,0.75,5.344984776793628,variable_and_atlas_unsupported,True,False,False,False
KLF1,EIF2AK1,EIF2AK1,ENSG00000086232,0.1201917838458125,0.1201917838458125,True,0.9325153374233128,558.8803207127274,0.0052126200274348,False,,,,False,False,False,0.1201917838458125,0.012858922388353804,0.012858922388353804,0.7146384963643847,0.5,0.020848443720450152,0.8324099722991883,142.9807833293889,0.08368846487544572,0.08368846487544572,0.016872427983539096,1.0,0.0163159984884153,0.9077711357814292,198.6014204891944,0.06208760109162743,0.06208760109162743,0.10919067215363512,1.0,0.02002121644066934,0.9721496953872811,392.4587585843054,3,1.0,0.10919067215363512,0.8908093278463649,0.06216756600716482,0.036394735886604565,0.03630170843548087,0.07082954248709192,0.37902665082898923,0.5,4.496059331636541,0.10560710098250319,0.31888192930814374,False,3,0.0890885714767735,0.262854885206769,False,False,True,0.1108095897799575,0.0393843664084452,-0.0826138613273675,0.0995809080162891,0.2829005566803723,False,False,False,-0.39999999999999997,0.19999999999999998,0.25,6.327723047876328,variable_and_atlas_unsupported,True,False,False,True
KLF1,SEC62,SEC62,ENSG00000008952,0.1201542434593038,0.1201542434593038,True,0.9716257668711656,969.3470601364206,0.0053497942386831,True,0.0434386847885424,-0.209472822289958,1.5694849743237e-66,False,True,False,0.1201542434593038,-0.033316609974264146,0.033316609974264146,0.35725065166689535,1.0,0.02080347944657383,0.8074792243767489,127.9524582971039,0.001530478939878131,0.001530478939878131,0.9573388203017833,0.5,0.009602346231938117,0.8834329632792913,161.33124254160356,-0.013725223180091185,0.013725223180091185,0.7218106995884773,1.0,0.01164070647007198,0.9312445604873697,261.6875421083517,3,0.3333333333333333,0.7218106995884773,0.2781893004115227,-0.01372608513804632,0.017474812597107415,0.01746844054040633,0.034847088914142274,0.30234729873742366,0.5,1.0805699029280906,0.582582221062862,0.7675676279873479,False,3,-0.0061977335431726,0.9747167166347716,False,False,True,-0.0421286501017638,-0.0361788243526714,-0.0828101810321421,0.01210527247745,0.8261568683725588,False,False,False,-0.39999999999999997,-0.7999999999999999,0.25,6.877653801459508,variable_and_atlas_unsupported,True,False,False,True
NFE2,AC100835.2,AC100835.2,ENSG00000275527,0.1200579978976337,0.1200579978976337,True,0.4762269938650307,89.71436146264806,0.0222222222222222,True,-0.262417454918069,0.143574311181931,1.97589825950421e-13,True,False,False,0.1200579978976337,0.07537253104879059,0.07537253104879059,0.04060913705583756,1.0,0.03005160019396878,0.01800554016620499,2.6378018457954084,0.05759267270506898,0.05759267270506898,0.059670781893004114,1.0,0.017041675910738734,0.08966695132365497,12.447786269601414,0.1561711286846624,0.1561711286846624,0.003703703703703704,1.0,0.009099706463305983,0.4395126196692816,59.18910860444283,3,1.0,0.04060913705583756,0.9593908629441624,0.07551575045877064,0.05322036019804127,0.052539269005774714,0.09857845597959342,0.028453679187568283,1.0,7.834372418322738,0.019897002053841206,0.1099664667082831,True,3,0.0423961170178587,0.8769152726613512,False,False,True,0.6753602845427921,0.3921701053040999,-0.0011594003404928,0.0048845485764155,0.568368604141395,False,False,False,-0.7999999999999999,0.7999999999999999,0.25,4.507715684858347,transportable_and_atlas_supported,False,False,True,True
TAL1,GMPR,GMPR,ENSG00000137198,0.1200067601877885,0.1200067601877885,True,0.911042944785276,511.4660109427092,0.0042524005486968,True,0.172757917909812,-0.27624468958046,2.11017038870388e-59,False,True,False,0.1200067601877885,0.08593676296333044,0.08593676296333044,0.02003018246673069,1.0,0.04016339564431534,0.8670360110803542,211.0094893904621,0.014415091348607405,0.014415091348607405,0.5639231824417009,0.75,0.013658075193139715,0.9017933390265181,244.09381906892273,0.06981197008356241,0.06981197008356241,0.06954732510288066,1.0,0.006997685846689755,0.9425587467362814,328.3028369257262,3,1.0,0.06954732510288066,0.9304526748971194,0.06992571735148702,0.037616860514698196,0.037514825135216,0.07152167161472303,0.3007432546087873,0.75,5.2557093802544586,0.07223325885941125,0.2554993556227175,True,0,,,False,False,False,-0.1260545054821905,-0.0646342115706574,-0.0633629460791916,0.0467928673071612,0.3989374553109798,False,False,False,-0.39999999999999997,-0.39999999999999997,0.75,6.2392343887015,transportable_but_atlas_unsupported,False,False,False,False
TAL1,SLC7A5,SLC7A5,ENSG00000103257,0.1199456050206353,0.1199456050206353,True,0.8190184049079755,258.2261930270343,0.0043895747599451,True,0.152373163832334,-0.413985865050824,1.4851544578460701e-59,False,True,False,0.1199456050206353,0.05561583847821364,0.05561583847821364,0.09973933324187131,1.0,0.013903408183477026,0.541551246537395,60.29552177003308,0.0259355051748289,0.0259355051748289,0.29986282578875173,1.0,0.00817516071737459,0.6097352690008636,71.70738392846138,-0.0182660617122581,0.0182660617122581,0.6271604938271605,1.0,0.0012823239720059854,0.7832898172323709,133.45103903958548,3,0.6666666666666666,0.29986282578875173,0.7001371742112483,0.025941322699130156,0.03720615993345501,0.037178030869561625,0.07388190019047175,0.26625371872385034,1.0,3.4750551764407875,0.17595489622774388,0.42314981613605174,False,0,,,False,False,False,-0.0970542137656327,0.0464004459381482,0.0763762638454498,-0.0127439993588326,0.6589218556871617,False,False,False,-0.39999999999999997,0.7999999999999999,0.75,5.557701012717614,variable_and_atlas_unsupported,True,False,False,False
KLF1,RHAG,RHAG,ENSG00000112077,0.1198075214487159,0.1198075214487159,True,0.897239263803681,743.8141556626155,0.0054869684499314,False,,,,False,False,False,0.1198075214487159,0.11601783881840397,0.11601783881840397,0.004664563040197558,1.0,0.027620366751023046,0.8698060941828475,235.63215731407882,0.10390596751326109,0.10390596751326109,0.007270233196159122,1.0,0.021860407318235076,0.9577284372331859,368.81547994443025,0.0832265442720952,0.0832265442720952,0.0392318244170096,1.0,0.016258549148131664,0.986074847693634,612.7915417835579,3,1.0,0.007270233196159122,0.9927297668038408,0.10428234720769003,0.016746706973041342,0.01658113873312282,0.032791294546308775,0.019249365311715505,1.0,0.7021977179172142,0.7039141621947747,0.8395430951802804,True,3,0.0794831066169839,0.5572113521704407,False,False,True,-0.017020139275576,0.0249403107521838,-0.0170318800879912,0.0766559716072591,0.8191334345823246,False,False,False,0.39999999999999997,-0.7999999999999999,0.5,6.613134731773942,transportable_but_atlas_unsupported,False,False,True,False
TAL1,NATD1,NATD1,ENSG00000274180,0.119763175906239,0.119763175906239,True,0.4271472392638036,83.73012539788883,0.0045267489711934,True,0.147964026845383,-0.500712444066194,3.91017093834649e-25,False,True,False,0.119763175906239,0.07394867750118367,0.07394867750118367,0.03580738098504596,1.0,0.02526226035865218,0.13642659279778327,8.631043981836745,0.04736499384514944,0.04736499384514944,0.0673525377229081,1.0,0.006587071558746741,0.1947053800170785,13.790563196005209,-0.0057722733263120855,0.0057722733263120855,0.8812071330589849,0.6666666666666666,0.045530004975717915,0.3646649260226304,30.684483881512453,3,0.6666666666666666,0.0673525377229081,0.9326474622770919,0.04740046181526088,0.04065377058275306,0.04059082696048328,0.07972095082749575,0.47924509040607166,0.6666666666666666,4.132266364145277,0.12667466374767905,0.3564164402718788,False,0,,,False,False,False,0.0873244152788151,0.0377640312242667,-0.1850865653069653,0.157542107819384,0.7385102757495893,False,True,False,-0.19999999999999998,-1.0,0.0,4.43947121017964,variable_and_atlas_unsupported,True,False,False,True
GATA1,ALAD,ALAD,ENSG00000148218,0.1197407086874253,0.1197407086874253,True,0.526840490797546,110.11537048375152,0.0068587105624142,True,0.374066496353932,-0.870665746888886,3.2979649898684204e-76,True,True,True,0.1197407086874253,-0.0032183333815052648,0.0032183333815052648,0.9148031280010975,0.5,0.012605472052871382,0.3642659279778365,27.908935969747482,0.023117360314447288,0.023117360314447288,0.3249657064471879,1.0,0.012539124187754968,0.43125533731852816,41.998267150572886,0.030448254062470575,0.030448254062470575,0.3440329218106996,1.0,0.021543498297481038,0.7589208006962535,114.04449937560277,3,0.6666666666666666,0.3440329218106996,0.6559670781893003,0.023121479703000273,0.017709130786905093,0.017704753955339762,0.03366658744397584,0.33517417632272734,0.5,0.8780805227927333,0.644654824403903,0.8033650318070423,False,1,0.0671312810471183,0.8573745213431259,False,False,False,-0.5069996235016834,-0.2031115249049115,-0.0461880832284848,-0.1284179990456311,0.364504680701667,False,True,False,-0.7999999999999999,-0.7999999999999999,0.75,4.710569035264939,variable_but_atlas_supported,True,False,False,False
GATA1,H3F3A,H3F3A,ENSG00000163041,0.1197314382851085,0.1197314382851085,True,0.991564417177914,2074.682193510756,0.0069958847736625,True,0.125229478829762,-0.137735422798917,4.75349656548256e-53,False,True,False,0.1197314382851085,0.07398950257109123,0.07398950257109123,0.02030456852791878,1.0,0.016108863274360473,0.9958448753462913,975.2291024265762,0.022756759853565543,0.022756759853565543,0.33319615912208506,1.0,0.010249284269867402,0.9982920580700824,1265.5767952889603,0.04331315520847567,0.04331315520847567,0.1737997256515775,1.0,0.031759092605800565,0.9999999999999868,2229.857542637235,3,1.0,0.1737997256515775,0.8262002743484225,0.04334027132179816,0.025850549187883595,0.025782415208365703,0.05123274271752569,0.15645507008301243,1.0,2.339461747560633,0.3104504803878824,0.5717049529731356,False,1,-0.0670796556931975,0.6782170434332202,False,False,False,0.1139062993728633,-0.0261423940367122,-0.0291050618078447,-0.064733826787214,0.0087270542451239,True,True,True,0.7999999999999999,0.39999999999999997,0.75,7.638045146589447,variable_and_atlas_unsupported,True,True,False,False
NFE2,RABGAP1L,RABGAP1L,ENSG00000152061,0.1196471723730736,0.1196471723730736,True,0.8565950920245399,716.9883280012235,0.0224965706447187,True,-0.0530392433478681,0.0631574998442358,1.96927073166839e-32,False,False,False,0.1196471723730736,0.06628384012690268,0.06628384012690268,0.06818493620524077,1.0,0.03291597115193025,0.9376731301939326,657.3297357598395,0.051042680355215905,0.051042680355215905,0.09492455418381344,1.0,0.015425257292295446,0.9649871904355779,732.645475075081,0.020474857426528426,0.020474857426528426,0.6454046639231824,0.6666666666666666,0.0421307420478463,0.9730200174064282,840.5963813480562,3,1.0,0.09492455418381344,0.9050754458161866,0.05108707788323935,0.023373663746213403,0.023327907628092375,0.04580898270037426,0.325813334199989,0.6666666666666666,1.3659451749309024,0.5051132651319411,0.7010428500373801,False,3,0.1095625664746331,0.1187919569123102,False,False,True,0.0699990295988227,0.0413810400229999,-0.0162918176842034,0.1390582877514785,0.1884623598099244,False,False,False,1.0,-1.0,0.25,6.576453312650385,variable_and_atlas_unsupported,False,False,False,True
GATA1,SLC25A37,SLC25A37,ENSG00000147454,0.1194042681916593,0.1194042681916593,True,0.9984662576687116,7309.786012898832,0.0071330589849108,True,0.366880271077682,-1.1329092835418,0.0,True,True,True,0.1194042681916593,0.08338593822858945,0.08338593822858945,0.007820002743860612,1.0,0.02255695541191283,0.9404432132964259,762.3628122051656,0.07573225977221923,0.07573225977221923,0.0023319615912208505,1.0,0.013256780383754236,0.9756618274979191,1452.8432333439528,0.05141418847491127,0.05141418847491127,0.10589849108367627,1.0,0.03170295240289663,0.9956483899042515,3836.9632297886114,3,1.0,0.007820002743860612,0.9921799972561394,0.07587754436530669,0.01676946266982239,0.016694011739973705,0.031971749753678176,0.058274543472869374,1.0,0.7055895818536135,0.7027213833859842,0.8395430951802804,True,1,-0.0284902474175075,0.8590040550092644,False,False,False,-0.6367505789000465,-0.139493532174926,-0.0943370687767473,0.0677387137422488,0.0053171768469689,True,True,True,-0.19999999999999998,-0.19999999999999998,0.75,8.897106072667704,transportable_and_atlas_supported,False,False,False,False
NFE2,BTK,BTK,ENSG00000010671,0.1191779425902838,0.1191779425902838,True,0.3006134969325153,46.01382955169469,0.022633744855967,False,,,,False,False,False,0.1191779425902838,0.0009265504012156059,0.0009265504012156059,0.9805185896556455,0.5,0.02805426007538135,0.5623268698060945,52.51813865188807,0.02753701305395633,0.02753701305395633,0.34746227709190675,1.0,0.005109804603941773,0.5345858240819817,48.113053769081034,0.04270688357666564,0.04270688357666564,0.34883401920438956,1.0,0.020827121640256463,0.5030461270670202,43.44781691721984,3,1.0,0.34883401920438956,0.6511659807956105,0.027543976542904944,0.02116191104062539,0.021149617547843443,0.04178033317545003,0.3650998888659123,0.5,1.1876384580523955,0.5522142195870283,0.7512540701634517,False,3,0.0877601616675184,0.7890597849502565,False,False,True,-0.0614203404446816,0.0156731074350936,-0.0232885828995492,0.0916267922284704,0.7835814856822195,False,False,False,0.39999999999999997,-0.7999999999999999,0.5,3.850441804208997,variable_and_atlas_unsupported,True,False,False,False
TAL1,ZNF451,ZNF451,ENSG00000112200,0.1191251730022155,0.1191251730022155,True,0.7975460122699386,297.75734106343776,0.0046639231824417,True,0.150552952491353,-0.241920364050884,5.41624020150726e-50,False,True,False,0.1191251730022155,0.026340921566043788,0.026340921566043788,0.4166552339141172,1.0,0.008956773665892079,0.8801939058171973,200.2128067946047,-0.0025798214872794455,0.0025798214872794455,0.920164609053498,0.75,0.005306034815770274,0.9244235695986814,237.8150723366012,0.024376155549533814,0.024376155549533814,0.5120713305898491,0.6666666666666666,0.06061456091455625,0.9286335944299285,265.42452562629813,3,0.6666666666666666,0.5120713305898491,0.4879286694101509,0.024380985350732288,0.01616329672019073,0.016160107168916405,0.028920743053323233,0.2674465822942628,0.6666666666666666,0.9638339995839401,0.6175983204264852,0.7866118525596592,False,0,,,False,False,False,-0.1030201187370968,0.0052513710471874,-0.0614275191933442,-0.0334506462938101,0.560231410216532,False,False,False,0.39999999999999997,0.39999999999999997,1.0,5.6996316755411005,variable_and_atlas_unsupported,True,False,False,False
NFE2,PHKB,PHKB,ENSG00000102893,0.1187340081822055,0.1187340081822055,True,0.558282208588957,138.83198649889624,0.0227709190672153,True,0.126914297028052,-0.0534966763314895,1.65140899017264e-14,False,True,False,0.1187340081822055,0.019532247767279933,0.019532247767279933,0.5877349430648923,0.5,0.030957964009260593,0.8393351800554215,159.94401248599445,0.02233836968822311,0.02233836968822311,0.4430727023319616,1.0,0.01783778143443008,0.854824935952217,163.60068995431453,0.03946779485106903,0.03946779485106903,0.38559670781893,1.0,0.015064668604455855,0.8476936466492527,163.77751908671598,3,1.0,0.4430727023319616,0.5569272976680384,0.022342086437132584,0.01080138317457481,0.010791335754319361,0.019935547083789095,0.10415574875115823,0.5,0.29662692855812645,0.8621608159611093,0.9194037237879077,False,3,-0.2726095666228965,0.0086640490260288,True,True,True,-0.1242435995350176,-0.0831597519955032,-0.2000821488908068,-0.2836549967656835,0.0423822523545097,True,False,False,0.7999999999999999,0.7999999999999999,1.0,4.940441605480463,variable_and_atlas_unsupported,True,True,False,False
GATA1,IQSEC1,IQSEC1,ENSG00000144711,0.1184815122216998,0.1184815122216998,True,0.4263803680981595,70.99082688009335,0.0072702331961591,True,0.366779472194007,-0.48762570475465,2.3008220523516e-56,True,True,True,0.1184815122216998,0.06786219677617297,0.06786219677617297,0.032926327342571,1.0,0.02794545432180388,0.6149584487534666,69.63083922113546,0.03982967992605036,0.03982967992605036,0.0906721536351166,1.0,0.012259900660659939,0.7391118701964386,93.48572927857442,0.05250427451987164,0.05250427451987164,0.09890260631001371,1.0,0.017626794785172418,0.7911227154046944,109.41885439985273,3,1.0,0.0906721536351166,0.9093278463648834,0.052552600635022075,0.014079735332140653,0.014037646556674707,0.02803251685012261,0.03595179687635561,1.0,0.704185585328649,0.7032148657677517,0.8395430951802804,True,1,-0.1858484687852068,0.7125356513078396,False,False,False,-0.4137619163297181,-0.1574110432689072,-0.0909586454262132,-0.1207465636892933,0.2537371715057526,False,True,False,0.0,0.0,1.0,4.276538706456272,transportable_and_atlas_supported,False,False,False,False
NFE2,SLC36A1,SLC36A1,ENSG00000123643,0.1183829905647381,0.1183829905647381,True,0.5260736196319018,117.94430568279913,0.0229080932784636,False,,,,False,False,False,0.1183829905647381,-0.015246134460842045,0.015246134460842045,0.6685416380847853,1.0,0.013352599941160875,0.4376731301939023,36.62558388000072,0.01334470397504042,0.01334470397504042,0.6576131687242799,0.75,0.019940019650437613,0.5456874466268166,54.845965675337865,0.019518474265695702,0.019518474265695702,0.6588477366255144,0.6666666666666666,0.02714852838144345,0.7415143603133124,104.73120093863281,3,0.6666666666666666,0.6588477366255144,0.34115226337448556,0.013345496206319587,0.018549563047766015,0.0185478188384231,0.03476460872653775,0.005985083207000516,0.6666666666666666,0.9786688164782839,0.6130342889955237,0.7866118525596592,False,3,-0.0333800168905355,0.9144261961344348,False,False,True,-0.0492544728264462,0.0051850383855224,-0.1620195772940459,-0.0626867374365484,0.6913421533814519,False,True,False,0.7999999999999999,0.6000000000000001,0.5,4.7786553640839555,variable_and_atlas_unsupported,True,False,False,False
GATA1,GYPA,GYPA,ENSG00000170180,0.1183107189018426,0.1183107189018426,True,0.8757668711656442,836.7171154758335,0.0074074074074074,True,0.376402761172546,-0.915208828043432,3.0539100886178603e-198,True,True,True,0.1183107189018426,0.05368086288099583,0.05368086288099583,0.0850596789683084,1.0,0.007451251433144992,0.3905817174515205,42.09346221580081,-0.0012272960109147029,0.0012272960109147029,0.9598079561042524,0.5,0.01444433823135274,0.7395388556789323,142.01044724996243,0.048190076072363044,0.048190076072363044,0.13155006858710563,1.0,0.0123574191381799,0.9643167972149577,592.383424778989,3,0.6666666666666666,0.13155006858710563,0.8684499314128944,0.04822743180830547,0.030267300870490857,0.030241062912024847,0.05490815889191053,0.49216478150337284,0.5,3.388375770799767,0.1837483932031856,0.43412311218615224,False,1,0.0099967532043442,0.977178306437247,False,False,False,-0.0896380251429089,-0.0405760088990581,-0.0817931174428207,-0.0041052746566984,0.9709191850525204,False,True,False,-0.19999999999999998,-0.19999999999999998,0.75,6.730680472460931,variable_but_atlas_supported,True,False,False,False
TAL1,EPB42,EPB42,ENSG00000166947,0.1181604977840285,0.1181604977840285,True,0.8680981595092024,358.5170163302492,0.0048010973936899,True,0.188390639432352,-0.617822425573774,7.7667394059386e-108,False,True,False,0.1181604977840285,0.13838585794451033,0.13838585794451033,0.0017835093977225957,1.0,0.02440186343861725,0.4307479224376697,44.67166075588157,0.03316471023244242,0.03316471023244242,0.18820301783264745,1.0,0.008413440279057029,0.6242527754056476,85.32403978491831,0.09859473912960372,0.09859473912960372,0.013991769547325103,1.0,0.020878800405854582,0.8563968668407232,189.33564278060888,3,1.0,0.013991769547325103,0.9860082304526749,0.09891609281028026,0.05355468846841596,0.0531286359443916,0.10522114771206792,0.10428393434124103,1.0,10.54007163599016,0.005143426342511589,0.049746576656479274,True,0,,,False,False,False,-0.0976859372114778,0.1129674376620663,0.0185234255252751,0.0025210639309438,0.5969288425463285,False,False,False,-0.39999999999999997,1.0,0.25,5.884761509365669,transportable_but_atlas_unsupported,False,False,False,True
GATA1,RPL36A,RPL36A,ENSG00000241343,0.1181595755975546,0.1181595755975546,True,0.9095092024539876,646.3820118000033,0.0075445816186556,True,-0.124858344716531,0.0905004292051221,8.73702026213981e-41,False,False,False,0.1181595755975546,0.04599633184423135,0.04599633184423135,0.13678145150226367,1.0,0.016799228269562427,0.9972299168975379,1136.875068763189,0.02459600875694048,0.02459600875694048,0.2962962962962963,1.0,0.024039497640025175,0.9995730145175633,1210.6605256231658,0.02143155716245544,0.02143155716245544,0.5080932784636488,1.0,0.01847699991270871,0.9991296779808397,1547.0506776288296,3,1.0,0.2962962962962963,0.7037037037037037,0.024600970455104454,0.013379338224309957,0.013362982060532574,0.024564774681775915,0.18626836384021478,1.0,0.5188786960300696,0.7714839986108802,0.8759994114354094,False,1,-0.0144730934008298,0.977178306437247,False,False,False,0.119356247293047,0.0360578705117082,0.0028928033248688,-0.1342397090395235,0.0045234958771637,True,False,False,1.0,0.19999999999999998,0.25,6.4729365558111045,variable_and_atlas_unsupported,True,True,False,True
TAL1,RIOK3,RIOK3,ENSG00000101782,0.1178981929789743,0.1178981929789743,True,0.8949386503067485,571.4117211372514,0.0049382716049382,True,0.0815611198005352,-0.33644931872491,3.83791735386824e-59,False,True,False,0.1178981929789743,0.06617586124528274,0.06617586124528274,0.05638633557415283,1.0,0.01601645922155876,0.6634349030470988,72.83855963312428,-0.020590979765583134,0.020590979765583134,0.40617283950617283,1.0,0.003943179134291371,0.7079419299744024,79.63472210275262,0.03514845374022449,0.03514845374022449,0.3477366255144033,1.0,0.020303967683401834,0.784160139251518,119.29429160687437,3,0.6666666666666666,0.3477366255144033,0.6522633744855967,0.03516293877368451,0.0440122134534617,0.04396602696597713,0.08676684101086587,0.1873723480519226,1.0,7.138194377821769,0.028181284575145807,0.13735602481901774,False,0,,,False,False,False,0.0771018735853109,-0.0109775446190606,0.1253633232646606,0.1010308737698655,0.6589218556871617,False,True,False,0.39999999999999997,-0.39999999999999997,0.0,6.349858524651627,variable_and_atlas_unsupported,True,False,False,True
NFE2,ABCB10,ABCB10,ENSG00000135776,0.1178479230672083,0.1178479230672083,True,0.7438650306748467,308.1262576353231,0.0233196159122085,True,-0.0846772258054831,0.0916390657173639,9.4090967430372e-37,False,False,False,0.1178479230672083,-0.00043232061709499065,0.00043232061709499065,0.990945259980793,0.25,0.013580760889352854,0.7673130193905965,131.14025071754065,0.03189098998755615,0.03189098998755615,0.2824417009602195,1.0,0.01681103854317078,0.90435525192148,220.98349299140412,0.07847387064970941,0.07847387064970941,0.09917695473251029,1.0,0.011746322762605718,0.9643167972149577,423.8221806630909,3,0.6666666666666666,0.2824417009602195,0.7175582990397805,0.03190180800995384,0.03975187092387981,0.03966725811771107,0.0789061912668044,0.4709589455922388,0.25,3.969734338701383,0.13739886368515397,0.37968703848709956,False,3,0.091309262824971,0.6297619943731233,False,False,True,0.076042955509226,0.0829970942294906,-0.0355556891300991,0.0914915452275538,0.5666889667868622,False,False,False,0.39999999999999997,-0.39999999999999997,0.5,5.73374979420475,variable_and_atlas_unsupported,True,False,False,False
NFE2,ART4,ART4,ENSG00000111339,0.1177475754576788,0.1177475754576788,True,0.424079754601227,83.7741280542774,0.0234567901234567,True,-0.364411220348943,0.159083930195029,3.80599877700351e-13,True,False,False,0.1177475754576788,0.057269523606012465,0.057269523606012465,0.1131842502400878,1.0,0.013669960054055214,0.010387811634349034,0.6932983976596877,0.04757546425233619,0.04757546425233619,0.1141289437585734,1.0,0.010117563319144323,0.06148590947907792,6.48271307174786,0.08394264479153146,0.08394264479153146,0.08052126200274348,1.0,0.02970094801233668,0.2924281984334205,40.22271314849771,3,1.0,0.1131842502400878,0.8868157497599122,0.05733225793530582,0.01891899346660134,0.01883260470965361,0.03636718053919527,0.019136524934610884,1.0,1.0246730876692616,0.5990941324778574,0.7790740924449449,False,3,0.1371972628692015,0.5324675436904682,False,False,True,0.3373988677247462,0.1276850995863405,0.158012894839775,0.0990875171469993,0.9356494438313548,False,False,False,-0.39999999999999997,0.39999999999999997,0.0,4.439990402547747,variable_but_atlas_supported,True,False,False,True
TAL1,HECTD4,HECTD4,ENSG00000173064,0.1177423351006237,0.1177423351006237,True,0.946319018404908,959.1963565011604,0.0050754458161865,True,0.0820718856407641,-0.35538857330707,9.29522684078595e-114,False,True,False,0.1177423351006237,0.10713606537542646,0.10713606537542646,0.006448072437920153,1.0,0.0307836285807847,0.8808864265928206,209.85360368389908,0.05587250835393114,0.05587250835393114,0.0345679012345679,1.0,0.008353559216014638,0.9192997438087577,244.57143821675064,0.15103949275794742,0.15103949275794742,0.0006858710562414266,1.0,0.011656776568292263,0.9469103568320166,369.89312217273243,3,1.0,0.006448072437920153,0.9935519275620799,0.1075488191739618,0.04817858099638451,0.04763090406970156,0.09516698440401627,0.018128797097991298,1.0,7.487898942426067,0.023660472003226324,0.12103993528923218,True,0,,,False,False,False,-0.0056693073018311,0.0645595643925809,0.070785171697256,0.0636525309351231,0.8509010139167891,False,True,False,0.39999999999999997,-0.39999999999999997,0.25,6.867137801568875,transportable_but_atlas_unsupported,False,False,False,True
TAL1,VPS13B,VPS13B,ENSG00000132549,0.1173917124468535,0.1173917124468535,True,0.9608895705521472,1042.0211625597844,0.0052126200274348,True,0.0271655497104271,-0.198194828335293,1.90770091982642e-58,False,True,False,0.1173917124468535,0.0536180607284997,0.0536180607284997,0.11126354781177117,1.0,0.02325544297382815,0.9307479224376994,394.96296169758614,0.07436962461084375,0.07436962461084375,0.005349794238683128,1.0,0.011598072000120342,0.9440649017933892,455.9455644145603,0.12938640669309026,0.12938640669309026,0.003429355281207133,1.0,0.044137271665680544,0.953872932985193,544.2592493196196,3,1.0,0.005349794238683128,0.9946502057613169,0.07450719027042421,0.039519081219714,0.039154216385250885,0.07576834596459056,0.06171118801920356,1.0,3.909394114950654,0.14160736909074517,0.38785381180164274,True,0,,,False,False,False,0.0125700659119618,0.0830337516044792,0.076051690958377,0.1266882129658979,0.6442304531649774,False,False,False,0.39999999999999997,-0.39999999999999997,0.0,6.949876744881014,transportable_but_atlas_unsupported,False,False,False,True
GATA1,RPL18A,RPL18A,ENSG00000105640,0.1172595608118541,0.1172595608118541,True,0.8888036809815951,498.0342243265044,0.0076817558299039,True,-0.163902962524914,0.12591665513726,3.4481372977947496e-70,False,False,False,0.1172595608118541,-0.018743909534066308,0.018743909534066308,0.5527507202634107,0.75,0.019805533962974627,0.9993074792244079,1283.602906202628,0.04038887587538915,0.04038887587538915,0.08614540466392319,1.0,0.012798020577385034,0.998719043552576,1373.4639164053378,-0.016745167153550213,0.016745167153550213,0.6054869684499314,0.6666666666666666,0.03110273600065729,0.9999999999999868,1458.4119149467715,3,0.3333333333333333,0.5527507202634107,0.44724927973658934,-0.016746732535353106,0.03359199846375457,0.033578217528176094,0.059132785409455456,0.28583716002127973,0.6666666666666666,4.14968707091156,0.1255760741593621,0.3549387666878773,False,1,-0.0612261184640683,0.8685516302513563,False,False,False,0.1013570991715937,0.0322624070342597,0.0295432535995248,-0.0918812967669805,0.1415934693869604,False,True,False,0.39999999999999997,0.7999999999999999,0.75,6.212674679224277,variable_and_atlas_unsupported,True,False,False,False
KLF1,STX2,STX2,ENSG00000111450,0.1172547981553821,0.1172547981553821,True,0.723159509202454,225.71469812244945,0.0056241426611796,True,0.0851357427204525,-0.345661111273512,1.86183903460522e-75,False,True,False,0.1172547981553821,0.026769075038869855,0.026769075038869855,0.4605570037042118,1.0,0.012798015661782961,0.4958448753462563,43.09486465421698,0.03182136034251528,0.03182136034251528,0.2972565157750343,1.0,0.006600603348913581,0.5896669513236622,62.66514044326585,0.1082307369777586,0.1082307369777586,0.010699588477366255,1.0,0.06018872528819866,0.7937336814621355,124.09844838353223,3,1.0,0.2972565157750343,0.7027434842249657,0.031832107631833015,0.04588392362732187,0.04564340184229205,0.08146166193888875,0.22772557167739088,1.0,5.436499941557102,0.06599013810456131,0.2417035235900796,False,3,0.0672936496296089,0.7125356513078396,False,False,True,-0.1367742211292281,-0.1380481915991586,-0.1902815497750275,0.0796402631717221,0.5736767027594012,False,False,False,-0.19999999999999998,-0.19999999999999998,0.75,5.423692390535066,variable_and_atlas_unsupported,True,False,False,False
GATA1,NCEH1,NCEH1,ENSG00000144959,0.11712336418048,0.11712336418048,True,0.6119631901840491,181.5929456468367,0.0078189300411522,True,0.443954928370252,-0.815622011038174,1.89126919477042e-119,True,True,True,0.11712336418048,-0.010815495253184648,0.010815495253184648,0.7321992042804225,0.75,0.016354854613366363,0.5844875346260406,80.5814438628153,0.008192712298572553,0.008192712298572553,0.716323731138546,0.75,0.013417762741676434,0.7002561912895168,123.12828810927076,0.0413466409000959,0.0413466409000959,0.19602194787379973,1.0,0.02876296379778308,0.8633594429938997,232.2394700825422,3,0.6666666666666666,0.716323731138546,0.28367626886145403,0.008192895605698481,0.02641168869745702,0.026398811160476415,0.052162136153280546,0.30508250976953943,0.75,1.7460023446757846,0.4176960883167601,0.6463846966701863,False,1,-0.195390955293425,0.6885005162203544,False,False,False,-0.6415885808640125,-0.2393840602848165,-0.1179763930070229,-0.0653331923210632,0.0087270542451239,True,True,True,-0.7999999999999999,-1.0,0.75,5.207259334593335,variable_but_atlas_supported,True,True,False,False
NFE2,GAB1,GAB1,ENSG00000109458,0.1170476263937758,0.1170476263937758,True,0.651840490797546,213.42779502591588,0.0242798353909465,False,,,,False,False,False,0.1170476263937758,-0.02612221071369243,0.02612221071369243,0.46563314583619153,0.75,0.026902654814278004,0.8746537396122107,228.25539373614845,0.011783993014699946,0.011783993014699946,0.69519890260631,0.75,0.01735484893562793,0.9312553373185798,285.6980496874601,0.02560983956905735,0.02560983956905735,0.5698216735253773,1.0,0.020466282835733825,0.9277632724107815,324.79749343552044,3,0.6666666666666666,0.5698216735253773,0.43017832647462273,0.011784538511692881,0.02678950615034389,0.026783823913262696,0.051732050282749784,0.11494573760075529,0.75,1.9712657146108556,0.3732029679607555,0.6143953116162438,False,3,0.0931931780526054,0.6782170434332202,False,False,True,-0.0104900153459453,0.0056534753976164,-0.1389994548322765,0.1017641141444784,0.2058958750725813,False,True,False,0.39999999999999997,-0.39999999999999997,0.25,5.367973061773067,variable_and_atlas_unsupported,True,False,False,True
NFE2,WNK1,WNK1,ENSG00000060237,0.1165983671055248,0.1165983671055248,True,0.968558282208589,1074.2078606411462,0.024554183813443,True,-0.0272495687517185,-0.0517995019045091,3.54226264451804e-18,False,True,False,0.1165983671055248,0.017559573789070537,0.017559573789070537,0.6238167101111264,0.75,0.0258534271305416,0.9141274238227398,280.3083411336727,0.024946099734297546,0.024946099734297546,0.39163237311385457,1.0,0.014450306879390954,0.9513236549957812,349.30482836896454,0.10190500861592278,0.10190500861592278,0.0401920438957476,1.0,0.022914321546708024,0.9677980852915459,533.8411047489953,3,1.0,0.39163237311385457,0.6083676268861454,0.02495127638556366,0.04691321161063034,0.04671078889992579,0.08434543482685224,0.29383601502731826,0.75,5.652596261827385,0.05923171637875229,0.22772939402762526,False,3,-0.1376000787248116,0.0776631889839627,False,False,True,-0.0837931921922748,-0.0457236036410633,-0.1086287213662273,-0.1652856311168838,0.4595169974395978,False,False,False,0.7999999999999999,0.7999999999999999,1.0,6.980269280606322,variable_and_atlas_unsupported,True,False,False,False
KLF1,PIM3,PIM3,ENSG00000198355,-0.1165807638175861,0.1165807638175861,True,0.0567484662576687,7.576566238614784,0.0057613168724279,False,,,,False,False,False,0.1165807638175861,-0.02804269652298681,0.02804269652298681,0.43709699547263,1.0,0.012657054802485971,0.26869806094182636,17.065269147153067,-0.0028184709135080635,0.0028184709135080635,0.9187928669410151,0.75,0.015719693233870728,0.23654995730145045,14.696648490513377,-0.0037452159681246096,0.0037452159681246096,0.9205761316872428,0.6666666666666666,0.02072680963443615,0.170583115752828,8.553663022735948,3,1.0,0.9187928669410151,0.08120713305898486,0.003745233479207324,0.014307429725526092,0.014303192972829797,0.025224225609478745,0.2786234519256142,0.6666666666666666,0.6300138126458829,0.7297838341288165,0.8604498920490237,False,3,0.1166862927224251,0.8859149982850075,False,False,True,0.0609418492309374,0.0416358227002054,0.0342590963779464,-0.02070313649654,0.9814191754299628,False,False,False,-0.39999999999999997,-0.39999999999999997,0.75,2.149033628106709,variable_and_atlas_unsupported,True,False,False,False
KLF1,AHSP,AHSP,ENSG00000169877,0.1165360884430322,0.1165360884430322,True,1.0,4170.066185888826,0.0058984910836762,True,0.0841295249226919,-0.162996997001651,8.47691854374578e-59,False,True,False,0.1165360884430322,0.1043941276724467,0.1043941276724467,0.009329126080395116,1.0,0.019713148783698894,0.9785318559557084,611.3953996265717,0.10586824604788998,0.10586824604788998,0.0069958847736625515,1.0,0.02684312281671036,0.998719043552576,1061.351471040326,0.06414111077644533,0.06414111077644533,0.09780521262002743,1.0,0.04771184802404479,0.9999999999999868,2884.761247445307,3,1.0,0.009329126080395116,0.9906708739196048,0.10477586063191772,0.023851518374833992,0.02367710642574395,0.04172713527144466,0.051768387922026524,1.0,1.503324782136412,0.4715819471441779,0.6852329231977607,True,3,-0.0596443350416625,0.4115546512562217,False,False,True,-0.0654646283829237,-0.1000467279277488,-0.0949305609180869,-0.0588296982828158,0.9417793168265184,False,False,False,-0.39999999999999997,-0.39999999999999997,1.0,8.335926962181532,transportable_but_atlas_unsupported,False,False,True,False
TAL1,CHD2,CHD2,ENSG00000173575,0.1162960254879998,0.1162960254879998,True,0.799079754601227,304.29073508742465,0.0053497942386831,False,,,,False,False,False,0.1162960254879998,0.04540418534430482,0.04540418534430482,0.17643023734394292,1.0,0.036411550039730796,0.846952908587278,180.6185694570823,-0.0012838190015864366,0.0012838190015864366,0.9617283950617284,0.25,0.014729156562104601,0.8663535439795454,178.79477191775413,0.014355839550872499,0.014355839550872499,0.701920438957476,1.0,0.01623198996318718,0.8816362053959877,202.04070054357567,3,0.6666666666666666,0.701920438957476,0.298079561042524,0.014356825871780629,0.02378093395790724,0.023764007960036294,0.04668800434589126,0.40006943617365737,0.25,1.9386947820973313,0.37933051183036565,0.6187009580149122,False,0,,,False,False,False,0.0884749780397234,0.0539689759168131,0.0258553172918327,0.1905524923562958,0.6180799768768108,False,False,False,0.7999999999999999,-0.7999999999999999,0.25,5.721264552367236,variable_and_atlas_unsupported,True,False,False,True
KLF1,USP24,USP24,ENSG00000162402,0.1160445227679407,0.1160445227679407,True,0.6763803680981595,224.2350088186162,0.0060356652949245,True,0.0460505879759259,-0.0628518543336442,1.80458096455128e-12,False,True,False,0.1160445227679407,0.00181891282706112,0.00181891282706112,0.9603512141583208,0.75,0.0448977292486613,0.9044321329640134,285.47818248033263,-0.003412527768974896,0.003412527768974896,0.9056241426611797,0.5,0.008446785172632514,0.9355251921435163,316.90826341642463,-0.037394662473642565,0.037394662473642565,0.32482853223593966,1.0,0.044222996558978635,0.9129677980852816,268.170309266199,3,0.3333333333333333,0.9056241426611797,0.09437585733882026,-0.0034125410157560656,0.021301063228541188,0.02129106987158384,0.039213575300703685,0.3521854797029771,0.5,1.1550849707434983,0.5612760170963904,0.7585804685211041,False,3,0.0422036531395517,0.8590040550092644,False,False,True,-0.1190754636769283,-0.0049570835644888,-0.0530056835786394,0.0745449953154638,0.1133206040950787,False,False,False,-0.19999999999999998,-0.39999999999999997,0.25,5.417144340749207,variable_and_atlas_unsupported,True,False,False,True
KLF1,RBCK1,RBCK1,ENSG00000125826,-0.1159804034468957,0.1159804034468957,True,0.2569018404907975,39.95493029451226,0.0061728395061728,False,,,,False,False,False,0.1159804034468957,0.0250023902248597,0.0250023902248597,0.4859377143641103,0.75,0.02169426983279008,0.5083102493074757,42.029978039398664,0.05579365864627153,0.05579365864627153,0.08079561042524006,1.0,0.00802947430912525,0.5503842869342467,48.230210570037634,0.002339405854055953,0.002339405854055953,0.9486968449931413,0.6666666666666666,0.024948928544759493,0.5865970409051372,51.059979232274,3,0.0,0.4859377143641103,0.5140622856358896,-0.025007602007158205,0.02686001951266665,0.026829927982152117,0.05345425279221558,0.4342692502601426,0.6666666666666666,2.3666836594992064,0.30625357927908026,0.5715270455843954,False,3,-0.2109657381380909,0.6782170434332202,False,False,True,-0.0212871659110677,-0.0236925999979747,0.0547308627525715,-0.1487630293087466,0.7797014804538142,False,False,False,0.39999999999999997,-0.19999999999999998,0.5,3.7124722009642186,variable_and_atlas_unsupported,True,False,False,False
GATA1,CAT,CAT,ENSG00000121691,0.1158166201131301,0.1158166201131301,True,0.9440184049079756,860.4868626076046,0.0079561042524005,True,0.10267126871622,-0.313735708766365,6.912816966615071e-120,False,True,False,0.1158166201131301,0.033133300272984424,0.033133300272984424,0.2852243106050213,1.0,0.017550294797554798,0.9231301939058429,268.00333372772013,0.0608449270915597,0.0608449270915597,0.011111111111111112,1.0,0.019403130746499762,0.9666951323655525,347.82148930434084,0.04459922252339338,0.04459922252339338,0.16186556927297668,1.0,0.026559269246485558,0.9817232375978987,581.7952659507436,3,1.0,0.16186556927297668,0.8381344307270233,0.044628828496981104,0.013956557570368745,0.013924346489156702,0.027711626818575273,0.13728457782740455,1.0,0.7123583691292457,0.7003471175981687,0.8395430951802804,False,1,0.0326333451345633,0.9144261961344348,False,False,False,-0.0452527996484431,0.0151180337707171,-0.0549534512433858,0.1224376143116273,0.2568418615346743,False,False,False,0.39999999999999997,-0.7999999999999999,0.5,6.7586598064119014,variable_and_atlas_unsupported,True,False,False,False
GATA1,RPLP1,RPLP1,ENSG00000137818,0.1156651675791737,0.1156651675791737,True,0.9616564417177914,1330.100290629243,0.0080932784636488,True,-0.137573660038493,0.147031764938215,1.85702161224073e-93,False,False,False,0.1156651675791737,0.01507658157311746,0.01507658157311746,0.6350665386198381,0.75,0.04514891540708484,1.000000000000031,4561.081947845134,0.02350211695241434,0.02350211695241434,0.31673525377229084,0.75,0.027691785165230774,1.0000000000000568,4667.335157825579,0.0019622609400446163,0.0019622609400446163,0.9559670781893004,0.6666666666666666,0.022687508862187886,0.9999999999999868,4463.271438060457,3,1.0,0.6350665386198381,0.3649334613801619,0.015077724047909212,0.010856721669799224,0.010854649150851166,0.021539856012369723,0.31961677275453926,0.6666666666666666,0.35649540068053587,0.8367351382390585,0.9037420930826283,False,1,-0.0736290638072612,0.8569887257117662,False,False,False,0.0766875174139554,0.0179520502209157,0.0137368239640904,-0.0832627342807216,0.3604419807636656,False,False,False,0.7999999999999999,0.39999999999999997,0.25,7.1937611653905975,variable_and_atlas_unsupported,True,False,False,True
TAL1,FBXO11,FBXO11,ENSG00000138081,0.1156633595229097,0.1156633595229097,True,0.5115030674846626,115.60656035957383,0.0054869684499314,True,-0.169069966568942,0.0926823812458748,1.7551153053988701e-09,False,False,False,0.1156633595229097,0.007715541499516852,0.007715541499516852,0.8156125668816024,0.75,0.015905925071041063,0.8289473684210718,149.1477904883348,0.03810892241309038,0.03810892241309038,0.1308641975308642,1.0,0.019544680313855582,0.8445772843723695,147.56889434983535,0.05311166498820481,0.05311166498820481,0.15843621399176955,1.0,0.031105983985053254,0.8285465622280176,141.77264483636716,3,1.0,0.15843621399176955,0.8415637860082305,0.03812738690713993,0.023152536781392875,0.023128798484187533,0.04539612348868796,0.3876255289618658,0.75,1.4378918982884734,0.487265588083466,0.6950035363164146,False,0,,,False,False,False,0.1680905357728175,0.1234738603641858,0.1097252479129741,0.0644350343725586,0.8261568683725588,False,False,False,-1.0,1.0,0.0,4.758805536137879,variable_and_atlas_unsupported,True,False,False,True
GATA1,RPL18,RPL18,ENSG00000063177,0.1156157274969896,0.1156157274969896,True,0.9263803680981596,660.0135742888555,0.0082304526748971,True,-0.0963387951731884,0.103121090832,1.0472610657074e-56,False,False,False,0.1156157274969896,0.027374739554264987,0.027374739554264987,0.380161887776101,1.0,0.02409543130504799,0.9986149584487846,1437.4915639416306,0.041719744179305414,0.041719744179305414,0.07695473251028806,1.0,0.024868967481095936,1.0000000000000568,1630.76707116275,-0.008184424517016436,0.008184424517016436,0.7982167352537722,0.6666666666666666,0.024811940069198995,0.9999999999999868,1638.0683608731215,3,0.6666666666666666,0.380161887776101,0.619838112223899,0.027381580624729823,0.0257037459810276,0.025692603865742156,0.049904168696321846,0.3621517433124563,0.6666666666666666,1.9087007079223435,0.3850622174590218,0.6187009580149122,False,1,-0.1112384686287544,0.6984747987762455,False,False,False,0.0894910182747777,-0.0075747267992516,-0.0007484689243831,-0.0815702723249791,0.0386409446331111,True,True,True,0.39999999999999997,0.7999999999999999,0.5,6.493774375630017,variable_and_atlas_unsupported,True,True,False,False
GATA1,RPS15A,RPS15A,ENSG00000134419,0.1153632007526432,0.1153632007526432,True,0.97239263803681,817.7875703769822,0.0083676268861454,True,-0.184908011493786,0.093720291317865,4.69392169322281e-48,False,False,False,0.1153632007526432,0.03686885930315644,0.03686885930315644,0.2352860474687886,1.0,0.027394672242038745,0.9986149584487846,1335.9377552255867,0.02506852861630989,0.02506852861630989,0.2877914951989026,1.0,0.014583244114713734,1.0000000000000568,1537.2882407146844,-0.01596572834920831,0.01596572834920831,0.6231824417009603,1.0,0.01918450886535842,0.9999999999999868,1862.4910442273153,3,0.6666666666666666,0.2877914951989026,0.7122085048010973,0.02507378187847036,0.027740690156921658,0.027732507103357142,0.05283458765236475,0.21043903380599577,1.0,1.9338934006749988,0.38024226104261966,0.6187009580149122,False,1,-0.0543563631864449,0.8685516302513563,False,False,False,0.1980470978585504,0.0564098353855753,0.0398781552278487,-0.108322131629303,4.048401736129897e-05,True,True,True,0.7999999999999999,0.19999999999999998,0.5,6.70782467338,variable_and_atlas_unsupported,True,True,False,False
GATA1,AGPAT4,AGPAT4,ENSG00000026652,0.1151357143266277,0.1151357143266277,True,0.3466257668711656,94.27034858177204,0.0085048010973936,True,0.0964099136050667,-0.565305115793486,2.65110526102136e-24,False,True,False,0.1151357143266277,0.02333513910858779,0.02333513910858779,0.45795033612292496,1.0,0.020736660989801627,0.1301939058171739,9.267552048639395,0.027794920666932527,0.027794920666932527,0.2366255144032922,1.0,0.014974690831622738,0.10119555935098194,8.260607295248612,-0.0062846960633587716,0.0062846960633587716,0.8419753086419753,0.6666666666666666,0.03811709209423195,0.22454308093994693,36.51291034905014,3,0.6666666666666666,0.45795033612292496,0.5420496638770751,0.023339376044075415,0.01852664906188966,0.01852315921418817,0.0340796167302913,0.3062973037242032,0.6666666666666666,0.9334469039141009,0.6270534768482796,0.7953813569038628,False,1,0.0734698726219277,0.9144261961344348,False,False,False,0.1783185195605104,0.4169961266832831,-0.0433737860526678,0.2766585340206647,0.7281038806505915,False,True,False,0.7999999999999999,-0.7999999999999999,0.0,4.5567186245948745,variable_and_atlas_unsupported,True,False,False,True
KLF1,SLC35F6,SLC35F6,ENSG00000213699,-0.115024649283579,0.115024649283579,True,0.0552147239263803,8.336784520522283,0.0063100137174211,False,,,,False,False,False,0.115024649283579,-0.05221249379182438,0.05221249379182438,0.15050075456166825,1.0,0.023562034465658556,0.13434903047091348,8.081930978352663,-0.016110730368138926,0.016110730368138926,0.5858710562414267,1.0,0.011786905875304413,0.1584116140051232,8.76297910270675,0.006445831700639145,0.006445831700639145,0.8643347050754459,0.6666666666666666,0.011891687851950106,0.10791993037423826,5.228154471764538,3,0.6666666666666666,0.5858710562414267,0.41412894375857334,0.016112124462191915,0.02961396871300832,0.029588666085294063,0.058658325492463526,0.3597796112929845,0.6666666666666666,2.3095397007830583,0.3151300556169341,0.5743815310225103,False,3,0.4981480492947012,0.6297619943731233,False,False,True,0.027130357496005,-0.0252883228839724,0.1724833536326047,0.3640044389489384,0.7447178232686813,False,False,False,0.39999999999999997,0.39999999999999997,0.5,2.233961923214954,variable_and_atlas_unsupported,True,False,False,False
GATA1,RPS15,RPS15,ENSG00000115268,0.1148835599364722,0.1148835599364722,True,0.9409509202453988,695.2915993829852,0.0086419753086419,True,-0.119887618766858,0.10885646329549,2.94467029445325e-53,False,False,False,0.1148835599364722,0.014168353510358068,0.014168353510358068,0.6566058444231033,0.75,0.017502574040505602,0.9986149584487846,1670.7663959183706,0.013913251091708583,0.013913251091708583,0.5471879286694101,0.75,0.017037223682692178,0.9995730145175633,1823.0961563545152,-0.008497071436204337,0.008497071436204337,0.7919067215363512,0.3333333333333333,0.029855884180440755,0.9999999999999868,1924.2559033301295,3,0.6666666666666666,0.6566058444231033,0.3433941555768967,0.01391414896501456,0.013013523803278202,0.013012872607904678,0.022665424946562405,0.12258731256927946,0.3333333333333333,0.44235324327409453,0.8015750922817952,0.8907988907045444,False,1,-0.1507156455088579,0.608156979748136,False,False,False,0.0957300583085068,0.0108890775986342,-0.0028038296594386,-0.1049385614412863,0.0510000747143587,False,False,False,1.0,0.19999999999999998,0.25,6.545768537223971,variable_and_atlas_unsupported,True,False,False,True
TAL1,MARCH8,MARCH8,ENSG00000165406,0.1148717792594142,0.1148717792594142,True,0.8320552147239264,389.8074999713554,0.0056241426611796,False,,,,False,False,False,0.1148717792594142,0.09961129145774668,0.09961129145774668,0.01015228426395939,1.0,0.003965327612162628,0.5540166204986147,50.71851994500228,-0.014235930485208402,0.014235930485208402,0.5692729766803841,1.0,0.005218599824988878,0.6315115286080396,68.16354328266824,0.04818537335106792,0.04818537335106792,0.2001371742112483,1.0,0.007051189312462796,0.7937336814621355,131.80847538686712,3,0.6666666666666666,0.2001371742112483,0.7998628257887517,0.04822271814160847,0.057173927805712337,0.05701203698907806,0.11384722194295507,0.28430366622124265,1.0,11.871065540674772,0.0026438138336710164,0.031607522569060915,False,0,,,False,False,False,0.015512562905167,0.1363710073671999,0.122223106307382,0.1950165009748676,0.5762333526411032,False,False,False,0.19999999999999998,-0.19999999999999998,0.25,5.968215111313431,variable_and_atlas_unsupported,True,False,False,True
TAL1,GALNT5,GALNT5,ENSG00000136542,0.1148071995908134,0.1148071995908134,True,0.5812883435582822,153.2158886991608,0.0057613168724279,True,0.13218481854661,-0.303892918593578,3.76010531877027e-27,False,True,False,0.1148071995908134,0.040932875307670015,0.040932875307670015,0.2218411304705721,1.0,0.021158569735348205,0.5927977839335205,71.96054577103457,0.04916586004569035,0.04916586004569035,0.059670781893004114,1.0,0.018288334254869393,0.6652433817250377,86.58958850990972,0.026463516570135872,0.026463516570135872,0.47818930041152263,1.0,0.009868965565889933,0.684943429068754,91.25751591132925,3,1.0,0.2218411304705721,0.7781588695294279,0.040955759332085326,0.011509583352147162,0.011493047023120708,0.02270234347555448,0.21101791256225141,1.0,0.3955672554899281,0.8205473776179114,0.8959421251036618,False,0,,,False,False,False,-0.1412217856453231,-0.1124308827644193,-0.1096734529795792,0.1270203487155862,0.4763455337327376,False,False,False,0.39999999999999997,-0.39999999999999997,0.75,5.038353495374591,variable_and_atlas_unsupported,True,False,False,False
KLF1,ABCB10,ABCB10,ENSG00000135776,0.1146829519418944,0.1146829519418944,True,0.7438650306748467,308.1262576353231,0.0064471879286694,True,0.126491946910651,-0.177426163705311,8.5629236759469605e-47,False,True,False,0.1146829519418944,0.07342534185504136,0.07342534185504136,0.05474001920702428,1.0,0.02839953809241704,0.7673130193905965,131.14025071754065,0.09625152202185619,0.09625152202185619,0.009876543209876543,1.0,0.019488017678147004,0.90435525192148,220.98349299140412,0.09246130208449485,0.09246130208449485,0.02290809327846365,1.0,0.06147490586728906,0.9643167972149577,423.8221806630909,3,1.0,0.02290809327846365,0.9770919067215363,0.09272614867422607,0.012320158413487742,0.01223225279087215,0.022826180166814827,0.023078938031814905,1.0,0.4897862525737628,0.782788193252326,0.8815546105900347,True,3,-0.0835691940702762,0.6782170434332202,False,False,True,-0.0618620196987846,-0.0293451318616043,-0.043773952342194,-0.0823350108334053,0.9546813130814008,False,False,False,0.19999999999999998,0.19999999999999998,1.0,5.73374979420475,transportable_but_atlas_unsupported,False,False,True,False
TAL1,MOB1B,MOB1B,ENSG00000173542,0.1146638687298202,0.1146638687298202,True,0.9056748466257668,458.54012304851807,0.0058984910836762,True,0.0525188336308209,-0.169503001806425,8.92044136796204e-26,False,True,False,0.1146638687298202,0.1486596462760089,0.1486596462760089,0.0013719303059404582,1.0,0.044568211174870996,0.8372576177285516,173.51250191177778,0.027303419570387313,0.027303419570387313,0.2792866941015089,1.0,0.006607727517954079,0.898377455166569,195.53779145363208,0.0670806064753371,0.0670806064753371,0.07805212620027435,1.0,0.025780507767491807,0.9347258485639579,277.9787593830004,3,1.0,0.07805212620027435,0.9219478737997256,0.06718149561608514,0.062459027985454586,0.06186638572102668,0.12135622670562157,0.14353386342389532,1.0,13.332042981771885,0.0012734551387711835,0.021304560294577366,True,0,,,False,False,False,0.0574290715105863,0.0909694619552385,0.0398322973507194,0.1403832598924415,0.8445689798445332,False,False,False,0.0,0.0,0.0,6.130226256914065,transportable_but_atlas_unsupported,False,False,False,True
NFE2,ST3GAL2,ST3GAL2,ENSG00000157350,0.1146247067792298,0.1146247067792298,True,0.3443251533742331,57.15236766690265,0.0251028806584362,False,,,,False,False,False,0.1146247067792298,0.10151191778207591,0.10151191778207591,0.008094388805048704,1.0,0.011232453639350356,0.8379501385041749,166.7622857745248,0.05333623156033571,0.05333623156033571,0.08257887517146777,1.0,0.011306498017957814,0.854824935952217,145.98232841738917,0.06479389015328903,0.06479389015328903,0.1662551440329218,1.0,0.021923915831469593,0.7606614447345476,109.4557880937337,3,1.0,0.08257887517146777,0.9174211248285322,0.06488479285357657,0.02532944044505855,0.02516740033031025,0.0481756862217402,0.07912488143655656,1.0,2.1251044585457155,0.34557270309462085,0.5954128709604545,True,3,0.0855424817682583,0.8395353032934146,False,False,True,0.0550743822884703,-0.0217427362590176,-0.0929768089606707,0.0560236304220595,0.6504108478835773,False,True,False,0.39999999999999997,-0.7999999999999999,0.5,4.063066594677526,transportable_but_atlas_unsupported,False,False,True,False
GATA1,RPS18,RPS18,ENSG00000231500,0.1144684351598079,0.1144684351598079,True,0.8719325153374233,552.1445624319282,0.0087791495198902,True,-0.144102063350767,0.152639853711501,1.2664709600143799e-64,False,False,False,0.1144684351598079,0.05499115676807519,0.05499115676807519,0.07792564137741803,1.0,0.01811563909244124,0.9993074792244079,3262.046009849983,0.008138165861528992,0.008138165861528992,0.7185185185185186,0.75,0.022073241951007988,1.0000000000000568,3633.246116589856,-0.05696920887389317,0.05696920887389317,0.07544581618655692,1.0,0.013027618548131316,0.9999999999999868,3123.894116469131,3,0.6666666666666666,0.07792564137741803,0.9220743586225819,0.008138345531548179,0.056286218838690394,0.0562276570092673,0.11196036564196837,0.37056440831552756,0.75,7.967719352019144,0.01861365782587425,0.10706141135371204,False,1,-0.1882734559635079,0.6849591852253332,False,False,False,0.0762157356220201,0.0013945990865326,0.0256802952225374,-0.2225862862419419,0.0509736758292173,False,False,False,0.7999999999999999,0.39999999999999997,0.5,6.315619382245363,variable_and_atlas_unsupported,True,False,False,False
NFE2,BCL2L1,BCL2L1,ENSG00000171552,0.114356530662369,0.114356530662369,True,0.8282208588957055,306.84087750231754,0.0253772290809327,False,,,,False,False,False,0.114356530662369,0.0862902268250762,0.0862902268250762,0.021402112772671147,1.0,0.030680944888250142,0.5360110803324084,50.97086102569151,0.09963038452290386,0.09963038452290386,0.0043895747599451305,1.0,0.01464455940783829,0.5721605465414227,56.76339346331214,0.14992179108200876,0.14992179108200876,0.005624142661179698,1.0,0.026757484086294817,0.6518711923411661,87.2395415606928,3,1.0,0.005624142661179698,0.9943758573388203,0.09996201268539148,0.03405751535092499,0.03355632417016755,0.06363156425693256,0.009485910151169154,1.0,2.919795588440884,0.23226001183227313,0.4808325997464116,True,3,0.0380535155863636,0.8562768540015728,False,False,True,-0.0663891039278691,0.060458298023209,-0.0715405467486768,0.0029431306602498,0.6230730108668829,False,True,False,0.19999999999999998,0.39999999999999997,0.5,5.729583017987564,transportable_but_atlas_unsupported,False,False,True,False
GATA1,NFE2,NFE2,ENSG00000123405,0.1130776571289694,0.1130776571289694,True,0.8067484662576687,293.5199510092003,0.0091906721536351,True,0.120291456485437,-0.213460649742597,1.74402050767835e-36,False,True,False,0.1130776571289694,0.0548090158549307,0.0548090158549307,0.0790231856221704,1.0,0.018126215602491117,0.8199445983379686,130.13498093583976,0.028978389200290743,0.028978389200290743,0.21906721536351165,1.0,0.006645898759550152,0.8142613151153205,121.58257637069386,0.07213786704810476,0.07213786704810476,0.02345679012345679,1.0,0.033749443554840095,0.9094865100086934,195.47151737470134,3,1.0,0.0790231856221704,0.9209768143778296,0.05486399759912682,0.021776410931094718,0.02171885081805863,0.04315947784781402,0.10079963048668071,1.0,1.5691051509605338,0.4563238265859667,0.6744008088207455,True,1,-0.0316008397187572,0.9144261961344348,False,False,False,-0.0156907344907574,-0.060331053618037,-0.0173529507016099,-0.0309825821454918,0.9546813130814008,False,True,False,-0.19999999999999998,-0.19999999999999998,1.0,5.685346746159338,transportable_but_atlas_unsupported,False,False,False,False
GATA1,SLC4A1,SLC4A1,ENSG00000004939,0.112794239079868,0.112794239079868,True,0.9846625766871164,2584.959107528628,0.0093278463648834,True,0.410232307544667,-1.32066802629659,1.03258403e-315,True,True,True,0.112794239079868,0.023455142481933557,0.023455142481933557,0.45589244066401424,1.0,0.009959200720949614,0.33448753462603625,89.61902853508838,0.045510932103763405,0.045510932103763405,0.05226337448559671,1.0,0.018994118015346274,0.6955593509820867,456.2626490957259,0.055199480578368085,0.055199480578368085,0.08299039780521263,0.6666666666666666,0.06059471163435692,0.9460400348128696,1567.366249180663,3,1.0,0.08299039780521263,0.9170096021947873,0.04554239263980646,0.016294182778919322,0.01626872679185399,0.031744338096434524,0.22469108667769216,0.6666666666666666,0.7188159963748952,0.6980894740007355,0.8390628823426316,False,1,-0.0447548176676162,0.7876661183921018,False,False,False,-0.5755304659774697,-0.001351687509165,-0.1534322394053308,-0.0149575241783314,0.4527004389733602,False,True,False,-0.39999999999999997,-0.39999999999999997,1.0,7.857851746186137,variable_but_atlas_supported,False,False,False,False
KLF1,SELENBP1,SELENBP1,ENSG00000143416,0.1126772854537456,0.1126772854537456,True,0.5322085889570553,141.43870141897224,0.0067215363511659,True,-0.0321541390197122,-0.290120419201024,3.93578270109714e-16,False,True,False,0.1126772854537456,0.011591056483432099,0.011591056483432099,0.7405679791466594,0.75,0.014054934742774689,0.03531855955678671,2.1266385180906706,0.019498348445438886,0.019498348445438886,0.5134430727023319,1.0,0.01667809432433633,0.07941929974380878,6.353966422937954,-0.005885171363510651,0.005885171363510651,0.8766803840877915,0.6666666666666666,0.044743184339465635,0.28807658833768496,33.01728231399622,3,0.6666666666666666,0.7405679791466594,0.2594320208533406,0.011591575621435944,0.012990042433036184,0.01298888552970069,0.025383519808949536,0.1835091524914314,0.6666666666666666,0.49254783150633924,0.7817080734413883,0.8815546105900347,False,3,-0.035224756408797,0.9282281332527208,False,False,True,0.6883672181566016,0.3190266506718184,-0.0546430208691137,0.0138011028812776,0.4527004389733602,False,False,False,-0.39999999999999997,-0.19999999999999998,0.0,4.9589117416800965,variable_and_atlas_unsupported,True,False,False,True
KLF1,JAK1,JAK1,ENSG00000162434,-0.1125184936456938,0.1125184936456938,True,0.651840490797546,205.71660671561003,0.0068587105624142,False,,,,False,False,False,0.1125184936456938,-0.03498991577050898,0.03498991577050898,0.3320071340375909,1.0,0.011816161167650557,0.8026315789473857,123.46676459852064,-0.0473861975063884,0.0473861975063884,0.1310013717421125,1.0,0.01946509008145096,0.8108454312553713,118.45274739526418,-0.019295162262401577,0.019295162262401577,0.6135802469135803,0.6666666666666666,0.02745393244322848,0.7771975630983415,109.62281930375124,3,1.0,0.3320071340375909,0.667992865962409,0.035004205585986006,0.014094097076910147,0.014077756388681976,0.028091035243986824,0.24240775054042726,0.6666666666666666,0.6146275630296366,0.735419803559188,0.8605534571031126,False,3,0.0056652330595006,0.97842268302645,False,False,True,0.0160078864451794,-0.0025171663319112,0.0479397393962902,0.030224971234564,0.9546813130814008,False,False,False,-0.39999999999999997,-0.39999999999999997,0.75,5.331348805577594,variable_and_atlas_unsupported,True,False,False,False
KLF1,MKNK2,MKNK2,ENSG00000099875,0.1123390049282308,0.1123390049282308,True,0.6924846625766872,171.54940282718036,0.0069958847736625,True,0.128150512569084,-0.206678129996955,1.5264178608368e-44,False,True,False,0.1123390049282308,0.09126176604766517,0.09126176604766517,0.02044176155851283,1.0,0.020175548982408077,0.6765927977839419,81.50226767765156,0.06980750721048841,0.06980750721048841,0.03484224965706447,1.0,0.019599268659307688,0.7152006831767944,88.53764326536447,0.031138810545652176,0.031138810545652176,0.4133058984910837,1.0,0.004729649344379978,0.8677110530896349,138.73389922805185,3,1.0,0.03484224965706447,0.9651577503429355,0.06992123262253669,0.0305883544406392,0.03046944672483877,0.06012295550201299,0.22277953886971236,1.0,2.3411144528520875,0.3101940447797606,0.5717049529731356,True,3,-0.1036676021173858,0.4781827014205362,False,False,True,-0.2230319936342298,-0.0701334203458179,-0.2799936562049424,-0.0932817793127332,0.5762333526411032,False,False,False,-0.39999999999999997,-0.39999999999999997,1.0,5.1506835886697555,transportable_but_atlas_unsupported,False,False,True,False
GATA1,RPS2,RPS2,ENSG00000140988,0.1122164979876299,0.1122164979876299,True,0.9187116564417178,926.6347966243028,0.0094650205761316,True,-0.0033480171349884,0.102248850190809,3.4330275170755596e-36,False,False,False,0.1122164979876299,0.03068656096604195,0.03068656096604195,0.3218548497736315,1.0,0.020998851752053575,1.000000000000031,3579.8541087977055,0.033301773140747455,0.033301773140747455,0.1589849108367627,1.0,0.014601009175315089,1.0000000000000568,3932.4111666781346,-0.01146730949071893,0.01146730949071893,0.7212620027434842,1.0,0.007784284200757938,0.9999999999999868,3896.837206136626,3,0.6666666666666666,0.3218548497736315,0.6781451502263685,0.030696198565584545,0.025133232012168938,0.025126542701783078,0.04476908263146638,0.28931189021995574,1.0,1.6797849669998817,0.4317569419289302,0.6598951779111304,False,1,-0.0998650009438469,0.8604607889579576,False,False,False,-0.0385851096479094,-0.0537082559412831,-0.0129720983969461,-0.0680670196124483,0.9709191850525204,False,False,False,1.0,1.0,0.75,6.832638117209389,variable_and_atlas_unsupported,True,False,False,False
GATA1,COMMD3,COMMD3,ENSG00000148444,0.1122159196244311,0.1122159196244311,True,0.2469325153374233,32.039713003835814,0.0096021947873799,False,,,,False,False,False,0.1122159196244311,0.046181726709660996,0.046181726709660996,0.13527232816572918,1.0,0.016911368312475583,0.5083102493074757,44.14005417863298,-0.036410660703776264,0.036410660703776264,0.12126200274348423,1.0,0.01573930843454794,0.5418445772843737,46.87851100949443,-0.03276526627213646,0.03276526627213646,0.3082304526748971,1.0,0.022702750990987775,0.6422976501305485,65.14549882096071,3,0.3333333333333333,0.13527232816572918,0.8647276718342708,-0.032776999019524564,0.04669508998129819,0.04666801020699567,0.08259238741343726,0.10413773197223097,1.0,6.728442466073217,0.03458894235761709,0.15743055381886015,False,1,-0.5485705213806574,0.2340612685528975,False,False,False,-0.0215822525803543,0.0906324237781449,0.0971310911247329,-0.1341390291127495,0.5683463541820194,False,False,False,0.19999999999999998,0.7999999999999999,1.0,3.497710262290469,variable_and_atlas_unsupported,True,False,False,False
TAL1,MARCH3,MARCH3,ENSG00000173926,0.1121521169808977,0.1121521169808977,True,0.8949386503067485,680.2766854949576,0.0060356652949245,False,,,,False,False,False,0.1121521169808977,0.0760431324623069,0.0760431324623069,0.03155439703663054,1.0,0.027889370806935224,0.7991689750692691,178.87829825494458,0.017018233252219996,0.017018233252219996,0.489437585733882,1.0,0.006099016722988418,0.8347566182750156,188.0260375473641,0.10018567003952837,0.10018567003952837,0.013031550068587106,1.0,0.045432768557850535,0.9120974760661346,325.0564619777942,3,1.0,0.03155439703663054,0.9684456029633695,0.07619021772585108,0.04294563024908814,0.042785557121532265,0.08316743678730837,0.2698650345295115,1.0,6.350064042504055,0.04179276580680653,0.1771898769480359,True,0,,,False,False,False,0.1955442462904588,0.0285410189514308,0.0342248283221131,0.1134960810154948,0.6347408976751173,False,False,False,0.39999999999999997,-0.39999999999999997,0.0,6.523968516579021,transportable_but_atlas_unsupported,False,False,False,True
GATA1,CMAS,CMAS,ENSG00000111726,0.1121005007317457,0.1121005007317457,True,0.696319018404908,218.100159019706,0.0098765432098765,True,0.261353263568486,-0.41880058444923,4.05074724742396e-71,True,True,True,0.1121005007317457,0.008963325504609054,0.008963325504609054,0.7762381671011113,0.75,0.017199369533589207,0.683518005540175,78.01917918345748,0.022619554621100182,0.022619554621100182,0.3362139917695473,1.0,0.013911368435076928,0.7839453458582716,104.03039655724305,0.06521316642388443,0.06521316642388443,0.04156378600823045,1.0,0.019064499678354805,0.8633594429938997,162.32623744395565,3,1.0,0.3362139917695473,0.6637860082304528,0.022623413527497794,0.029390572484716482,0.029339259714394546,0.05624984091927537,0.3697265802512303,0.75,2.166855067508266,0.3384335430229474,0.5951430770772853,False,1,0.0726500489782505,0.8569887257117662,False,False,False,-0.224634275887063,-0.0638558224362144,-0.1096267335943278,0.0272380901389652,0.1992975982659609,False,True,False,-0.7999999999999999,-0.7999999999999999,0.75,5.389528972387128,variable_but_atlas_supported,True,False,False,False
TAL1,NUTM2A-AS1,NUTM2A-AS1,ENSG00000223482,0.1118903682545171,0.1118903682545171,True,0.8243865030674846,353.4599761806519,0.0061728395061728,True,0.114056324154114,-0.238609145616535,1.77991893640909e-47,False,True,False,0.1118903682545171,0.09949309959660087,0.09949309959660087,0.010289477294553437,1.0,0.023574469972893697,0.8483379501385246,166.82832136107106,0.0009452612977564552,0.0009452612977564552,0.9714677640603566,0.5,0.010620842536848266,0.8992314261315563,205.42702593145685,0.11623499486861144,0.11623499486861144,0.005624142661179698,1.0,0.01007631882247162,0.9234116623150462,264.903768280647,3,1.0,0.010289477294553437,0.9897105227054466,0.0998233532920119,0.06255332387019076,0.06229458263968181,0.11528973357085498,0.556288199481582,0.5,14.002790650980451,0.0009106104806778219,0.016969559497405858,False,0,,,False,False,False,-0.1146377376246172,0.0021430051367713,0.0451000026807107,-0.0449101922765293,0.2536047547623505,False,False,False,0.39999999999999997,-0.39999999999999997,0.5,5.870595437428018,variable_and_atlas_unsupported,False,False,False,False
GATA1,TLN1,TLN1,ENSG00000137076,0.1118842021573934,0.1118842021573934,True,0.4294478527607362,80.7490352619458,0.0100137174211248,True,-0.0357853771804949,0.178863617140596,2.63515461943943e-38,False,False,False,0.1118842021573934,0.008853208730742763,0.008853208730742763,0.7787076416518041,1.0,0.00850198274414285,0.831717451523565,142.03353573939543,-0.005728082587029256,0.005728082587029256,0.8046639231824417,0.75,0.009361916851785822,0.8800170794193422,169.5531100972875,-0.014607056535179887,0.014607056535179887,0.6513031550068588,1.0,0.010528012777598315,0.8912097476066053,201.9646690170923,3,0.3333333333333333,0.7787076416518041,0.22129235834819594,-0.005728145236168442,0.01184567290499033,0.011845071276084468,0.02346026526592265,0.08208243517298598,0.75,0.3702340311904771,0.8310070373794333,0.899289084157114,False,1,-0.3142682085475507,0.6782170434332202,False,False,False,0.1730844597025644,0.0383477695675068,0.065770874272721,-0.0743828541422998,0.3239858076195057,False,True,False,0.39999999999999997,0.39999999999999997,0.75,4.403654008630614,variable_and_atlas_unsupported,True,False,False,False
TAL1,STX2,STX2,ENSG00000111450,0.1116542186049829,0.1116542186049829,True,0.723159509202454,225.71469812244945,0.0063100137174211,True,0.17252494785916,-0.569622706067999,1.65029424534982e-81,False,True,False,0.1116542186049829,0.07323573607820527,0.07323573607820527,0.037316504321580464,1.0,0.0163129177376268,0.4958448753462563,43.09486465421698,0.039945184437629226,0.039945184437629226,0.11371742112482854,1.0,0.00996565515890566,0.5896669513236622,62.66514044326585,0.12160563644922699,0.12160563644922699,0.0049382716049382715,1.0,0.01889898434483599,0.7937336814621355,124.09844838353223,3,1.0,0.037316504321580464,0.9626834956784195,0.07336709168335617,0.0413629268440519,0.0410616153140109,0.08166045201159777,0.05585450356730499,1.0,5.209606907410146,0.0739176640129047,0.2579921146928051,True,0,,,False,False,False,-0.0221674790987625,-0.0410123881159788,-0.041695938279799,0.0588504325240482,0.9369789988682842,False,False,False,0.6000000000000001,0.19999999999999998,0.75,5.423692390535066,transportable_but_atlas_unsupported,False,False,False,False
TAL1,TASOR2,TASOR2,ENSG00000108021,0.1114908558566231,0.1114908558566231,True,0.4294478527607362,85.93267513160953,0.0064471879286694,True,0.160735344527146,-0.150476431216944,1.33115272380982e-13,False,True,False,0.1114908558566231,-0.04929089018258724,0.04929089018258724,0.13883934696117436,1.0,0.009038474992173851,0.8531855955678879,192.92816421051361,0.01543534813333564,0.01543534813333564,0.5344307270233196,0.75,0.024376318574113053,0.8834329632792913,199.4658107943307,0.034137347908421926,0.034137347908421926,0.36392318244170097,0.6666666666666666,0.07955979318397217,0.7911227154046944,143.68581797157788,3,0.6666666666666666,0.36392318244170097,0.636076817558299,0.015436574132350462,0.0438067637657051,0.04377884122321932,0.08342823809100916,0.19842214918927695,0.6666666666666666,5.359820529527375,0.06856930696117593,0.2467697733079529,False,0,,,False,False,False,-0.1447924709992744,-0.0486666978015609,-0.107691413931994,-0.2548940352110827,0.560231410216532,False,False,False,1.0,0.39999999999999997,0.75,4.465133970016878,variable_and_atlas_unsupported,True,False,False,False
GATA1,NT5C2,NT5C2,ENSG00000076685,-0.1113182556807405,0.1113182556807405,True,0.7116564417177914,361.2643609933037,0.0101508916323731,False,,,,False,False,False,0.1113182556807405,-0.04226954934600219,0.04226954934600219,0.17162848127315133,1.0,0.0024146954433367416,0.7382271468144171,111.81489385213122,0.004574394519644859,0.004574394519644859,0.8433470507544581,0.75,0.010130503158240404,0.7553373185311972,125.86189561786621,-0.019164066317815115,0.019164066317815115,0.552400548696845,0.6666666666666666,0.03193164756786732,0.684073107049607,103.5629786779517,3,0.6666666666666666,0.552400548696845,0.44759945130315504,0.01916641290910786,0.02343525568974641,0.023422684680260125,0.046843943865647046,0.33685879113155803,0.6666666666666666,1.9775560855554906,0.3720310193716329,0.6140992026427754,False,1,-0.0029629760804766,0.9970386182900678,False,False,False,0.2439600987591615,0.106453980897286,0.1215982834651554,0.0743690108614905,0.6137567009519469,False,True,False,-0.19999999999999998,-0.19999999999999998,0.75,5.892374224288848,variable_and_atlas_unsupported,True,False,False,False
GATA1,XPO7,XPO7,ENSG00000130227,-0.1112556070297022,0.1112556070297022,True,0.7883435582822086,592.210278744295,0.0102880658436214,True,0.199564279987559,-0.456065953222472,1.39427535313903e-82,False,False,False,0.1112556070297022,0.029747281646490948,0.029747281646490948,0.33886678556729316,1.0,0.02014315028478363,0.6585872576177356,71.24801941413017,-0.01466387730425521,0.01466387730425521,0.5270233196159122,0.75,0.0229361442408031,0.6656703672075314,74.91530390219332,-0.017740642033659146,0.017740642033659146,0.582716049382716,1.0,0.02054678776027486,0.6727589208006953,93.2364358157202,3,0.6666666666666666,0.5270233196159122,0.4729766803840878,0.014664928494292784,0.026579470050984284,0.026573547047142907,0.04748792368015009,0.12778042685103164,0.75,2.097660599902284,0.35034731079885423,0.5954128709604545,False,1,0.1284615317696714,0.6783916638437106,False,False,False,0.0377482754812499,-0.0155365361480666,0.0729392516701525,0.1901934888128133,0.6778348574270372,False,False,False,0.7999999999999999,0.7999999999999999,0.5,6.385548937733843,variable_and_atlas_unsupported,True,False,False,False
GATA1,RPL10,RPL10,ENSG00000147403,0.1110809738164784,0.1110809738164784,True,0.9095092024539876,798.4866189973438,0.0104252400548696,True,-0.0987059826272381,0.130974083469013,1.41323051196046e-64,False,False,False,0.1110809738164784,0.04699070612611864,0.04699070612611864,0.12868706269721497,1.0,0.003970394856406649,1.000000000000031,2239.0724386454413,0.0029240411208621467,0.0029240411208621467,0.9015089163237311,0.75,0.011273576126167539,1.0000000000000568,2763.2343142631444,0.005099735142763228,0.005099735142763228,0.8728395061728395,1.0,0.00427289272434885,0.9999999999999868,2927.118699081929,3,1.0,0.8728395061728395,0.12716049382716055,0.005099779353564533,0.024857628339013095,0.02483766648691311,0.044066665005256495,0.43814731382109884,0.75,1.9102555503102472,0.38476297826269695,0.6187009580149122,False,1,-0.0916796976909809,0.8569887257117662,False,False,False,0.1001394352294256,0.0167901704542059,0.0143483860669417,-0.1057013357762148,0.3875548324469594,False,False,False,0.7999999999999999,0.39999999999999997,0.25,6.683969795420182,variable_and_atlas_unsupported,True,False,False,True
TAL1,KIAA0232,KIAA0232,ENSG00000170871,0.1108796599853697,0.1108796599853697,True,0.7983128834355828,308.38086385691827,0.0065843621399176,True,0.115130855462878,-0.242746223778044,5.73107254328473e-35,False,True,False,0.1108796599853697,0.019507450174183608,0.019507450174183608,0.5500068596515297,1.0,0.009909675372136474,0.7340720221606772,98.75472044922743,-0.0174248377388887,0.0174248377388887,0.4794238683127572,1.0,0.009765711653473312,0.75918018787364,99.90627036753682,0.11101935620798618,0.11101935620798618,0.007681755829903978,1.0,0.012932298997840255,0.8250652741514294,136.88207915195304,3,0.6666666666666666,0.4794238683127572,0.5205761316872428,0.01950992519832773,0.06638174515363734,0.06612656273527806,0.1284441939468749,0.29485564196491454,1.0,12.724325157167018,0.0017256308614340876,0.024582814615975623,False,0,,,False,False,False,-0.1388742619020546,0.0985774053358643,0.1273053257685745,0.0382939892134189,0.0509736758292173,False,False,False,0.0,-0.39999999999999997,0.5,5.73457308702428,variable_and_atlas_unsupported,True,False,False,False
GATA1,ANKH,ANKH,ENSG00000154122,0.110711624191053,0.110711624191053,True,0.6380368098159509,193.1880705360269,0.0106995884773662,True,0.291862550196321,-0.662905899734719,5.22733482236771e-109,True,True,True,0.110711624191053,-0.0013067995328358872,0.0013067995328358872,0.9657017423514885,0.5,0.017679046606632373,0.6073407202216101,72.3674988338962,0.011281811630888676,0.011281811630888676,0.622085048010974,0.75,0.017185805305858146,0.6848847139197455,110.55647794510092,0.006458494472201366,0.006458494472201366,0.8379972565157751,0.6666666666666666,0.013135272303498228,0.8833768494342819,238.5931588389918,3,0.6666666666666666,0.8379972565157751,0.16200274348422494,0.006458584273680755,0.006351568560776823,0.006351342514636908,0.012588611163724563,0.1736850358712034,0.5,0.1404794645040305,0.9321703218266564,0.9684329930620135,False,1,0.0974729960098529,0.7966741063914365,False,False,False,-0.263417221836547,-0.0905492039135823,-0.1040018336742475,0.0718733301850318,0.3081822589115404,False,True,False,-1.0,-1.0,0.5,5.268827125216678,variable_but_atlas_supported,True,False,False,False
GATA1,TRNAU1AP,TRNAU1AP,ENSG00000180098,0.1106531069631182,0.1106531069631182,True,0.156441717791411,19.01158674729182,0.0108367626886145,False,,,,False,False,False,0.1106531069631182,0.06226813464898833,0.06226813464898833,0.04801756070791604,1.0,0.013615329306705707,0.3829639889196646,28.418662469760967,-0.048217571482856256,0.048217571482856256,0.03909465020576132,1.0,0.013721982847097662,0.4141759180187845,31.58595609572172,0.06500302946647928,0.06500302946647928,0.042112482853223596,1.0,0.044934017387903744,0.4725848563968717,37.00338000641529,3,0.6666666666666666,0.042112482853223596,0.9578875171467764,0.062348800232353396,0.06466441354278535,0.06459292452021317,0.11322060094933553,0.004538641319960767,1.0,15.27587852353479,0.000481820335287694,0.011471030290118561,False,1,-0.1811319643928219,0.9106926329524444,False,False,False,-0.0209540992322556,0.0843285655899754,-0.137665399966683,-0.1174849271425612,0.779949715373854,False,True,False,0.6000000000000001,0.7999999999999999,1.0,2.9963114431674773,variable_and_atlas_unsupported,True,False,False,False
KLF1,NSUN3,NSUN3,ENSG00000178694,-0.1106427732128533,0.1106427732128533,True,0.4210122699386503,140.4660854317739,0.0071330589849108,True,-0.013648512428363,-0.116642207541409,6.708644631788111e-09,False,False,False,0.1106427732128533,-0.027288733229671312,0.027288733229671312,0.44985594731787626,1.0,0.008122204887247311,0.450138504155121,38.42606447567597,-0.014399111531528399,0.014399111531528399,0.6272976680384088,0.5,0.02765120821255813,0.46199829205806675,37.774588926239794,-0.03465432106525831,0.03465432106525831,0.3599451303155007,1.0,0.0256536630581817,0.41688424717145683,36.75150189490477,3,1.0,0.44985594731787626,0.5501440526821237,0.027295510003279008,0.010258685541224518,0.010252379763907554,0.02025520953372991,0.13604343589039075,0.5,0.3533742618440101,0.838041940919917,0.9037420930826283,False,3,0.0899038300891795,0.8569887257117662,False,False,True,0.0276878468807811,-0.0096788880705392,0.0139195226940904,0.2174955013642062,0.7274907072774965,False,False,False,0.7999999999999999,0.7999999999999999,0.75,4.952060009428315,variable_and_atlas_unsupported,True,False,False,False
GATA1,ALAS2,ALAS2,ENSG00000158578,0.1106182801137302,0.1106182801137302,True,0.9754601226993864,1225.282777653802,0.0111111111111111,True,0.291749303897098,-0.84635670716646,2.5844248882865703e-297,True,True,True,0.1106182801137302,0.04986996184697681,0.04986996184697681,0.10742214295513788,1.0,0.0097721366807757,0.7209141274238342,150.2625461224896,0.05926489199163953,0.05926489199163953,0.013443072702331962,1.0,0.008182537303582971,0.8932536293766452,286.8985641366644,0.08890438911183457,0.08890438911183457,0.006721536351165981,1.0,0.03931432295791792,0.9825935596170458,750.1200934962405,3,1.0,0.013443072702331962,0.9865569272976681,0.05933442448487793,0.02047769559355699,0.02037339365388354,0.03903442726485776,0.05629958091452929,1.0,1.052107908940195,0.5909322203866058,0.7717026253571919,True,1,0.0061330491671099,0.977178306437247,False,False,False,-0.4415367821044005,-0.0425526955084632,-0.0231479608690224,0.0654827335245121,0.0076890240277209,True,True,True,-0.39999999999999997,-1.0,0.75,7.11174274051524,transportable_and_atlas_supported,False,False,False,False
KLF1,UBE2V1,UBE2V1,ENSG00000244687,0.1105711603353663,0.1105711603353663,True,0.7116564417177914,197.17128236037505,0.0072702331961591,False,,,,False,False,False,0.1105711603353663,0.011305943529809327,0.011305943529809327,0.7472904376457676,0.75,0.018086945220888488,0.8289473684210718,138.42391241540116,0.028916368266639153,0.028916368266639153,0.3392318244170096,1.0,0.015811885391914075,0.8902647309991897,160.4680042376565,0.049083249812058416,0.049083249812058416,0.20631001371742114,1.0,0.03260064805011313,0.9260226283724874,208.26949176523766,3,1.0,0.3392318244170096,0.6607681755829904,0.02892443184749219,0.01892281490783615,0.018903064304592595,0.03777730628224909,0.2819101093917255,0.75,0.9070070028483441,0.6353981292088617,0.8024118451040828,False,3,0.0529603325889561,0.8233275118560639,False,False,True,-0.0937132551600268,-0.0145482050429289,0.0262096901092786,0.0348884086286538,0.5303011696242652,False,False,False,-0.19999999999999998,-1.0,0.5,5.289131719169816,variable_and_atlas_unsupported,True,False,False,False
GATA1,EEF1G,EEF1G,ENSG00000254772,0.1105104719141145,0.1105104719141145,True,0.754601226993865,321.44861531066493,0.0112482853223593,True,0.0508202807804863,0.0910016228091152,6.767224305202449e-30,False,False,False,0.1105104719141145,0.07614238840081275,0.07614238840081275,0.016874742763067635,1.0,0.01076976028931813,0.9854570637119415,939.7684573820744,0.06372612671644293,0.06372612671644293,0.00823045267489712,1.0,0.0101423922752424,0.991460290350184,947.2921531710256,-0.015934343380593408,0.015934343380593408,0.6237311385459534,0.6666666666666666,0.030763873108855314,0.9904264577893692,963.9162423559421,3,0.6666666666666666,0.016874742763067635,0.9831252572369323,0.06381260186271497,0.05003509600668731,0.04996345095140477,0.09207673178140616,0.35289056451952727,0.6666666666666666,6.371054336338801,0.04135643825550544,0.17654920882867495,False,1,-0.1187996412564243,0.8569887257117662,False,False,False,-0.0420436871049349,-0.0486628152478696,-0.0427077801164597,-0.1527984085921606,0.7239890688551928,False,False,False,0.39999999999999997,0.39999999999999997,0.75,5.775943791171046,variable_and_atlas_unsupported,True,False,False,False
TAL1,BCL2L1,BCL2L1,ENSG00000171552,0.1104883674620427,0.1104883674620427,True,0.8282208588957055,306.84087750231754,0.0067215363511659,True,0.0916048051289493,-0.328942726891781,2.77160987608672e-41,False,True,False,0.1104883674620427,0.009345314545276671,0.009345314545276671,0.7744546577033886,0.75,0.013559189716929997,0.5360110803324084,50.97086102569151,0.022159897480180896,0.022159897480180896,0.3739368998628258,1.0,0.007398630741201459,0.5721605465414227,56.76339346331214,0.08673940320549595,0.08673940320549595,0.027023319615912207,1.0,0.04760918575577003,0.6518711923411661,87.2395415606928,3,1.0,0.3739368998628258,0.6260631001371741,0.022163525836842644,0.04160586654714254,0.041482066516884575,0.07739408866021927,0.3740358965974164,0.75,4.383463801527671,0.11172308766409579,0.33089278116782433,False,0,,,False,False,False,-0.0163828221081518,0.0655689764825243,0.0375561453302893,0.1932563624405407,0.6320872760140445,False,False,False,0.7999999999999999,-0.7999999999999999,0.25,5.729583017987564,variable_and_atlas_unsupported,True,False,False,True
KLF1,TBC1D15,TBC1D15,ENSG00000121749,-0.1104404661160475,0.1104404661160475,True,0.6978527607361963,199.4192738295371,0.0074074074074074,False,,,,False,False,False,0.1104404661160475,-0.037524781566975904,0.037524781566975904,0.29894361366442584,1.0,0.006865325874300109,0.7375346260387938,96.79841408342729,0.05022448110979562,0.05022448110979562,0.11289437585733882,1.0,0.011882796379934057,0.8048676345004603,116.06354333822257,0.030404613546421235,0.030404613546421235,0.42414266117969823,1.0,0.014958812511271052,0.8259355961705764,131.74074566899813,3,0.3333333333333333,0.29894361366442584,0.7010563863355741,-0.03041398783218811,0.0460482683018657,0.04602021833031429,0.08774926267677152,0.15661237472575315,1.0,6.995079326232027,0.030271770629823745,0.14303989328138092,False,3,0.1813191411203771,0.16551694708525,False,False,True,-0.0076296645839763,0.0561591728214472,-0.0480038163643703,0.1784299437434528,0.230206157072684,False,False,False,0.7999999999999999,0.39999999999999997,0.5,5.300411541380115,variable_and_atlas_unsupported,True,False,False,False
KLF1,COCH,COCH,ENSG00000100473,-0.1103636647462147,0.1103636647462147,True,0.053680981595092,6.901873423411873,0.0075445816186556,False,,,,False,False,False,0.1103636647462147,0.012413067130780336,0.012413067130780336,0.7231444642612155,0.75,0.018682251124524655,0.2583102493074774,18.5916071821006,0.0018643939594125158,0.0018643939594125158,0.9462277091906721,0.5,0.01994527661430978,0.29675491033304685,22.688514707860623,-0.012463700874973947,0.012463700874973947,0.7469135802469136,0.6666666666666666,0.02731047529365028,0.29677980852915603,20.795793995028646,3,0.3333333333333333,0.7469135802469136,0.25308641975308643,-0.001864396119606302,0.01248678099098298,0.012486141608944075,0.024876768005754283,0.12251341901985453,0.5,0.3924017609473285,0.8218471250553314,0.8959421251036618,False,3,0.1896671261733615,0.8590040550092644,False,False,True,-0.1214606552941356,0.0833215855994112,0.1042453424262533,-0.0158550304448633,0.790163321685629,False,False,False,-0.39999999999999997,0.39999999999999997,0.5,2.0670998735632424,variable_and_atlas_unsupported,True,False,False,False
KLF1,NEAT1,NEAT1,ENSG00000245532,-0.1102010113050625,0.1102010113050625,True,0.9900306748466258,2435.469794288514,0.0076817558299039,True,-0.116435560249844,0.0831576557400128,2.50180523918066e-20,False,True,False,0.1102010113050625,0.007416887972583864,0.007416887972583864,0.8327616957058581,0.75,0.011734533672572949,0.9861495844875648,1930.84930043763,0.021405216197267467,0.021405216197267467,0.4700960219478738,1.0,0.010629901705193978,0.9846285226302857,1336.9070393518737,0.037723681601598225,0.037723681601598225,0.3212620027434842,0.6666666666666666,0.0481246182686329,0.9791122715404575,1160.9755801355168,3,0.0,0.4700960219478738,0.5299039780521262,-0.02140848626701467,0.015177344599458966,0.015168318846340472,0.03030679362901436,0.26309373871159436,0.6666666666666666,0.5830219130919472,0.7471338275519952,0.8654885127283789,False,3,0.0770693972644116,0.608156979748136,False,False,True,0.057789577430465,0.0568692673254452,0.0868137292174038,0.1282827587377943,0.9214043062044416,False,False,False,0.7999999999999999,0.39999999999999997,0.25,7.798305465033932,variable_and_atlas_unsupported,True,False,False,True
GATA1,CPOX,CPOX,ENSG00000080819,0.1099760725612258,0.1099760725612258,True,0.7384969325153374,268.82599037428554,0.0115226337448559,True,0.263386896980778,-0.447417594156471,3.3197635351159897e-94,True,True,True,0.1099760725612258,0.04895211893338799,0.04895211893338799,0.11277267114830566,1.0,0.016340186847955136,0.7437673130194037,95.17542143225332,0.029835571277661017,0.029835571277661017,0.20603566529492456,1.0,0.01803512662829173,0.8407344150299266,134.9628659145348,0.01721189025658951,0.01721189025658951,0.594238683127572,0.6666666666666666,0.0255524029135332,0.9503916449086048,285.6744205410988,3,1.0,0.20603566529492456,0.7939643347050754,0.029844428832706375,0.015999798060842806,0.015980414227270527,0.031740228676798474,0.2553458732199609,0.6666666666666666,0.6712896399293125,0.7148769707572492,0.8460972177796123,False,1,-0.0568278976920728,0.8569887257117662,False,False,False,-0.2248231702595194,-0.0417725052879816,-0.108749693923876,0.000162836239751,0.2208690222481977,False,True,False,-0.39999999999999997,-0.39999999999999997,0.75,5.597777271136567,variable_but_atlas_supported,True,False,False,False
TAL1,ACSM3,ACSM3,ENSG00000005187,-0.1095949324559685,0.1095949324559685,True,0.0973926380368098,18.046573160892105,0.0069958847736625,True,-0.422156352790566,0.204133105566935,2.98071879733098e-17,True,True,True,0.1095949324559685,-0.0017153771075468923,0.0017153771075468923,0.9588420908217863,0.75,0.023980159612764253,0.7285318559556907,181.36782044604269,-0.04141031023838974,0.04141031023838974,0.1037037037037037,1.0,0.01470469126839531,0.6575576430401521,118.53711137797833,-0.006984290536710429,0.006984290536710429,0.8593964334705075,0.6666666666666666,0.022848285561316996,0.6048738033072253,111.19252647702373,3,1.0,0.8593964334705075,0.14060356652949246,0.006984404105330246,0.021571999171715723,0.02155844767713466,0.039694933130842845,0.46765774552752915,0.6666666666666666,1.7246394107245124,0.42218160861101384,0.6500756610204417,False,0,,,False,False,False,0.047683031381065,0.1731111483399054,-0.1824830221695265,-0.1597203169937922,0.7239890688551928,False,True,False,0.19999999999999998,0.0,0.5,2.946887198823837,variable_but_atlas_supported,True,False,False,False
TAL1,NCOA4,NCOA4,ENSG00000266412,0.1095402837934734,0.1095402837934734,True,0.8957055214723927,511.3779892985986,0.0071330589849108,True,-0.0272227863834263,-0.192998379113575,4.45331426384254e-27,False,True,False,0.1095402837934734,0.07397934250246861,0.07397934250246861,0.03539580189326382,1.0,0.009552029307006198,0.6821329639889284,87.01143242385965,0.03604609726104367,0.03604609726104367,0.1506172839506173,1.0,0.004957838179774128,0.7514944491887544,97.53950537186792,0.06900760180022537,0.06900760180022537,0.0710562414266118,1.0,0.023507888425718226,0.8476936466492527,149.70108707070065,3,1.0,0.0710562414266118,0.9289437585733882,0.06911745504354627,0.020678843467774564,0.02061597310195392,0.03793324524142494,0.05898815751588224,1.0,1.5846712884492526,0.45278601225893056,0.6744008088207455,True,0,,,False,False,False,0.1880366113071513,0.0678610230833008,0.1003683375468045,0.0997548017552203,0.7579668986804257,False,False,False,0.39999999999999997,-0.39999999999999997,0.0,6.239062613008212,transportable_but_atlas_unsupported,False,False,False,True
GATA1,EPOR,EPOR,ENSG00000187266,0.1093834629176416,0.1093834629176416,True,0.7254601226993865,196.5499401582157,0.0117969821673525,True,0.398552749346581,-0.706890417184835,8.60344635531443e-137,True,True,True,0.1093834629176416,0.04387560068348165,0.04387560068348165,0.1544793524488956,0.75,0.03625809466513212,0.7396121883656638,113.12361601111222,0.04989100902322408,0.04989100902322408,0.03209876543209877,1.0,0.02057547504101014,0.811272416737865,127.31347191479684,0.08929998542587995,0.08929998542587995,0.0064471879286694105,1.0,0.013958803098062312,0.9094865100086934,195.01843377473844,3,1.0,0.03209876543209877,0.9679012345679012,0.04993246573786706,0.024790825374777448,0.02467328949770162,0.04542438474239831,0.07910808348870291,0.75,1.5649107715891502,0.4572818284130695,0.6744008088207455,True,1,-0.0968113909592647,0.8233275118560639,False,False,False,-0.5858447320862463,-0.2166180949214215,-0.0962137830262975,0.0272822293351309,0.0175483108219978,True,True,True,-1.0,-1.0,0.75,5.2859914139376665,transportable_and_atlas_supported,False,False,False,False
KLF1,MAP1LC3B,MAP1LC3B,ENSG00000140941,-0.1093559686577422,0.1093559686577422,True,0.8029141104294478,308.5836439078868,0.0078189300411522,False,,,,False,False,False,0.1093559686577422,0.02379105287185153,0.02379105287185153,0.5054191247084648,1.0,0.01435413409337574,0.6627423822714755,74.35392786723916,0.005790219710736657,0.005790219710736657,0.845679012345679,0.75,0.016459554008751567,0.7356959863364895,89.76014032498867,0.03188069435458333,0.03188069435458333,0.4027434842249657,0.6666666666666666,0.04137077341287059,0.8172323759791059,121.76400645973155,3,0.0,0.5054191247084648,0.49458087529153516,-0.023795543088092924,0.013360435637586304,0.013355305818005031,0.026090474643846673,0.23184440197222847,0.6666666666666666,0.6108156161890403,0.7368228307991109,0.8605534571031126,False,3,0.0565813913321741,0.8395353032934146,False,False,True,0.0683538290679496,-0.0917718577448268,0.0184324731031941,0.0873747352104531,0.2835883650824088,False,False,False,-0.39999999999999997,0.39999999999999997,0.5,5.735228310565144,variable_and_atlas_unsupported,True,False,False,False
KLF1,RFESD,RFESD,ENSG00000175449,0.1091672271780499,0.1091672271780499,True,0.7469325153374233,240.46289134392669,0.0079561042524005,True,0.0591923342131981,-0.0722688685178163,2.27055566544454e-10,False,True,False,0.1091672271780499,0.02457594264530898,0.02457594264530898,0.4930717519550007,1.0,0.017046750501221827,0.7285318559556907,98.5536937116911,0.03787390387637546,0.03787390387637546,0.21989026063100137,1.0,0.026769995582810173,0.8761742100768993,159.95483820173314,0.061007393480008325,0.061007393480008325,0.11632373113854595,1.0,0.029673748645045336,0.9425587467362814,240.0646393909928,3,1.0,0.21989026063100137,0.7801097393689986,0.037892028665612344,0.018472688492273192,0.018435675216209885,0.03643145083469934,0.19463351219759653,1.0,0.8541271170712216,0.6524220839178279,0.807698539890271,False,3,0.05411452060331,0.6782170434332202,False,False,True,-0.068203701552748,0.0146486927015085,-0.091405627613394,0.0232872465035589,0.560231410216532,False,False,False,0.0,-0.39999999999999997,0.5,5.486715802254509,variable_and_atlas_unsupported,True,False,False,False
TAL1,HNRNPUL1,HNRNPUL1,ENSG00000105323,0.1091068615214094,0.1091068615214094,True,0.4325153374233129,76.70783253001882,0.0072702331961591,False,,,,False,False,False,0.1091068615214094,-0.04900477008479762,0.04900477008479762,0.14076004938949102,1.0,0.016504249025986583,0.7984764542936458,119.84152650039466,-0.04258039839874541,0.04258039839874541,0.09766803840877915,1.0,0.025316997293084446,0.8300597779675855,122.24369343488526,-0.0005340174583835059,0.0005340174583835059,0.9871056241426612,0.6666666666666666,0.02623179388149188,0.8198433420365471,122.12734321687327,3,0.0,0.14076004938949102,0.859239950610509,-0.042606160466094514,0.026346205863927233,0.026326743569716357,0.04847075262641412,0.5015404557013576,0.6666666666666666,1.7672452983764348,0.4132830171394969,0.6427693156013783,False,0,,,False,False,False,-0.0913541306132496,-0.0116132109509476,-0.0575816703519506,-0.2031860139364615,0.5666889667868622,False,False,False,0.7999999999999999,0.39999999999999997,0.25,4.35295605705529,variable_and_atlas_unsupported,True,False,False,True
GATA1,RPL8,RPL8,ENSG00000161016,0.1089479529384909,0.1089479529384909,True,0.8949386503067485,615.1636864850336,0.0119341563786008,True,0.0166794901508887,0.0739535143963788,1.46256596528993e-24,False,False,False,0.1089479529384909,0.09093361779338309,0.09093361779338309,0.0035670187954451914,1.0,0.009518782294380492,0.9965373961219146,1704.3691324255142,0.012639369719961014,0.012639369719961014,0.5816186556927297,0.75,0.017612791574693178,1.0000000000000568,1840.8016760107337,-0.009884146975590095,0.009884146975590095,0.757201646090535,0.6666666666666666,0.02220773905232282,0.9999999999999868,1790.0865839665514,3,0.6666666666666666,0.5816186556927297,0.41838134430727025,0.012640042846369604,0.05305953349916488,0.0529174195936923,0.10081776476897318,0.39432182983253555,0.6666666666666666,7.867135250039113,0.019573716158680542,0.1099664667082831,False,1,-0.1859582105485355,0.5669126960961601,False,False,False,-0.041760732463711,-0.0752245315805623,-0.009393310595334,-0.1666210003174981,0.3239858076195057,False,False,False,0.7999999999999999,0.7999999999999999,0.75,6.4235126530483,variable_and_atlas_unsupported,True,False,False,False
GATA1,UROD,UROD,ENSG00000126088,0.1085728159901581,0.1085728159901581,True,0.8450920245398773,432.4811016488186,0.0120713305898491,True,0.268338540006141,-0.397410594167011,1.25627967279231e-112,True,True,True,0.1085728159901581,0.07691792143894263,0.07691792143894263,0.016188777610097408,1.0,0.01764632415653612,0.8427977839335381,161.90656493593835,0.019399358063714518,0.019399358063714518,0.408641975308642,1.0,0.020582628199908463,0.9180187873612767,204.084359714491,0.09190730184404265,0.09190730184404265,0.004663923182441701,1.0,0.0047737107014206226,0.9756309834638693,361.7478085850671,3,1.0,0.016188777610097408,0.9838112223899026,0.07707015374415821,0.038402257943531116,0.03827633857648472,0.07250794378032813,0.22998210120683688,1.0,5.202295960252553,0.07418836254494234,0.2579921146928051,True,1,-0.0390995436899605,0.9144261961344348,False,False,False,-0.2495736937572588,-0.0850069229428888,-0.0749736406435097,-0.0925699027579621,0.2742617484594819,False,True,False,0.0,0.0,1.0,6.071848200457901,transportable_and_atlas_supported,False,False,False,False
TAL1,GATA2-AS1,GATA2-AS1,ENSG00000244300,0.1084943187325894,0.1084943187325894,True,0.1556748466257668,19.088841536308387,0.0075445816186556,False,,,,False,False,False,0.1084943187325894,0.020702116847630025,0.020702116847630025,0.5236657977774729,1.0,0.015204435078256232,0.46260387811633974,40.71322586320098,-0.014002541228121411,0.014002541228121411,0.5733882030178327,0.75,0.023386030529335966,0.4901793339026438,40.531665939791246,-0.009163622786619368,0.009163622786619368,0.8090534979423868,0.6666666666666666,0.04488047468805366,0.42993907745866344,34.21862949307706,3,0.3333333333333333,0.5733882030178327,0.42661179698216734,-0.009163879295400879,0.018798307147284317,0.018796235561671662,0.03470465807575143,0.1524557795013483,0.6666666666666666,1.1289692828296287,0.5686531315282731,0.7602511628855314,False,0,,,False,False,False,-0.0622983787121863,-0.0102408660741492,-0.0928425499470237,-0.1147568279158787,0.9592888374542716,False,False,False,0.39999999999999997,0.7999999999999999,0.5,3.000164513466288,variable_and_atlas_unsupported,True,False,False,False
KLF1,MORC3,MORC3,ENSG00000159256,0.1080131026152522,0.1080131026152522,True,0.7875766871165644,265.5214928137548,0.0080932784636488,True,0.0333986090277343,-0.16176554571066,1.1071133051389699e-40,False,True,False,0.1080131026152522,0.001995709821866309,0.001995709821866309,0.9574701605158458,0.75,0.014629567690026856,0.7569252077562467,102.14382094295382,0.011626482063942203,0.011626482063942203,0.6931412894375857,1.0,0.007190721648941809,0.8223740392826998,127.88971422742353,0.014088517060312087,0.014088517060312087,0.7152263374485597,0.6666666666666666,0.0359907581034472,0.885117493472576,175.79398039909267,3,1.0,0.7152263374485597,0.2847736625514403,0.011627005976669286,0.0063911907094140455,0.006390740400614734,0.012092807238445778,0.14665127073287904,0.6666666666666666,0.11500568013470908,0.9441192090204702,0.9740163173061185,False,3,0.1357845741375685,0.3024713465311211,False,False,True,-0.0614238777887019,-0.0601356128750192,-0.0469591077920623,0.1520548067243458,0.1219098847727057,False,False,False,0.19999999999999998,-1.0,0.75,5.585454888810853,variable_and_atlas_unsupported,True,False,False,False
KLF1,SLC2A4,SLC2A4,ENSG00000181856,0.107974000034443,0.107974000034443,True,0.1687116564417178,24.87694049671235,0.0082304526748971,True,0.105299606929416,-0.418974190562984,5.13318302737101e-10,False,True,False,0.107974000034443,0.005186561449717126,0.005186561449717126,0.8839346961174372,0.75,0.016743347057334722,0.04570637119113575,2.237525893422633,0.02623181832348789,0.02623181832348789,0.3805212620027435,1.0,0.010480712801796823,0.041417591801878796,2.4593706663733883,0.01614354880934154,0.01614354880934154,0.6753086419753086,0.6666666666666666,0.03628716215317267,0.0765883376849434,4.854920717077586,3,1.0,0.6753086419753086,0.3246913580246914,0.016144951441190207,0.010528579450899534,0.010525616297649112,0.021045256873770762,0.2529326377731012,0.6666666666666666,0.3965852667146655,0.8201298206759182,0.8959421251036618,False,3,0.0281397949627894,0.9657768531045802,False,False,True,-0.32601571121212,-0.0924181982513997,-0.3918504505462729,0.030426372880932,0.8752673646657542,False,False,False,-0.7999999999999999,-0.7999999999999999,0.75,3.2533522438155686,variable_and_atlas_unsupported,True,False,False,False
TAL1,EP300,EP300,ENSG00000100393,0.1074514729058489,0.1074514729058489,True,0.8573619631901841,383.0054825511559,0.0078189300411522,True,0.0690604106023248,-0.303674650747791,1.40486994116585e-54,False,True,False,0.1074514729058489,0.051265679923044705,0.051265679923044705,0.12649197420771024,1.0,0.012828347801875074,0.6980609418282647,84.07720718268939,0.022692316504129995,0.022692316504129995,0.36213991769547327,1.0,0.017220648390613474,0.7813834329633097,101.61399164679071,0.08629424013451263,0.08629424013451263,0.027983539094650206,1.0,0.03470987662324279,0.835509138381194,142.623418409598,3,1.0,0.12649197420771024,0.8735080257922898,0.05131066251712773,0.03196316013697358,0.03185551186488463,0.06360192363038264,0.17170437308450268,1.0,3.170913623937447,0.20485419189264548,0.4594374810925636,False,0,,,False,False,False,-0.0013381876348144,0.0757223017004513,-0.0345860709371631,0.0679650063129641,0.6826167701511315,False,False,False,-0.19999999999999998,0.39999999999999997,0.5,5.950656829962774,variable_and_atlas_unsupported,True,False,False,False
TAL1,CPEB4,CPEB4,ENSG00000113742,0.107258948370654,0.107258948370654,True,0.9708588957055214,1485.2480766828314,0.0079561042524005,True,0.11206663788914,-0.553653534035317,2.23481252484304e-145,False,True,False,0.107258948370654,0.12183888104456775,0.12183888104456775,0.0032926327342570998,1.0,0.033911761528156496,0.6211911357340765,97.08559561470557,0.07010525494826421,0.07010525494826421,0.0102880658436214,1.0,0.012453972443511091,0.8240819812126744,185.87101787497608,0.12562168341113572,0.12562168341113572,0.004252400548696845,1.0,0.05376898395969478,0.9338555265448109,408.5893306045136,3,1.0,0.004252400548696845,0.9957475994513032,0.1224471962032108,0.03132106271999206,0.031018143862610963,0.05551642846287151,0.003792239755904625,1.0,3.5612239089262934,0.16853497997178116,0.41964142661878806,True,0,,,False,False,False,-0.0127593325403352,0.0740610988211961,0.1218469066905556,0.1139068069754712,0.8690358394234924,False,True,False,0.39999999999999997,-0.39999999999999997,0.25,7.304010153930365,transportable_but_atlas_unsupported,False,False,False,True
KLF1,COMT,COMT,ENSG00000093010,0.106869611312766,0.106869611312766,True,0.433282208588957,77.93446789315594,0.0083676268861454,False,,,,False,False,False,0.106869611312766,0.03665770626000198,0.03665770626000198,0.30978186308135547,1.0,0.010686066059569748,0.6066481994459868,54.50764154101388,-0.020542266660443016,0.020542266660443016,0.4871056241426612,1.0,0.01102438638450646,0.5695986336464608,51.99132507617132,0.0587181619825063,0.0587181619825063,0.13004115226337448,1.0,0.04024764515539436,0.7188859878154891,75.74922249204941,3,0.6666666666666666,0.30978186308135547,0.6902181369186445,0.036674139566700945,0.040939734436880364,0.04090785612700873,0.07926042864294933,0.17853359928442694,1.0,5.793879025288225,0.05519187587853159,0.2176036380179048,False,3,0.067630815093017,0.8554326480303651,False,False,True,0.125926257097586,0.0602229251941048,0.0492594718277473,0.0806612008032134,0.9147846333664906,False,False,False,0.0,0.0,0.25,4.368617987884842,variable_and_atlas_unsupported,True,False,False,True
KLF1,WDR74,WDR74,ENSG00000133316,-0.1067812377921904,0.1067812377921904,True,0.0559815950920245,6.903278410674343,0.0085048010973936,False,,,,False,False,False,0.1067812377921904,-0.0072796053498635155,0.0072796053498635155,0.8361915214707093,0.75,0.019308112975407615,0.376038781163432,27.517403627355094,-0.03238722161876865,0.03238722161876865,0.2877914951989026,1.0,0.015185205369661644,0.38642186165670106,28.57844242674358,-0.02185597426767583,0.02185597426767583,0.5663923182441701,0.6666666666666666,0.018674086898952412,0.28459530026109653,18.13433572737116,3,1.0,0.5663923182441701,0.43360768175582987,0.02185945534568074,0.012613457816814765,0.012608000742284338,0.025107616268905134,0.2742117847814271,0.6666666666666666,0.5601048086358374,0.7557441361620136,0.86630670423016,False,3,0.1599386982443665,0.8868998666215105,False,False,True,0.053237469610256,0.0589093136960863,0.1971380586426664,0.0409583704534741,0.9592888374542716,False,False,False,-0.39999999999999997,-0.39999999999999997,1.0,2.067277662081938,variable_and_atlas_unsupported,True,False,False,False
GATA1,FAM117A,FAM117A,ENSG00000121104,0.1067385981699864,0.1067385981699864,True,0.6464723926380368,194.72555355171608,0.0127572016460905,False,,,,False,False,False,0.1067385981699864,0.07280010809561878,0.07280010809561878,0.022362463986829468,1.0,0.018879918268103955,0.7146814404432243,110.05657790980526,-0.03539198957974879,0.03539198957974879,0.13511659807956103,1.0,0.01946715155116858,0.7600341588386273,128.03367637954955,0.02013890530852832,0.02013890530852832,0.5325102880658437,0.6666666666666666,0.03799520050461533,0.8781549173193995,231.33599801656683,3,0.6666666666666666,0.13511659807956103,0.864883401920439,0.02014162858683318,0.05417381638044721,0.05410239145280028,0.10819209767536757,0.267981977630483,0.6666666666666666,10.582135659356775,0.005036379391890833,0.049484426088578184,False,1,0.1826604629582019,0.7019735637165739,False,False,False,0.3380917474719223,0.1055385149039965,-0.2149032491591822,0.1498248877712424,0.0110855879237581,True,True,True,0.0,-0.6000000000000001,0.5,5.276713441001582,variable_and_atlas_unsupported,True,True,False,False
TAL1,PHB,PHB,ENSG00000167085,-0.1066953662452839,0.1066953662452839,True,0.0897239263803681,9.634209721421325,0.0080932784636488,False,,,,False,False,False,0.1066953662452839,0.003506592200027738,0.003506592200027738,0.9193304980107011,0.75,0.012902815126840128,0.7666204986149732,105.8946703466268,-0.042237141282672315,0.042237141282672315,0.09917695473251029,1.0,0.01777759019684778,0.7741246797609177,109.39357820785004,-0.07085312254652068,0.07085312254652068,0.06598079561042525,1.0,0.01626590685353202,0.60052219321149,68.270660742529,3,0.6666666666666666,0.09917695473251029,0.9008230452674897,0.042262284885095446,0.037563527181321936,0.03750717867692634,0.07435971474654841,0.4833838250843164,0.75,3.7144245354182885,0.1561072094501042,0.40181963589802583,False,0,,,False,False,False,-0.1966239428239671,-0.0485311904191565,0.0099303061577542,-0.5664675221898811,0.4412677701288867,False,False,False,0.19999999999999998,-0.19999999999999998,0.5,2.364076136668879,variable_and_atlas_unsupported,True,False,False,False
KLF1,CITED2,CITED2,ENSG00000164442,-0.1066664615559073,0.1066664615559073,True,0.5030674846625767,145.51571921387372,0.0086419753086419,False,,,,False,False,False,0.1066664615559073,0.004857922841299764,0.004857922841299764,0.8920290849224859,0.75,0.007457264996116365,0.376038781163432,32.73335818072526,0.047222493006117416,0.047222493006117416,0.13209876543209875,1.0,0.010096346698029033,0.4406490179333872,38.02524927848315,-0.025051626655830866,0.025051626655830866,0.5105624142661179,1.0,0.013312468648626459,0.6283724978241957,66.56717822632825,3,0.3333333333333333,0.5105624142661179,0.4894375857338821,-0.004857961056552188,0.03633643363406873,0.03631548413849728,0.07227411966194829,0.37996614866572337,0.75,4.348647020019566,0.11368503445113629,0.3351001729773969,False,3,0.1348829827209683,0.670922817660837,False,False,True,0.236205228289297,0.0559787660835313,0.1328962646788288,0.1850419743631614,0.6913421533814519,False,False,False,-0.39999999999999997,0.39999999999999997,0.5,4.987132721089278,variable_and_atlas_unsupported,True,False,False,False
TAL1,TXNIP,TXNIP,ENSG00000265972,0.1065263874195848,0.1065263874195848,True,0.9394171779141104,724.3252507378214,0.0082304526748971,False,,,,False,False,False,0.1065263874195848,0.11146734692016602,0.11146734692016602,0.005624914254355878,1.0,0.020498441785553278,0.7306094182825607,137.4035266418472,0.060954468784205545,0.060954468784205545,0.023319615912208505,1.0,0.005857277566077661,0.7288642186165911,137.5043541894253,0.05300362858944164,0.05300362858944164,0.16008230452674896,1.0,0.04265353227602912,0.8868581375108701,267.08087015404817,3,1.0,0.023319615912208505,0.9766803840877915,0.06103012856001196,0.03194117069535739,0.03170902363270153,0.05846371833072438,0.08453226294695271,1.0,2.9496649346233155,0.22881705817116849,0.4801279966371298,True,0,,,False,False,False,0.3522170993459599,0.2340932202971701,0.2388053923057256,0.0378116813456057,0.3989374553109798,False,False,False,0.19999999999999998,-0.19999999999999998,0.0,6.586620175961383,transportable_but_atlas_unsupported,False,False,False,True
KLF1,TM9SF3,TM9SF3,ENSG00000077147,0.106226856911678,0.106226856911678,True,0.7699386503067485,276.7702177908926,0.0087791495198902,True,0.0795235911222993,-0.104925075867744,8.58208619557729e-31,False,True,False,0.106226856911678,0.04361983871531126,0.04361983871531126,0.23240499382631363,1.0,0.020967696039410597,0.8801939058171973,191.11126566006976,0.03714550551580848,0.03714550551580848,0.22743484224965707,1.0,0.0076161401938971045,0.9350982066610226,229.28358399320743,0.06432587434764082,0.06432587434764082,0.09698216735253773,1.0,0.015062646525903344,0.9382071366405461,289.71944918713234,3,1.0,0.22743484224965707,0.772565157750343,0.043647535356171975,0.01423620707051959,0.014197589888310437,0.027180368831832342,0.0767918666750749,1.0,0.5735247721070351,0.7506900820796081,0.8654885127283789,False,3,0.0143939801056854,0.9590810020570693,False,False,True,-0.1125418163643499,-0.0257256966633898,-0.0881901512123062,-0.0124299410109136,0.6180799768768108,False,False,False,-0.39999999999999997,-0.39999999999999997,1.0,5.626794217196926,variable_and_atlas_unsupported,True,False,False,False
TAL1,NT5C2,NT5C2,ENSG00000076685,0.1062100220844094,0.1062100220844094,True,0.7116564417177914,361.2643609933037,0.0083676268861454,False,,,,False,False,False,0.1062100220844094,-0.05422008276837098,0.05422008276837098,0.10742214295513788,1.0,0.0034686916114261513,0.7382271468144171,111.81489385213122,-0.0009681931561271717,0.0009681931561271717,0.9707818930041152,0.5,0.018664348908749823,0.7553373185311972,125.86189561786621,0.06748504386433998,0.06748504386433998,0.07626886145404664,1.0,0.015039501460471533,0.684073107049607,103.5629786779517,3,0.3333333333333333,0.10742214295513788,0.8925778570448621,-0.0009681934586547806,0.06108938657234542,0.06101058276307352,0.12170512663271096,0.5076931731807136,0.5,9.409335016284912,0.009052923740984951,0.06999866325563148,False,0,,,False,False,False,0.1675216992633,0.0295336506565953,0.036445620992873,0.0610574776846148,0.6277684283192458,False,False,False,0.39999999999999997,0.19999999999999998,0.5,5.892374224288848,variable_and_atlas_unsupported,True,False,False,False
TAL1,MAN1A1,MAN1A1,ENSG00000111885,0.1061914984174904,0.1061914984174904,True,0.8911042944785276,814.2742437628125,0.0085048010973936,True,-0.0201302378514563,-0.275609111716228,1.04638392856458e-48,False,True,False,0.1061914984174904,0.030966286847376408,0.030966286847376408,0.347372753464124,1.0,0.02189543563365819,0.7375346260387938,131.59995747145157,0.021307106358332228,0.021307106358332228,0.39053497942386833,1.0,0.018723916512855217,0.7796754910333351,137.62803937177904,0.08677046803888454,0.08677046803888454,0.026748971193415638,1.0,0.07126350911616314,0.8381201044386352,195.16962836578685,3,1.0,0.347372753464124,0.652627246535876,0.030976190516257676,0.035460320502262645,0.035338501497878594,0.0654633616805523,0.19874726299650924,1.0,3.4386792385168143,0.17918443880125898,0.4282438904169085,False,0,,,False,False,False,0.1655778962466005,0.0608542105053071,-0.0145637968560333,0.16251518006841,0.5762333526411032,False,False,False,0.0,0.0,0.25,6.703524552053472,variable_and_atlas_unsupported,True,False,False,True
TAL1,NUDT4,NUDT4,ENSG00000173598,0.1060112962827992,0.1060112962827992,True,0.9562883435582822,780.0724860444798,0.0087791495198902,True,0.0822271553920531,-0.309615517970692,1.94844781947684e-68,False,True,False,0.1060112962827992,0.046221616242249346,0.046221616242249346,0.16778707641651805,1.0,0.006184443523880268,0.7853185595568027,127.51474805846695,0.07848372863759771,0.07848372863759771,0.003840877914951989,1.0,0.007322316655085498,0.8894107600342024,194.46269218897132,0.02103233274379252,0.02103233274379252,0.5779149519890261,1.0,0.019083112197111306,0.9730200174064282,392.79877580999414,3,1.0,0.16778707641651805,0.832212923583482,0.04625457503738884,0.02887932259627796,0.028798167735472502,0.05745139589380519,0.29570375740165444,1.0,2.7200768667474016,0.2566509128035584,0.510826093329269,False,0,,,False,False,False,0.0272777363159818,-0.0030877637283562,0.0900854593351307,0.0657015793800607,0.843292792515562,False,True,False,-0.39999999999999997,0.39999999999999997,0.25,6.660667957369656,variable_and_atlas_unsupported,True,False,False,True
TAL1,DYRK1A,DYRK1A,ENSG00000157540,0.1056484855011768,0.1056484855011768,True,0.723159509202454,224.8065531697248,0.0091906721536351,False,,,,False,False,False,0.1056484855011768,0.0153866584819963,0.0153866584819963,0.6371244340787487,0.75,0.021028021536836264,0.8711911357340941,195.31795543582675,0.018256665458996943,0.018256665458996943,0.4609053497942387,1.0,0.006069100349424537,0.9107600341588847,217.7233731498235,0.09765302330643974,0.09765302330643974,0.0149519890260631,1.0,0.027792398746622416,0.8990426457789288,221.2924084472811,3,1.0,0.4609053497942387,0.5390946502057613,0.018258694215763965,0.04686930525964803,0.04669006561164029,0.08226636482444344,0.3206831554222275,0.75,5.706735686995112,0.05764983793279026,0.2244972243810578,False,0,,,False,False,False,0.0669916215699162,0.0245974379022385,0.0451031761852312,-0.019488013939305,0.8191334345823246,False,False,False,-0.7999999999999999,0.7999999999999999,0.25,5.419678673303841,variable_and_atlas_unsupported,True,False,False,True
TAL1,ASAP1,ASAP1,ENSG00000153317,0.1055972692638242,0.1055972692638242,True,0.8680981595092024,515.6506822166452,0.0093278463648834,True,0.199349344110231,-0.363143050920013,4.205539701961199e-127,False,True,False,0.1055972692638242,0.0630724595239272,0.0630724595239272,0.06708739196048841,1.0,0.010876920350469069,0.9196675900277264,424.92800874922625,0.0536460910059117,0.0536460910059117,0.04197530864197531,1.0,0.015196247184300155,0.9611443210931351,575.1954589600301,0.1306663543428593,0.1306663543428593,0.0032921810699588477,1.0,0.021047935831498447,0.970409051348987,677.0934151870933,3,1.0,0.04197530864197531,0.9580246913580247,0.06315629664708644,0.04240577439460583,0.042011728530500954,0.07702026333694761,0.032137283695411016,1.0,4.875442857076456,0.08735968012734302,0.2846086420990807,True,0,,,False,False,False,-0.2189872915630767,-0.0331737113278278,-0.116378443036899,0.0093951972615635,0.0449632228485774,True,False,False,0.0,0.0,0.75,6.247366983121401,transportable_but_atlas_unsupported,False,False,False,False
KLF1,RHCE,RHCE,ENSG00000188672,0.1053907118845966,0.1053907118845966,True,0.8581288343558282,479.1680118730355,0.0089163237311385,True,0.0696020684988354,-0.143772734028229,4.49272086176694e-16,False,True,False,0.1053907118845966,0.04982039052807853,0.04982039052807853,0.16998216490602278,1.0,0.02431971492114527,0.3905817174515205,37.7191299708091,0.09271574711563187,0.09271574711563187,0.011934156378600824,1.0,0.013016353686126868,0.5918018787361304,79.96242333335121,0.13218398000092513,0.13218398000092513,0.003978052126200274,1.0,0.018218533718685467,0.8894691035683112,275.93936174247614,3,1.0,0.011934156378600824,0.9880658436213992,0.09298279383202915,0.04156007197515492,0.041193676486229264,0.0823635894728466,0.0936303352322091,1.0,4.424233922393231,0.10946866213907673,0.32734831818400245,True,3,-0.042858348148733,0.7703217839302647,False,False,True,0.2159658809637971,0.0753550856718798,-0.188985250972616,-0.0378256722900435,0.3740214767558627,False,False,False,-0.39999999999999997,1.0,0.5,6.174136067393061,transportable_but_atlas_unsupported,False,False,True,False
KLF1,PIP5K1B,PIP5K1B,ENSG00000107242,0.1047943572885652,0.1047943572885652,True,0.7300613496932515,345.3402140744976,0.0090534979423868,True,0.0521088755777765,-0.0633020882218742,1.2633737297510598e-11,False,True,False,0.1047943572885652,0.010155851777611866,0.010155851777611866,0.7728083413362601,0.75,0.03703805934954722,0.8995844875346501,316.1681411398662,0.025712848216809782,0.025712848216809782,0.3893004115226337,1.0,0.018208608880539417,0.9316823228010734,332.1853311071729,0.06660199482581546,0.06660199482581546,0.0877914951989026,1.0,0.025257337221138612,0.9373368146213991,357.42903333883294,3,1.0,0.3893004115226337,0.6106995884773663,0.025718517153820866,0.02920905224158457,0.029155072496452026,0.05644614304820359,0.3433254137463504,0.75,2.1353560957926616,0.34380589214201035,0.5954128709604545,False,3,-0.1012891593374978,0.5669126960961601,False,False,True,-0.0164392645514492,0.0144043137460853,-4.899611551410429e-05,-0.0859416381986933,0.6778348574270372,False,False,False,0.19999999999999998,0.39999999999999997,0.75,5.847421569628848,variable_and_atlas_unsupported,True,False,False,False
KLF1,DIPK2A,DIPK2A,ENSG00000181744,-0.1047388204822789,0.1047388204822789,True,0.5276073619631901,169.3446350834898,0.0091906721536351,False,,,,False,False,False,0.1047388204822789,0.04005780979735887,0.04005780979735887,0.269447112086706,1.0,0.005185735094850723,0.3898891966758972,29.969059442446117,0.004880918800139707,0.004880918800139707,0.8705075445816186,0.5,0.011113079883009762,0.4342442356959833,37.110079542748295,0.05204430226570364,0.05204430226570364,0.1805212620027435,1.0,0.030926475638616398,0.4377719756309874,44.4656820329796,3,0.0,0.269447112086706,0.730552887913294,-0.04007925641220584,0.02453580350430922,0.02451351464615575,0.04716338346556393,0.3753359651634657,0.5,2.0963703738385995,0.35057339733256504,0.5954128709604545,False,3,0.1422136514138849,0.6106468657679304,False,False,True,0.19266718302257,-0.0065405853925064,0.084072300942635,0.1880769424146614,0.6542658589237922,False,False,False,0.39999999999999997,0.0,0.5,5.137823650118176,variable_and_atlas_unsupported,True,False,False,False
TAL1,BSDC1,BSDC1,ENSG00000160058,0.1047263448092766,0.1047263448092766,True,0.6165644171779141,133.25360698987575,0.0097393689986282,True,0.0309266486894231,-0.116441403387112,1.01088947908883e-07,False,True,False,0.1047263448092766,0.06595955273030929,0.06595955273030929,0.05720949375771711,1.0,0.011641929371979758,0.6488919667590092,68.55827902210362,0.011358256313254959,0.011358256313254959,0.6506172839506172,1.0,0.007581099326125099,0.6643894107600504,69.39939875077751,0.05192340380861483,0.05192340380861483,0.16858710562414267,0.6666666666666666,0.05217847216394029,0.6997389033942539,76.08553467721508,3,1.0,0.16858710562414267,0.8314128943758573,0.05197014195885675,0.02840015345752608,0.028354441857480095,0.05460129641705433,0.31540737433361266,0.6666666666666666,2.993887095110464,0.22381319016456513,0.4801279966371298,False,0,,,False,False,False,0.010653753932048,0.0381199513819422,0.0558462140974858,0.1029044001166209,0.9256815628692856,False,False,False,0.39999999999999997,-0.39999999999999997,0.0,4.899730600736615,variable_and_atlas_unsupported,True,False,False,True
KLF1,UBALD2,UBALD2,ENSG00000185262,-0.1046240925920327,0.1046240925920327,True,0.4792944785276073,93.97616129629728,0.0093278463648834,False,,,,False,False,False,0.1046240925920327,-0.05438001997477735,0.05438001997477735,0.13486074907394704,1.0,0.004869591344361703,0.4120498614958416,33.209520435102064,-0.0207060700189699,0.0207060700189699,0.48340192043895747,0.75,0.016873352098038193,0.40777113578138063,33.38376326694893,-0.0255806225354824,0.0255806225354824,0.5026063100137175,0.6666666666666666,0.032682872527343955,0.5387293298520494,53.986461681018376,3,1.0,0.48340192043895747,0.5165980795610425,0.025586204442948367,0.01822690597188638,0.018198449845746624,0.033673949955807456,0.2069970025170812,0.6666666666666666,1.0634180693549249,0.5875998824829218,0.7700426253409195,False,3,0.1697126448318139,0.6782170434332202,False,False,True,-0.0189394775954177,0.0878127343070801,-0.2269926892937762,0.1179655382478469,0.2984021551627289,False,False,False,0.0,0.39999999999999997,0.5,4.55362592638822,variable_and_atlas_unsupported,True,False,False,False
KLF1,GUK1,GUK1,ENSG00000143774,0.1045829849024502,0.1045829849024502,True,0.9424846625766872,621.726739716013,0.0094650205761316,True,0.0342916904103505,-0.0970898457209511,9.314501608871981e-17,False,True,False,0.1045829849024502,0.02637336797054893,0.02637336797054893,0.46659349705034986,0.75,0.030791953976962043,0.7569252077562467,104.72940605476704,0.06216042931472373,0.06216042931472373,0.0551440329218107,1.0,0.0454389210295452,0.8505550811272805,140.419097690367,0.13865302064237736,0.13865302064237736,0.003017832647462277,1.0,0.011311360801421743,0.9643167972149577,263.44794962478636,3,1.0,0.0551440329218107,0.9448559670781893,0.06224067639202085,0.05783749905457674,0.05735641593256677,0.11227965267182843,0.25393903432165305,0.75,8.362854261286424,0.01527669016962257,0.09852320066496525,True,3,-0.0081151252351603,0.9657768531045802,False,False,True,-0.0769215053819244,-0.0210036310857242,-0.0966382313145546,0.0106330295862633,0.6913421533814519,False,False,False,0.19999999999999998,0.19999999999999998,0.75,6.434107802527044,transportable_but_atlas_unsupported,False,False,True,False
KLF1,EIF2S2,EIF2S2,ENSG00000125977,0.1044314995948251,0.1044314995948251,True,0.7607361963190185,276.8987101268955,0.0096021947873799,False,,,,False,False,False,0.1044314995948251,0.014108783211665274,0.014108783211665274,0.6926876114693373,0.75,0.018458335482067663,0.9127423822714932,250.43006390657172,0.013425182931693324,0.013425182931693324,0.6499314128943758,0.75,0.01974559974138905,0.9619982920581224,328.4631800961546,0.013537576359643772,0.013537576359643772,0.7257887517146776,0.6666666666666666,0.02319412410382205,0.9634464751958106,433.78922904250487,3,1.0,0.6926876114693373,0.3073123885306627,0.013538403442962414,0.0003666345717092453,0.00036656488584798865,0.0006836002799719496,0.03803093884155655,0.6666666666666666,0.00043344364887219896,0.9997833016580421,0.9997833016580421,False,3,-0.0103163940197916,0.9657768531045802,False,False,True,-0.0294135911273739,-0.026013927336328,-0.0694316621118119,-0.0986037098036752,0.702017521401218,False,False,False,0.7999999999999999,0.7999999999999999,1.0,5.62725669523677,variable_and_atlas_unsupported,True,False,False,False
KLF1,ATP6V1D,ATP6V1D,ENSG00000100554,0.1043058353176828,0.1043058353176828,True,0.6794478527607362,154.57399420763292,0.0097393689986282,True,-0.0390514518770114,-0.0875283436943718,1.0739052576347e-08,False,True,False,0.1043058353176828,0.03324825114444342,0.03324825114444342,0.35848538894224175,1.0,0.020477639415722046,0.4667590027700793,38.82884073869125,0.021597802369399077,0.021597802369399077,0.4655692729766804,1.0,0.0066141998164505255,0.5913748932536368,55.158947654854344,0.06440110031562274,0.06440110031562274,0.09670781893004116,1.0,0.029792754990197914,0.735422106179283,87.17936928669423,3,1.0,0.35848538894224175,0.6415146110577583,0.03326051066115392,0.022176289245206815,0.022129751027426762,0.04280329794622366,0.1897600355988209,1.0,1.4112746477468918,0.49379376739331415,0.6950035363164146,False,3,0.0509413412507993,0.7890597849502565,False,False,True,-0.0531732863096855,0.0668740490776536,-0.0457634392518509,0.0495860462068907,0.6054152067242751,False,False,False,-0.7999999999999999,0.19999999999999998,0.5,5.047121465434434,variable_and_atlas_unsupported,True,False,False,False
KLF1,SMIM1,SMIM1,ENSG00000235169,0.1036735679553778,0.1036735679553778,True,0.6188650306748467,166.73971474369566,0.0098765432098765,True,-0.0813329567703166,0.0637244373337651,2.74901189895946e-08,False,False,False,0.1036735679553778,0.015966979694330016,0.015966979694330016,0.6537247907806284,0.75,0.024630048057652468,0.7153739612188477,94.66940199110657,0.028766691299059188,0.028766691299059188,0.34074074074074073,1.0,0.010685927875081165,0.7826643894107906,109.96983100572295,0.02289942288942255,0.02289942288942255,0.5458161865569273,0.6666666666666666,0.03336760891310414,0.9042645778938111,188.88482988791387,3,1.0,0.5458161865569273,0.4541838134430727,0.022903426842960935,0.006410507728601047,0.006407238411985612,0.012799711604729171,0.1589859642240922,0.6666666666666666,0.14623611933230343,0.9294910881403182,0.9684329930620135,False,3,0.195046885636412,0.262854885206769,False,False,True,0.0502800421537884,-0.0059180760574584,-0.026569852590966,0.195881442620855,0.4534732625306825,False,False,False,0.19999999999999998,-0.39999999999999997,0.5,5.122413460968768,variable_and_atlas_unsupported,True,False,False,False
KLF1,GPX4,GPX4,ENSG00000167468,-0.1035623387145116,0.1035623387145116,True,0.3466257668711656,80.98617228376659,0.0100137174211248,True,-0.0877412351963992,0.110669862204282,3.1349196350217e-35,False,True,False,0.1035623387145116,0.02202947921302179,0.02202947921302179,0.535875977500343,0.75,0.035156088318435925,0.9300554016620761,248.2078444017929,0.0096317911416339,0.0096317911416339,0.7438957475994513,0.75,0.03288530268533553,0.9244235695986814,215.97628091665874,-0.003441933929788645,0.003441933929788645,0.9286694101508917,0.6666666666666666,0.03573741158642285,0.8128807658833707,151.75375556898035,3,0.3333333333333333,0.7438957475994513,0.2561042524005487,-0.009632089009799083,0.012738977583312326,0.012737201708972502,0.025471413142810435,0.19651132785760747,0.6666666666666666,0.4127178864495535,0.8135410088350413,0.8959421251036618,False,3,0.069113161527132,0.8698670706792665,False,False,True,0.012445819455496,0.0452799098920243,0.1774868823199296,0.0286169290074665,0.7496520527043287,False,False,False,-0.7999999999999999,0.39999999999999997,0.5,4.4065506023587275,variable_and_atlas_unsupported,True,False,False,False
KLF1,AMMECR1,AMMECR1,ENSG00000101935,0.1033008423714906,0.1033008423714906,True,0.7200920245398773,358.40239665735663,0.0101508916323731,True,0.133030424050842,-0.105506697696543,4.61501994916282e-26,False,True,False,0.1033008423714906,0.0476699642645435,0.0476699642645435,0.19028673343394156,1.0,0.0369254825316933,0.9245152354570896,403.5302581827145,0.01279554369786437,0.01279554369786437,0.6676268861454047,0.75,0.01708180896298425,0.9611443210931351,511.42269489145065,0.03183051810570363,0.03183051810570363,0.40342935528120716,1.0,0.02685900546504503,0.9512619669277519,507.75889625953425,3,1.0,0.40342935528120716,0.5965706447187928,0.03184127468023682,0.017479065584342764,0.017461593642369794,0.03487442056667913,0.23912470036686853,0.75,1.109187149635396,0.5743056260393093,0.7640035178712777,False,3,0.0343772983859754,0.868438329965899,False,False,True,-0.2184738283641675,-0.0347472181439067,-0.1541632408618459,0.0137481153549819,0.1641537904086942,False,False,False,-0.19999999999999998,-0.19999999999999998,0.75,5.88444264282293,variable_and_atlas_unsupported,True,False,False,False
TAL1,SH2B3,SH2B3,ENSG00000111252,0.1030834014540837,0.1030834014540837,True,0.4079754601226993,72.37083895433743,0.0108367626886145,False,,,,False,False,False,0.1030834014540837,0.04281507843806858,0.04281507843806858,0.20181094800384142,1.0,0.022839838805756248,0.5096952908587223,45.80403978765328,0.036417403066769376,0.036417403066769376,0.14773662551440328,1.0,0.011900801733488219,0.5375747224594373,50.62850213252359,0.05856557359605143,0.05856557359605143,0.12098765432098765,1.0,0.03513141151591967,0.599651871192343,65.94942344529596,3,1.0,0.14773662551440328,0.8522633744855967,0.04284126913237729,0.011425338429980053,0.01139846338819644,0.022148170529282057,0.04117431362379294,1.0,0.3772827079217532,0.8280834422908043,0.8987181418735802,False,0,,,False,False,False,0.2117639210409314,0.0470349400850375,0.0596286921841138,-0.1561728394861819,0.2058958750725813,False,False,False,0.39999999999999997,0.39999999999999997,0.25,4.295526567229664,variable_and_atlas_unsupported,True,False,False,True
KLF1,TMEM140,TMEM140,ENSG00000146859,-0.1030244165180456,0.1030244165180456,True,0.3006134969325153,60.65177715830477,0.0102880658436214,False,,,,False,False,False,0.1030244165180456,-0.0006849215161542991,0.0006849215161542991,0.985045959665249,0.5,0.011353571733441379,0.07063711911357336,4.456440115819113,0.03848749782803196,0.03848749782803196,0.21371742112482853,1.0,0.005762360584727848,0.07728437233134082,4.389422432883147,0.017879809503281458,0.017879809503281458,0.6399176954732511,0.6666666666666666,0.021694005119214727,0.11227154046997366,8.144964617397532,3,0.3333333333333333,0.6399176954732511,0.36008230452674894,-0.017881715186552703,0.019604725125064594,0.019595086515037538,0.039172419344186256,0.38637371955266164,0.5,1.389911259284453,0.49909659258822714,0.6973832749709088,False,3,0.1014048029420541,0.8395353032934146,False,False,True,0.4431371874710901,0.3204854899805253,-0.3639328329723355,0.1141409532886524,0.364504680701667,False,False,False,-1.0,0.0,0.75,4.121502055769162,variable_and_atlas_unsupported,True,False,False,False
KLF1,GYPA,GYPA,ENSG00000170180,0.1029645711082826,0.1029645711082826,True,0.8757668711656442,836.7171154758335,0.0104252400548696,True,0.0949692952517913,-0.154863001073195,1.5651110550284399e-18,False,True,False,0.1029645711082826,0.09135065780073666,0.09135065780073666,0.020167375497324735,1.0,0.02323989674785002,0.3905817174515205,42.09346221580081,0.09536157541550311,0.09536157541550311,0.010425240054869684,1.0,0.0120970157302658,0.7395388556789323,142.01044724996243,0.12507196008349036,0.12507196008349036,0.004801097393689987,1.0,0.03657241032885884,0.9643167972149577,592.383424778989,3,1.0,0.010425240054869684,0.9895747599451303,0.09565223029159939,0.018643716624910156,0.018420643514261682,0.033721302282753704,0.00777455986332651,1.0,0.8872560792851051,0.6417040649148597,0.8033650318070423,True,3,-0.0186889237060435,0.9144261961344348,False,False,True,-0.0372643068864068,0.0471788101002209,-0.0950250818915733,-0.0134809962322909,0.8297346413552918,False,False,False,0.39999999999999997,0.39999999999999997,0.75,6.730680472460931,transportable_but_atlas_unsupported,False,False,True,False
KLF1,TNRC6A,TNRC6A,ENSG00000090905,0.1028004971313448,0.1028004971313448,True,0.4409509202453988,85.13216580613076,0.0105624142661179,False,,,,False,False,False,0.1028004971313448,0.027098641686908898,0.027098641686908898,0.4535601591439155,1.0,0.010484060139593361,0.8878116343490537,203.34092149170456,0.031063580601789,0.031063580601789,0.30781893004115224,1.0,0.012768306404340157,0.9035012809564927,202.43055196594938,-0.0403270211909586,0.0403270211909586,0.28820301783264746,1.0,0.013850918561458824,0.8729329852045172,172.52595437534876,3,0.6666666666666666,0.30781893004115224,0.6921810699588478,0.02710527778385544,0.04013930909668552,0.04012181198020437,0.0713906017927476,0.0903403509464722,1.0,4.280973629220197,0.11759758086440562,0.34175071622097225,False,3,0.0645771187944887,0.7890597849502565,False,False,True,-0.0346638985283578,-0.0096319674653312,-0.0036263117008483,0.0504920852178527,0.7314853018283219,False,False,False,0.19999999999999998,-0.39999999999999997,0.5,4.455882928266086,variable_and_atlas_unsupported,True,False,False,False
TAL1,R3HCC1L,R3HCC1L,ENSG00000166024,0.1026147437375317,0.1026147437375317,True,0.3013803680981595,51.48531736489557,0.0111111111111111,False,,,,False,False,False,0.1026147437375317,-0.04029817056124529,0.04029817056124529,0.22924955412265058,1.0,0.0064483409229747985,0.6530470914127491,74.37940359803902,-0.011075474440025148,0.011075474440025148,0.6577503429355281,1.0,0.017556480706172474,0.7002561912895168,82.35074723120569,0.03984323411411937,0.03984323411411937,0.2868312757201646,0.6666666666666666,0.05634746911905417,0.6884247171453423,82.92839891441992,3,0.3333333333333333,0.2868312757201646,0.7131687242798355,-0.011075927335236081,0.04057843366959486,0.04055721389337053,0.08014140467536465,0.23256165315148417,0.6666666666666666,4.121487019910417,0.1273592418193705,0.35672113432665314,False,0,,,False,False,False,0.0422066913698669,0.0210524145280446,0.0533382112422229,-0.074305401675544,0.843292792515562,False,False,False,0.7999999999999999,0.39999999999999997,0.75,3.960533461242759,variable_and_atlas_unsupported,True,False,False,False
KLF1,RIPOR3,RIPOR3,ENSG00000042062,0.1021684972533809,0.1021684972533809,True,0.6886503067484663,197.3291548433528,0.0106995884773662,True,0.0395666754336965,-0.0714311305492166,5.03205522125331e-07,False,True,False,0.1021684972533809,0.05203696097362384,0.05203696097362384,0.15228426395939088,1.0,0.008084269903136434,0.641966759002776,77.25188749156777,0.06656518997644593,0.06656518997644593,0.04375857338820302,1.0,0.01389428853108639,0.7583262169086528,115.86789107217432,0.01305728931537655,0.01305728931537655,0.7355281207133059,0.6666666666666666,0.021473119637603115,0.8398607484769293,158.33210198090615,3,1.0,0.15228426395939088,0.8477157360406091,0.05208400677983112,0.027716334180788844,0.02766941655118541,0.053507900661069384,0.37204308186049106,0.6666666666666666,2.204599426472268,0.33210645521108867,0.5873539879304682,False,3,0.1892081546972667,0.2383468290751336,False,False,True,-0.049696071954082,0.0176791389809141,-0.1776691822151303,0.1846021340368813,0.1023403654557358,False,False,False,0.19999999999999998,-1.0,0.5,5.2899280486388776,variable_and_atlas_unsupported,True,False,False,False
KLF1,SLC25A39,SLC25A39,ENSG00000013306,0.1021252043260645,0.1021252043260645,True,0.9601226993865032,738.8888626560338,0.0108367626886145,True,0.0355790127625102,-0.0864746211879353,2.63432001891781e-16,False,True,False,0.1021252043260645,0.06683516389501178,0.06683516389501178,0.07449581561256688,1.0,0.018276801867557174,0.8497229916897713,160.68753540905638,0.09317062718083054,0.09317062718083054,0.011659807956104253,1.0,0.02116447669960459,0.9329632792485544,219.06612334356393,0.11569236433714414,0.11569236433714414,0.006858710562414266,1.0,0.04128743621032498,0.9782419495213105,404.6351282651559,3,1.0,0.011659807956104253,0.9883401920438958,0.09344163759793833,0.02466247356611583,0.024453395490399977,0.04885720044213236,0.03774076570048208,1.0,1.5653830605726327,0.4571738565770953,0.6744008088207455,True,3,0.0198057745728966,0.8590040550092644,False,False,True,-0.076813790742269,-0.0158087808886573,-0.0716719125511616,0.0277782224529846,0.568368604141395,False,False,False,-0.19999999999999998,-0.39999999999999997,0.75,6.606499989319275,transportable_but_atlas_unsupported,False,False,True,False
KLF1,SGMS1,SGMS1,ENSG00000198964,0.1019844789597398,0.1019844789597398,True,0.8496932515337423,504.07257803728334,0.0109739368998628,False,,,,False,False,False,0.1019844789597398,-0.01607991429942131,0.01607991429942131,0.6511181231993415,0.75,0.014738635984022126,0.8691135734072242,220.16607717300437,0.02737018637886753,0.02737018637886753,0.3636488340192044,1.0,0.007123691457048574,0.9047822374039737,236.84395571003665,-0.012489475245315467,0.012489475245315467,0.7463648834019204,0.6666666666666666,0.02685572964935122,0.9277632724107815,299.09964124268436,3,0.3333333333333333,0.6511181231993415,0.3488818768006585,-0.012490124704658866,0.02412091780669915,0.024116367631234224,0.04345010067828884,0.19924110687219077,0.6666666666666666,2.14911446887522,0.3414489036527353,0.5954128709604545,False,3,0.0147852982435545,0.915571724688304,False,False,True,-4.35118892382864e-05,0.029706068899173,0.0829811947361668,0.0323082910963895,0.843292792515562,False,False,False,-0.19999999999999998,-0.39999999999999997,0.25,6.2247021378345,variable_and_atlas_unsupported,True,False,False,True
KLF1,UBAC1,UBAC1,ENSG00000130560,0.1018869563465925,0.1018869563465925,True,0.8427914110429447,384.4065903039884,0.0112482853223593,True,0.103461518776518,-0.0888647452240806,1.2112915281998201e-20,False,True,False,0.1018869563465925,0.10155352263072297,0.10155352263072297,0.011112635478117711,1.0,0.03237883233948813,0.8822714681440672,231.47925564599953,0.13278898907967013,0.13278898907967013,0.00205761316872428,1.0,0.02519699572866261,0.962425277540616,352.7291138991551,0.08774316169507981,0.08774316169507981,0.03017832647462277,1.0,0.008586149726407212,0.986074847693634,568.3680105922614,3,1.0,0.011112635478117711,0.9888873645218823,0.10190481008037096,0.023372020555599275,0.023077792348989067,0.045045827384590315,0.014354259060353034,1.0,1.8721064287198952,0.39217260612400034,0.6208563764469468,True,3,0.0738990739424973,0.5326247986594665,False,False,True,-0.102252895438582,-0.0653890915457933,-0.1258238036685432,0.0543960463428642,0.1415934693869604,False,False,False,-0.7999999999999999,-0.7999999999999999,0.75,5.954298855740625,transportable_but_atlas_unsupported,False,False,True,False
TAL1,ARMC1,ARMC1,ENSG00000104442,-0.1016548409924018,0.1016548409924018,True,0.1533742331288343,18.37755206170001,0.0115226337448559,False,,,,False,False,False,0.1016548409924018,-0.019949668067463316,0.019949668067463316,0.5415008917546988,1.0,0.014796151720600711,0.585180055401664,55.120121316960756,-0.04352417792133546,0.04352417792133546,0.09080932784636489,1.0,0.01771052366382641,0.637062339880457,61.01513986563517,0.041580279836873714,0.041580279836873714,0.26694101508916324,1.0,0.007348347811998513,0.5700609225413432,50.806509243807874,3,0.6666666666666666,0.26694101508916324,0.7330589849108368,0.019952315284147572,0.04396529141943885,0.043940225940625965,0.08510445775820917,0.22713005925523852,1.0,5.559315120448988,0.06205975546778535,0.23002987206322836,False,0,,,False,False,False,-0.0177062197484998,0.0362189473505661,-0.1222611745822556,-0.2025861809326484,0.7239890688551928,False,False,False,0.7999999999999999,-0.19999999999999998,0.5,2.9641152858787323,variable_and_atlas_unsupported,True,False,False,False
TAL1,EIF4EBP1,EIF4EBP1,ENSG00000187840,-0.1013773340790652,0.1013773340790652,True,0.080521472392638,10.31308155507062,0.0117969821673525,False,,,,False,False,False,0.1013773340790652,0.01116438875532276,0.01116438875532276,0.7315132391274524,0.75,0.015220090349760743,0.5927977839335205,63.76521978951014,-0.005163745861396859,0.005163745861396859,0.8407407407407408,0.5,0.010953865154607499,0.5828351836037639,57.715485394501684,0.008987556414672922,0.008987556414672922,0.8131687242798354,0.6666666666666666,0.019439526100951166,0.4943429068755494,43.7870229794839,3,0.3333333333333333,0.8131687242798354,0.18683127572016456,-0.008987798419864513,0.008865962043619766,0.008865719891899305,0.01632813461671962,0.05680152793700831,0.5,0.2913295406687186,0.864447443044527,0.9194037237879077,False,0,,,False,False,False,-0.0413821353079262,-0.1485203500025203,-0.0629831177145416,-0.3782026442225248,0.7274907072774965,False,False,False,0.19999999999999998,-1.0,0.5,2.4259597158877275,variable_and_atlas_unsupported,True,False,False,False
KLF1,ANKH,ANKH,ENSG00000154122,0.0995994732060858,0.0995994732060858,True,0.6380368098159509,193.1880705360269,0.0124828532235939,True,0.071397768408374,-0.219487535970683,7.90084764191151e-41,False,True,False,0.0995994732060858,0.024877848451537225,0.024877848451537225,0.4882699958842091,1.0,0.018989481284094844,0.6073407202216101,72.3674988338962,0.057902803870411405,0.057902803870411405,0.07242798353909465,1.0,0.011298255759666958,0.6848847139197455,110.55647794510092,0.009843710872259588,0.009843710872259588,0.799039780521262,0.6666666666666666,0.05287606024332132,0.8833768494342819,238.5931588389918,3,1.0,0.4882699958842091,0.5117300041157908,0.024882982719286757,0.02461925902153893,0.024584376451235176,0.048059092998151816,0.36456987025540316,0.6666666666666666,2.072428021836669,0.3547953938844478,0.597615225643343,False,3,0.1402824398800107,0.608156979748136,False,False,True,-0.0241826885599279,-0.1339259903845113,-0.1037606389883071,0.1741465785050361,0.1684892322642628,False,False,False,0.7999999999999999,-0.39999999999999997,0.75,5.268827125216678,variable_and_atlas_unsupported,True,False,False,False
KLF1,CPOX,CPOX,ENSG00000080819,0.0940632364718845,0.0940632364718845,True,0.7384969325153374,268.82599037428554,0.0152263374485596,True,0.0610830351963153,-0.0800236284507657,7.428673746243569e-11,False,True,False,0.0940632364718845,0.09159965093752842,0.09159965093752842,0.019618603374948553,1.0,0.016151570153913906,0.7437673130194037,95.17542143225332,0.12340628088453545,0.12340628088453545,0.0031550068587105624,1.0,0.0192248165048023,0.8407344150299266,134.9628659145348,0.06724683522581493,0.06724683522581493,0.08532235939643347,1.0,0.020696083710426798,0.9503916449086048,285.6744205410988,3,1.0,0.019618603374948553,0.9803813966250514,0.0918571372853177,0.02843143043823234,0.028162045020349958,0.056159445658720525,0.043473185966828524,1.0,2.6422678486303264,0.26683256242581377,0.5276976234555231,True,3,-0.0538660459669209,0.7890597849502565,False,False,True,-0.0089512697791573,-0.0287554000413262,-0.1039806865436818,-0.0664224878710766,0.8752673646657542,False,False,False,-0.39999999999999997,-0.39999999999999997,1.0,5.597777271136567,transportable_but_atlas_unsupported,False,False,True,False
KLF1,ABCC4,ABCC4,ENSG00000125257,0.0929782706413378,0.0929782706413378,True,0.8926380368098159,790.9596359987933,0.0156378600823045,False,,,,False,False,False,0.0929782706413378,-0.05565950323772895,0.05565950323772895,0.1275895184524626,1.0,0.012763394590093144,0.9134349030471165,328.81103860995296,-0.04115526946422097,0.04115526946422097,0.18381344307270234,1.0,0.009906201650477623,0.9171648163962894,282.5181912575583,-0.032039690666871685,0.032039690666871685,0.4,1.0,0.017864722735911418,0.8946910356831935,287.4914151223938,3,0.0,0.18381344307270234,0.8161865569272977,-0.04117852877049372,0.01193585236220723,0.011911913644538676,0.02361981257085726,0.1438200423867407,1.0,0.375003761508258,0.8290275589819295,0.8987181418735802,False,3,0.0780489881231301,0.5348348096759096,False,False,True,0.0745997089274393,0.0105972854297753,0.1165568556247415,0.0923397878780264,0.8261568683725588,False,False,False,-0.19999999999999998,-0.6000000000000001,0.75,6.6745104258676955,variable_and_atlas_unsupported,True,False,False,False
