TF,target,target_symbol,target_gene_id,importance,trees_fitted_for_target,rank_within_TF,percentile_within_TF
TAL1,THAP1,THAP1,ENSG00000131931,20.196714401245117,27,1.0,0.00013717421124828533
TAL1,EIPR1,EIPR1,ENSG00000032389,19.426467895507812,32,2.0,0.00027434842249657066
TAL1,BSPRY,BSPRY,ENSG00000119411,18.552845001220703,25,3.0,0.00041152263374485596
BCL11A,DEK,DEK,ENSG00000124795,18.108261108398438,40,1.0,0.00013717421124828533
TAL1,ICMT,ICMT,ENSG00000116237,17.871244430541992,26,4.0,0.0005486968449931413
TAL1,NR1D2,NR1D2,ENSG00000174738,17.72313690185547,30,5.0,0.0006858710562414266
TAL1,PHKG2,PHKG2,ENSG00000156873,17.612943649291992,25,6.0,0.0008230452674897119
TAL1,GCC1,GCC1,ENSG00000179562,17.55930519104004,25,7.0,0.0009602194787379973
TAL1,DALRD3,DALRD3,ENSG00000178149,17.204866409301758,26,8.0,0.0010973936899862826
TAL1,PLP2,PLP2,ENSG00000102007,17.194196701049805,27,9.0,0.0012345679012345679
BCL11A,SUMO2,SUMO2,ENSG00000188612,17.177783966064453,40,2.0,0.00027434842249657066
BCL11A,AARS,AARS,ENSG00000090861,16.863290786743164,32,3.0,0.00041152263374485596
BCL11A,UBE2H,UBE2H,ENSG00000186591,16.458232879638672,34,4.0,0.0005486968449931413
BCL11A,CENPK,CENPK,ENSG00000123219,16.403976440429688,37,5.0,0.0006858710562414266
BCL11A,ACAA2,ACAA2,ENSG00000167315,16.351051330566406,36,6.0,0.0008230452674897119
GATA1,PSTK,PSTK,ENSG00000179988,16.343544006347656,30,1.0,0.00013717421124828533
TAL1,MOSPD2,MOSPD2,ENSG00000130150,16.336219787597656,25,10.0,0.0013717421124828531
GATA1,CLPTM1,CLPTM1,ENSG00000104853,16.100433349609375,34,2.0,0.00027434842249657066
BCL11A,NBAS,NBAS,ENSG00000151779,15.740277290344238,33,7.0,0.0009602194787379973
BCL11A,ST8SIA6,ST8SIA6,ENSG00000148488,15.732148170471191,33,8.0,0.0010973936899862826
TAL1,SYNC,SYNC,ENSG00000162520,15.671133041381836,28,11.0,0.0015089163237311386
BCL11A,NARF,NARF,ENSG00000141562,15.582521438598633,36,9.0,0.0012345679012345679
BCL11A,ATF6,ATF6,ENSG00000118217,15.442276954650879,27,10.0,0.0013717421124828531
BCL11A,PSMA4,PSMA4,ENSG00000041357,15.355916976928711,36,11.0,0.0015089163237311386
BCL11A,PRKDC,PRKDC,ENSG00000253729,15.195508003234863,29,12.0,0.0016460905349794238
BCL11A,SERBP1,SERBP1,ENSG00000142864,15.08621883392334,35,13.0,0.0017832647462277093
BCL11A,SGO1,SGO1,ENSG00000129810,15.08579158782959,30,14.0,0.0019204389574759945
TAL1,BCL10,BCL10,ENSG00000142867,15.053257942199707,25,12.0,0.0016460905349794238
TAL1,CAB39L,CAB39L,ENSG00000102547,15.034663200378418,29,13.0,0.0017832647462277093
BCL11A,CLIC4,CLIC4,ENSG00000169504,14.979649543762207,32,15.0,0.00205761316872428
BCL11A,STAG1,STAG1,ENSG00000118007,14.943962097167969,30,16.0,0.0021947873799725653
BCL11A,HMGN2,HMGN2,ENSG00000198830,14.909549713134766,26,17.0,0.0023319615912208505
TAL1,TIMM13,TIMM13,ENSG00000099800,14.883115768432617,25,14.0,0.0019204389574759945
BCL11A,IKZF1,IKZF1,ENSG00000185811,14.869552612304688,34,18.0,0.0024691358024691358
BCL11A,LCMT1,LCMT1,ENSG00000205629,14.764001846313477,25,19.0,0.002606310013717421
TAL1,THOC5,THOC5,ENSG00000100296,14.670771598815918,25,15.0,0.00205761316872428
BCL11A,TCEA1,TCEA1,ENSG00000187735,14.65100383758545,29,20.0,0.0027434842249657062
BCL11A,FANCD2,FANCD2,ENSG00000144554,14.632670402526855,35,21.0,0.002880658436213992
BCL11A,ZCCHC17,ZCCHC17,ENSG00000121766,14.599068641662598,28,22.0,0.003017832647462277
TAL1,TBP,TBP,ENSG00000112592,14.540026664733887,25,16.0,0.0021947873799725653
BCL11A,TCP11L2,TCP11L2,ENSG00000166046,14.533000946044922,25,23.0,0.0031550068587105624
BCL11A,ZNF273,ZNF273,ENSG00000198039,14.481476783752441,29,24.0,0.0032921810699588477
BCL11A,STIL,STIL,ENSG00000123473,14.421334266662598,31,25.0,0.003429355281207133
BCL11A,LPIN2,LPIN2,ENSG00000101577,14.41336441040039,33,26.0,0.0035665294924554186
BCL11A,SLC16A1,SLC16A1,ENSG00000155380,14.313039779663086,33,27.0,0.003703703703703704
TAL1,ACTR6,ACTR6,ENSG00000075089,14.294337272644043,26,17.0,0.0023319615912208505
BCL11A,RNF10,RNF10,ENSG00000022840,14.280523300170898,30,28.0,0.003840877914951989
BCL11A,TRIM58,TRIM58,ENSG00000162722,14.265341758728027,28,29.0,0.003978052126200274
KLF1,AC010976.1,AC010976.1,ENSG00000231731,14.252119064331055,25,1.0,0.00013717421124828533
BCL11A,ATP5IF1,ATP5IF1,ENSG00000130770,14.24487018585205,25,30.0,0.00411522633744856
GFI1B,STK26,STK26,ENSG00000134602,14.241387367248535,27,1.0,0.00013717421124828533
KLF1,BOLA1,BOLA1,ENSG00000178096,14.162202835083008,30,2.0,0.00027434842249657066
NFE2,MAP3K3,MAP3K3,ENSG00000198909,14.154623985290527,27,1.0,0.00013717421124828533
BCL11A,C1orf112,C1orf112,ENSG00000000460,14.063705444335938,35,31.0,0.004252400548696845
BCL11A,BUB1B,BUB1B,ENSG00000156970,14.058797836303711,26,32.0,0.0043895747599451305
BCL11A,IMPA2,IMPA2,ENSG00000141401,14.0150728225708,25,33.0,0.004526748971193415
BCL11A,DEPDC1,DEPDC1,ENSG00000024526,14.004405975341797,27,34.0,0.004663923182441701
BCL11A,KIF11,KIF11,ENSG00000138160,14.00279426574707,27,35.0,0.004801097393689987
KLF1,POLR3A,POLR3A,ENSG00000148606,13.9960355758667,27,3.0,0.00041152263374485596
BCL11A,EXOSC8,EXOSC8,ENSG00000120699,13.963821411132812,28,36.0,0.0049382716049382715
BCL11A,ATP2B1,ATP2B1,ENSG00000070961,13.881091117858887,27,37.0,0.005075445816186557
BCL11A,DLEU2,DLEU2,ENSG00000231607,13.85798168182373,30,38.0,0.005212620027434842
BCL11A,SMC2,SMC2,ENSG00000136824,13.793131828308105,33,39.0,0.005349794238683128
BCL11A,MZT1,MZT1,ENSG00000204899,13.78268051147461,31,40.0,0.0054869684499314125
TAL1,PRORP,PRORP,ENSG00000100890,13.759522438049316,25,18.0,0.0024691358024691358
BCL11A,SMG6,SMG6,ENSG00000070366,13.750725746154785,30,41.0,0.005624142661179698
BCL11A,ZNF236,ZNF236,ENSG00000130856,13.746622085571289,30,42.0,0.005761316872427984
BCL11A,PPIE,PPIE,ENSG00000084072,13.73190975189209,25,43.0,0.005898491083676269
BCL11A,HIST1H1B,HIST1H1B,ENSG00000184357,13.724496841430664,30,44.0,0.006035665294924554
BCL11A,RCC2,RCC2,ENSG00000179051,13.706787109375,31,45.0,0.006172839506172839
KLF1,CCSAP,CCSAP,ENSG00000154429,13.663780212402344,29,4.0,0.0005486968449931413
BCL11A,LIN54,LIN54,ENSG00000189308,13.658099174499512,26,46.0,0.006310013717421125
BCL11A,HIST2H2AC,HIST2H2AC,ENSG00000184260,13.651308059692383,28,47.0,0.0064471879286694105
BCL11A,SLC2A4RG,SLC2A4RG,ENSG00000125520,13.6314058303833,29,48.0,0.006584362139917695
NFE2,MRPL11,MRPL11,ENSG00000174547,13.621084213256836,33,2.0,0.00027434842249657066
BCL11A,UFL1,UFL1,ENSG00000014123,13.61276912689209,29,49.0,0.006721536351165981
BCL11A,H2AFV,H2AFV,ENSG00000105968,13.596924781799316,28,50.0,0.006858710562414266
BCL11A,LSM6,LSM6,ENSG00000164167,13.584853172302246,29,51.0,0.0069958847736625515
BCL11A,PHF10,PHF10,ENSG00000130024,13.576714515686035,32,52.0,0.007133058984910837
BCL11A,XPOT,XPOT,ENSG00000184575,13.551786422729492,27,53.0,0.007270233196159122
BCL11A,SPAG5,SPAG5,ENSG00000076382,13.544655799865723,31,54.0,0.007407407407407408
BCL11A,CHCHD3,CHCHD3,ENSG00000106554,13.541080474853516,32,55.0,0.0075445816186556925
BCL11A,SPPL2A,SPPL2A,ENSG00000138600,13.540282249450684,29,56.0,0.007681755829903978
KLF1,POLD1,POLD1,ENSG00000062822,13.511679649353027,26,5.0,0.0006858710562414266
BCL11A,UROS,UROS,ENSG00000188690,13.47607707977295,28,57.0,0.007818930041152264
BCL11A,WASL,WASL,ENSG00000106299,13.459583282470703,27,58.0,0.007956104252400549
BCL11A,MAP3K5,MAP3K5,ENSG00000197442,13.446342468261719,27,59.0,0.008093278463648833
BCL11A,RNGTT,RNGTT,ENSG00000111880,13.426907539367676,25,60.0,0.00823045267489712
BCL11A,BUB1,BUB1,ENSG00000169679,13.419191360473633,27,61.0,0.008367626886145405
TAL1,SLC16A4,SLC16A4,ENSG00000168679,13.40275764465332,28,19.0,0.002606310013717421
BCL11A,PSIP1,PSIP1,ENSG00000164985,13.382927894592285,28,62.0,0.00850480109739369
BCL11A,SRSF3,SRSF3,ENSG00000112081,13.37414264678955,27,63.0,0.008641975308641974
BCL11A,ATG14,ATG14,ENSG00000126775,13.350581169128418,27,64.0,0.008779149519890261
BCL11A,UBL7-AS1,UBL7-AS1,ENSG00000247240,13.335867881774902,25,65.0,0.008916323731138546
NFE2,TANC1,TANC1,ENSG00000115183,13.330473899841309,25,3.0,0.00041152263374485596
BCL11A,PCNP,PCNP,ENSG00000081154,13.287919998168945,25,66.0,0.00905349794238683
BCL11A,ZFAND3,ZFAND3,ENSG00000156639,13.257752418518066,26,67.0,0.009190672153635117
BCL11A,HMGB1,HMGB1,ENSG00000189403,13.24482536315918,25,68.0,0.009327846364883402
BCL11A,PGRMC2,PGRMC2,ENSG00000164040,13.219300270080566,27,69.0,0.009465020576131687
BCL11A,HIST1H1D,HIST1H1D,ENSG00000124575,13.214466094970703,25,70.0,0.009602194787379973
TAL1,CCDC15,CCDC15,ENSG00000149548,13.202499389648438,27,20.0,0.0027434842249657062
BCL11A,USP1,USP1,ENSG00000162607,13.181025505065918,27,71.0,0.009739368998628258
TAL1,CHD1,CHD1,ENSG00000153922,13.17616081237793,27,21.0,0.002880658436213992
BCL11A,FNDC3A,FNDC3A,ENSG00000102531,13.170449256896973,25,72.0,0.009876543209876543
BCL11A,HNRNPH1,HNRNPH1,ENSG00000169045,13.159412384033203,35,73.0,0.010013717421124828
BCL11A,MXD3,MXD3,ENSG00000213347,13.158802032470703,30,74.0,0.010150891632373114
TAL1,KIF26A,KIF26A,ENSG00000066735,13.147500038146973,27,22.0,0.003017832647462277
BCL11A,NVL,NVL,ENSG00000143748,13.134011268615723,38,75.0,0.0102880658436214
BCL11A,CCP110,CCP110,ENSG00000103540,13.112858772277832,27,76.0,0.010425240054869684
BCL11A,MPHOSPH9,MPHOSPH9,ENSG00000051825,13.108819007873535,28,77.0,0.01056241426611797
TAL1,NADSYN1,NADSYN1,ENSG00000172890,13.096981048583984,26,23.0,0.0031550068587105624
NFE2,ARHGDIA,ARHGDIA,ENSG00000141522,13.08271312713623,28,4.0,0.0005486968449931413
GFI1B,ZNF766,ZNF766,ENSG00000196214,13.078230857849121,28,2.0,0.00027434842249657066
BCL11A,LANCL3,LANCL3,ENSG00000147036,13.064068794250488,26,78.0,0.010699588477366255
BCL11A,AP001011.1,AP001011.1,ENSG00000266049,13.060389518737793,27,79.0,0.01083676268861454
BCL11A,CIT,CIT,ENSG00000122966,13.056329727172852,27,80.0,0.010973936899862825
BCL11A,VRK1,VRK1,ENSG00000100749,13.042774200439453,31,81.0,0.011111111111111112
BCL11A,NEURL1B,NEURL1B,ENSG00000214357,13.029401779174805,34,82.0,0.011248285322359396
BCL11A,CEP350,CEP350,ENSG00000135837,13.025077819824219,25,83.0,0.011385459533607681
BCL11A,CFAP97,CFAP97,ENSG00000164323,13.023371696472168,29,84.0,0.011522633744855968
BCL11A,FUT8,FUT8,ENSG00000033170,13.012200355529785,33,85.0,0.011659807956104253
BCL11A,PPP2R5C,PPP2R5C,ENSG00000078304,13.006206512451172,29,86.0,0.011796982167352537
BCL11A,PSAT1,PSAT1,ENSG00000135069,13.003311157226562,32,87.0,0.011934156378600824
KLF1,LACTB,LACTB,ENSG00000103642,12.97119426727295,28,6.0,0.0008230452674897119
BCL11A,ATG4C,ATG4C,ENSG00000125703,12.96928882598877,26,88.0,0.012071330589849109
BCL11A,NIBAN1,NIBAN1,ENSG00000135842,12.961969375610352,28,89.0,0.012208504801097394
TAL1,CLCN6,CLCN6,ENSG00000011021,12.93478775024414,28,24.0,0.0032921810699588477
TAL1,TPGS1,TPGS1,ENSG00000141933,12.9252347946167,25,25.0,0.003429355281207133
BCL11A,TNFAIP8,TNFAIP8,ENSG00000145779,12.90522289276123,28,90.0,0.012345679012345678
KLF1,SETDB2,SETDB2,ENSG00000136169,12.902138710021973,27,7.0,0.0009602194787379973
TAL1,FTH1,FTH1,ENSG00000167996,12.89456558227539,25,26.0,0.0035665294924554186
TAL1,NFKBIA,NFKBIA,ENSG00000100906,12.894521713256836,27,27.0,0.003703703703703704
BCL11A,ANAPC16,ANAPC16,ENSG00000166295,12.852822303771973,27,91.0,0.012482853223593965
GFI1B,TGFBR1,TGFBR1,ENSG00000106799,12.79991340637207,25,3.0,0.00041152263374485596
BCL11A,CENPF,CENPF,ENSG00000117724,12.798636436462402,28,92.0,0.01262002743484225
BCL11A,CIP2A,CIP2A,ENSG00000163507,12.793371200561523,28,93.0,0.012757201646090535
KLF1,HEXIM1,HEXIM1,ENSG00000186834,12.784263610839844,25,8.0,0.0010973936899862826
TAL1,RRAGC,RRAGC,ENSG00000116954,12.776934623718262,30,28.0,0.003840877914951989
TAL1,PPP1R8,PPP1R8,ENSG00000117751,12.7766695022583,28,29.0,0.003978052126200274
TAL1,METTL16,METTL16,ENSG00000127804,12.774214744567871,25,30.0,0.00411522633744856
BCL11A,SUPT16H,SUPT16H,ENSG00000092201,12.764156341552734,28,94.0,0.012894375857338821
BCL11A,STRN3,STRN3,ENSG00000196792,12.76122760772705,34,95.0,0.013031550068587106
BCL11A,DECR1,DECR1,ENSG00000104325,12.759130477905273,29,96.0,0.01316872427983539
TAL1,IFT43,IFT43,ENSG00000119650,12.745494842529297,35,31.0,0.004252400548696845
BCL11A,TACC3,TACC3,ENSG00000013810,12.743338584899902,30,97.0,0.013305898491083675
BCL11A,HIST1H4E,HIST1H4E,ENSG00000276966,12.74136734008789,25,98.0,0.013443072702331962
BCL11A,RRM1,RRM1,ENSG00000167325,12.712859153747559,28,99.0,0.013580246913580247
TAL1,MGA,MGA,ENSG00000174197,12.708535194396973,25,32.0,0.0043895747599451305
BCL11A,NCL,NCL,ENSG00000115053,12.693921089172363,28,100.0,0.013717421124828532
BCL11A,AL162464.2,AL162464.2,ENSG00000258690,12.687597274780273,29,101.0,0.013854595336076818
BCL11A,STK10,STK10,ENSG00000072786,12.686751365661621,25,102.0,0.013991769547325103
GFI1B,DEAF1,DEAF1,ENSG00000177030,12.685731887817383,25,4.0,0.0005486968449931413
BCL11A,DDX39B,DDX39B,ENSG00000198563,12.684900283813477,27,103.0,0.014128943758573388
BCL11A,HNRNPA3,HNRNPA3,ENSG00000170144,12.649884223937988,25,104.0,0.014266117969821674
BCL11A,ITGA4,ITGA4,ENSG00000115232,12.64914321899414,29,105.0,0.01440329218106996
BCL11A,RSRC1,RSRC1,ENSG00000174891,12.64758586883545,33,106.0,0.014540466392318244
TAL1,VAMP4,VAMP4,ENSG00000117533,12.647058486938477,25,33.0,0.004526748971193415
BCL11A,BSG,BSG,ENSG00000172270,12.638476371765137,25,107.0,0.014677640603566529
BCL11A,NUF2,NUF2,ENSG00000143228,12.636500358581543,34,108.0,0.014814814814814815
BCL11A,SPC25,SPC25,ENSG00000152253,12.629035949707031,25,109.0,0.0149519890260631
GATA1,AAGAB,AAGAB,ENSG00000103591,12.621443748474121,27,3.0,0.00041152263374485596
BCL11A,ATF5,ATF5,ENSG00000169136,12.614725112915039,27,110.0,0.015089163237311385
BCL11A,H1FX,H1FX,ENSG00000184897,12.609540939331055,28,111.0,0.015226337448559672
BCL11A,UBE2S,UBE2S,ENSG00000108106,12.608882904052734,28,112.0,0.015363511659807956
BCL11A,PLK4,PLK4,ENSG00000142731,12.599505424499512,28,113.0,0.015500685871056241
BCL11A,TRIOBP,TRIOBP,ENSG00000100106,12.597468376159668,30,114.0,0.015637860082304528
BCL11A,G3BP1,G3BP1,ENSG00000145907,12.56921672821045,25,115.0,0.01577503429355281
BCL11A,FSD1L,FSD1L,ENSG00000106701,12.567514419555664,25,116.0,0.015912208504801097
TAL1,TOR1B,TOR1B,ENSG00000136816,12.560931205749512,25,34.0,0.004663923182441701
GFI1B,HNRNPDL,HNRNPDL,ENSG00000152795,12.538262367248535,30,5.0,0.0006858710562414266
BCL11A,ASPM,ASPM,ENSG00000066279,12.53116226196289,31,117.0,0.016049382716049384
BCL11A,NUP37,NUP37,ENSG00000075188,12.52599811553955,25,118.0,0.016186556927297667
KLF1,HIST1H2BJ,HIST1H2BJ,ENSG00000124635,12.507956504821777,25,9.0,0.0012345679012345679
BCL11A,RPS19,RPS19,ENSG00000105372,12.483845710754395,31,119.0,0.016323731138545954
BCL11A,TMEM233,TMEM233,ENSG00000224982,12.48167896270752,26,120.0,0.01646090534979424
BCL11A,ILF3,ILF3,ENSG00000129351,12.473944664001465,27,121.0,0.016598079561042523
GFI1B,SCRN3,SCRN3,ENSG00000144306,12.46259593963623,28,6.0,0.0008230452674897119
BCL11A,RACGAP1,RACGAP1,ENSG00000161800,12.457037925720215,26,122.0,0.01673525377229081
BCL11A,XPO1,XPO1,ENSG00000082898,12.456318855285645,26,123.0,0.016872427983539096
GATA1,TAF4B,TAF4B,ENSG00000141384,12.453865051269531,27,4.0,0.0005486968449931413
BCL11A,MLLT10,MLLT10,ENSG00000078403,12.43847370147705,26,124.0,0.01700960219478738
BCL11A,TUBA1B,TUBA1B,ENSG00000123416,12.433289527893066,29,125.0,0.017146776406035666
NFE2,APOBEC3A,APOBEC3A,ENSG00000128383,12.431432723999023,25,5.0,0.0006858710562414266
BCL11A,HIST1H2AD,HIST1H2AD,ENSG00000196866,12.414441108703613,29,126.0,0.01728395061728395
BCL11A,EEFSEC,EEFSEC,ENSG00000132394,12.411151885986328,35,127.0,0.017421124828532236
BCL11A,TET3,TET3,ENSG00000187605,12.409482955932617,29,128.0,0.017558299039780522
BCL11A,TRIB3,TRIB3,ENSG00000101255,12.400247573852539,25,129.0,0.017695473251028805
BCL11A,KIFC1,KIFC1,ENSG00000237649,12.398950576782227,26,130.0,0.01783264746227709
TAL1,EGR1,EGR1,ENSG00000120738,12.398780822753906,25,35.0,0.004801097393689987
TAL1,ARHGAP17,ARHGAP17,ENSG00000140750,12.360097885131836,25,36.0,0.0049382716049382715
BCL11A,ARL15,ARL15,ENSG00000185305,12.358567237854004,28,131.0,0.017969821673525378
BCL11A,OLA1,OLA1,ENSG00000138430,12.354705810546875,25,132.0,0.01810699588477366
KLF1,ING1,ING1,ENSG00000153487,12.352150917053223,27,10.0,0.0013717421124828531
BCL11A,PPP1R12B,PPP1R12B,ENSG00000077157,12.341923713684082,30,133.0,0.018244170096021948
BCL11A,HNRNPD,HNRNPD,ENSG00000138668,12.316512107849121,33,134.0,0.018381344307270234
TAL1,UTP18,UTP18,ENSG00000011260,12.304232597351074,25,37.0,0.005075445816186557
BCL11A,ASCC3,ASCC3,ENSG00000112249,12.299822807312012,28,135.0,0.018518518518518517
BCL11A,MRE11,MRE11,ENSG00000020922,12.298568725585938,27,136.0,0.018655692729766804
BCL11A,COX6C,COX6C,ENSG00000164919,12.295966148376465,27,137.0,0.01879286694101509
BCL11A,RB1CC1,RB1CC1,ENSG00000023287,12.294798851013184,25,138.0,0.018930041152263374
BCL11A,ASF1B,ASF1B,ENSG00000105011,12.290781021118164,28,139.0,0.01906721536351166
BCL11A,NCOA7,NCOA7,ENSG00000111912,12.286920547485352,25,140.0,0.019204389574759947
GATA1,RNF152,RNF152,ENSG00000176641,12.266678810119629,28,5.0,0.0006858710562414266
BCL11A,H3F3B,H3F3B,ENSG00000132475,12.252190589904785,26,141.0,0.01934156378600823
BCL11A,PRC1,PRC1,ENSG00000198901,12.243324279785156,25,142.0,0.019478737997256516
BCL11A,CCNA2,CCNA2,ENSG00000145386,12.228650093078613,25,143.0,0.0196159122085048
BCL11A,MPC2,MPC2,ENSG00000143158,12.223688125610352,34,144.0,0.019753086419753086
BCL11A,MAP4K4,MAP4K4,ENSG00000071054,12.217893600463867,32,145.0,0.019890260631001373
BCL11A,HEMGN,HEMGN,ENSG00000136929,12.217061996459961,34,146.0,0.020027434842249656
BCL11A,FRA10AC1,FRA10AC1,ENSG00000148690,12.215618133544922,25,147.0,0.020164609053497942
BCL11A,TMSB4X,TMSB4X,ENSG00000205542,12.208006858825684,30,148.0,0.02030178326474623
BCL11A,SLC29A1,SLC29A1,ENSG00000112759,12.207293510437012,27,149.0,0.020438957475994512
BCL11A,KIF22,KIF22,ENSG00000079616,12.201349258422852,25,150.0,0.0205761316872428
BCL11A,CDCA5,CDCA5,ENSG00000146670,12.192399978637695,27,151.0,0.020713305898491085
GATA1,OTUB1,OTUB1,ENSG00000167770,12.189839363098145,27,6.0,0.0008230452674897119
BCL11A,BIRC5,BIRC5,ENSG00000089685,12.186666488647461,26,152.0,0.020850480109739368
BCL11A,TMPO,TMPO,ENSG00000120802,12.16464900970459,25,153.0,0.020987654320987655
BCL11A,HIST1H2BF,HIST1H2BF,ENSG00000277224,12.16226863861084,28,154.0,0.02112482853223594
BCL11A,ELF2,ELF2,ENSG00000109381,12.156922340393066,28,155.0,0.021262002743484224
BCL11A,GAB1,GAB1,ENSG00000109458,12.143499374389648,37,156.0,0.02139917695473251
BCL11A,SNX6,SNX6,ENSG00000129515,12.140257835388184,25,157.0,0.021536351165980797
BCL11A,IQGAP3,IQGAP3,ENSG00000183856,12.13201904296875,27,158.0,0.02167352537722908
BCL11A,FOXM1,FOXM1,ENSG00000111206,12.130149841308594,28,159.0,0.021810699588477367
BCL11A,JADE1,JADE1,ENSG00000077684,12.129352569580078,25,160.0,0.02194787379972565
KLF1,TIMM22,TIMM22,ENSG00000177370,12.129193305969238,30,11.0,0.0015089163237311386
BCL11A,ERH,ERH,ENSG00000100632,12.12878704071045,29,161.0,0.022085048010973937
TAL1,MRPL18,MRPL18,ENSG00000112110,12.122270584106445,26,38.0,0.005212620027434842
BCL11A,SKA1,SKA1,ENSG00000154839,12.118324279785156,28,162.0,0.022222222222222223
BCL11A,ABCC5,ABCC5,ENSG00000114770,12.117950439453125,27,163.0,0.022359396433470506
KLF1,SRCAP,SRCAP,ENSG00000080603,12.115069389343262,27,12.0,0.0016460905349794238
GFI1B,TERF2,TERF2,ENSG00000132604,12.11264705657959,25,7.0,0.0009602194787379973
BCL11A,N4BP2,N4BP2,ENSG00000078177,12.110616683959961,28,164.0,0.022496570644718793
BCL11A,H2AFZ,H2AFZ,ENSG00000164032,12.109428405761719,31,165.0,0.02263374485596708
NFE2,EHD1,EHD1,ENSG00000110047,12.100387573242188,31,6.0,0.0008230452674897119
BCL11A,SLC43A1,SLC43A1,ENSG00000149150,12.100038528442383,30,166.0,0.022770919067215362
NFE2,PIH1D1,PIH1D1,ENSG00000104872,12.099499702453613,27,7.0,0.0009602194787379973
BCL11A,STK24,STK24,ENSG00000102572,12.096928596496582,31,167.0,0.02290809327846365
BCL11A,DNMT1,DNMT1,ENSG00000130816,12.08999252319336,27,168.0,0.023045267489711935
BCL11A,IFIT1B,IFIT1B,ENSG00000204010,12.085789680480957,26,169.0,0.02318244170096022
BCL11A,RBBP4,RBBP4,ENSG00000162521,12.084303855895996,28,170.0,0.023319615912208505
KLF1,HLCS,HLCS,ENSG00000159267,12.084090232849121,25,13.0,0.0017832647462277093
BCL11A,RALY,RALY,ENSG00000125970,12.07796573638916,31,171.0,0.02345679012345679
BCL11A,FBXO30,FBXO30,ENSG00000118496,12.070809364318848,25,172.0,0.023593964334705075
BCL11A,RACK1,RACK1,ENSG00000204628,12.065178871154785,35,173.0,0.02373113854595336
BCL11A,KAT2B,KAT2B,ENSG00000114166,12.059629440307617,30,174.0,0.023868312757201648
BCL11A,RNF217,RNF217,ENSG00000146373,12.056731224060059,25,175.0,0.02400548696844993
BCL11A,TUBB,TUBB,ENSG00000196230,12.046380996704102,27,176.0,0.024142661179698217
NFE2,RAB11FIP4,RAB11FIP4,ENSG00000131242,12.043437957763672,27,8.0,0.0010973936899862826
BCL11A,SENP1,SENP1,ENSG00000079387,12.037810325622559,25,177.0,0.0242798353909465
BCL11A,HNRNPUL1,HNRNPUL1,ENSG00000105323,12.028824806213379,30,178.0,0.024417009602194787
GFI1B,IPPK,IPPK,ENSG00000127080,12.026436805725098,27,8.0,0.0010973936899862826
BCL11A,ZNF131,ZNF131,ENSG00000172262,12.022395133972168,26,179.0,0.024554183813443074
BCL11A,CLEC16A,CLEC16A,ENSG00000038532,12.022167205810547,28,180.0,0.024691358024691357
TAL1,OTUD4,OTUD4,ENSG00000164164,12.010290145874023,29,39.0,0.005349794238683128
BCL11A,APLF,APLF,ENSG00000169621,11.989161491394043,29,181.0,0.024828532235939643
BCL11A,PCBD2,PCBD2,ENSG00000132570,11.96743106842041,34,182.0,0.02496570644718793
BCL11A,FDPS,FDPS,ENSG00000160752,11.951704025268555,32,183.0,0.025102880658436213
BCL11A,GTDC1,GTDC1,ENSG00000121964,11.940887451171875,27,184.0,0.0252400548696845
BCL11A,NFIA,NFIA,ENSG00000162599,11.940258026123047,31,185.0,0.025377229080932786
BCL11A,PTTG1,PTTG1,ENSG00000164611,11.939842224121094,26,186.0,0.02551440329218107
BCL11A,RHEB,RHEB,ENSG00000106615,11.935967445373535,25,187.0,0.025651577503429356
BCL11A,QKI,QKI,ENSG00000112531,11.912602424621582,25,188.0,0.025788751714677642
BCL11A,PISD,PISD,ENSG00000241878,11.912203788757324,26,189.0,0.025925925925925925
KLF1,ENO2,ENO2,ENSG00000111674,11.911946296691895,25,14.0,0.0019204389574759945
GATA1,ABTB1,ABTB1,ENSG00000114626,11.909537315368652,25,7.0,0.0009602194787379973
BCL11A,TAF15,TAF15,ENSG00000270647,11.909236907958984,28,190.0,0.02606310013717421
GATA1,AL450384.2,AL450384.2,ENSG00000240291,11.903024673461914,26,8.0,0.0010973936899862826
BCL11A,SBF1,SBF1,ENSG00000100241,11.893961906433105,26,191.0,0.0262002743484225
BCL11A,NCOA4,NCOA4,ENSG00000266412,11.890286445617676,32,192.0,0.02633744855967078
BCL11A,RNF5,RNF5,ENSG00000204308,11.877300262451172,31,193.0,0.026474622770919068
BCL11A,BUB3,BUB3,ENSG00000154473,11.863811492919922,25,194.0,0.02661179698216735
BCL11A,SLC25A3,SLC25A3,ENSG00000075415,11.86377239227295,27,195.0,0.026748971193415638
BCL11A,POLK,POLK,ENSG00000122008,11.856287002563477,28,196.0,0.026886145404663924
GATA1,DST,DST,ENSG00000151914,11.848188400268555,25,9.0,0.0012345679012345679
BCL11A,CERS6,CERS6,ENSG00000172292,11.828343391418457,28,197.0,0.027023319615912207
TAL1,ABHD13,ABHD13,ENSG00000139826,11.827667236328125,25,40.0,0.0054869684499314125
GFI1B,GPS1,GPS1,ENSG00000169727,11.826570510864258,25,9.0,0.0012345679012345679
NFE2,ABHD17B,ABHD17B,ENSG00000107362,11.818854331970215,25,9.0,0.0012345679012345679
KLF1,ZC3H7B,ZC3H7B,ENSG00000100403,11.816254615783691,28,15.0,0.00205761316872428
BCL11A,PLSCR1,PLSCR1,ENSG00000188313,11.811017036437988,25,198.0,0.027160493827160494
BCL11A,DDIT4,DDIT4,ENSG00000168209,11.795696258544922,25,199.0,0.02729766803840878
BCL11A,RPLP1,RPLP1,ENSG00000137818,11.793502807617188,31,200.0,0.027434842249657063
TAL1,AP4S1,AP4S1,ENSG00000100478,11.777729034423828,25,41.0,0.005624142661179698
BCL11A,BLM,BLM,ENSG00000197299,11.776656150817871,25,201.0,0.02757201646090535
BCL11A,GAS2L3,GAS2L3,ENSG00000139354,11.769858360290527,27,202.0,0.027709190672153636
BCL11A,ARHGAP11A,ARHGAP11A,ENSG00000198826,11.75870132446289,25,203.0,0.02784636488340192
BCL11A,RBM25,RBM25,ENSG00000119707,11.747944831848145,30,204.0,0.027983539094650206
BCL11A,ARPP19,ARPP19,ENSG00000128989,11.745219230651855,28,205.0,0.028120713305898493
BCL11A,SUZ12,SUZ12,ENSG00000178691,11.72762393951416,26,206.0,0.028257887517146776
BCL11A,TRAPPC9,TRAPPC9,ENSG00000167632,11.7267484664917,28,207.0,0.028395061728395062
GATA1,SCYL3,SCYL3,ENSG00000000457,11.723800659179688,27,10.0,0.0013717421124828531
BCL11A,HAUS2,HAUS2,ENSG00000137814,11.722912788391113,29,208.0,0.02853223593964335
BCL11A,NEIL3,NEIL3,ENSG00000109674,11.718040466308594,25,209.0,0.028669410150891632
BCL11A,C7orf50,C7orf50,ENSG00000146540,11.680171012878418,29,210.0,0.02880658436213992
BCL11A,C17orf80,C17orf80,ENSG00000141219,11.677456855773926,31,211.0,0.0289437585733882
BCL11A,RPSA,RPSA,ENSG00000168028,11.67725944519043,28,212.0,0.029080932784636488
BCL11A,RAD18,RAD18,ENSG00000070950,11.673824310302734,28,213.0,0.029218106995884775
BCL11A,CDC42BPA,CDC42BPA,ENSG00000143776,11.671629905700684,27,214.0,0.029355281207133058
BCL11A,RBM3,RBM3,ENSG00000102317,11.667058944702148,31,215.0,0.029492455418381344
BCL11A,UBE2E3,UBE2E3,ENSG00000170035,11.653054237365723,27,216.0,0.02962962962962963
BCL11A,GMPS,GMPS,ENSG00000163655,11.648574829101562,26,217.0,0.029766803840877914
GFI1B,TMEM116,TMEM116,ENSG00000198270,11.64085578918457,27,10.0,0.0013717421124828531
BCL11A,SRI,SRI,ENSG00000075142,11.638949394226074,28,218.0,0.0299039780521262
KLF1,RABAC1,RABAC1,ENSG00000105404,11.631865501403809,26,16.0,0.0021947873799725653
BCL11A,GSK3B,GSK3B,ENSG00000082701,11.631786346435547,25,219.0,0.030041152263374487
NFE2,ERCC3,ERCC3,ENSG00000163161,11.630029678344727,28,10.0,0.0013717421124828531
BCL11A,SLC7A11,SLC7A11,ENSG00000151012,11.630020141601562,27,220.0,0.03017832647462277
BCL11A,GNAQ,GNAQ,ENSG00000156052,11.627781867980957,27,221.0,0.030315500685871057
NFE2,ALDH5A1,ALDH5A1,ENSG00000112294,11.626710891723633,25,11.0,0.0015089163237311386
BCL11A,GLYR1,GLYR1,ENSG00000140632,11.625706672668457,25,222.0,0.030452674897119343
NFE2,ATR,ATR,ENSG00000175054,11.625480651855469,26,12.0,0.0016460905349794238
BCL11A,ATP2C1,ATP2C1,ENSG00000017260,11.62252426147461,25,223.0,0.030589849108367626
BCL11A,ERAP1,ERAP1,ENSG00000164307,11.620025634765625,28,224.0,0.030727023319615913
BCL11A,NEK2,NEK2,ENSG00000117650,11.615689277648926,28,225.0,0.030864197530864196
BCL11A,NUP155,NUP155,ENSG00000113569,11.614444732666016,26,226.0,0.031001371742112482
BCL11A,SKA2,SKA2,ENSG00000182628,11.596574783325195,25,227.0,0.03113854595336077
NFE2,ANXA7,ANXA7,ENSG00000138279,11.59232234954834,31,13.0,0.0017832647462277093
BCL11A,CHD4,CHD4,ENSG00000111642,11.586599349975586,27,228.0,0.031275720164609055
GFI1B,MORN1,MORN1,ENSG00000116151,11.580472946166992,25,11.0,0.0015089163237311386
BCL11A,KIF18B,KIF18B,ENSG00000186185,11.579821586608887,28,229.0,0.03141289437585734
BCL11A,HLA-A,HLA-A,ENSG00000206503,11.57596206665039,26,230.0,0.03155006858710562
BCL11A,MTHFD2L,MTHFD2L,ENSG00000163738,11.572596549987793,28,231.0,0.03168724279835391
BCL11A,PSPC1,PSPC1,ENSG00000121390,11.572516441345215,33,232.0,0.031824417009602195
BCL11A,DAAM1,DAAM1,ENSG00000100592,11.568865776062012,27,233.0,0.03196159122085048
TAL1,HIST1H2BI,HIST1H2BI,ENSG00000278588,11.567156791687012,30,42.0,0.005761316872427984
KLF1,IFIT5,IFIT5,ENSG00000152778,11.564530372619629,27,17.0,0.0023319615912208505
BCL11A,TPRKB,TPRKB,ENSG00000144034,11.562657356262207,25,234.0,0.03209876543209877
BCL11A,ERP29,ERP29,ENSG00000089248,11.562507629394531,26,235.0,0.03223593964334705
BCL11A,CPSF6,CPSF6,ENSG00000111605,11.561993598937988,25,236.0,0.032373113854595334
BCL11A,ARHGAP21,ARHGAP21,ENSG00000107863,11.556953430175781,26,237.0,0.03251028806584362
NFE2,ALAS2,ALAS2,ENSG00000158578,11.556623458862305,25,14.0,0.0019204389574759945
BCL11A,RER1,RER1,ENSG00000157916,11.556447982788086,27,238.0,0.03264746227709191
BCL11A,DYNC1I2,DYNC1I2,ENSG00000077380,11.551526069641113,27,239.0,0.032784636488340194
BCL11A,ANAPC15,ANAPC15,ENSG00000110200,11.54793930053711,27,240.0,0.03292181069958848
BCL11A,AC231533.1,AC231533.1,ENSG00000232828,11.539519309997559,31,241.0,0.03305898491083676
BCL11A,GPSM2,GPSM2,ENSG00000121957,11.534079551696777,28,242.0,0.033196159122085046
TAL1,RELB,RELB,ENSG00000104856,11.530782699584961,25,43.0,0.005898491083676269
BCL11A,RPL13A,RPL13A,ENSG00000142541,11.527854919433594,26,243.0,0.03333333333333333
KLF1,RPRD2,RPRD2,ENSG00000163125,11.523289680480957,32,18.0,0.0024691358024691358
TAL1,SBNO2,SBNO2,ENSG00000064932,11.514495849609375,25,44.0,0.006035665294924554
BCL11A,TGS1,TGS1,ENSG00000137574,11.51323127746582,28,244.0,0.03347050754458162
BCL11A,CARS2,CARS2,ENSG00000134905,11.503955841064453,25,245.0,0.033607681755829906
BCL11A,HEBP1,HEBP1,ENSG00000013583,11.499049186706543,28,246.0,0.03374485596707819
GATA1,C16orf91,C16orf91,ENSG00000174109,11.488815307617188,25,11.0,0.0015089163237311386
BCL11A,RBMX,RBMX,ENSG00000147274,11.488161087036133,27,247.0,0.03388203017832647
BCL11A,TMEM70,TMEM70,ENSG00000175606,11.485095024108887,30,248.0,0.03401920438957476
BCL11A,EPS15,EPS15,ENSG00000085832,11.48493766784668,27,249.0,0.034156378600823045
BCL11A,PREPL,PREPL,ENSG00000138078,11.480354309082031,30,250.0,0.03429355281207133
BCL11A,ATP11B,ATP11B,ENSG00000058063,11.478534698486328,28,251.0,0.03443072702331962
TAL1,TFIP11,TFIP11,ENSG00000100109,11.471013069152832,25,45.0,0.006172839506172839
NFE2,RYK,RYK,ENSG00000163785,11.463069915771484,31,15.0,0.00205761316872428
BCL11A,HINT1,HINT1,ENSG00000169567,11.454418182373047,31,252.0,0.0345679012345679
BCL11A,MDC1,MDC1,ENSG00000137337,11.452679634094238,25,253.0,0.034705075445816184
GATA1,ALG11,ALG11,ENSG00000253710,11.445281028747559,26,12.0,0.0016460905349794238
BCL11A,R3HDM2,R3HDM2,ENSG00000179912,11.442618370056152,25,254.0,0.03484224965706447
BCL11A,M6PR,M6PR,ENSG00000003056,11.441947937011719,27,255.0,0.03497942386831276
BCL11A,STT3B,STT3B,ENSG00000163527,11.440520286560059,25,256.0,0.035116598079561044
GFI1B,COX10,COX10,ENSG00000006695,11.436068534851074,28,12.0,0.0016460905349794238
BCL11A,C2orf88,C2orf88,ENSG00000187699,11.430490493774414,25,257.0,0.03525377229080933
BCL11A,CTNNA1,CTNNA1,ENSG00000044115,11.426831245422363,25,258.0,0.03539094650205761
BCL11A,TMEM14C,TMEM14C,ENSG00000111843,11.419788360595703,27,259.0,0.0355281207133059
BCL11A,EPRS,EPRS,ENSG00000136628,11.40608024597168,26,260.0,0.03566529492455418
BCL11A,MYO1D,MYO1D,ENSG00000176658,11.403579711914062,29,261.0,0.03580246913580247
BCL11A,CENPI,CENPI,ENSG00000102384,11.400267601013184,27,262.0,0.035939643347050756
BCL11A,COMMD10,COMMD10,ENSG00000145781,11.39915657043457,27,263.0,0.03607681755829904
BCL11A,PTPN9,PTPN9,ENSG00000169410,11.398242950439453,28,264.0,0.03621399176954732
BCL11A,TRNT1,TRNT1,ENSG00000072756,11.397472381591797,28,265.0,0.03635116598079561
BCL11A,BCL2L11,BCL2L11,ENSG00000153094,11.393882751464844,29,266.0,0.036488340192043896
BCL11A,SUPT7L,SUPT7L,ENSG00000119760,11.38625431060791,29,267.0,0.03662551440329218
BCL11A,FOXN2,FOXN2,ENSG00000170802,11.379267692565918,27,268.0,0.03676268861454047
BCL11A,WSB1,WSB1,ENSG00000109046,11.373151779174805,27,269.0,0.03689986282578875
BCL11A,THOC3,THOC3,ENSG00000051596,11.371580123901367,27,270.0,0.037037037037037035
BCL11A,SLC25A21,SLC25A21,ENSG00000183032,11.370227813720703,27,271.0,0.03717421124828532
BCL11A,G2E3,G2E3,ENSG00000092140,11.36671257019043,25,272.0,0.03731138545953361
GFI1B,DRG1,DRG1,ENSG00000185721,11.365729331970215,26,13.0,0.0017832647462277093
BCL11A,RELCH,RELCH,ENSG00000134444,11.364287376403809,28,273.0,0.037448559670781895
BCL11A,DBF4,DBF4,ENSG00000006634,11.36233901977539,25,274.0,0.03758573388203018
BCL11A,IDH2,IDH2,ENSG00000182054,11.361273765563965,27,275.0,0.03772290809327846
BCL11A,UQCRB,UQCRB,ENSG00000156467,11.352988243103027,27,276.0,0.03786008230452675
BCL11A,RBBP7,RBBP7,ENSG00000102054,11.35242748260498,25,277.0,0.037997256515775034
NFE2,GALNT5,GALNT5,ENSG00000136542,11.349486351013184,27,16.0,0.0021947873799725653
BCL11A,TSC22D2,TSC22D2,ENSG00000196428,11.34229850769043,25,278.0,0.03813443072702332
BCL11A,CD46,CD46,ENSG00000117335,11.330514907836914,29,279.0,0.03827160493827161
BCL11A,SASS6,SASS6,ENSG00000156876,11.327695846557617,25,280.0,0.038408779149519894
BCL11A,AGPS,AGPS,ENSG00000018510,11.326077461242676,30,281.0,0.03854595336076817
BCL11A,PPARD,PPARD,ENSG00000112033,11.324477195739746,31,282.0,0.03868312757201646
BCL11A,ARHGAP11B,ARHGAP11B,ENSG00000284906,11.321784019470215,25,283.0,0.038820301783264746
BCL11A,HMGN1,HMGN1,ENSG00000205581,11.32121467590332,31,284.0,0.03895747599451303
BCL11A,NCAPG,NCAPG,ENSG00000109805,11.317414283752441,26,285.0,0.03909465020576132
KLF1,TMUB1,TMUB1,ENSG00000164897,11.310114860534668,27,19.0,0.002606310013717421
GFI1B,ATXN2,ATXN2,ENSG00000204842,11.309113502502441,34,14.0,0.0019204389574759945
BCL11A,CMAS,CMAS,ENSG00000111726,11.306780815124512,33,286.0,0.0392318244170096
BCL11A,MELK,MELK,ENSG00000165304,11.304574012756348,25,287.0,0.039368998628257885
BCL11A,YWHAZ,YWHAZ,ENSG00000164924,11.301395416259766,28,288.0,0.03950617283950617
GFI1B,MCM4,MCM4,ENSG00000104738,11.297831535339355,26,15.0,0.00205761316872428
KLF1,TMEM189,TMEM189,ENSG00000240849,11.294441223144531,25,20.0,0.0027434842249657062
GFI1B,FADS1,FADS1,ENSG00000149485,11.292635917663574,29,16.0,0.0021947873799725653
BCL11A,TAF3,TAF3,ENSG00000165632,11.28725528717041,28,289.0,0.03964334705075446
BCL11A,CCDC14,CCDC14,ENSG00000175455,11.28486156463623,26,290.0,0.039780521262002745
BCL11A,HIST1H3B,HIST1H3B,ENSG00000286522,11.277530670166016,28,291.0,0.03991769547325103
BCL11A,UBR2,UBR2,ENSG00000024048,11.27282428741455,27,292.0,0.04005486968449931
TAL1,AP1G1,AP1G1,ENSG00000166747,11.266053199768066,25,46.0,0.006310013717421125
BCL11A,FBXO42,FBXO42,ENSG00000037637,11.264413833618164,26,293.0,0.0401920438957476
GFI1B,LRRC28,LRRC28,ENSG00000168904,11.263662338256836,25,17.0,0.0023319615912208505
BCL11A,SLC7A1,SLC7A1,ENSG00000139514,11.263352394104004,26,294.0,0.040329218106995884
KLF1,HMG20B,HMG20B,ENSG00000064961,11.251667976379395,27,21.0,0.002880658436213992
GFI1B,IKBIP,IKBIP,ENSG00000166130,11.247098922729492,27,18.0,0.0024691358024691358
BCL11A,SCLT1,SCLT1,ENSG00000151466,11.24694538116455,27,295.0,0.04046639231824417
BCL11A,TBCEL,TBCEL,ENSG00000154114,11.241354942321777,25,296.0,0.04060356652949246
NFE2,HBZ,HBZ,ENSG00000130656,11.23909854888916,26,17.0,0.0023319615912208505
GFI1B,FBXW7,FBXW7,ENSG00000109670,11.235158920288086,31,19.0,0.002606310013717421
BCL11A,H1F0,H1F0,ENSG00000189060,11.231109619140625,25,297.0,0.040740740740740744
BCL11A,H3F3A,H3F3A,ENSG00000163041,11.23071575164795,25,298.0,0.040877914951989024
NFE2,TBCC,TBCC,ENSG00000124659,11.228272438049316,25,18.0,0.0024691358024691358
BCL11A,TRAF3IP2-AS1,TRAF3IP2-AS1,ENSG00000231889,11.226006507873535,34,299.0,0.04101508916323731
BCL11A,TTK,TTK,ENSG00000112742,11.224560737609863,27,300.0,0.0411522633744856
BCL11A,RNF4,RNF4,ENSG00000063978,11.223109245300293,26,301.0,0.04128943758573388
KLF1,CCDC28B,CCDC28B,ENSG00000160050,11.222038269042969,27,22.0,0.003017832647462277
BCL11A,GPBP1,GPBP1,ENSG00000062194,11.219285011291504,30,302.0,0.04142661179698217
BCL11A,AURKB,AURKB,ENSG00000178999,11.218243598937988,29,303.0,0.04156378600823045
GFI1B,WDR83,WDR83,ENSG00000123154,11.215818405151367,28,20.0,0.0027434842249657062
GATA1,TRIM8,TRIM8,ENSG00000171206,11.21058177947998,27,13.0,0.0017832647462277093
KLF1,PIR,PIR,ENSG00000087842,11.209074020385742,27,23.0,0.0031550068587105624
GATA1,LRIG2,LRIG2,ENSG00000198799,11.207708358764648,28,14.0,0.0019204389574759945
BCL11A,SMPD4,SMPD4,ENSG00000136699,11.205153465270996,26,304.0,0.041700960219478736
BCL11A,TENT4A,TENT4A,ENSG00000112941,11.199850082397461,25,305.0,0.04183813443072702
BCL11A,PCBP2,PCBP2,ENSG00000197111,11.198155403137207,29,306.0,0.04197530864197531
BCL11A,AQP1,AQP1,ENSG00000240583,11.195361137390137,27,307.0,0.042112482853223596
BCL11A,LINC01473,LINC01473,ENSG00000237877,11.188431739807129,25,308.0,0.04224965706447188
BCL11A,SNRNP70,SNRNP70,ENSG00000104852,11.1866455078125,26,309.0,0.04238683127572016
NFE2,ELAC2,ELAC2,ENSG00000006744,11.183815002441406,34,19.0,0.002606310013717421
TAL1,C12orf57,C12orf57,ENSG00000111678,11.182806968688965,26,47.0,0.0064471879286694105
BCL11A,LSM14A,LSM14A,ENSG00000257103,11.176773071289062,27,310.0,0.04252400548696845
BCL11A,DYM,DYM,ENSG00000141627,11.174311637878418,27,311.0,0.042661179698216735
BCL11A,NCOR1,NCOR1,ENSG00000141027,11.168821334838867,28,312.0,0.04279835390946502
GFI1B,ZNF213,ZNF213,ENSG00000085644,11.167584419250488,26,21.0,0.002880658436213992
BCL11A,APH1A,APH1A,ENSG00000117362,11.165275573730469,27,313.0,0.04293552812071331
BCL11A,KATNBL1,KATNBL1,ENSG00000134152,11.151240348815918,27,314.0,0.043072702331961595
BCL11A,VRK2,VRK2,ENSG00000028116,11.143105506896973,29,315.0,0.043209876543209874
BCL11A,NCAPH,NCAPH,ENSG00000121152,11.142958641052246,29,316.0,0.04334705075445816
TAL1,AL356599.1,AL356599.1,ENSG00000235652,11.138599395751953,25,48.0,0.006584362139917695
GFI1B,SLC36A4,SLC36A4,ENSG00000180773,11.131915092468262,28,22.0,0.003017832647462277
KLF1,P2RY1,P2RY1,ENSG00000169860,11.128230094909668,27,24.0,0.0032921810699588477
KLF1,KBTBD8,KBTBD8,ENSG00000163376,11.127582550048828,26,25.0,0.003429355281207133
BCL11A,MKI67,MKI67,ENSG00000148773,11.120513916015625,25,317.0,0.04348422496570645
GFI1B,GCN1,GCN1,ENSG00000089154,11.120509147644043,28,23.0,0.0031550068587105624
KLF1,TNRC6A,TNRC6A,ENSG00000090905,11.119378089904785,28,26.0,0.0035665294924554186
BCL11A,GOT1,GOT1,ENSG00000120053,11.11832332611084,25,318.0,0.043621399176954734
KLF1,IDH1,IDH1,ENSG00000138413,11.11469554901123,25,27.0,0.003703703703703704
TAL1,CCNYL1,CCNYL1,ENSG00000163249,11.11432933807373,25,49.0,0.006721536351165981
BCL11A,PTBP3,PTBP3,ENSG00000119314,11.113306045532227,26,319.0,0.04375857338820302
BCL11A,DCAF8,DCAF8,ENSG00000132716,11.109951972961426,25,320.0,0.0438957475994513
BCL11A,TUBGCP3,TUBGCP3,ENSG00000126216,11.109639167785645,28,321.0,0.044032921810699586
BCL11A,NAB1,NAB1,ENSG00000138386,11.109232902526855,26,322.0,0.04417009602194787
BCL11A,RAD51B,RAD51B,ENSG00000182185,11.107756614685059,26,323.0,0.04430727023319616
BCL11A,TNRC18,TNRC18,ENSG00000182095,11.107600212097168,26,324.0,0.044444444444444446
BCL11A,UHRF1BP1,UHRF1BP1,ENSG00000065060,11.105987548828125,27,325.0,0.04458161865569273
GFI1B,SYTL4,SYTL4,ENSG00000102362,11.10233211517334,25,24.0,0.0032921810699588477
BCL11A,HBA1,HBA1,ENSG00000206172,11.099210739135742,25,326.0,0.04471879286694101
BCL11A,GNAS,GNAS,ENSG00000087460,11.095932960510254,25,327.0,0.0448559670781893
BCL11A,RPP21,RPP21,ENSG00000241370,11.092794418334961,25,328.0,0.044993141289437585
GFI1B,ZNRF2,ZNRF2,ENSG00000180233,11.090245246887207,28,25.0,0.003429355281207133
BCL11A,PRIM1,PRIM1,ENSG00000198056,11.087858200073242,29,329.0,0.04513031550068587
BCL11A,SRRM1,SRRM1,ENSG00000133226,11.08670711517334,29,330.0,0.04526748971193416
BCL11A,CASC4,CASC4,ENSG00000166734,11.085270881652832,29,331.0,0.045404663923182445
BCL11A,ZNF302,ZNF302,ENSG00000089335,11.084158897399902,25,332.0,0.045541838134430725
BCL11A,ANKRD9,ANKRD9,ENSG00000156381,11.083998680114746,27,333.0,0.04567901234567901
BCL11A,ARRDC3-AS1,ARRDC3-AS1,ENSG00000281357,11.080170631408691,26,334.0,0.0458161865569273
BCL11A,PIM1,PIM1,ENSG00000137193,11.079634666442871,26,335.0,0.045953360768175584
BCL11A,TOP2A,TOP2A,ENSG00000131747,11.078109741210938,26,336.0,0.04609053497942387
BCL11A,RPL30,RPL30,ENSG00000156482,11.078003883361816,29,337.0,0.04622770919067215
GATA1,HARS2,HARS2,ENSG00000112855,11.076783180236816,27,15.0,0.00205761316872428
BCL11A,SNHG6,SNHG6,ENSG00000245910,11.072189331054688,27,338.0,0.04636488340192044
BCL11A,DBT,DBT,ENSG00000137992,11.071405410766602,25,339.0,0.046502057613168724
NFE2,NRBF2,NRBF2,ENSG00000148572,11.070829391479492,28,20.0,0.0027434842249657062
BCL11A,ANKRD18B,ANKRD18B,ENSG00000230453,11.066115379333496,33,340.0,0.04663923182441701
BCL11A,MDM4,MDM4,ENSG00000198625,11.065921783447266,27,341.0,0.0467764060356653
BCL11A,EPB41L4A,EPB41L4A,ENSG00000129595,11.056390762329102,25,342.0,0.04691358024691358
TAL1,ZKSCAN8,ZKSCAN8,ENSG00000198315,11.055420875549316,27,50.0,0.006858710562414266
BCL11A,NUTM2B-AS1,NUTM2B-AS1,ENSG00000225484,11.049505233764648,25,343.0,0.04705075445816186
BCL11A,CDKN2A,CDKN2A,ENSG00000147889,11.04907512664795,31,344.0,0.04718792866941015
BCL11A,MRPL42,MRPL42,ENSG00000198015,11.045860290527344,25,345.0,0.047325102880658436
GFI1B,SCAF1,SCAF1,ENSG00000126461,11.0360107421875,29,26.0,0.0035665294924554186
BCL11A,UBAP2,UBAP2,ENSG00000137073,11.031311988830566,27,346.0,0.04746227709190672
BCL11A,AL080276.2,AL080276.2,ENSG00000227627,11.02971076965332,25,347.0,0.04759945130315501
NFE2,ABCF2,ABCF2,ENSG00000033050,11.02695083618164,25,21.0,0.002880658436213992
NFE2,SLC25A13,SLC25A13,ENSG00000004864,11.0253267288208,25,22.0,0.003017832647462277
BCL11A,BARD1,BARD1,ENSG00000138376,11.024421691894531,26,348.0,0.047736625514403296
BCL11A,NFYC,NFYC,ENSG00000066136,11.021289825439453,26,349.0,0.047873799725651575
BCL11A,YWHAB,YWHAB,ENSG00000166913,11.015128135681152,29,350.0,0.04801097393689986
BCL11A,MPC1,MPC1,ENSG00000060762,11.014856338500977,27,351.0,0.04814814814814815
GFI1B,CHEK2,CHEK2,ENSG00000183765,11.011876106262207,29,27.0,0.003703703703703704
BCL11A,CALM3,CALM3,ENSG00000160014,11.008992195129395,28,352.0,0.048285322359396435
BCL11A,AMMECR1,AMMECR1,ENSG00000101935,11.008269309997559,32,353.0,0.04842249657064472
KLF1,HIST2H4B,HIST2H4B,ENSG00000270276,11.005383491516113,25,28.0,0.003840877914951989
BCL11A,SSX2IP,SSX2IP,ENSG00000117155,11.00285816192627,28,354.0,0.048559670781893
BCL11A,TLN1,TLN1,ENSG00000137076,11.000081062316895,26,355.0,0.04869684499314129
BCL11A,RPL36,RPL36,ENSG00000130255,10.99610424041748,25,356.0,0.048834019204389574
BCL11A,RIC1,RIC1,ENSG00000107036,10.994617462158203,29,357.0,0.04897119341563786
BCL11A,MZT2B,MZT2B,ENSG00000152082,10.989448547363281,25,358.0,0.04910836762688615
BCL11A,SNRPG,SNRPG,ENSG00000143977,10.986431121826172,25,359.0,0.049245541838134434
BCL11A,AKAP7,AKAP7,ENSG00000118507,10.983526229858398,25,360.0,0.04938271604938271
BCL11A,NFYB,NFYB,ENSG00000120837,10.976593971252441,27,361.0,0.049519890260631
BCL11A,NDC80,NDC80,ENSG00000080986,10.974976539611816,25,362.0,0.049657064471879286
BCL11A,TSTD2,TSTD2,ENSG00000136925,10.974579811096191,32,363.0,0.04979423868312757
BCL11A,SAT1,SAT1,ENSG00000130066,10.972941398620605,25,364.0,0.04993141289437586
BCL11A,AP2A1,AP2A1,ENSG00000196961,10.970338821411133,28,365.0,0.050068587105624146
BCL11A,POLA2,POLA2,ENSG00000014138,10.970142364501953,30,366.0,0.050205761316872426
BCL11A,ANLN,ANLN,ENSG00000011426,10.962421417236328,29,367.0,0.05034293552812071
BCL11A,ID1,ID1,ENSG00000125968,10.960095405578613,25,368.0,0.050480109739369
BCL11A,HNRNPAB,HNRNPAB,ENSG00000197451,10.947895050048828,25,369.0,0.050617283950617285
BCL11A,ECI1,ECI1,ENSG00000167969,10.94723129272461,28,370.0,0.05075445816186557
GFI1B,NORAD,NORAD,ENSG00000260032,10.940661430358887,27,28.0,0.003840877914951989
BCL11A,ARHGAP5,ARHGAP5,ENSG00000100852,10.93958854675293,27,371.0,0.05089163237311385
TAL1,FBRS,FBRS,ENSG00000156860,10.933676719665527,27,51.0,0.0069958847736625515
BCL11A,NT5C2,NT5C2,ENSG00000076685,10.93344497680664,26,372.0,0.05102880658436214
BCL11A,PJA2,PJA2,ENSG00000198961,10.928914070129395,28,373.0,0.051165980795610425
NFE2,CCDC9,CCDC9,ENSG00000105321,10.922496795654297,30,23.0,0.0031550068587105624
BCL11A,ATAD2,ATAD2,ENSG00000156802,10.922080039978027,28,374.0,0.05130315500685871
BCL11A,PBRM1,PBRM1,ENSG00000163939,10.918436050415039,27,375.0,0.051440329218107
BCL11A,RPL35,RPL35,ENSG00000136942,10.91702651977539,27,376.0,0.051577503429355284
BCL11A,PRDX6,PRDX6,ENSG00000117592,10.912857055664062,31,377.0,0.051714677640603564
BCL11A,SRSF4,SRSF4,ENSG00000116350,10.908557891845703,28,378.0,0.05185185185185185
BCL11A,UBXN4,UBXN4,ENSG00000144224,10.906235694885254,26,379.0,0.05198902606310014
BCL11A,HCFC2,HCFC2,ENSG00000111727,10.906004905700684,34,380.0,0.05212620027434842
BCL11A,MNAT1,MNAT1,ENSG00000020426,10.905600547790527,27,381.0,0.05226337448559671
BCL11A,PDS5A,PDS5A,ENSG00000121892,10.904818534851074,25,382.0,0.052400548696845
BCL11A,CBX5,CBX5,ENSG00000094916,10.90043830871582,30,383.0,0.052537722908093276
GFI1B,RDX,RDX,ENSG00000137710,10.899824142456055,25,29.0,0.003978052126200274
BCL11A,CCNB2,CCNB2,ENSG00000157456,10.89626693725586,28,384.0,0.05267489711934156
BCL11A,NSMCE2,NSMCE2,ENSG00000156831,10.895906448364258,25,385.0,0.05281207133058985
BCL11A,PAK2,PAK2,ENSG00000180370,10.892498970031738,28,386.0,0.052949245541838136
BCL11A,EZH2,EZH2,ENSG00000106462,10.89013671875,28,387.0,0.05308641975308642
BCL11A,STAU2,STAU2,ENSG00000040341,10.889768600463867,27,388.0,0.0532235939643347
BCL11A,CNOT10,CNOT10,ENSG00000182973,10.887914657592773,25,389.0,0.05336076817558299
GFI1B,CPEB1,CPEB1,ENSG00000214575,10.879951477050781,32,30.0,0.00411522633744856
BCL11A,AKNAD1,AKNAD1,ENSG00000162641,10.87901782989502,27,390.0,0.053497942386831275
BCL11A,MAN1A1,MAN1A1,ENSG00000111885,10.878137588500977,25,391.0,0.05363511659807956
TAL1,PVT1,PVT1,ENSG00000249859,10.877388000488281,28,52.0,0.007133058984910837
BCL11A,GATAD2A,GATAD2A,ENSG00000167491,10.877067565917969,27,392.0,0.05377229080932785
BCL11A,HIST1H2AG,HIST1H2AG,ENSG00000196787,10.874272346496582,25,393.0,0.053909465020576135
BCL11A,RAB8B,RAB8B,ENSG00000166128,10.872846603393555,27,394.0,0.054046639231824414
BCL11A,SENP5,SENP5,ENSG00000119231,10.870624542236328,25,395.0,0.0541838134430727
BCL11A,CNPPD1,CNPPD1,ENSG00000115649,10.870129585266113,33,396.0,0.05432098765432099
BCL11A,PLA2G12A,PLA2G12A,ENSG00000123739,10.869596481323242,25,397.0,0.054458161865569274
BCL11A,SSBP2,SSBP2,ENSG00000145687,10.856293678283691,25,398.0,0.05459533607681756
BCL11A,FAM53B,FAM53B,ENSG00000189319,10.85062026977539,26,399.0,0.05473251028806585
KLF1,SNAP23,SNAP23,ENSG00000092531,10.85046672821045,25,29.0,0.003978052126200274
BCL11A,ARMC1,ARMC1,ENSG00000104442,10.847166061401367,28,400.0,0.05486968449931413
BCL11A,CENPN,CENPN,ENSG00000166451,10.834959030151367,29,401.0,0.05500685871056241
BCL11A,DTYMK,DTYMK,ENSG00000168393,10.829729080200195,25,402.0,0.0551440329218107
BCL11A,RPS3,RPS3,ENSG00000149273,10.825204849243164,29,403.0,0.055281207133058986
BCL11A,PKP4,PKP4,ENSG00000144283,10.823533058166504,26,404.0,0.05541838134430727
TAL1,ERCC1,ERCC1,ENSG00000012061,10.82250690460205,28,53.0,0.007270233196159122
GATA1,AAAS,AAAS,ENSG00000094914,10.819194793701172,26,16.0,0.0021947873799725653
BCL11A,SPECC1L,SPECC1L,ENSG00000100014,10.819099426269531,26,405.0,0.05555555555555555
BCL11A,APLP2,APLP2,ENSG00000084234,10.81882381439209,26,406.0,0.05569272976680384
BCL11A,CMTM6,CMTM6,ENSG00000091317,10.814000129699707,27,407.0,0.055829903978052126
BCL11A,LPGAT1,LPGAT1,ENSG00000123684,10.813615798950195,26,408.0,0.05596707818930041
BCL11A,WAC,WAC,ENSG00000095787,10.811225891113281,30,409.0,0.0561042524005487
BCL11A,PTMS,PTMS,ENSG00000159335,10.810895919799805,26,410.0,0.056241426611796985
NFE2,MAGED2,MAGED2,ENSG00000102316,10.809103965759277,25,24.0,0.0032921810699588477
BCL11A,NUFIP2,NUFIP2,ENSG00000108256,10.807676315307617,33,411.0,0.056378600823045265
BCL11A,TMED5,TMED5,ENSG00000117500,10.799060821533203,25,412.0,0.05651577503429355
BCL11A,AL359636.2,AL359636.2,ENSG00000234156,10.79216194152832,30,413.0,0.05665294924554184
KLF1,SNHG10,SNHG10,ENSG00000247092,10.790518760681152,27,30.0,0.00411522633744856
BCL11A,ZNF100,ZNF100,ENSG00000197020,10.789645195007324,30,414.0,0.056790123456790124
BCL11A,THOC7,THOC7,ENSG00000163634,10.788959503173828,28,415.0,0.05692729766803841
KLF1,TRUB1,TRUB1,ENSG00000165832,10.788430213928223,27,31.0,0.004252400548696845
GFI1B,AC109587.1,AC109587.1,ENSG00000244513,10.785589218139648,25,31.0,0.004252400548696845
BCL11A,RSF1,RSF1,ENSG00000048649,10.784173965454102,25,416.0,0.0570644718792867
BCL11A,SS18,SS18,ENSG00000141380,10.782333374023438,29,417.0,0.05720164609053498
NFE2,PYCR1,PYCR1,ENSG00000183010,10.77566146850586,26,25.0,0.003429355281207133
BCL11A,CSNK1G1,CSNK1G1,ENSG00000169118,10.774062156677246,26,418.0,0.057338820301783264
BCL11A,WDFY2,WDFY2,ENSG00000139668,10.772095680236816,25,419.0,0.05747599451303155
BCL11A,HMGB3,HMGB3,ENSG00000029993,10.77005386352539,25,420.0,0.05761316872427984
KLF1,UBE2V1,UBE2V1,ENSG00000244687,10.76624584197998,32,32.0,0.0043895747599451305
BCL11A,CPEB4,CPEB4,ENSG00000113742,10.763896942138672,31,421.0,0.05775034293552812
GATA1,MICOS13,MICOS13,ENSG00000174917,10.760188102722168,25,17.0,0.0023319615912208505
BCL11A,SPDL1,SPDL1,ENSG00000040275,10.746342658996582,25,422.0,0.0578875171467764
KLF1,CASP10,CASP10,ENSG00000003400,10.740402221679688,27,33.0,0.004526748971193415
TAL1,SNHG16,SNHG16,ENSG00000163597,10.7374849319458,25,54.0,0.007407407407407408
GFI1B,FRG1,FRG1,ENSG00000109536,10.73544979095459,30,32.0,0.0043895747599451305
BCL11A,KHDRBS1,KHDRBS1,ENSG00000121774,10.73165512084961,25,423.0,0.05802469135802469
BCL11A,KIF14,KIF14,ENSG00000118193,10.728727340698242,25,424.0,0.058161865569272976
BCL11A,SGO2,SGO2,ENSG00000163535,10.727479934692383,25,425.0,0.05829903978052126
BCL11A,FNIP2,FNIP2,ENSG00000052795,10.724803924560547,25,426.0,0.05843621399176955
BCL11A,DYNLT1,DYNLT1,ENSG00000146425,10.723520278930664,28,427.0,0.058573388203017836
BCL11A,LRRC57,LRRC57,ENSG00000180979,10.721336364746094,32,428.0,0.058710562414266115
BCL11A,ARRDC2,ARRDC2,ENSG00000105643,10.718783378601074,26,429.0,0.0588477366255144
BCL11A,PRELID2,PRELID2,ENSG00000186314,10.71369743347168,28,430.0,0.05898491083676269
BCL11A,PRC1-AS1,PRC1-AS1,ENSG00000258725,10.713578224182129,29,431.0,0.059122085048010975
BCL11A,KHSRP,KHSRP,ENSG00000088247,10.710227966308594,25,432.0,0.05925925925925926
BCL11A,NUSAP1,NUSAP1,ENSG00000137804,10.710123062133789,29,433.0,0.05939643347050754
BCL11A,ETFB,ETFB,ENSG00000105379,10.709431648254395,30,434.0,0.05953360768175583
BCL11A,CNTRL,CNTRL,ENSG00000119397,10.707123756408691,28,435.0,0.059670781893004114
BCL11A,AL512662.2,AL512662.2,ENSG00000283913,10.706433296203613,29,436.0,0.0598079561042524
BCL11A,POT1,POT1,ENSG00000128513,10.703994750976562,29,437.0,0.05994513031550069
BCL11A,HNRNPM,HNRNPM,ENSG00000099783,10.701510429382324,26,438.0,0.060082304526748974
KLF1,IER5,IER5,ENSG00000162783,10.699957847595215,27,34.0,0.004663923182441701
TAL1,HIST1H3J,HIST1H3J,ENSG00000197153,10.696614265441895,25,55.0,0.0075445816186556925
BCL11A,AC025171.1,AC025171.1,ENSG00000177738,10.691526412963867,27,439.0,0.060219478737997253
BCL11A,EEF1A1,EEF1A1,ENSG00000156508,10.690253257751465,29,440.0,0.06035665294924554
GFI1B,HSDL2,HSDL2,ENSG00000119471,10.683205604553223,30,33.0,0.004526748971193415
BCL11A,SC5D,SC5D,ENSG00000109929,10.682080268859863,28,441.0,0.06049382716049383
GFI1B,CCDC88C,CCDC88C,ENSG00000015133,10.681218147277832,25,34.0,0.004663923182441701
BCL11A,CAPRIN2,CAPRIN2,ENSG00000110888,10.677291870117188,25,442.0,0.06063100137174211
BCL11A,LMTK2,LMTK2,ENSG00000164715,10.674981117248535,26,443.0,0.0607681755829904
BCL11A,RNF2,RNF2,ENSG00000121481,10.67368221282959,26,444.0,0.060905349794238686
NFE2,SLC10A3,SLC10A3,ENSG00000126903,10.673154830932617,28,26.0,0.0035665294924554186
BCL11A,RANBP1,RANBP1,ENSG00000099901,10.670060157775879,25,445.0,0.061042524005486966
BCL11A,PPP1R12A,PPP1R12A,ENSG00000058272,10.66291332244873,26,446.0,0.06117969821673525
BCL11A,ZGRF1,ZGRF1,ENSG00000138658,10.661768913269043,25,447.0,0.06131687242798354
BCL11A,KANSL1,KANSL1,ENSG00000120071,10.660202980041504,25,448.0,0.061454046639231825
BCL11A,WDR76,WDR76,ENSG00000092470,10.659968376159668,27,449.0,0.06159122085048011
BCL11A,PSMD1,PSMD1,ENSG00000173692,10.657912254333496,27,450.0,0.06172839506172839
BCL11A,TPGS2,TPGS2,ENSG00000134779,10.656679153442383,27,451.0,0.06186556927297668
KLF1,POLR3D,POLR3D,ENSG00000168495,10.651898384094238,26,35.0,0.004801097393689987
BCL11A,ATRX,ATRX,ENSG00000085224,10.64399528503418,27,452.0,0.062002743484224965
BCL11A,UBAP1,UBAP1,ENSG00000165006,10.642926216125488,33,453.0,0.06213991769547325
BCL11A,SSBP3,SSBP3,ENSG00000157216,10.640944480895996,31,454.0,0.06227709190672154
BCL11A,TAF4,TAF4,ENSG00000130699,10.64088249206543,25,455.0,0.062414266117969824
GFI1B,MCM2,MCM2,ENSG00000073111,10.63701343536377,25,35.0,0.004801097393689987
GATA1,FRMD3,FRMD3,ENSG00000172159,10.635774612426758,29,18.0,0.0024691358024691358
GFI1B,PPIA,PPIA,ENSG00000196262,10.635732650756836,29,36.0,0.0049382716049382715
BCL11A,GRB2,GRB2,ENSG00000177885,10.63543701171875,25,456.0,0.06255144032921811
TAL1,JMJD6,JMJD6,ENSG00000070495,10.632054328918457,25,56.0,0.007681755829903978
BCL11A,PIAS1,PIAS1,ENSG00000033800,10.630380630493164,27,457.0,0.0626886145404664
BCL11A,HIST1H1E,HIST1H1E,ENSG00000168298,10.627104759216309,25,458.0,0.06282578875171468
GFI1B,BCL11A,BCL11A,ENSG00000119866,10.625271797180176,29,37.0,0.005075445816186557
GFI1B,FCHSD2,FCHSD2,ENSG00000137478,10.625265121459961,25,38.0,0.005212620027434842
BCL11A,RAD51AP1,RAD51AP1,ENSG00000111247,10.621624946594238,27,459.0,0.06296296296296296
BCL11A,RCCD1,RCCD1,ENSG00000166965,10.620390892028809,27,460.0,0.06310013717421124
BCL11A,SLC3A2,SLC3A2,ENSG00000168003,10.616586685180664,27,461.0,0.06323731138545953
BCL11A,IQCB1,IQCB1,ENSG00000173226,10.613399505615234,28,462.0,0.06337448559670782
GFI1B,TRMU,TRMU,ENSG00000100416,10.61154556274414,26,39.0,0.005349794238683128
BCL11A,A4GALT,A4GALT,ENSG00000128274,10.610368728637695,25,463.0,0.0635116598079561
BCL11A,RBM26,RBM26,ENSG00000139746,10.609586715698242,28,464.0,0.06364883401920439
GFI1B,RMI1,RMI1,ENSG00000178966,10.600716590881348,27,40.0,0.0054869684499314125
BCL11A,CTDSPL2,CTDSPL2,ENSG00000137770,10.596894264221191,28,465.0,0.06378600823045268
BCL11A,SCMH1,SCMH1,ENSG00000010803,10.595868110656738,26,466.0,0.06392318244170096
KLF1,VGLL4,VGLL4,ENSG00000144560,10.593798637390137,27,36.0,0.0049382716049382715
GATA1,ATF7,ATF7,ENSG00000170653,10.588639259338379,25,19.0,0.002606310013717421
KLF1,ADAM9,ADAM9,ENSG00000168615,10.583147048950195,30,37.0,0.005075445816186557
GATA1,AL157392.3,AL157392.3,ENSG00000239665,10.57177734375,29,20.0,0.0027434842249657062
BCL11A,SLC37A4,SLC37A4,ENSG00000137700,10.5660400390625,30,467.0,0.06406035665294925
BCL11A,CCDC7,CCDC7,ENSG00000216937,10.564557075500488,26,468.0,0.06419753086419754
BCL11A,ZCCHC9,ZCCHC9,ENSG00000131732,10.560774803161621,31,469.0,0.06433470507544582
BCL11A,LSM8,LSM8,ENSG00000128534,10.558767318725586,26,470.0,0.0644718792866941
BCL11A,HMGXB4,HMGXB4,ENSG00000100281,10.555462837219238,25,471.0,0.06460905349794238
BCL11A,SSR3,SSR3,ENSG00000114850,10.548990249633789,25,472.0,0.06474622770919067
BCL11A,DMXL1,DMXL1,ENSG00000172869,10.541189193725586,25,473.0,0.06488340192043895
KLF1,TM9SF2,TM9SF2,ENSG00000125304,10.540964126586914,27,38.0,0.005212620027434842
BCL11A,EHMT1,EHMT1,ENSG00000181090,10.537762641906738,27,474.0,0.06502057613168724
BCL11A,CCNF,CCNF,ENSG00000162063,10.537596702575684,26,475.0,0.06515775034293553
BCL11A,PRPF4B,PRPF4B,ENSG00000112739,10.535968780517578,29,476.0,0.06529492455418381
BCL11A,E2F6,E2F6,ENSG00000169016,10.535457611083984,25,477.0,0.0654320987654321
BCL11A,SLC25A25,SLC25A25,ENSG00000148339,10.531693458557129,26,478.0,0.06556927297668039
BCL11A,EXOC6,EXOC6,ENSG00000138190,10.52987003326416,27,479.0,0.06570644718792867
BCL11A,MBOAT2,MBOAT2,ENSG00000143797,10.528820037841797,25,480.0,0.06584362139917696
BCL11A,ESPL1,ESPL1,ENSG00000135476,10.528436660766602,25,481.0,0.06598079561042525
BCL11A,COG5,COG5,ENSG00000164597,10.527092933654785,26,482.0,0.06611796982167352
BCL11A,TMEM120B,TMEM120B,ENSG00000188735,10.525982856750488,27,483.0,0.0662551440329218
GATA1,C12orf29,C12orf29,ENSG00000133641,10.52554988861084,25,21.0,0.002880658436213992
BCL11A,HNRNPA2B1,HNRNPA2B1,ENSG00000122566,10.51908016204834,31,484.0,0.06639231824417009
BCL11A,MAD1L1,MAD1L1,ENSG00000002822,10.512078285217285,25,485.0,0.06652949245541838
GATA1,GALK2,GALK2,ENSG00000156958,10.50901985168457,26,22.0,0.003017832647462277
NFE2,FECH,FECH,ENSG00000066926,10.503998756408691,28,27.0,0.003703703703703704
KLF1,SERPINE2,SERPINE2,ENSG00000135919,10.503677368164062,28,39.0,0.005349794238683128
BCL11A,NCAPD3,NCAPD3,ENSG00000151503,10.501489639282227,27,486.0,0.06666666666666667
BCL11A,CEP152,CEP152,ENSG00000103995,10.50041389465332,25,487.0,0.06680384087791495
BCL11A,MAD2L1,MAD2L1,ENSG00000164109,10.497955322265625,27,488.0,0.06694101508916324
BCL11A,RAB27A,RAB27A,ENSG00000069974,10.497872352600098,25,489.0,0.06707818930041153
TAL1,TMEM117,TMEM117,ENSG00000139173,10.490617752075195,26,57.0,0.007818930041152264
BCL11A,PRR11,PRR11,ENSG00000068489,10.487924575805664,27,490.0,0.06721536351165981
BCL11A,GSTCD,GSTCD,ENSG00000138780,10.485475540161133,33,491.0,0.0673525377229081
GFI1B,MCM3,MCM3,ENSG00000112118,10.48455810546875,29,41.0,0.005624142661179698
BCL11A,ZNF322,ZNF322,ENSG00000181315,10.48183536529541,27,492.0,0.06748971193415639
BCL11A,ZWILCH,ZWILCH,ENSG00000174442,10.4771089553833,25,493.0,0.06762688614540466
GFI1B,SCLY,SCLY,ENSG00000132330,10.474748611450195,29,42.0,0.005761316872427984
BCL11A,ARL4A,ARL4A,ENSG00000122644,10.473787307739258,25,494.0,0.06776406035665294
BCL11A,PNP,PNP,ENSG00000198805,10.472557067871094,33,495.0,0.06790123456790123
BCL11A,RAC1,RAC1,ENSG00000136238,10.469901084899902,26,496.0,0.06803840877914952
NFE2,TGFBR2,TGFBR2,ENSG00000163513,10.4668550491333,25,28.0,0.003840877914951989
BCL11A,ANKFY1,ANKFY1,ENSG00000185722,10.46550464630127,27,497.0,0.0681755829903978
BCL11A,COX4I1,COX4I1,ENSG00000131143,10.463932991027832,30,498.0,0.06831275720164609
GFI1B,LDHB,LDHB,ENSG00000111716,10.460537910461426,26,43.0,0.005898491083676269
BCL11A,ZCRB1,ZCRB1,ENSG00000139168,10.455930709838867,28,499.0,0.06844993141289438
BCL11A,PTPN7,PTPN7,ENSG00000143851,10.451711654663086,29,500.0,0.06858710562414266
BCL11A,MTBP,MTBP,ENSG00000172167,10.449516296386719,28,501.0,0.06872427983539095
BCL11A,AK1,AK1,ENSG00000106992,10.448295593261719,25,502.0,0.06886145404663924
BCL11A,TMEM161B,TMEM161B,ENSG00000164180,10.444353103637695,25,503.0,0.06899862825788752
TAL1,ICAM4,ICAM4,ENSG00000105371,10.444306373596191,27,58.0,0.007956104252400549
GFI1B,REXO1,REXO1,ENSG00000079313,10.442328453063965,26,44.0,0.006035665294924554
BCL11A,EXOC5,EXOC5,ENSG00000070367,10.442009925842285,27,504.0,0.0691358024691358
BCL11A,SMC6,SMC6,ENSG00000163029,10.441224098205566,29,505.0,0.06927297668038408
BCL11A,UBL3,UBL3,ENSG00000122042,10.441195487976074,27,506.0,0.06941015089163237
BCL11A,POLE2,POLE2,ENSG00000100479,10.440528869628906,25,507.0,0.06954732510288066
BCL11A,NISCH,NISCH,ENSG00000010322,10.439756393432617,26,508.0,0.06968449931412894
BCL11A,ADAL,ADAL,ENSG00000168803,10.435601234436035,29,509.0,0.06982167352537723
BCL11A,CDCA2,CDCA2,ENSG00000184661,10.432827949523926,27,510.0,0.06995884773662552
BCL11A,C21orf58,C21orf58,ENSG00000160298,10.431266784667969,26,511.0,0.0700960219478738
BCL11A,BORA,BORA,ENSG00000136122,10.430254936218262,30,512.0,0.07023319615912209
BCL11A,TBC1D31,TBC1D31,ENSG00000156787,10.428994178771973,27,513.0,0.07037037037037037
BCL11A,SNX3,SNX3,ENSG00000112335,10.428277969360352,31,514.0,0.07050754458161866
KLF1,TRIM52,TRIM52,ENSG00000183718,10.427093505859375,26,40.0,0.0054869684499314125
BCL11A,DARS2,DARS2,ENSG00000117593,10.422879219055176,25,515.0,0.07064471879286695
BCL11A,PPDPF,PPDPF,ENSG00000125534,10.422294616699219,25,516.0,0.07078189300411522
KLF1,CLEC2B,CLEC2B,ENSG00000110852,10.421760559082031,25,41.0,0.005624142661179698
BCL11A,NEAT1,NEAT1,ENSG00000245532,10.41827392578125,25,517.0,0.07091906721536351
BCL11A,SMC1B,SMC1B,ENSG00000077935,10.416587829589844,25,518.0,0.0710562414266118
KLF1,ZNF609,ZNF609,ENSG00000180357,10.415907859802246,25,42.0,0.005761316872427984
NFE2,CLCN2,CLCN2,ENSG00000114859,10.41573715209961,25,29.0,0.003978052126200274
NFE2,SLC5A4-AS1,SLC5A4-AS1,ENSG00000242082,10.414373397827148,26,30.0,0.00411522633744856
BCL11A,PRIM2,PRIM2,ENSG00000146143,10.411172866821289,27,519.0,0.07119341563786008
BCL11A,SESN2,SESN2,ENSG00000130766,10.408638954162598,28,520.0,0.07133058984910837
BCL11A,STK17B,STK17B,ENSG00000081320,10.403913497924805,30,521.0,0.07146776406035665
GFI1B,ATAD5,ATAD5,ENSG00000176208,10.400182723999023,27,45.0,0.006172839506172839
BCL11A,ADD2,ADD2,ENSG00000075340,10.396380424499512,27,522.0,0.07160493827160494
BCL11A,KIF2C,KIF2C,ENSG00000142945,10.396320343017578,27,523.0,0.07174211248285323
BCL11A,MAT2A,MAT2A,ENSG00000168906,10.39584732055664,27,524.0,0.07187928669410151
BCL11A,PEAK1,PEAK1,ENSG00000173517,10.39478588104248,28,525.0,0.0720164609053498
GFI1B,MBIP,MBIP,ENSG00000151332,10.392791748046875,29,46.0,0.006310013717421125
BCL11A,CDCA4,CDCA4,ENSG00000170779,10.390580177307129,26,526.0,0.07215363511659809
BCL11A,FGD5-AS1,FGD5-AS1,ENSG00000225733,10.390254020690918,25,527.0,0.07229080932784636
BCL11A,ANP32E,ANP32E,ENSG00000143401,10.389198303222656,25,528.0,0.07242798353909465
TAL1,ENO1,ENO1,ENSG00000074800,10.388858795166016,25,59.0,0.008093278463648833
BCL11A,EEF1B2,EEF1B2,ENSG00000114942,10.38833236694336,31,529.0,0.07256515775034293
BCL11A,HDGF,HDGF,ENSG00000143321,10.384933471679688,28,530.0,0.07270233196159122
TAL1,VPS13B,VPS13B,ENSG00000132549,10.38460636138916,29,60.0,0.00823045267489712
BCL11A,CYP20A1,CYP20A1,ENSG00000119004,10.382662773132324,28,531.0,0.0728395061728395
KLF1,SLX4,SLX4,ENSG00000188827,10.379335403442383,25,43.0,0.005898491083676269
BCL11A,CCT6A,CCT6A,ENSG00000146731,10.378643989562988,25,532.0,0.07297668038408779
BCL11A,GGA2,GGA2,ENSG00000103365,10.373929023742676,35,533.0,0.07311385459533608
TAL1,RLF,RLF,ENSG00000117000,10.367164611816406,27,61.0,0.008367626886145405
GFI1B,PNN,PNN,ENSG00000100941,10.366622924804688,27,47.0,0.0064471879286694105
BCL11A,NECTIN1,NECTIN1,ENSG00000110400,10.364702224731445,27,534.0,0.07325102880658436
BCL11A,GRB10,GRB10,ENSG00000106070,10.358783721923828,26,535.0,0.07338820301783265
BCL11A,FAM106A,FAM106A,ENSG00000273018,10.358431816101074,27,536.0,0.07352537722908094
BCL11A,VAPB,VAPB,ENSG00000124164,10.354374885559082,25,537.0,0.07366255144032922
BCL11A,LMNB1,LMNB1,ENSG00000113368,10.353395462036133,26,538.0,0.0737997256515775
NFE2,CTSB,CTSB,ENSG00000164733,10.346173286437988,26,31.0,0.004252400548696845
BCL11A,CNTLN,CNTLN,ENSG00000044459,10.345128059387207,27,539.0,0.07393689986282578
BCL11A,TXNDC16,TXNDC16,ENSG00000087301,10.342048645019531,28,540.0,0.07407407407407407
BCL11A,ASXL1,ASXL1,ENSG00000171456,10.335367202758789,30,541.0,0.07421124828532236
BCL11A,STIM1,STIM1,ENSG00000167323,10.335360527038574,27,542.0,0.07434842249657064
BCL11A,TUBB6,TUBB6,ENSG00000176014,10.335164070129395,25,543.0,0.07448559670781893
GFI1B,OGFOD1,OGFOD1,ENSG00000087263,10.33113956451416,27,48.0,0.006584362139917695
GATA1,PRPF19,PRPF19,ENSG00000110107,10.328238487243652,26,23.0,0.0031550068587105624
BCL11A,ALG14,ALG14,ENSG00000172339,10.326208114624023,26,544.0,0.07462277091906722
KLF1,NFE2L3,NFE2L3,ENSG00000050344,10.325810432434082,26,44.0,0.006035665294924554
BCL11A,RPS16,RPS16,ENSG00000105193,10.324999809265137,25,545.0,0.0747599451303155
BCL11A,SRBD1,SRBD1,ENSG00000068784,10.324790954589844,25,546.0,0.07489711934156379
BCL11A,AL451070.1,AL451070.1,ENSG00000229044,10.321367263793945,25,547.0,0.07503429355281208
BCL11A,FANCM,FANCM,ENSG00000187790,10.318025588989258,25,548.0,0.07517146776406036
BCL11A,JPT1,JPT1,ENSG00000189159,10.316713333129883,28,549.0,0.07530864197530865
BCL11A,CA2,CA2,ENSG00000104267,10.316434860229492,25,550.0,0.07544581618655692
BCL11A,AC079781.5,AC079781.5,ENSG00000284707,10.315725326538086,25,551.0,0.07558299039780521
BCL11A,SLC48A1,SLC48A1,ENSG00000211584,10.315146446228027,26,552.0,0.0757201646090535
BCL11A,ITFG1,ITFG1,ENSG00000129636,10.311691284179688,25,553.0,0.07585733882030178
BCL11A,WDR70,WDR70,ENSG00000082068,10.304706573486328,26,554.0,0.07599451303155007
TAL1,YOD1,YOD1,ENSG00000180667,10.30458927154541,36,62.0,0.00850480109739369
NFE2,ZNF160,ZNF160,ENSG00000170949,10.302048683166504,26,32.0,0.0043895747599451305
GATA1,LINC02506,LINC02506,ENSG00000251129,10.29116439819336,26,24.0,0.0032921810699588477
BCL11A,ABI2,ABI2,ENSG00000138443,10.290800094604492,27,555.0,0.07613168724279835
BCL11A,ELP4,ELP4,ENSG00000109911,10.28922176361084,36,556.0,0.07626886145404664
BCL11A,CASP8AP2,CASP8AP2,ENSG00000118412,10.285090446472168,25,557.0,0.07640603566529493
BCL11A,HIST1H2AL,HIST1H2AL,ENSG00000276903,10.281479835510254,25,558.0,0.07654320987654321
GFI1B,MRPL45,MRPL45,ENSG00000278845,10.280741691589355,27,49.0,0.006721536351165981
BCL11A,OIP5-AS1,OIP5-AS1,ENSG00000247556,10.274808883666992,30,559.0,0.0766803840877915
BCL11A,AP002495.1,AP002495.1,ENSG00000254469,10.274462699890137,29,560.0,0.07681755829903979
KLF1,GPR146,GPR146,ENSG00000164849,10.271724700927734,30,45.0,0.006172839506172839
BCL11A,STK3,STK3,ENSG00000104375,10.270424842834473,28,561.0,0.07695473251028806
KLF1,CCHCR1,CCHCR1,ENSG00000204536,10.268245697021484,27,46.0,0.006310013717421125
BCL11A,EEF1D,EEF1D,ENSG00000104529,10.265971183776855,32,562.0,0.07709190672153635
KLF1,STAT3,STAT3,ENSG00000168610,10.263346672058105,25,47.0,0.0064471879286694105
BCL11A,TOP1,TOP1,ENSG00000198900,10.262100219726562,25,563.0,0.07722908093278463
BCL11A,ARL6IP6,ARL6IP6,ENSG00000177917,10.260709762573242,26,564.0,0.07736625514403292
BCL11A,ERFE,ERFE,ENSG00000178752,10.259636878967285,25,565.0,0.0775034293552812
BCL11A,GFM2,GFM2,ENSG00000164347,10.259620666503906,28,566.0,0.07764060356652949
BCL11A,PKMYT1,PKMYT1,ENSG00000127564,10.259359359741211,25,567.0,0.07777777777777778
BCL11A,SCFD1,SCFD1,ENSG00000092108,10.259309768676758,27,568.0,0.07791495198902607
BCL11A,TBC1D5,TBC1D5,ENSG00000131374,10.257363319396973,27,569.0,0.07805212620027435
BCL11A,CGGBP1,CGGBP1,ENSG00000163320,10.2508544921875,27,570.0,0.07818930041152264
BCL11A,C22orf34,C22orf34,ENSG00000188511,10.250848770141602,25,571.0,0.07832647462277093
BCL11A,ELMSAN1,ELMSAN1,ENSG00000156030,10.250486373901367,25,572.0,0.0784636488340192
BCL11A,ANKIB1,ANKIB1,ENSG00000001629,10.24785327911377,34,573.0,0.07860082304526748
GFI1B,NOP14,NOP14,ENSG00000087269,10.247099876403809,32,50.0,0.006858710562414266
BCL11A,PPP3CB,PPP3CB,ENSG00000107758,10.246580123901367,25,574.0,0.07873799725651577
BCL11A,ZNF518A,ZNF518A,ENSG00000177853,10.24646282196045,25,575.0,0.07887517146776406
BCL11A,ZHX1,ZHX1,ENSG00000165156,10.244985580444336,28,576.0,0.07901234567901234
BCL11A,NOL7,NOL7,ENSG00000225921,10.240263938903809,25,577.0,0.07914951989026063
BCL11A,PRPS2,PRPS2,ENSG00000101911,10.23834228515625,29,578.0,0.07928669410150892
BCL11A,SLF2,SLF2,ENSG00000119906,10.232430458068848,25,579.0,0.0794238683127572
TAL1,SRP19,SRP19,ENSG00000153037,10.231612205505371,28,63.0,0.008641975308641974
BCL11A,ZCCHC8,ZCCHC8,ENSG00000033030,10.230473518371582,28,580.0,0.07956104252400549
BCL11A,SIAH2,SIAH2,ENSG00000181788,10.230369567871094,27,581.0,0.07969821673525378
NFE2,COX15,COX15,ENSG00000014919,10.22563648223877,28,33.0,0.004526748971193415
NFE2,CLK3,CLK3,ENSG00000179335,10.216691970825195,25,34.0,0.004663923182441701
KLF1,PFDN6,PFDN6,ENSG00000204220,10.215088844299316,25,48.0,0.006584362139917695
BCL11A,UBE2D2,UBE2D2,ENSG00000131508,10.210203170776367,44,582.0,0.07983539094650206
BCL11A,SMARCA4,SMARCA4,ENSG00000127616,10.210149765014648,25,583.0,0.07997256515775034
BCL11A,HACD2,HACD2,ENSG00000206527,10.206167221069336,31,584.0,0.08010973936899862
BCL11A,DDHD1,DDHD1,ENSG00000100523,10.206046104431152,31,585.0,0.08024691358024691
BCL11A,STIM2,STIM2,ENSG00000109689,10.203706741333008,25,586.0,0.0803840877914952
BCL11A,COBLL1,COBLL1,ENSG00000082438,10.201545715332031,26,587.0,0.08052126200274348
BCL11A,CDC23,CDC23,ENSG00000094880,10.200973510742188,28,588.0,0.08065843621399177
BCL11A,CD36,CD36,ENSG00000135218,10.199686050415039,28,589.0,0.08079561042524006
BCL11A,KIAA2026,KIAA2026,ENSG00000183354,10.199304580688477,27,590.0,0.08093278463648834
BCL11A,XRCC5,XRCC5,ENSG00000079246,10.197080612182617,28,591.0,0.08106995884773663
BCL11A,IPO9,IPO9,ENSG00000198700,10.194769859313965,25,592.0,0.08120713305898491
NFE2,ZMYM4,ZMYM4,ENSG00000146463,10.193354606628418,26,35.0,0.004801097393689987
BCL11A,WEE1,WEE1,ENSG00000166483,10.192492485046387,26,593.0,0.0813443072702332
BCL11A,RTF1,RTF1,ENSG00000137815,10.192269325256348,34,594.0,0.08148148148148149
BCL11A,CARF,CARF,ENSG00000138380,10.190119743347168,25,595.0,0.08161865569272976
BCL11A,DNAJC9,DNAJC9,ENSG00000213551,10.188885688781738,25,596.0,0.08175582990397805
GATA1,DPP9,DPP9,ENSG00000142002,10.186394691467285,25,25.0,0.003429355281207133
BCL11A,CHTF18,CHTF18,ENSG00000127586,10.180604934692383,27,597.0,0.08189300411522633
GATA1,GLRX2,GLRX2,ENSG00000023572,10.17977237701416,28,26.0,0.0035665294924554186
BCL11A,B4GALT5,B4GALT5,ENSG00000158470,10.179231643676758,30,598.0,0.08203017832647462
BCL11A,ARID2,ARID2,ENSG00000189079,10.177858352661133,25,599.0,0.0821673525377229
BCL11A,HMGB2,HMGB2,ENSG00000164104,10.174443244934082,26,600.0,0.0823045267489712
BCL11A,MTDH,MTDH,ENSG00000147649,10.174042701721191,25,601.0,0.08244170096021948
BCL11A,PBX3,PBX3,ENSG00000167081,10.172043800354004,27,602.0,0.08257887517146777
BCL11A,CDCA3,CDCA3,ENSG00000111665,10.169468879699707,27,603.0,0.08271604938271605
BCL11A,MASTL,MASTL,ENSG00000120539,10.16252326965332,25,604.0,0.08285322359396434
NFE2,WDR36,WDR36,ENSG00000134987,10.160669326782227,25,36.0,0.0049382716049382715
BCL11A,SNX24,SNX24,ENSG00000064652,10.160316467285156,26,605.0,0.08299039780521263
BCL11A,TERF2IP,TERF2IP,ENSG00000166848,10.157829284667969,25,606.0,0.0831275720164609
BCL11A,LSM3,LSM3,ENSG00000170860,10.157658576965332,28,607.0,0.08326474622770919
BCL11A,ATPAF1,ATPAF1,ENSG00000123472,10.15241813659668,27,608.0,0.08340192043895747
BCL11A,WIPI1,WIPI1,ENSG00000070540,10.151223182678223,25,609.0,0.08353909465020576
BCL11A,CYTOR,CYTOR,ENSG00000222041,10.14995002746582,27,610.0,0.08367626886145405
BCL11A,CKS1B,CKS1B,ENSG00000173207,10.149460792541504,28,611.0,0.08381344307270233
GFI1B,HBA2,HBA2,ENSG00000188536,10.145827293395996,25,51.0,0.0069958847736625515
BCL11A,NDUFA9,NDUFA9,ENSG00000139180,10.14127254486084,26,612.0,0.08395061728395062
GATA1,C9orf72,C9orf72,ENSG00000147894,10.14126205444336,28,27.0,0.003703703703703704
BCL11A,LSM4,LSM4,ENSG00000130520,10.139214515686035,25,613.0,0.0840877914951989
BCL11A,TMEM131,TMEM131,ENSG00000075568,10.13448715209961,28,614.0,0.08422496570644719
BCL11A,RPL5,RPL5,ENSG00000122406,10.13365364074707,26,615.0,0.08436213991769548
BCL11A,TMEM164,TMEM164,ENSG00000157600,10.132807731628418,26,616.0,0.08449931412894376
KLF1,C5,C5,ENSG00000106804,10.128701210021973,29,49.0,0.006721536351165981
BCL11A,MTIF3,MTIF3,ENSG00000122033,10.126081466674805,27,617.0,0.08463648834019204
BCL11A,SLC10A7,SLC10A7,ENSG00000120519,10.123668670654297,26,618.0,0.08477366255144032
GFI1B,NUCKS1,NUCKS1,ENSG00000069275,10.119170188903809,30,52.0,0.007133058984910837
BCL11A,HTRA2,HTRA2,ENSG00000115317,10.118094444274902,27,619.0,0.08491083676268861
BCL11A,REV1,REV1,ENSG00000135945,10.113479614257812,27,620.0,0.0850480109739369
TAL1,LRRC37A2,LRRC37A2,ENSG00000238083,10.111030578613281,26,64.0,0.008779149519890261
NFE2,RNF103,RNF103,ENSG00000239305,10.108962059020996,29,37.0,0.005075445816186557
KLF1,RBM5-AS1,RBM5-AS1,ENSG00000281691,10.107946395874023,28,50.0,0.006858710562414266
BCL11A,HOMER2,HOMER2,ENSG00000103942,10.10531997680664,25,621.0,0.08518518518518518
NFE2,CEP76,CEP76,ENSG00000101624,10.1038818359375,27,38.0,0.005212620027434842
BCL11A,DHX32,DHX32,ENSG00000089876,10.102992057800293,26,622.0,0.08532235939643347
BCL11A,CDCA8,CDCA8,ENSG00000134690,10.102518081665039,27,623.0,0.08545953360768176
BCL11A,LONP1,LONP1,ENSG00000196365,10.099262237548828,25,624.0,0.08559670781893004
BCL11A,LTBP1,LTBP1,ENSG00000049323,10.09803581237793,25,625.0,0.08573388203017833
GFI1B,KLHL15,KLHL15,ENSG00000174010,10.092166900634766,29,53.0,0.007270233196159122
TAL1,PSTPIP2,PSTPIP2,ENSG00000152229,10.088547706604004,29,65.0,0.008916323731138546
NFE2,TGM2,TGM2,ENSG00000198959,10.08258056640625,35,39.0,0.005349794238683128
NFE2,ADCK1,ADCK1,ENSG00000063761,10.081253051757812,28,40.0,0.0054869684499314125
BCL11A,GTF2I,GTF2I,ENSG00000263001,10.080968856811523,29,626.0,0.08587105624142662
BCL11A,HDLBP,HDLBP,ENSG00000115677,10.080368995666504,30,627.0,0.0860082304526749
BCL11A,ANKRD17,ANKRD17,ENSG00000132466,10.080199241638184,30,628.0,0.08614540466392319
BCL11A,TMEM230,TMEM230,ENSG00000089063,10.075504302978516,27,629.0,0.08628257887517146
BCL11A,METTL3,METTL3,ENSG00000165819,10.074031829833984,28,630.0,0.08641975308641975
BCL11A,RPL10A,RPL10A,ENSG00000198755,10.072025299072266,31,631.0,0.08655692729766803
BCL11A,VEGFA,VEGFA,ENSG00000112715,10.070297241210938,26,632.0,0.08669410150891632
BCL11A,SEL1L,SEL1L,ENSG00000071537,10.062004089355469,28,633.0,0.08683127572016461
KLF1,HIST1H2BB,HIST1H2BB,ENSG00000276410,10.057709693908691,26,51.0,0.0069958847736625515
BCL11A,STRN,STRN,ENSG00000115808,10.057031631469727,25,634.0,0.0869684499314129
BCL11A,AATF,AATF,ENSG00000275700,10.054624557495117,27,635.0,0.08710562414266118
BCL11A,FMC1,FMC1,ENSG00000164898,10.04787540435791,29,636.0,0.08724279835390947
BCL11A,E2F8,E2F8,ENSG00000129173,10.042694091796875,25,637.0,0.08737997256515775
BCL11A,RTN4,RTN4,ENSG00000115310,10.042202949523926,25,638.0,0.08751714677640604
BCL11A,G2E3-AS1,G2E3-AS1,ENSG00000257636,10.040936470031738,30,639.0,0.08765432098765433
BCL11A,GALNT11,GALNT11,ENSG00000178234,10.040130615234375,25,640.0,0.0877914951989026
BCL11A,LARP4,LARP4,ENSG00000161813,10.039828300476074,25,641.0,0.08792866941015089
BCL11A,NUP107,NUP107,ENSG00000111581,10.038994789123535,25,642.0,0.08806584362139917
GFI1B,INPP5F,INPP5F,ENSG00000198825,10.038594245910645,28,54.0,0.007407407407407408
KLF1,CLK1,CLK1,ENSG00000013441,10.036422729492188,27,52.0,0.007133058984910837
BCL11A,NAGK,NAGK,ENSG00000124357,10.035490036010742,26,643.0,0.08820301783264746
KLF1,ZNF337,ZNF337,ENSG00000130684,10.032123565673828,25,53.0,0.007270233196159122
BCL11A,NDUFC2,NDUFC2,ENSG00000151366,10.03026008605957,27,644.0,0.08834019204389575
BCL11A,CTBP2,CTBP2,ENSG00000175029,10.025906562805176,26,645.0,0.08847736625514403
BCL11A,BRCA1,BRCA1,ENSG00000012048,10.021344184875488,27,646.0,0.08861454046639232
BCL11A,RPL23,RPL23,ENSG00000125691,10.019098281860352,29,647.0,0.0887517146776406
GATA1,FIG4,FIG4,ENSG00000112367,10.016082763671875,29,28.0,0.003840877914951989
BCL11A,SEC22A,SEC22A,ENSG00000121542,10.013652801513672,25,648.0,0.08888888888888889
BCL11A,ADK,ADK,ENSG00000156110,10.007177352905273,25,649.0,0.08902606310013718
BCL11A,TPX2,TPX2,ENSG00000088325,10.006417274475098,25,650.0,0.08916323731138547
BCL11A,GTF3C3,GTF3C3,ENSG00000119041,10.002669334411621,28,651.0,0.08930041152263374
BCL11A,ANKHD1,ANKHD1,ENSG00000131503,10.002445220947266,25,652.0,0.08943758573388202
BCL11A,CCDC88A,CCDC88A,ENSG00000115355,10.000139236450195,25,653.0,0.08957475994513031
NFE2,PLAG1,PLAG1,ENSG00000181690,10.000113487243652,25,41.0,0.005624142661179698
BCL11A,IVNS1ABP,IVNS1ABP,ENSG00000116679,9.999310493469238,27,654.0,0.0897119341563786
GATA1,EIF4EBP3,EIF4EBP3,ENSG00000243056,9.997883796691895,25,29.0,0.003978052126200274
BCL11A,TJP2,TJP2,ENSG00000119139,9.997129440307617,25,655.0,0.08984910836762688
BCL11A,DCAF7,DCAF7,ENSG00000136485,9.988365173339844,25,656.0,0.08998628257887517
BCL11A,RPL17,RPL17,ENSG00000265681,9.981799125671387,25,657.0,0.09012345679012346
NFE2,STK19,STK19,ENSG00000204344,9.981588363647461,25,42.0,0.005761316872427984
BCL11A,EIF4G3,EIF4G3,ENSG00000075151,9.980142593383789,25,658.0,0.09026063100137174
TAL1,HIST1H2BK,HIST1H2BK,ENSG00000197903,9.973231315612793,31,66.0,0.00905349794238683
BCL11A,PC,PC,ENSG00000173599,9.972002983093262,27,659.0,0.09039780521262003
BCL11A,KIF18A,KIF18A,ENSG00000121621,9.969964981079102,26,660.0,0.09053497942386832
KLF1,TRMT44,TRMT44,ENSG00000155275,9.969472885131836,28,54.0,0.007407407407407408
BCL11A,DENND4C,DENND4C,ENSG00000137145,9.965818405151367,25,661.0,0.0906721536351166
NFE2,TSPAN5,TSPAN5,ENSG00000168785,9.96562671661377,25,43.0,0.005898491083676269
TAL1,GPN2,GPN2,ENSG00000142751,9.963783264160156,28,67.0,0.009190672153635117
BCL11A,ANAPC11,ANAPC11,ENSG00000141552,9.9590482711792,27,662.0,0.09080932784636489
BCL11A,MBNL3,MBNL3,ENSG00000076770,9.958118438720703,26,663.0,0.09094650205761316
GATA1,VPS29,VPS29,ENSG00000111237,9.955119132995605,25,30.0,0.00411522633744856
BCL11A,GOLGA1,GOLGA1,ENSG00000136935,9.951716423034668,33,664.0,0.09108367626886145
BCL11A,TM9SF3,TM9SF3,ENSG00000077147,9.951653480529785,38,665.0,0.09122085048010974
BCL11A,NUP54,NUP54,ENSG00000138750,9.95120906829834,25,666.0,0.09135802469135802
BCL11A,GCAT,GCAT,ENSG00000100116,9.946532249450684,27,667.0,0.09149519890260631
BCL11A,CEP57L1,CEP57L1,ENSG00000183137,9.946046829223633,27,668.0,0.0916323731138546
BCL11A,TMOD3,TMOD3,ENSG00000138594,9.945878028869629,25,669.0,0.09176954732510288
GATA1,COLQ,COLQ,ENSG00000206561,9.944999694824219,26,31.0,0.004252400548696845
BCL11A,GPATCH2L,GPATCH2L,ENSG00000089916,9.943170547485352,26,670.0,0.09190672153635117
BCL11A,BTG3,BTG3,ENSG00000154640,9.942224502563477,28,671.0,0.09204389574759946
BCL11A,ST6GALNAC4,ST6GALNAC4,ENSG00000136840,9.940725326538086,29,672.0,0.09218106995884774
BCL11A,NDUFS1,NDUFS1,ENSG00000023228,9.940720558166504,25,673.0,0.09231824417009603
BCL11A,C2orf69,C2orf69,ENSG00000178074,9.940569877624512,28,674.0,0.0924554183813443
BCL11A,CHAF1A,CHAF1A,ENSG00000167670,9.938685417175293,29,675.0,0.09259259259259259
BCL11A,HIST1H3D,HIST1H3D,ENSG00000197409,9.937228202819824,25,676.0,0.09272976680384087
GFI1B,NMNAT3,NMNAT3,ENSG00000163864,9.93649673461914,26,55.0,0.0075445816186556925
NFE2,SLC2A13,SLC2A13,ENSG00000151229,9.936275482177734,25,44.0,0.006035665294924554
BCL11A,SMC5,SMC5,ENSG00000198887,9.935662269592285,25,677.0,0.09286694101508916
TAL1,OGDH,OGDH,ENSG00000105953,9.9347505569458,27,68.0,0.009327846364883402
BCL11A,RPS7,RPS7,ENSG00000171863,9.933541297912598,25,678.0,0.09300411522633745
BCL11A,ESD,ESD,ENSG00000139684,9.931085586547852,28,679.0,0.09314128943758573
BCL11A,IGHMBP2,IGHMBP2,ENSG00000132740,9.930596351623535,25,680.0,0.09327846364883402
BCL11A,CRCP,CRCP,ENSG00000241258,9.929859161376953,28,681.0,0.0934156378600823
BCL11A,ZNF274,ZNF274,ENSG00000171606,9.929398536682129,27,682.0,0.0935528120713306
GFI1B,NEDD4,NEDD4,ENSG00000069869,9.929182052612305,25,56.0,0.007681755829903978
NFE2,IRAK2,IRAK2,ENSG00000134070,9.92905044555664,25,45.0,0.006172839506172839
GFI1B,MED14,MED14,ENSG00000180182,9.928966522216797,28,57.0,0.007818930041152264
BCL11A,SMG1,SMG1,ENSG00000157106,9.92888355255127,25,683.0,0.09368998628257888
TAL1,FAM27C,FAM27C,ENSG00000231527,9.927590370178223,25,69.0,0.009465020576131687
GFI1B,MMAB,MMAB,ENSG00000139428,9.926909446716309,28,58.0,0.007956104252400549
GFI1B,AP3M1,AP3M1,ENSG00000185009,9.926539421081543,28,59.0,0.008093278463648833
BCL11A,LCOR,LCOR,ENSG00000196233,9.926281929016113,27,684.0,0.09382716049382717
BCL11A,BZW1,BZW1,ENSG00000082153,9.924250602722168,25,685.0,0.09396433470507544
BCL11A,DDX39A,DDX39A,ENSG00000123136,9.922063827514648,27,686.0,0.09410150891632373
BCL11A,LINC01572,LINC01572,ENSG00000261008,9.9207763671875,25,687.0,0.09423868312757201
BCL11A,ARG1,ARG1,ENSG00000118520,9.917196273803711,27,688.0,0.0943758573388203
GFI1B,RPL27,RPL27,ENSG00000131469,9.91632080078125,28,60.0,0.00823045267489712
BCL11A,PSMA2,PSMA2,ENSG00000106588,9.914190292358398,27,689.0,0.09451303155006859
BCL11A,TRIM33,TRIM33,ENSG00000197323,9.913979530334473,26,690.0,0.09465020576131687
BCL11A,POLQ,POLQ,ENSG00000051341,9.910606384277344,27,691.0,0.09478737997256516
BCL11A,LARP1B,LARP1B,ENSG00000138709,9.90998363494873,26,692.0,0.09492455418381344
BCL11A,SETD3,SETD3,ENSG00000183576,9.90900707244873,27,693.0,0.09506172839506173
BCL11A,GCFC2,GCFC2,ENSG00000005436,9.906302452087402,25,694.0,0.09519890260631002
BCL11A,PRKAR2B,PRKAR2B,ENSG00000005249,9.903534889221191,27,695.0,0.0953360768175583
BCL11A,NCAPD2,NCAPD2,ENSG00000010292,9.901369094848633,26,696.0,0.09547325102880659
GFI1B,OGG1,OGG1,ENSG00000114026,9.899259567260742,25,61.0,0.008367626886145405
BCL11A,RPS2,RPS2,ENSG00000140988,9.898306846618652,25,697.0,0.09561042524005486
BCL11A,BTAF1,BTAF1,ENSG00000095564,9.895614624023438,28,698.0,0.09574759945130315
TAL1,MED1,MED1,ENSG00000125686,9.892518997192383,26,70.0,0.009602194787379973
TAL1,AC003102.1,AC003102.1,ENSG00000260793,9.889278411865234,25,71.0,0.009739368998628258
BCL11A,HIST1H4C,HIST1H4C,ENSG00000197061,9.884662628173828,25,699.0,0.09588477366255144
BCL11A,FIP1L1,FIP1L1,ENSG00000145216,9.883925437927246,27,700.0,0.09602194787379972
GFI1B,KLHDC3,KLHDC3,ENSG00000124702,9.879729270935059,31,62.0,0.00850480109739369
BCL11A,NFATC2IP,NFATC2IP,ENSG00000176953,9.87170124053955,27,701.0,0.09615912208504801
BCL11A,STMN1,STMN1,ENSG00000117632,9.866710662841797,28,702.0,0.0962962962962963
BCL11A,WRN,WRN,ENSG00000165392,9.856508255004883,27,703.0,0.09643347050754458
BCL11A,ACER3,ACER3,ENSG00000078124,9.855743408203125,26,704.0,0.09657064471879287
BCL11A,GTF2B,GTF2B,ENSG00000137947,9.855237007141113,29,705.0,0.09670781893004116
BCL11A,PMPCB,PMPCB,ENSG00000105819,9.852941513061523,33,706.0,0.09684499314128944
KLF1,SNHG5,SNHG5,ENSG00000203875,9.852258682250977,25,55.0,0.0075445816186556925
GFI1B,CD151,CD151,ENSG00000177697,9.850870132446289,25,63.0,0.008641975308641974
BCL11A,DDX60,DDX60,ENSG00000137628,9.849959373474121,27,707.0,0.09698216735253773
GATA1,AFF4,AFF4,ENSG00000072364,9.8485107421875,25,32.0,0.0043895747599451305
BCL11A,VANGL1,VANGL1,ENSG00000173218,9.845300674438477,27,708.0,0.097119341563786
BCL11A,HMMR,HMMR,ENSG00000072571,9.842618942260742,25,709.0,0.09725651577503429
BCL11A,YEATS4,YEATS4,ENSG00000127337,9.83949089050293,28,710.0,0.09739368998628258
BCL11A,NUDT1,NUDT1,ENSG00000106268,9.838847160339355,30,711.0,0.09753086419753086
KLF1,NOL8,NOL8,ENSG00000198000,9.838631629943848,27,56.0,0.007681755829903978
GFI1B,POLA1,POLA1,ENSG00000101868,9.83846664428711,26,64.0,0.008779149519890261
BCL11A,RPS28,RPS28,ENSG00000233927,9.838142395019531,25,712.0,0.09766803840877915
BCL11A,DNAJC7,DNAJC7,ENSG00000168259,9.835550308227539,27,713.0,0.09780521262002743
KLF1,TRMO,TRMO,ENSG00000136932,9.834221839904785,26,57.0,0.007818930041152264
GATA1,GULP1,GULP1,ENSG00000144366,9.833231925964355,26,33.0,0.004526748971193415
BCL11A,ATP1A1,ATP1A1,ENSG00000163399,9.832012176513672,26,714.0,0.09794238683127572
BCL11A,CEP120,CEP120,ENSG00000168944,9.829543113708496,26,715.0,0.09807956104252401
BCL11A,ID2,ID2,ENSG00000115738,9.824369430541992,32,716.0,0.0982167352537723
BCL11A,TFDP1,TFDP1,ENSG00000198176,9.824274063110352,28,717.0,0.09835390946502058
BCL11A,RECQL,RECQL,ENSG00000004700,9.823659896850586,25,718.0,0.09849108367626887
TAL1,POLE,POLE,ENSG00000177084,9.82172966003418,29,72.0,0.009876543209876543
BCL11A,SNRNP40,SNRNP40,ENSG00000060688,9.821236610412598,30,719.0,0.09862825788751714
BCL11A,KIF2A,KIF2A,ENSG00000068796,9.818455696105957,29,720.0,0.09876543209876543
NFE2,EIF3B,EIF3B,ENSG00000106263,9.817551612854004,30,46.0,0.006310013717421125
BCL11A,DNAJC1,DNAJC1,ENSG00000136770,9.815314292907715,25,721.0,0.09890260631001371
BCL11A,CDC42SE2,CDC42SE2,ENSG00000158985,9.811212539672852,25,722.0,0.099039780521262
BCL11A,RINT1,RINT1,ENSG00000135249,9.808640480041504,25,723.0,0.09917695473251029
NFE2,NME7,NME7,ENSG00000143156,9.80740737915039,29,47.0,0.0064471879286694105
BCL11A,RNASEH2B,RNASEH2B,ENSG00000136104,9.801589012145996,28,724.0,0.09931412894375857
BCL11A,C5orf15,C5orf15,ENSG00000113583,9.801496505737305,25,725.0,0.09945130315500686
NFE2,OR2AT4,OR2AT4,ENSG00000171561,9.79927921295166,28,48.0,0.006584362139917695
BCL11A,DDX1,DDX1,ENSG00000079785,9.798819541931152,28,726.0,0.09958847736625515
BCL11A,YWHAH,YWHAH,ENSG00000128245,9.797018051147461,27,727.0,0.09972565157750343
BCL11A,FANCA,FANCA,ENSG00000187741,9.796876907348633,26,728.0,0.09986282578875172
BCL11A,RAD50,RAD50,ENSG00000113522,9.79454517364502,25,729.0,0.1
GFI1B,MIER1,MIER1,ENSG00000198160,9.789237022399902,33,65.0,0.008916323731138546
NFE2,PIGS,PIGS,ENSG00000087111,9.784619331359863,29,49.0,0.006721536351165981
KLF1,FAM174C,FAM174C,ENSG00000228300,9.7843599319458,27,58.0,0.007956104252400549
KLF1,PCBP1,PCBP1,ENSG00000169564,9.783519744873047,35,59.0,0.008093278463648833
NFE2,CAT,CAT,ENSG00000121691,9.78239631652832,27,50.0,0.006858710562414266
GFI1B,EPDR1,EPDR1,ENSG00000086289,9.776823997497559,27,66.0,0.00905349794238683
NFE2,CFAP161,CFAP161,ENSG00000156206,9.772181510925293,27,51.0,0.0069958847736625515
GATA1,TFE3,TFE3,ENSG00000068323,9.766233444213867,25,34.0,0.004663923182441701
NFE2,AGPAT4,AGPAT4,ENSG00000026652,9.760939598083496,28,52.0,0.007133058984910837
KLF1,NSUN2,NSUN2,ENSG00000037474,9.75654125213623,29,60.0,0.00823045267489712
GFI1B,SEH1L,SEH1L,ENSG00000085415,9.75273323059082,26,67.0,0.009190672153635117
GFI1B,ENOSF1,ENOSF1,ENSG00000132199,9.751167297363281,30,68.0,0.009327846364883402
TAL1,BCLAF3,BCLAF3,ENSG00000173681,9.747549057006836,29,73.0,0.010013717421124828
GFI1B,VPS54,VPS54,ENSG00000143952,9.744691848754883,25,69.0,0.009465020576131687
TAL1,DNAJB14,DNAJB14,ENSG00000164031,9.73989486694336,28,74.0,0.010150891632373114
NFE2,TRHDE,TRHDE,ENSG00000072657,9.735909461975098,27,53.0,0.007270233196159122
NFE2,BRAF,BRAF,ENSG00000157764,9.73392105102539,26,54.0,0.007407407407407408
GATA1,ATXN7L1,ATXN7L1,ENSG00000146776,9.732917785644531,25,35.0,0.004801097393689987
GFI1B,STX10,STX10,ENSG00000104915,9.732489585876465,27,70.0,0.009602194787379973
KLF1,GLRX5,GLRX5,ENSG00000182512,9.728446006774902,26,61.0,0.008367626886145405
KLF1,ZFAND2A,ZFAND2A,ENSG00000178381,9.728169441223145,26,62.0,0.00850480109739369
GATA1,PPTC7,PPTC7,ENSG00000196850,9.724335670471191,27,36.0,0.0049382716049382715
KLF1,TLE4,TLE4,ENSG00000106829,9.72213077545166,27,63.0,0.008641975308641974
TAL1,MTFR1,MTFR1,ENSG00000066855,9.719095230102539,26,75.0,0.0102880658436214
GFI1B,AUP1,AUP1,ENSG00000115307,9.715808868408203,28,71.0,0.009739368998628258
NFE2,SLC35A4,SLC35A4,ENSG00000176087,9.679237365722656,25,55.0,0.0075445816186556925
GFI1B,C1orf50,C1orf50,ENSG00000164008,9.677597999572754,33,72.0,0.009876543209876543
TAL1,MAST3,MAST3,ENSG00000099308,9.67215347290039,27,76.0,0.010425240054869684
KLF1,CTDNEP1,CTDNEP1,ENSG00000175826,9.665386199951172,28,64.0,0.008779149519890261
GFI1B,ARAP1,ARAP1,ENSG00000186635,9.662647247314453,26,73.0,0.010013717421124828
GFI1B,ACBD6,ACBD6,ENSG00000230124,9.66205883026123,31,74.0,0.010150891632373114
GFI1B,CD99L2,CD99L2,ENSG00000102181,9.64751148223877,26,75.0,0.0102880658436214
GFI1B,SFI1,SFI1,ENSG00000198089,9.645686149597168,25,76.0,0.010425240054869684
GFI1B,RPS29,RPS29,ENSG00000213741,9.639830589294434,29,77.0,0.01056241426611797
GFI1B,CCDC69,CCDC69,ENSG00000198624,9.639098167419434,27,78.0,0.010699588477366255
NFE2,UBE2O,UBE2O,ENSG00000175931,9.630325317382812,29,56.0,0.007681755829903978
TAL1,OTUD1,OTUD1,ENSG00000165312,9.629413604736328,26,77.0,0.01056241426611797
GFI1B,ZRANB3,ZRANB3,ENSG00000121988,9.624005317687988,27,79.0,0.01083676268861454
GFI1B,OIP5-AS1,OIP5-AS1,ENSG00000247556,9.616129875183105,30,80.0,0.010973936899862825
NFE2,CAPN5,CAPN5,ENSG00000149260,9.61280632019043,25,57.0,0.007818930041152264
GFI1B,POLR2M,POLR2M,ENSG00000255529,9.612722396850586,30,81.0,0.011111111111111112
GFI1B,LPCAT3,LPCAT3,ENSG00000111684,9.599575996398926,28,82.0,0.011248285322359396
KLF1,PRRC1,PRRC1,ENSG00000164244,9.585713386535645,27,65.0,0.008916323731138546
GFI1B,RAF1,RAF1,ENSG00000132155,9.57729434967041,25,83.0,0.011385459533607681
TAL1,PSMD5,PSMD5,ENSG00000095261,9.569451332092285,27,78.0,0.010699588477366255
GFI1B,POLD3,POLD3,ENSG00000077514,9.56081485748291,26,84.0,0.011522633744855968
TAL1,PPP1R15A,PPP1R15A,ENSG00000087074,9.550434112548828,30,79.0,0.01083676268861454
KLF1,SPATA33,SPATA33,ENSG00000167523,9.550338745117188,28,66.0,0.00905349794238683
KLF1,ZBTB6,ZBTB6,ENSG00000186130,9.543604850769043,25,67.0,0.009190672153635117
GFI1B,MCM7,MCM7,ENSG00000166508,9.539507865905762,25,85.0,0.011659807956104253
GATA1,VAMP5,VAMP5,ENSG00000168899,9.532075881958008,25,37.0,0.005075445816186557
GATA1,SMIM26,SMIM26,ENSG00000232388,9.522810935974121,30,38.0,0.005212620027434842
NFE2,RPAIN,RPAIN,ENSG00000129197,9.517553329467773,29,58.0,0.007956104252400549
NFE2,CTSL,CTSL,ENSG00000135047,9.51684856414795,26,59.0,0.008093278463648833
NFE2,CDC42EP1,CDC42EP1,ENSG00000128283,9.51571273803711,31,60.0,0.00823045267489712
KLF1,JKAMP,JKAMP,ENSG00000050130,9.51430892944336,28,68.0,0.009327846364883402
TAL1,HSPA1B,HSPA1B,ENSG00000204388,9.513450622558594,27,80.0,0.010973936899862825
TAL1,ZCCHC4,ZCCHC4,ENSG00000168228,9.508774757385254,25,81.0,0.011111111111111112
GFI1B,TMEM168,TMEM168,ENSG00000146802,9.507275581359863,25,86.0,0.011796982167352537
GFI1B,CDC6,CDC6,ENSG00000094804,9.500140190124512,27,87.0,0.011934156378600824
GFI1B,DIS3,DIS3,ENSG00000083520,9.499159812927246,27,88.0,0.012071330589849109
NFE2,FAM199X,FAM199X,ENSG00000123575,9.498218536376953,25,61.0,0.008367626886145405
KLF1,TANGO6,TANGO6,ENSG00000103047,9.498029708862305,27,69.0,0.009465020576131687
GFI1B,STON2,STON2,ENSG00000140022,9.495331764221191,27,89.0,0.012208504801097394
GATA1,ATXN7L3B,ATXN7L3B,ENSG00000253719,9.494536399841309,25,39.0,0.005349794238683128
GFI1B,SUSD1,SUSD1,ENSG00000106868,9.492643356323242,25,90.0,0.012345679012345678
GFI1B,ZNF611,ZNF611,ENSG00000213020,9.487265586853027,26,91.0,0.012482853223593965
GFI1B,NAPEPLD,NAPEPLD,ENSG00000161048,9.482916831970215,26,92.0,0.01262002743484225
GFI1B,ECHS1,ECHS1,ENSG00000127884,9.482065200805664,25,93.0,0.012757201646090535
NFE2,ZMYND8,ZMYND8,ENSG00000101040,9.477425575256348,31,62.0,0.00850480109739369
GFI1B,HDAC6,HDAC6,ENSG00000094631,9.474645614624023,32,94.0,0.012894375857338821
NFE2,DPF2,DPF2,ENSG00000133884,9.473916053771973,25,63.0,0.008641975308641974
NFE2,DDX56,DDX56,ENSG00000136271,9.469846725463867,25,64.0,0.008779149519890261
KLF1,HIST1H2BN,HIST1H2BN,ENSG00000233822,9.460890769958496,25,70.0,0.009602194787379973
TAL1,PREP,PREP,ENSG00000085377,9.457623481750488,25,82.0,0.011248285322359396
KLF1,CLK2,CLK2,ENSG00000176444,9.449862480163574,27,71.0,0.009739368998628258
GFI1B,ITGB1BP1,ITGB1BP1,ENSG00000119185,9.448284149169922,25,95.0,0.013031550068587106
KLF1,DYRK1B,DYRK1B,ENSG00000105204,9.442530632019043,27,72.0,0.009876543209876543
KLF1,RHOT2,RHOT2,ENSG00000140983,9.437897682189941,25,73.0,0.010013717421124828
GFI1B,HBB,HBB,ENSG00000244734,9.42273235321045,30,96.0,0.01316872427983539
KLF1,GTF2IRD2B,GTF2IRD2B,ENSG00000174428,9.41247272491455,27,74.0,0.010150891632373114
KLF1,OGFRL1,OGFRL1,ENSG00000119900,9.410780906677246,29,75.0,0.0102880658436214
GFI1B,TCHP,TCHP,ENSG00000139437,9.405210494995117,25,97.0,0.013305898491083675
TAL1,PACRGL,PACRGL,ENSG00000163138,9.404523849487305,28,83.0,0.011385459533607681
NFE2,MFAP3,MFAP3,ENSG00000037749,9.399850845336914,25,65.0,0.008916323731138546
GFI1B,RBM12B,RBM12B,ENSG00000183808,9.388092041015625,28,98.0,0.013443072702331962
GFI1B,LINC01133,LINC01133,ENSG00000224259,9.38416576385498,27,99.0,0.013580246913580247
NFE2,NRXN3,NRXN3,ENSG00000021645,9.380670547485352,25,66.0,0.00905349794238683
NFE2,ZNF844,ZNF844,ENSG00000223547,9.379864692687988,25,67.0,0.009190672153635117
TAL1,SNHG8,SNHG8,ENSG00000269893,9.37934684753418,26,84.0,0.011522633744855968
GFI1B,ACSF3,ACSF3,ENSG00000176715,9.374799728393555,27,100.0,0.013717421124828532
GFI1B,MMUT,MMUT,ENSG00000146085,9.373624801635742,31,101.0,0.013854595336076818
GFI1B,EFTUD2,EFTUD2,ENSG00000108883,9.369802474975586,25,102.0,0.013991769547325103
TAL1,KHDC4,KHDC4,ENSG00000132680,9.36479377746582,25,85.0,0.011659807956104253
KLF1,RGS12,RGS12,ENSG00000159788,9.356962203979492,28,76.0,0.010425240054869684
KLF1,C9orf153,C9orf153,ENSG00000187753,9.349135398864746,25,77.0,0.01056241426611797
GFI1B,WIPF2,WIPF2,ENSG00000171475,9.33688735961914,26,103.0,0.014128943758573388
GFI1B,OVOL2,OVOL2,ENSG00000125850,9.332555770874023,28,104.0,0.014266117969821674
GATA1,AC097382.3,AC097382.3,ENSG00000287104,9.328658103942871,25,40.0,0.0054869684499314125
TAL1,AL137009.1,AL137009.1,ENSG00000253194,9.321548461914062,25,86.0,0.011796982167352537
NFE2,OAZ2,OAZ2,ENSG00000180304,9.321479797363281,25,68.0,0.009327846364883402
NFE2,FAM222B,FAM222B,ENSG00000173065,9.319514274597168,27,69.0,0.009465020576131687
GFI1B,CRKL,CRKL,ENSG00000099942,9.316904067993164,27,105.0,0.01440329218106996
KLF1,GDE1,GDE1,ENSG00000006007,9.310091972351074,26,78.0,0.010699588477366255
TAL1,ITM2B,ITM2B,ENSG00000136156,9.306604385375977,33,87.0,0.011934156378600824
NFE2,YIPF2,YIPF2,ENSG00000130733,9.29104232788086,26,70.0,0.009602194787379973
GFI1B,PARP1,PARP1,ENSG00000143799,9.284052848815918,27,106.0,0.014540466392318244
NFE2,RSPRY1,RSPRY1,ENSG00000159579,9.282919883728027,25,71.0,0.009739368998628258
NFE2,TMEM131L,TMEM131L,ENSG00000121210,9.282388687133789,30,72.0,0.009876543209876543
GFI1B,DBNL,DBNL,ENSG00000136279,9.279290199279785,26,107.0,0.014677640603566529
GFI1B,SAMD1,SAMD1,ENSG00000141858,9.278325080871582,27,108.0,0.014814814814814815
GFI1B,ST3GAL3,ST3GAL3,ENSG00000126091,9.266340255737305,30,109.0,0.0149519890260631
TAL1,NINJ2,NINJ2,ENSG00000171840,9.262419700622559,25,88.0,0.012071330589849109
GATA1,ATG13,ATG13,ENSG00000175224,9.252229690551758,27,41.0,0.005624142661179698
NFE2,SORBS1,SORBS1,ENSG00000095637,9.25207805633545,26,73.0,0.010013717421124828
KLF1,BRPF1,BRPF1,ENSG00000156983,9.239994049072266,26,79.0,0.01083676268861454
GFI1B,MCM5,MCM5,ENSG00000100297,9.238319396972656,25,110.0,0.015089163237311385
TAL1,C12orf60,C12orf60,ENSG00000182993,9.237968444824219,29,89.0,0.012208504801097394
NFE2,HBM,HBM,ENSG00000206177,9.237556457519531,25,74.0,0.010150891632373114
GFI1B,HNRNPA2B1,HNRNPA2B1,ENSG00000122566,9.237128257751465,31,111.0,0.015226337448559672
GATA1,PDE12,PDE12,ENSG00000174840,9.23112678527832,30,42.0,0.005761316872427984
TAL1,EXOSC4,EXOSC4,ENSG00000178896,9.227678298950195,25,90.0,0.012345679012345678
GATA1,ZCCHC10,ZCCHC10,ENSG00000155329,9.222576141357422,25,43.0,0.005898491083676269
TAL1,HSF1,HSF1,ENSG00000185122,9.217612266540527,25,91.0,0.012482853223593965
GFI1B,DARS,DARS,ENSG00000115866,9.214927673339844,28,112.0,0.015363511659807956
GFI1B,CEBPZOS,CEBPZOS,ENSG00000218739,9.213218688964844,25,113.0,0.015500685871056241
GFI1B,MRPL54,MRPL54,ENSG00000183617,9.211071968078613,25,114.0,0.015637860082304528
NFE2,FAM214B,FAM214B,ENSG00000005238,9.21002197265625,35,75.0,0.0102880658436214
TAL1,TSPYL1,TSPYL1,ENSG00000189241,9.209145545959473,25,92.0,0.01262002743484225
GFI1B,DCBLD2,DCBLD2,ENSG00000057019,9.207514762878418,26,115.0,0.01577503429355281
TAL1,USP15,USP15,ENSG00000135655,9.207132339477539,25,93.0,0.012757201646090535
KLF1,NHEJ1,NHEJ1,ENSG00000187736,9.193711280822754,32,80.0,0.010973936899862825
KLF1,TRIM11,TRIM11,ENSG00000154370,9.193629264831543,25,81.0,0.011111111111111112
GATA1,AC103794.1,AC103794.1,ENSG00000254878,9.192988395690918,25,44.0,0.006035665294924554
KLF1,RTCA-AS1,RTCA-AS1,ENSG00000224616,9.187554359436035,25,82.0,0.011248285322359396
GATA1,PPM1L,PPM1L,ENSG00000163590,9.18185806274414,26,45.0,0.006172839506172839
TAL1,LAMTOR1,LAMTOR1,ENSG00000149357,9.17349910736084,25,94.0,0.012894375857338821
GATA1,AC008892.1,AC008892.1,ENSG00000249236,9.171656608581543,26,46.0,0.006310013717421125
KLF1,RBCK1,RBCK1,ENSG00000125826,9.165858268737793,25,83.0,0.011385459533607681
NFE2,RFT1,RFT1,ENSG00000163933,9.164127349853516,25,76.0,0.010425240054869684
GATA1,RPS17,RPS17,ENSG00000182774,9.158217430114746,30,47.0,0.0064471879286694105
NFE2,RHD,RHD,ENSG00000187010,9.154305458068848,32,77.0,0.01056241426611797
KLF1,TBC1D15,TBC1D15,ENSG00000121749,9.154058456420898,30,84.0,0.011522633744855968
KLF1,LMAN1,LMAN1,ENSG00000074695,9.149821281433105,27,85.0,0.011659807956104253
GFI1B,TMEM106C,TMEM106C,ENSG00000134291,9.146658897399902,29,116.0,0.015912208504801097
GFI1B,ZFYVE27,ZFYVE27,ENSG00000155256,9.139392852783203,30,117.0,0.016049382716049384
GFI1B,RCN2,RCN2,ENSG00000117906,9.139139175415039,25,118.0,0.016186556927297667
KLF1,GRSF1,GRSF1,ENSG00000132463,9.138816833496094,25,86.0,0.011796982167352537
KLF1,MAVS,MAVS,ENSG00000088888,9.136979103088379,25,87.0,0.011934156378600824
KLF1,SEC31A,SEC31A,ENSG00000138674,9.135893821716309,28,88.0,0.012071330589849109
NFE2,SLC35A1,SLC35A1,ENSG00000164414,9.133310317993164,25,78.0,0.010699588477366255
NFE2,PILRB,PILRB,ENSG00000121716,9.133103370666504,26,79.0,0.01083676268861454
GATA1,AL158801.3,AL158801.3,ENSG00000258455,9.132403373718262,26,48.0,0.006584362139917695
GFI1B,DIAPH3,DIAPH3,ENSG00000139734,9.131119728088379,31,119.0,0.016323731138545954
GFI1B,MAGOHB,MAGOHB,ENSG00000111196,9.125509262084961,25,120.0,0.01646090534979424
GATA1,TRIM23,TRIM23,ENSG00000113595,9.123126983642578,25,49.0,0.006721536351165981
NFE2,CCNI,CCNI,ENSG00000118816,9.12213134765625,25,80.0,0.010973936899862825
GFI1B,CNOT6,CNOT6,ENSG00000113300,9.112947463989258,27,121.0,0.016598079561042523
KLF1,YBX3,YBX3,ENSG00000060138,9.111170768737793,25,89.0,0.012208504801097394
GFI1B,RPL10A,RPL10A,ENSG00000198755,9.108681678771973,31,122.0,0.01673525377229081
NFE2,ACSL6,ACSL6,ENSG00000164398,9.104996681213379,26,81.0,0.011111111111111112
KLF1,LIG3,LIG3,ENSG00000005156,9.101431846618652,30,90.0,0.012345679012345678
NFE2,CMTR1,CMTR1,ENSG00000137200,9.09716510772705,27,82.0,0.011248285322359396
GFI1B,ELMO1,ELMO1,ENSG00000155849,9.09197998046875,26,123.0,0.016872427983539096
GFI1B,DEK,DEK,ENSG00000124795,9.091219902038574,40,124.0,0.01700960219478738
KLF1,ZNF480,ZNF480,ENSG00000198464,9.084753036499023,25,91.0,0.012482853223593965
GATA1,PPCDC,PPCDC,ENSG00000138621,9.084370613098145,25,50.0,0.006858710562414266
NFE2,PTK2B,PTK2B,ENSG00000120899,9.079565048217773,26,83.0,0.011385459533607681
GFI1B,CENPP,CENPP,ENSG00000188312,9.07602310180664,28,125.0,0.017146776406035666
TAL1,C18orf32,C18orf32,ENSG00000177576,9.074603080749512,25,95.0,0.013031550068587106
NFE2,SLC25A39,SLC25A39,ENSG00000013306,9.069076538085938,27,84.0,0.011522633744855968
KLF1,DNA2,DNA2,ENSG00000138346,9.066850662231445,29,92.0,0.01262002743484225
GATA1,AC097534.1,AC097534.1,ENSG00000248774,9.066828727722168,28,51.0,0.0069958847736625515
KLF1,CD70,CD70,ENSG00000125726,9.0599946975708,28,93.0,0.012757201646090535
TAL1,DNAJC2,DNAJC2,ENSG00000105821,9.059864044189453,25,96.0,0.01316872427983539
KLF1,SLC1A5,SLC1A5,ENSG00000105281,9.050246238708496,26,94.0,0.012894375857338821
GFI1B,PRKCSH,PRKCSH,ENSG00000130175,9.047837257385254,25,126.0,0.01728395061728395
GFI1B,PSPC1,PSPC1,ENSG00000121390,9.043697357177734,33,127.0,0.017421124828532236
NFE2,SENP2,SENP2,ENSG00000163904,9.03276252746582,25,85.0,0.011659807956104253
GFI1B,DDHD2,DDHD2,ENSG00000085788,9.032264709472656,27,128.0,0.017558299039780522
NFE2,MAIP1,MAIP1,ENSG00000162972,9.030978202819824,26,86.0,0.011796982167352537
TAL1,NATD1,NATD1,ENSG00000274180,9.021819114685059,26,97.0,0.013305898491083675
NFE2,CARNMT1,CARNMT1,ENSG00000156017,9.015363693237305,25,87.0,0.011934156378600824
TAL1,NFAT5,NFAT5,ENSG00000102908,9.01340389251709,27,98.0,0.013443072702331962
GATA1,ATG4B,ATG4B,ENSG00000168397,9.007299423217773,25,52.0,0.007133058984910837
KLF1,MAP1LC3B,MAP1LC3B,ENSG00000140941,9.004622459411621,25,95.0,0.013031550068587106
NFE2,FAM229A,FAM229A,ENSG00000225828,8.996355056762695,27,88.0,0.012071330589849109
GFI1B,TADA2A,TADA2A,ENSG00000276234,8.99300765991211,28,129.0,0.017695473251028805
TAL1,CCDC84,CCDC84,ENSG00000186166,8.986580848693848,29,99.0,0.013580246913580247
NFE2,NXF1,NXF1,ENSG00000162231,8.986490249633789,25,89.0,0.012208504801097394
NFE2,ING4,ING4,ENSG00000111653,8.975886344909668,27,90.0,0.012345679012345678
TAL1,PPP1R9B,PPP1R9B,ENSG00000108819,8.973723411560059,25,100.0,0.013717421124828532
KLF1,PDPR,PDPR,ENSG00000090857,8.973209381103516,25,96.0,0.01316872427983539
GFI1B,ZNF787,ZNF787,ENSG00000142409,8.972879409790039,26,130.0,0.01783264746227709
GFI1B,NAA20,NAA20,ENSG00000173418,8.972150802612305,27,131.0,0.017969821673525378
GATA1,PDCD6IP,PDCD6IP,ENSG00000170248,8.969648361206055,25,53.0,0.007270233196159122
GFI1B,ATP2A2,ATP2A2,ENSG00000174437,8.968629837036133,27,132.0,0.01810699588477366
TAL1,USP12,USP12,ENSG00000152484,8.967845916748047,26,101.0,0.013854595336076818
NFE2,RNF11,RNF11,ENSG00000123091,8.967589378356934,25,91.0,0.012482853223593965
GATA1,CLPB,CLPB,ENSG00000162129,8.960796356201172,25,54.0,0.007407407407407408
GATA1,DHX40,DHX40,ENSG00000108406,8.955451011657715,26,55.0,0.0075445816186556925
GFI1B,EXOSC6,EXOSC6,ENSG00000223496,8.953701972961426,28,133.0,0.018244170096021948
TAL1,ECPAS,ECPAS,ENSG00000136813,8.952341079711914,26,102.0,0.013991769547325103
KLF1,RMRP,RMRP,ENSG00000269900,8.952219009399414,27,97.0,0.013305898491083675
GFI1B,TCTEX1D2,TCTEX1D2,ENSG00000213123,8.948355674743652,25,134.0,0.018381344307270234
GATA1,SLC25A6,SLC25A6,ENSG00000169100,8.9429292678833,29,56.0,0.007681755829903978
GFI1B,FXN,FXN,ENSG00000165060,8.935563087463379,25,135.0,0.018518518518518517
GFI1B,SLC35B1,SLC35B1,ENSG00000121073,8.929476737976074,25,136.0,0.018655692729766804
GFI1B,AC109460.2,AC109460.2,ENSG00000260853,8.928948402404785,30,137.0,0.01879286694101509
TAL1,NUDCD3,NUDCD3,ENSG00000015676,8.924166679382324,26,103.0,0.014128943758573388
NFE2,AC114811.2,AC114811.2,ENSG00000260641,8.92024040222168,28,92.0,0.01262002743484225
GFI1B,FEN1,FEN1,ENSG00000168496,8.915960311889648,27,138.0,0.018930041152263374
KLF1,DUSP28,DUSP28,ENSG00000188542,8.909466743469238,29,98.0,0.013443072702331962
KLF1,MGRN1,MGRN1,ENSG00000102858,8.909156799316406,27,99.0,0.013580246913580247
GATA1,DNAJB1,DNAJB1,ENSG00000132002,8.9080810546875,26,57.0,0.007818930041152264
KLF1,ASNS,ASNS,ENSG00000070669,8.907482147216797,27,100.0,0.013717421124828532
GATA1,PIGT,PIGT,ENSG00000124155,8.896382331848145,25,58.0,0.007956104252400549
GFI1B,DTL,DTL,ENSG00000143476,8.893739700317383,27,139.0,0.01906721536351166
GATA1,TOMM6,TOMM6,ENSG00000214736,8.8936128616333,25,59.0,0.008093278463648833
GFI1B,MRPL20,MRPL20,ENSG00000242485,8.8884916305542,32,140.0,0.019204389574759947
KLF1,AC015971.1,AC015971.1,ENSG00000228363,8.887847900390625,25,101.0,0.013854595336076818
GFI1B,NUFIP2,NUFIP2,ENSG00000108256,8.881463050842285,33,141.0,0.01934156378600823
TAL1,IFT74,IFT74,ENSG00000096872,8.876445770263672,25,104.0,0.014266117969821674
GATA1,ITPKC,ITPKC,ENSG00000086544,8.87242603302002,32,60.0,0.00823045267489712
GATA1,RRAGA,RRAGA,ENSG00000155876,8.869101524353027,29,61.0,0.008367626886145405
GFI1B,FANCD2,FANCD2,ENSG00000144554,8.868221282958984,35,142.0,0.019478737997256516
NFE2,ORMDL2,ORMDL2,ENSG00000123353,8.866535186767578,34,93.0,0.012757201646090535
NFE2,TUBGCP2,TUBGCP2,ENSG00000130640,8.8613862991333,33,94.0,0.012894375857338821
GFI1B,FUS,FUS,ENSG00000089280,8.85905647277832,25,143.0,0.0196159122085048
NFE2,RIPOR3,RIPOR3,ENSG00000042062,8.849762916564941,27,95.0,0.013031550068587106
KLF1,COX14,COX14,ENSG00000178449,8.849496841430664,26,102.0,0.013991769547325103
GFI1B,IPO5,IPO5,ENSG00000065150,8.848902702331543,25,144.0,0.019753086419753086
NFE2,THUMPD1,THUMPD1,ENSG00000066654,8.848569869995117,28,96.0,0.01316872427983539
GATA1,HDAC1,HDAC1,ENSG00000116478,8.843345642089844,27,62.0,0.00850480109739369
KLF1,ALG2,ALG2,ENSG00000119523,8.842503547668457,25,103.0,0.014128943758573388
TAL1,SF3B3,SF3B3,ENSG00000189091,8.839927673339844,28,105.0,0.01440329218106996
GFI1B,ISG20L2,ISG20L2,ENSG00000143319,8.83662223815918,25,145.0,0.019890260631001373
NFE2,DCAF11,DCAF11,ENSG00000100897,8.83633041381836,28,97.0,0.013305898491083675
GFI1B,POC1B,POC1B,ENSG00000139323,8.83492374420166,25,146.0,0.020027434842249656
KLF1,ARCN1,ARCN1,ENSG00000095139,8.83425235748291,25,104.0,0.014266117969821674
TAL1,IPMK,IPMK,ENSG00000151151,8.833284378051758,28,106.0,0.014540466392318244
GFI1B,ZDHHC14,ZDHHC14,ENSG00000175048,8.82969856262207,30,147.0,0.020164609053497942
NFE2,AACS,AACS,ENSG00000081760,8.825902938842773,25,98.0,0.013443072702331962
KLF1,B3GLCT,B3GLCT,ENSG00000187676,8.822925567626953,27,105.0,0.01440329218106996
TAL1,PLEK2,PLEK2,ENSG00000100558,8.822741508483887,31,107.0,0.014677640603566529
KLF1,C5orf66,C5orf66,ENSG00000224186,8.81838607788086,30,106.0,0.014540466392318244
NFE2,GUK1,GUK1,ENSG00000143774,8.81413745880127,29,99.0,0.013580246913580247
GATA1,HEATR5B,HEATR5B,ENSG00000008869,8.812736511230469,29,63.0,0.008641975308641974
GFI1B,CTDSPL2,CTDSPL2,ENSG00000137770,8.80963134765625,28,148.0,0.02030178326474623
TAL1,INO80D,INO80D,ENSG00000114933,8.808731079101562,27,108.0,0.014814814814814815
KLF1,TMEM250,TMEM250,ENSG00000238227,8.80492877960205,25,107.0,0.014677640603566529
GFI1B,KIF1BP,KIF1BP,ENSG00000198954,8.80453872680664,26,149.0,0.020438957475994512
NFE2,TMEM135,TMEM135,ENSG00000166575,8.80345630645752,25,100.0,0.013717421124828532
KLF1,SCAND1,SCAND1,ENSG00000171222,8.801620483398438,25,108.0,0.014814814814814815
TAL1,MOB2,MOB2,ENSG00000182208,8.801440238952637,26,109.0,0.0149519890260631
NFE2,ACOT8,ACOT8,ENSG00000101473,8.7999906539917,27,101.0,0.013854595336076818
GFI1B,PTGES2,PTGES2,ENSG00000148334,8.799704551696777,25,150.0,0.0205761316872428
NFE2,UBE2R2,UBE2R2,ENSG00000107341,8.798287391662598,27,102.0,0.013991769547325103
GFI1B,RIF1,RIF1,ENSG00000080345,8.794831275939941,30,151.0,0.020713305898491085
TAL1,ZFP36,ZFP36,ENSG00000128016,8.794169425964355,25,110.0,0.015089163237311385
NFE2,CTSD,CTSD,ENSG00000117984,8.786433219909668,31,103.0,0.014128943758573388
GFI1B,HACE1,HACE1,ENSG00000085382,8.783361434936523,26,152.0,0.020850480109739368
GFI1B,STRN4,STRN4,ENSG00000090372,8.783345222473145,32,153.0,0.020987654320987655
TAL1,IDS,IDS,ENSG00000010404,8.7808256149292,27,111.0,0.015226337448559672
GFI1B,AMZ1,AMZ1,ENSG00000174945,8.778853416442871,31,154.0,0.02112482853223594
GFI1B,EIF3E,EIF3E,ENSG00000104408,8.778688430786133,29,155.0,0.021262002743484224
NFE2,HK1,HK1,ENSG00000156515,8.77828598022461,26,104.0,0.014266117969821674
GFI1B,AK6,AK6,ENSG00000085231,8.775646209716797,25,156.0,0.02139917695473251
TAL1,SPAST,SPAST,ENSG00000021574,8.774149894714355,25,112.0,0.015363511659807956
GFI1B,HNRNPH1,HNRNPH1,ENSG00000169045,8.772257804870605,35,157.0,0.021536351165980797
TAL1,KIAA0556,KIAA0556,ENSG00000047578,8.771501541137695,29,113.0,0.015500685871056241
NFE2,TANGO2,TANGO2,ENSG00000183597,8.769845962524414,27,105.0,0.01440329218106996
NFE2,TM9SF3,TM9SF3,ENSG00000077147,8.767535209655762,38,106.0,0.014540466392318244
KLF1,PIM3,PIM3,ENSG00000198355,8.767387390136719,25,109.0,0.0149519890260631
GFI1B,NDFIP2,NDFIP2,ENSG00000102471,8.764050483703613,25,158.0,0.02167352537722908
KLF1,MRPL2,MRPL2,ENSG00000112651,8.76283073425293,25,110.0,0.015089163237311385
NFE2,SNX1,SNX1,ENSG00000028528,8.760540008544922,30,107.0,0.014677640603566529
TAL1,MOGS,MOGS,ENSG00000115275,8.760244369506836,38,114.0,0.015637860082304528
GFI1B,ATRN,ATRN,ENSG00000088812,8.75736141204834,25,159.0,0.021810699588477367
NFE2,TNS1,TNS1,ENSG00000079308,8.753655433654785,31,108.0,0.014814814814814815
KLF1,FAM89B,FAM89B,ENSG00000176973,8.748098373413086,29,111.0,0.015226337448559672
NFE2,GIPC2,GIPC2,ENSG00000137960,8.745964050292969,25,109.0,0.0149519890260631
GFI1B,RFC4,RFC4,ENSG00000163918,8.74533748626709,29,160.0,0.02194787379972565
NFE2,DNASE1,DNASE1,ENSG00000213918,8.736991882324219,25,110.0,0.015089163237311385
GATA1,NOL12,NOL12,ENSG00000273899,8.7365083694458,32,64.0,0.008779149519890261
GATA1,SQLE,SQLE,ENSG00000104549,8.736200332641602,28,65.0,0.008916323731138546
GFI1B,ZNF672,ZNF672,ENSG00000171161,8.730534553527832,25,161.0,0.022085048010973937
TAL1,OGT,OGT,ENSG00000147162,8.727781295776367,34,115.0,0.01577503429355281
GFI1B,ZFP91,ZFP91,ENSG00000186660,8.725728988647461,25,162.0,0.022222222222222223
GATA1,MED15,MED15,ENSG00000099917,8.722731590270996,26,66.0,0.00905349794238683
TAL1,COX7B,COX7B,ENSG00000131174,8.720661163330078,25,116.0,0.015912208504801097
NFE2,RUNDC3A-AS1,RUNDC3A-AS1,ENSG00000267750,8.719304084777832,26,111.0,0.015226337448559672
GFI1B,ARMC10,ARMC10,ENSG00000170632,8.718612670898438,27,163.0,0.022359396433470506
GFI1B,MTHFD2,MTHFD2,ENSG00000065911,8.71745777130127,26,164.0,0.022496570644718793
KLF1,REST,REST,ENSG00000084093,8.716575622558594,26,112.0,0.015363511659807956
GFI1B,UBA2,UBA2,ENSG00000126261,8.716287612915039,28,165.0,0.02263374485596708
NFE2,REPIN1,REPIN1,ENSG00000214022,8.712742805480957,25,112.0,0.015363511659807956
TAL1,TAB3,TAB3,ENSG00000157625,8.712279319763184,28,117.0,0.016049382716049384
GATA1,AC100835.2,AC100835.2,ENSG00000275527,8.701556205749512,27,67.0,0.009190672153635117
GATA1,SLC25A17,SLC25A17,ENSG00000100372,8.70107364654541,30,68.0,0.009327846364883402
TAL1,ZSWIM6,ZSWIM6,ENSG00000130449,8.700907707214355,25,118.0,0.016186556927297667
KLF1,SLC39A9,SLC39A9,ENSG00000029364,8.699726104736328,25,113.0,0.015500685871056241
GATA1,DNAJC16,DNAJC16,ENSG00000116138,8.698357582092285,29,69.0,0.009465020576131687
GFI1B,WDR5,WDR5,ENSG00000196363,8.69832706451416,32,166.0,0.022770919067215362
GATA1,ZKSCAN1,ZKSCAN1,ENSG00000106261,8.695667266845703,25,70.0,0.009602194787379973
GATA1,CCDC174,CCDC174,ENSG00000154781,8.694859504699707,27,71.0,0.009739368998628258
GFI1B,CLSPN,CLSPN,ENSG00000092853,8.694084167480469,27,167.0,0.02290809327846365
GFI1B,PAGR1,PAGR1,ENSG00000280789,8.693795204162598,25,168.0,0.023045267489711935
KLF1,AC104316.1,AC104316.1,ENSG00000253607,8.692670822143555,26,114.0,0.015637860082304528
NFE2,GAB1,GAB1,ENSG00000109458,8.69223403930664,37,113.0,0.015500685871056241
KLF1,MSRB1,MSRB1,ENSG00000198736,8.688735961914062,25,115.0,0.01577503429355281
GATA1,PRPF31,PRPF31,ENSG00000105618,8.684845924377441,31,72.0,0.009876543209876543
NFE2,TXNDC12,TXNDC12,ENSG00000117862,8.68311595916748,31,114.0,0.015637860082304528
GFI1B,NASP,NASP,ENSG00000132780,8.680771827697754,26,169.0,0.02318244170096022
GFI1B,ITGB3BP,ITGB3BP,ENSG00000142856,8.678594589233398,28,170.0,0.023319615912208505
GFI1B,MTERF3,MTERF3,ENSG00000156469,8.676682472229004,28,171.0,0.02345679012345679
GFI1B,HAUS8,HAUS8,ENSG00000131351,8.673441886901855,27,172.0,0.023593964334705075
GFI1B,RUFY2,RUFY2,ENSG00000204130,8.672514915466309,26,173.0,0.02373113854595336
GFI1B,RRM2B,RRM2B,ENSG00000048392,8.672001838684082,28,174.0,0.023868312757201648
NFE2,DYSF,DYSF,ENSG00000135636,8.66800308227539,25,115.0,0.01577503429355281
TAL1,CYHR1,CYHR1,ENSG00000187954,8.66727066040039,30,119.0,0.016323731138545954
GFI1B,TEX10,TEX10,ENSG00000136891,8.667030334472656,27,175.0,0.02400548696844993
NFE2,MAK,MAK,ENSG00000111837,8.666842460632324,25,116.0,0.015912208504801097
GFI1B,RPS14,RPS14,ENSG00000164587,8.666438102722168,25,176.0,0.024142661179698217
GATA1,PNMA1,PNMA1,ENSG00000176903,8.66387939453125,25,73.0,0.010013717421124828
TAL1,CUL3,CUL3,ENSG00000036257,8.662810325622559,27,120.0,0.01646090534979424
GFI1B,FUCA2,FUCA2,ENSG00000001036,8.660761833190918,25,177.0,0.0242798353909465
KLF1,ST6GAL1,ST6GAL1,ENSG00000073849,8.659820556640625,25,116.0,0.015912208504801097
NFE2,C8orf76,C8orf76,ENSG00000189376,8.657326698303223,25,117.0,0.016049382716049384
NFE2,MANF,MANF,ENSG00000145050,8.654763221740723,25,118.0,0.016186556927297667
GATA1,FBXO38,FBXO38,ENSG00000145868,8.653942108154297,28,74.0,0.010150891632373114
GFI1B,HELLS,HELLS,ENSG00000119969,8.651034355163574,26,178.0,0.024417009602194787
NFE2,FARP2,FARP2,ENSG00000006607,8.648445129394531,26,119.0,0.016323731138545954
GATA1,CASTOR3,CASTOR3,ENSG00000239521,8.644876480102539,27,75.0,0.0102880658436214
GFI1B,PMM1,PMM1,ENSG00000100417,8.64387321472168,25,179.0,0.024554183813443074
GATA1,SBDS,SBDS,ENSG00000126524,8.64384937286377,25,76.0,0.010425240054869684
TAL1,LRRC8D,LRRC8D,ENSG00000171492,8.643109321594238,30,121.0,0.016598079561042523
TAL1,SF3B6,SF3B6,ENSG00000115128,8.636872291564941,29,122.0,0.01673525377229081
KLF1,SLC25A37,SLC25A37,ENSG00000147454,8.636632919311523,31,117.0,0.016049382716049384
NFE2,SWT1,SWT1,ENSG00000116668,8.632241249084473,31,120.0,0.01646090534979424
KLF1,MRPS21,MRPS21,ENSG00000266472,8.630104064941406,25,118.0,0.016186556927297667
GFI1B,ING2,ING2,ENSG00000168556,8.627798080444336,26,180.0,0.024691358024691357
GFI1B,TMEM258,TMEM258,ENSG00000134825,8.625858306884766,29,181.0,0.024828532235939643
NFE2,POLL,POLL,ENSG00000166169,8.624953269958496,27,121.0,0.016598079561042523
GFI1B,PGP,PGP,ENSG00000184207,8.622300148010254,25,182.0,0.02496570644718793
TAL1,NEDD4L,NEDD4L,ENSG00000049759,8.621659278869629,25,123.0,0.016872427983539096
GFI1B,CMSS1,CMSS1,ENSG00000184220,8.61657428741455,25,183.0,0.025102880658436213
GFI1B,CDC14A,CDC14A,ENSG00000079335,8.613860130310059,27,184.0,0.0252400548696845
GFI1B,LAP3,LAP3,ENSG00000002549,8.613812446594238,25,185.0,0.025377229080932786
KLF1,GORASP2,GORASP2,ENSG00000115806,8.611629486083984,27,119.0,0.016323731138545954
GATA1,UBE2D2,UBE2D2,ENSG00000131508,8.61152172088623,44,77.0,0.01056241426611797
GATA1,ASCC2,ASCC2,ENSG00000100325,8.611226081848145,25,78.0,0.010699588477366255
NFE2,RHAG,RHAG,ENSG00000112077,8.610754013061523,25,122.0,0.01673525377229081
NFE2,SLC14A1,SLC14A1,ENSG00000141469,8.601171493530273,29,123.0,0.016872427983539096
KLF1,TMEM33,TMEM33,ENSG00000109133,8.597809791564941,30,120.0,0.01646090534979424
NFE2,KLHDC2,KLHDC2,ENSG00000165516,8.596487998962402,31,124.0,0.01700960219478738
GFI1B,RPL39,RPL39,ENSG00000198918,8.596028327941895,29,186.0,0.02551440329218107
TAL1,AC068282.1,AC068282.1,ENSG00000286145,8.592459678649902,27,124.0,0.01700960219478738
TAL1,GSN,GSN,ENSG00000148180,8.588133811950684,25,125.0,0.017146776406035666
GFI1B,VDAC1,VDAC1,ENSG00000213585,8.588095664978027,25,187.0,0.025651577503429356
NFE2,YBEY,YBEY,ENSG00000182362,8.587203979492188,25,125.0,0.017146776406035666
GFI1B,RAP1GDS1,RAP1GDS1,ENSG00000138698,8.587179183959961,25,188.0,0.025788751714677642
GFI1B,NUP50,NUP50,ENSG00000093000,8.581727027893066,33,189.0,0.025925925925925925
GATA1,RBMXL1,RBMXL1,ENSG00000213516,8.579550743103027,28,79.0,0.01083676268861454
GFI1B,TNPO2,TNPO2,ENSG00000105576,8.578655242919922,27,190.0,0.02606310013717421
KLF1,RFLNB,RFLNB,ENSG00000183688,8.575481414794922,25,121.0,0.016598079561042523
NFE2,PBXIP1,PBXIP1,ENSG00000163346,8.573413848876953,27,126.0,0.01728395061728395
GFI1B,BRIP1,BRIP1,ENSG00000136492,8.571162223815918,26,191.0,0.0262002743484225
KLF1,NSFL1C,NSFL1C,ENSG00000088833,8.571032524108887,25,122.0,0.01673525377229081
GFI1B,FBXO5,FBXO5,ENSG00000112029,8.570282936096191,25,192.0,0.02633744855967078
GFI1B,ARSB,ARSB,ENSG00000113273,8.569502830505371,25,193.0,0.026474622770919068
KLF1,HSPH1,HSPH1,ENSG00000120694,8.567617416381836,27,123.0,0.016872427983539096
KLF1,TXNDC17,TXNDC17,ENSG00000129235,8.565215110778809,25,124.0,0.01700960219478738
NFE2,LAMP2,LAMP2,ENSG00000005893,8.562978744506836,25,127.0,0.017421124828532236
NFE2,PFKFB3,PFKFB3,ENSG00000170525,8.561897277832031,25,128.0,0.017558299039780522
NFE2,SNX17,SNX17,ENSG00000115234,8.559534072875977,33,129.0,0.017695473251028805
KLF1,GPX4,GPX4,ENSG00000167468,8.558843612670898,25,125.0,0.017146776406035666
GFI1B,FANCL,FANCL,ENSG00000115392,8.557592391967773,28,194.0,0.02661179698216735
KLF1,FBXL17,FBXL17,ENSG00000145743,8.553505897521973,33,126.0,0.01728395061728395
GFI1B,AL365356.1,AL365356.1,ENSG00000226647,8.552063941955566,25,195.0,0.026748971193415638
GFI1B,CENPU,CENPU,ENSG00000151725,8.551687240600586,28,196.0,0.026886145404663924
GFI1B,ANKRD36,ANKRD36,ENSG00000135976,8.548552513122559,26,197.0,0.027023319615912207
GFI1B,TOPORS,TOPORS,ENSG00000197579,8.545181274414062,28,198.0,0.027160493827160494
NFE2,ANKRD61,ANKRD61,ENSG00000157999,8.544288635253906,30,130.0,0.01783264746227709
GATA1,STK40,STK40,ENSG00000196182,8.543231964111328,26,80.0,0.010973936899862825
NFE2,FAM117A,FAM117A,ENSG00000121104,8.540919303894043,27,131.0,0.017969821673525378
KLF1,NDUFV2-AS1,NDUFV2-AS1,ENSG00000266053,8.533132553100586,25,127.0,0.017421124828532236
GFI1B,SLC22A4,SLC22A4,ENSG00000197208,8.527803421020508,28,199.0,0.02729766803840878
NFE2,SLC35F6,SLC35F6,ENSG00000213699,8.526514053344727,25,132.0,0.01810699588477366
KLF1,REXO1,REXO1,ENSG00000079313,8.526359558105469,26,128.0,0.017558299039780522
NFE2,FCHO2,FCHO2,ENSG00000157107,8.525996208190918,25,133.0,0.018244170096021948
GATA1,CIAO1,CIAO1,ENSG00000144021,8.520349502563477,26,81.0,0.011111111111111112
NFE2,SEPHS1,SEPHS1,ENSG00000086475,8.516146659851074,25,134.0,0.018381344307270234
GFI1B,DERL2,DERL2,ENSG00000072849,8.510810852050781,28,200.0,0.027434842249657063
GFI1B,EXOC6,EXOC6,ENSG00000138190,8.506465911865234,27,201.0,0.02757201646090535
GFI1B,PCNA,PCNA,ENSG00000132646,8.504430770874023,30,202.0,0.027709190672153636
GFI1B,TAMM41,TAMM41,ENSG00000144559,8.502022743225098,26,203.0,0.02784636488340192
NFE2,TRAPPC2,TRAPPC2,ENSG00000196459,8.49964427947998,29,135.0,0.018518518518518517
KLF1,AC018362.1,AC018362.1,ENSG00000261684,8.498010635375977,30,129.0,0.017695473251028805
NFE2,TKT,TKT,ENSG00000163931,8.496541023254395,29,136.0,0.018655692729766804
GFI1B,PIGG,PIGG,ENSG00000174227,8.494309425354004,27,204.0,0.027983539094650206
GATA1,PGK1,PGK1,ENSG00000102144,8.494012832641602,25,82.0,0.011248285322359396
GFI1B,SPATA5,SPATA5,ENSG00000145375,8.490254402160645,26,205.0,0.028120713305898493
TAL1,FYTTD1,FYTTD1,ENSG00000122068,8.489418029785156,27,126.0,0.01728395061728395
NFE2,ABHD16A,ABHD16A,ENSG00000204427,8.488442420959473,26,137.0,0.01879286694101509
GFI1B,TSPAN13,TSPAN13,ENSG00000106537,8.484048843383789,28,206.0,0.028257887517146776
GATA1,KCTD5,KCTD5,ENSG00000167977,8.483353614807129,25,83.0,0.011385459533607681
NFE2,ALG13-AS1,ALG13-AS1,ENSG00000229487,8.483345031738281,27,138.0,0.018930041152263374
NFE2,AC093019.2,AC093019.2,ENSG00000241073,8.481754302978516,28,139.0,0.01906721536351166
TAL1,ERCC6L2,ERCC6L2,ENSG00000182150,8.479275703430176,26,127.0,0.017421124828532236
GFI1B,RALY,RALY,ENSG00000125970,8.476085662841797,31,207.0,0.028395061728395062
KLF1,USF1,USF1,ENSG00000158773,8.473698616027832,25,130.0,0.01783264746227709
GFI1B,BMI1,BMI1,ENSG00000168283,8.47298526763916,27,208.0,0.02853223593964335
GFI1B,AC008124.1,AC008124.1,ENSG00000273015,8.466500282287598,29,209.0,0.028669410150891632
GATA1,CNOT9,CNOT9,ENSG00000144580,8.465335845947266,25,84.0,0.011522633744855968
TAL1,FOXO3,FOXO3,ENSG00000118689,8.46242618560791,25,128.0,0.017558299039780522
GFI1B,TMA16,TMA16,ENSG00000198498,8.461612701416016,27,210.0,0.02880658436213992
KLF1,ERCC6,ERCC6,ENSG00000225830,8.458786964416504,30,131.0,0.017969821673525378
GATA1,PPP6R1,PPP6R1,ENSG00000105063,8.456046104431152,29,85.0,0.011659807956104253
NFE2,EPB41L4A-AS1,EPB41L4A-AS1,ENSG00000224032,8.455514907836914,28,140.0,0.019204389574759947
TAL1,ATG2A,ATG2A,ENSG00000110046,8.455503463745117,26,129.0,0.017695473251028805
GFI1B,SLC25A5,SLC25A5,ENSG00000005022,8.454253196716309,25,211.0,0.0289437585733882
KLF1,CDKN1A,CDKN1A,ENSG00000124762,8.45423412322998,25,132.0,0.01810699588477366
TAL1,MED16,MED16,ENSG00000175221,8.454035758972168,28,130.0,0.01783264746227709
NFE2,THAP11,THAP11,ENSG00000168286,8.450149536132812,27,141.0,0.01934156378600823
GFI1B,SRSF2,SRSF2,ENSG00000161547,8.448899269104004,26,212.0,0.029080932784636488
NFE2,FOXO4,FOXO4,ENSG00000184481,8.448355674743652,29,142.0,0.019478737997256516
TAL1,SAFB2,SAFB2,ENSG00000130254,8.446518898010254,26,131.0,0.017969821673525378
GFI1B,METAP1,METAP1,ENSG00000164024,8.446446418762207,26,213.0,0.029218106995884775
GATA1,PMAIP1,PMAIP1,ENSG00000141682,8.442168235778809,25,86.0,0.011796982167352537
GATA1,KAT6B,KAT6B,ENSG00000156650,8.442144393920898,27,87.0,0.011934156378600824
GFI1B,RAD54B,RAD54B,ENSG00000197275,8.440812110900879,25,214.0,0.029355281207133058
KLF1,CHAC1,CHAC1,ENSG00000128965,8.43906021118164,26,133.0,0.018244170096021948
NFE2,SPTA1,SPTA1,ENSG00000163554,8.438421249389648,26,143.0,0.0196159122085048
TAL1,C14orf93,C14orf93,ENSG00000100802,8.437254905700684,29,132.0,0.01810699588477366
NFE2,DEDD2,DEDD2,ENSG00000160570,8.436959266662598,26,144.0,0.019753086419753086
NFE2,RENBP,RENBP,ENSG00000102032,8.431469917297363,27,145.0,0.019890260631001373
TAL1,PPT1,PPT1,ENSG00000131238,8.428065299987793,26,133.0,0.018244170096021948
GFI1B,PES1,PES1,ENSG00000100029,8.427526473999023,27,215.0,0.029492455418381344
GFI1B,ARVCF,ARVCF,ENSG00000099889,8.42231273651123,25,216.0,0.02962962962962963
NFE2,SLC25A37,SLC25A37,ENSG00000147454,8.422115325927734,31,146.0,0.020027434842249656
TAL1,ANGEL2,ANGEL2,ENSG00000174606,8.419794082641602,25,134.0,0.018381344307270234
GATA1,PYROXD2,PYROXD2,ENSG00000119943,8.413960456848145,32,88.0,0.012071330589849109
NFE2,AC079804.3,AC079804.3,ENSG00000287860,8.41376781463623,25,147.0,0.020164609053497942
KLF1,ZNF598,ZNF598,ENSG00000167962,8.407841682434082,27,134.0,0.018381344307270234
GATA1,DCTN1,DCTN1,ENSG00000204843,8.407580375671387,28,89.0,0.012208504801097394
KLF1,KLHDC4,KLHDC4,ENSG00000104731,8.404794692993164,26,135.0,0.018518518518518517
GATA1,NUP62,NUP62,ENSG00000213024,8.403331756591797,25,90.0,0.012345679012345678
GFI1B,S100A6,S100A6,ENSG00000197956,8.402477264404297,26,217.0,0.029766803840877914
GFI1B,ZNF567,ZNF567,ENSG00000189042,8.40143871307373,25,218.0,0.0299039780521262
KLF1,HIST1H2BM,HIST1H2BM,ENSG00000273703,8.398996353149414,25,136.0,0.018655692729766804
GFI1B,MPG,MPG,ENSG00000103152,8.396256446838379,25,219.0,0.030041152263374487
GATA1,CIZ1,CIZ1,ENSG00000148337,8.396251678466797,26,91.0,0.012482853223593965
GATA1,SWT1,SWT1,ENSG00000116668,8.394183158874512,31,92.0,0.01262002743484225
GFI1B,DHX15,DHX15,ENSG00000109606,8.38852596282959,37,220.0,0.03017832647462277
GATA1,FLT3LG,FLT3LG,ENSG00000090554,8.383814811706543,25,93.0,0.012757201646090535
GATA1,PPP1R11,PPP1R11,ENSG00000204619,8.38176441192627,25,94.0,0.012894375857338821
GFI1B,SMC6,SMC6,ENSG00000163029,8.38167953491211,29,221.0,0.030315500685871057
NFE2,USP42,USP42,ENSG00000106346,8.381036758422852,26,148.0,0.02030178326474623
KLF1,MTA1,MTA1,ENSG00000182979,8.379776000976562,25,137.0,0.01879286694101509
NFE2,GK,GK,ENSG00000198814,8.37954044342041,30,149.0,0.020438957475994512
KLF1,ELL2,ELL2,ENSG00000118985,8.379149436950684,31,138.0,0.018930041152263374
NFE2,DCP1A,DCP1A,ENSG00000272886,8.378999710083008,25,150.0,0.0205761316872428
TAL1,AL157938.2,AL157938.2,ENSG00000236986,8.378029823303223,25,135.0,0.018518518518518517
GFI1B,SETX,SETX,ENSG00000107290,8.377463340759277,27,222.0,0.030452674897119343
KLF1,NDUFS6,NDUFS6,ENSG00000145494,8.375943183898926,26,139.0,0.01906721536351166
GATA1,C12orf60,C12orf60,ENSG00000182993,8.374835968017578,29,95.0,0.013031550068587106
KLF1,C11orf54,C11orf54,ENSG00000182919,8.373720169067383,25,140.0,0.019204389574759947
GFI1B,VRK1,VRK1,ENSG00000100749,8.3720064163208,31,223.0,0.030589849108367626
KLF1,UBN2,UBN2,ENSG00000157741,8.369855880737305,25,141.0,0.01934156378600823
TAL1,RAD9A,RAD9A,ENSG00000172613,8.367513656616211,27,136.0,0.018655692729766804
NFE2,ARHGAP42,ARHGAP42,ENSG00000165895,8.366326332092285,25,151.0,0.020713305898491085
NFE2,UCHL3,UCHL3,ENSG00000118939,8.364045143127441,25,152.0,0.020850480109739368
GFI1B,PBX3,PBX3,ENSG00000167081,8.358051300048828,27,224.0,0.030727023319615913
TAL1,DDI2,DDI2,ENSG00000197312,8.355045318603516,25,137.0,0.01879286694101509
KLF1,XRCC3,XRCC3,ENSG00000126215,8.352356910705566,26,142.0,0.019478737997256516
NFE2,NAXD,NAXD,ENSG00000213995,8.349739074707031,27,153.0,0.020987654320987655
GFI1B,MROH1,MROH1,ENSG00000179832,8.348474502563477,27,225.0,0.030864197530864196
GFI1B,GATC,GATC,ENSG00000257218,8.347700119018555,27,226.0,0.031001371742112482
GFI1B,ARL2,ARL2,ENSG00000213465,8.347516059875488,26,227.0,0.03113854595336077
NFE2,TSC1,TSC1,ENSG00000165699,8.345077514648438,26,154.0,0.02112482853223594
GFI1B,CMPK2,CMPK2,ENSG00000134326,8.342954635620117,28,228.0,0.031275720164609055
KLF1,MED18,MED18,ENSG00000130772,8.342409133911133,32,143.0,0.0196159122085048
GFI1B,SNHG7,SNHG7,ENSG00000233016,8.341203689575195,25,229.0,0.03141289437585734
NFE2,TXNIP,TXNIP,ENSG00000265972,8.34097671508789,25,155.0,0.021262002743484224
GFI1B,ZNF337-AS1,ZNF337-AS1,ENSG00000213742,8.340614318847656,28,230.0,0.03155006858710562
NFE2,ERLIN2,ERLIN2,ENSG00000147475,8.337137222290039,27,156.0,0.02139917695473251
GFI1B,ATAD2,ATAD2,ENSG00000156802,8.331977844238281,28,231.0,0.03168724279835391
KLF1,CENPJ,CENPJ,ENSG00000151849,8.325848579406738,27,144.0,0.019753086419753086
GFI1B,MSRB2,MSRB2,ENSG00000148450,8.324109077453613,25,232.0,0.031824417009602195
GFI1B,MTMR6,MTMR6,ENSG00000139505,8.317715644836426,27,233.0,0.03196159122085048
GFI1B,ZNF331,ZNF331,ENSG00000130844,8.3176908493042,28,234.0,0.03209876543209877
NFE2,KIAA0355,KIAA0355,ENSG00000166398,8.315702438354492,25,157.0,0.021536351165980797
GFI1B,PRIM1,PRIM1,ENSG00000198056,8.31109619140625,29,235.0,0.03223593964334705
GFI1B,KIAA1841,KIAA1841,ENSG00000162929,8.308612823486328,26,236.0,0.032373113854595334
GFI1B,MCPH1,MCPH1,ENSG00000147316,8.307300567626953,28,237.0,0.03251028806584362
NFE2,CCAR2,CCAR2,ENSG00000158941,8.306251525878906,26,158.0,0.02167352537722908
NFE2,MRPS23,MRPS23,ENSG00000181610,8.30610179901123,25,159.0,0.021810699588477367
KLF1,ZNF844,ZNF844,ENSG00000223547,8.30447006225586,25,145.0,0.019890260631001373
KLF1,MED17,MED17,ENSG00000042429,8.301002502441406,27,146.0,0.020027434842249656
GFI1B,RPA3,RPA3,ENSG00000106399,8.29741382598877,27,238.0,0.03264746227709191
KLF1,ATF3,ATF3,ENSG00000162772,8.297120094299316,25,147.0,0.020164609053497942
NFE2,PGS1,PGS1,ENSG00000087157,8.297003746032715,25,160.0,0.02194787379972565
GFI1B,GGNBP2,GGNBP2,ENSG00000278311,8.295519828796387,28,239.0,0.032784636488340194
GFI1B,BMPR2,BMPR2,ENSG00000204217,8.291994094848633,25,240.0,0.03292181069958848
GFI1B,MRPS24,MRPS24,ENSG00000062582,8.291227340698242,25,241.0,0.03305898491083676
KLF1,GNS,GNS,ENSG00000135677,8.290754318237305,27,148.0,0.02030178326474623
TAL1,SMCR8,SMCR8,ENSG00000176994,8.290698051452637,25,138.0,0.018930041152263374
NFE2,UBL7,UBL7,ENSG00000138629,8.289437294006348,25,161.0,0.022085048010973937
GATA1,ADCK1,ADCK1,ENSG00000063761,8.286429405212402,28,96.0,0.01316872427983539
GFI1B,LIN37,LIN37,ENSG00000267796,8.281611442565918,28,242.0,0.033196159122085046
GATA1,MCOLN1,MCOLN1,ENSG00000090674,8.279400825500488,27,97.0,0.013305898491083675
KLF1,UTP23,UTP23,ENSG00000147679,8.277297019958496,26,149.0,0.020438957475994512
NFE2,GOLGA2,GOLGA2,ENSG00000167110,8.2761869430542,29,162.0,0.022222222222222223
GFI1B,RPL8,RPL8,ENSG00000161016,8.26840591430664,29,243.0,0.03333333333333333
NFE2,BTK,BTK,ENSG00000010671,8.263982772827148,28,163.0,0.022359396433470506
GFI1B,PDXDC1,PDXDC1,ENSG00000179889,8.262935638427734,27,244.0,0.03347050754458162
GATA1,EBNA1BP2,EBNA1BP2,ENSG00000117395,8.262785911560059,27,98.0,0.013443072702331962
NFE2,AKR1C1,AKR1C1,ENSG00000187134,8.258482933044434,25,164.0,0.022496570644718793
NFE2,CLUAP1,CLUAP1,ENSG00000103351,8.256410598754883,29,165.0,0.02263374485596708
KLF1,ZNF490,ZNF490,ENSG00000188033,8.255085945129395,27,150.0,0.0205761316872428
NFE2,SECISBP2,SECISBP2,ENSG00000187742,8.250065803527832,30,166.0,0.022770919067215362
GFI1B,ARL6IP6,ARL6IP6,ENSG00000177917,8.248842239379883,26,245.0,0.033607681755829906
NFE2,ZNF212,ZNF212,ENSG00000170260,8.248011589050293,27,167.0,0.02290809327846365
GATA1,TM7SF2,TM7SF2,ENSG00000149809,8.243317604064941,25,99.0,0.013580246913580247
KLF1,EIF2AK1,EIF2AK1,ENSG00000086232,8.241802215576172,26,151.0,0.020713305898491085
GFI1B,SIL1,SIL1,ENSG00000120725,8.241252899169922,26,246.0,0.03374485596707819
KLF1,PFKFB2,PFKFB2,ENSG00000123836,8.239067077636719,27,152.0,0.020850480109739368
TAL1,TOMM22,TOMM22,ENSG00000100216,8.232535362243652,29,139.0,0.01906721536351166
KLF1,B3GALNT2,B3GALNT2,ENSG00000162885,8.231112480163574,26,153.0,0.020987654320987655
TAL1,TBCK,TBCK,ENSG00000145348,8.230698585510254,25,140.0,0.019204389574759947
NFE2,TSNAX,TSNAX,ENSG00000116918,8.228675842285156,25,168.0,0.023045267489711935
NFE2,AC087071.2,AC087071.2,ENSG00000240571,8.226902961730957,26,169.0,0.02318244170096022
TAL1,RC3H2,RC3H2,ENSG00000056586,8.226369857788086,29,141.0,0.01934156378600823
TAL1,G6PD,G6PD,ENSG00000160211,8.225465774536133,25,142.0,0.019478737997256516
KLF1,BEX1,BEX1,ENSG00000133169,8.22140884399414,28,154.0,0.02112482853223594
NFE2,HDAC5,HDAC5,ENSG00000108840,8.220827102661133,28,170.0,0.023319615912208505
GFI1B,TMEM106B,TMEM106B,ENSG00000106460,8.219552993774414,28,247.0,0.03388203017832647
NFE2,BECN1,BECN1,ENSG00000126581,8.217958450317383,27,171.0,0.02345679012345679
GFI1B,IFT80,IFT80,ENSG00000068885,8.215222358703613,26,248.0,0.03401920438957476
GFI1B,LNPK,LNPK,ENSG00000144320,8.214118003845215,25,249.0,0.034156378600823045
TAL1,FNBP1L,FNBP1L,ENSG00000137942,8.213932991027832,25,143.0,0.0196159122085048
GFI1B,ZBTB1,ZBTB1,ENSG00000126804,8.213778495788574,26,250.0,0.03429355281207133
TAL1,VIRMA,VIRMA,ENSG00000164944,8.212630271911621,27,144.0,0.019753086419753086
GFI1B,AASS,AASS,ENSG00000008311,8.212372779846191,25,251.0,0.03443072702331962
GFI1B,WDR76,WDR76,ENSG00000092470,8.209932327270508,27,252.0,0.0345679012345679
TAL1,ABCG2,ABCG2,ENSG00000118777,8.205039024353027,27,145.0,0.019890260631001373
KLF1,AC027243.3,AC027243.3,ENSG00000287503,8.204184532165527,28,155.0,0.021262002743484224
GATA1,PIAS4,PIAS4,ENSG00000105229,8.203119277954102,25,100.0,0.013717421124828532
NFE2,UQCC1,UQCC1,ENSG00000101019,8.200199127197266,25,172.0,0.023593964334705075
TAL1,OR2AT4,OR2AT4,ENSG00000171561,8.199049949645996,28,146.0,0.020027434842249656
NFE2,RFX3-AS1,RFX3-AS1,ENSG00000232104,8.191960334777832,28,173.0,0.02373113854595336
GFI1B,B3GLCT,B3GLCT,ENSG00000187676,8.191643714904785,27,253.0,0.034705075445816184
GFI1B,ARV1,ARV1,ENSG00000173409,8.19129467010498,25,254.0,0.03484224965706447
GFI1B,GBGT1,GBGT1,ENSG00000148288,8.190900802612305,29,255.0,0.03497942386831276
TAL1,COPB1,COPB1,ENSG00000129083,8.188685417175293,28,147.0,0.020164609053497942
GFI1B,SLC43A3,SLC43A3,ENSG00000134802,8.188146591186523,27,256.0,0.035116598079561044
KLF1,RAB18,RAB18,ENSG00000099246,8.187477111816406,28,156.0,0.02139917695473251
GFI1B,HEMGN,HEMGN,ENSG00000136929,8.185754776000977,34,257.0,0.03525377229080933
GFI1B,REPS2,REPS2,ENSG00000169891,8.185100555419922,27,258.0,0.03539094650205761
GFI1B,ANKRD11,ANKRD11,ENSG00000167522,8.181432723999023,28,259.0,0.0355281207133059
NFE2,SPA17,SPA17,ENSG00000064199,8.18015193939209,27,174.0,0.023868312757201648
TAL1,ZBTB11,ZBTB11,ENSG00000066422,8.17932415008545,25,148.0,0.02030178326474623
KLF1,MRPL40,MRPL40,ENSG00000185608,8.175568580627441,25,157.0,0.021536351165980797
GATA1,CASP8,CASP8,ENSG00000064012,8.175050735473633,27,101.0,0.013854595336076818
GFI1B,DLST,DLST,ENSG00000119689,8.173125267028809,27,260.0,0.03566529492455418
KLF1,VPS51,VPS51,ENSG00000149823,8.171488761901855,29,158.0,0.02167352537722908
GFI1B,CARHSP1,CARHSP1,ENSG00000153048,8.162918090820312,29,261.0,0.03580246913580247
NFE2,HDDC2,HDDC2,ENSG00000111906,8.157501220703125,29,175.0,0.02400548696844993
NFE2,KRCC1,KRCC1,ENSG00000172086,8.156679153442383,25,176.0,0.024142661179698217
GFI1B,ATP13A3,ATP13A3,ENSG00000133657,8.155950546264648,28,262.0,0.035939643347050756
GATA1,AL031599.1,AL031599.1,ENSG00000224228,8.154139518737793,26,102.0,0.013991769547325103
NFE2,RNF139,RNF139,ENSG00000170881,8.153944969177246,26,177.0,0.0242798353909465
NFE2,HBS1L,HBS1L,ENSG00000112339,8.15383529663086,30,178.0,0.024417009602194787
NFE2,AC002463.1,AC002463.1,ENSG00000223646,8.151856422424316,26,179.0,0.024554183813443074
KLF1,MED21,MED21,ENSG00000152944,8.150955200195312,26,159.0,0.021810699588477367
NFE2,ATXN3,ATXN3,ENSG00000066427,8.149866104125977,26,180.0,0.024691358024691357
TAL1,DNTTIP1,DNTTIP1,ENSG00000101457,8.149608612060547,27,149.0,0.020438957475994512
GFI1B,COPS3,COPS3,ENSG00000141030,8.148695945739746,25,263.0,0.03607681755829904
KLF1,SRA1,SRA1,ENSG00000213523,8.148449897766113,32,160.0,0.02194787379972565
NFE2,MRPS27,MRPS27,ENSG00000113048,8.147616386413574,28,181.0,0.024828532235939643
NFE2,RHCE,RHCE,ENSG00000188672,8.146069526672363,30,182.0,0.02496570644718793
TAL1,HIST1H2BG,HIST1H2BG,ENSG00000273802,8.13803482055664,25,150.0,0.0205761316872428
TAL1,PET100,PET100,ENSG00000229833,8.137316703796387,30,151.0,0.020713305898491085
GFI1B,PIGL,PIGL,ENSG00000108474,8.135772705078125,25,264.0,0.03621399176954732
GFI1B,RNF168,RNF168,ENSG00000163961,8.132180213928223,27,265.0,0.03635116598079561
GFI1B,CD2BP2,CD2BP2,ENSG00000169217,8.12797737121582,28,266.0,0.036488340192043896
GATA1,PCYT1A,PCYT1A,ENSG00000161217,8.126761436462402,25,103.0,0.014128943758573388
NFE2,ZNF143,ZNF143,ENSG00000166478,8.124383926391602,25,183.0,0.025102880658436213
GFI1B,MYCBP,MYCBP,ENSG00000214114,8.124274253845215,32,267.0,0.03662551440329218
GFI1B,EI24,EI24,ENSG00000149547,8.12416934967041,29,268.0,0.03676268861454047
TAL1,BANP,BANP,ENSG00000172530,8.123979568481445,31,152.0,0.020850480109739368
GFI1B,EIF2D,EIF2D,ENSG00000143486,8.123907089233398,27,269.0,0.03689986282578875
GFI1B,EEFSEC,EEFSEC,ENSG00000132394,8.123526573181152,35,270.0,0.037037037037037035
KLF1,UPK3BL1,UPK3BL1,ENSG00000267368,8.123504638671875,25,161.0,0.022085048010973937
TAL1,CHP1,CHP1,ENSG00000187446,8.120952606201172,27,153.0,0.020987654320987655
NFE2,TAF5L,TAF5L,ENSG00000135801,8.118507385253906,27,184.0,0.0252400548696845
NFE2,CR1,CR1,ENSG00000203710,8.118173599243164,25,185.0,0.025377229080932786
GFI1B,NVL,NVL,ENSG00000143748,8.117697715759277,38,271.0,0.03717421124828532
GATA1,LATS2,LATS2,ENSG00000150457,8.116950988769531,28,104.0,0.014266117969821674
GFI1B,KPNA3,KPNA3,ENSG00000102753,8.116902351379395,26,272.0,0.03731138545953361
KLF1,RFX5,RFX5,ENSG00000143390,8.11473560333252,25,162.0,0.022222222222222223
GFI1B,AC092650.1,AC092650.1,ENSG00000230773,8.111881256103516,28,273.0,0.037448559670781895
GATA1,TAF10,TAF10,ENSG00000166337,8.110769271850586,29,105.0,0.01440329218106996
GFI1B,CHD6,CHD6,ENSG00000124177,8.109310150146484,25,274.0,0.03758573388203018
GATA1,ZNF490,ZNF490,ENSG00000188033,8.106175422668457,27,106.0,0.014540466392318244
NFE2,SIRT2,SIRT2,ENSG00000068903,8.102995872497559,25,186.0,0.02551440329218107
KLF1,ISOC2,ISOC2,ENSG00000063241,8.101758003234863,28,163.0,0.022359396433470506
TAL1,MFN2,MFN2,ENSG00000116688,8.09952163696289,25,154.0,0.02112482853223594
GFI1B,G3BP2,G3BP2,ENSG00000138757,8.095247268676758,27,275.0,0.03772290809327846
NFE2,RAB11A,RAB11A,ENSG00000103769,8.093687057495117,30,187.0,0.025651577503429356
KLF1,ARID4A,ARID4A,ENSG00000032219,8.09269905090332,27,164.0,0.022496570644718793
KLF1,UNC119B,UNC119B,ENSG00000175970,8.08945369720459,27,165.0,0.02263374485596708
GFI1B,RACK1,RACK1,ENSG00000204628,8.086901664733887,35,276.0,0.03786008230452675
KLF1,ANKRD52,ANKRD52,ENSG00000139645,8.085548400878906,28,166.0,0.022770919067215362
GFI1B,PPP2R5E,PPP2R5E,ENSG00000154001,8.085143089294434,25,277.0,0.037997256515775034
GFI1B,SLC30A9,SLC30A9,ENSG00000014824,8.079604148864746,25,278.0,0.03813443072702332
NFE2,UBASH3B,UBASH3B,ENSG00000154127,8.078876495361328,26,188.0,0.025788751714677642
GFI1B,PHF6,PHF6,ENSG00000156531,8.078863143920898,27,279.0,0.03827160493827161
KLF1,ATP5MPL,ATP5MPL,ENSG00000156411,8.078015327453613,25,167.0,0.02290809327846365
TAL1,SLC24A1,SLC24A1,ENSG00000074621,8.07276439666748,28,155.0,0.021262002743484224
TAL1,USP9X,USP9X,ENSG00000124486,8.068009376525879,25,156.0,0.02139917695473251
KLF1,ZFAND5,ZFAND5,ENSG00000107372,8.067873001098633,30,168.0,0.023045267489711935
GFI1B,E2F3,E2F3,ENSG00000112242,8.06784725189209,25,280.0,0.038408779149519894
NFE2,FOXP1,FOXP1,ENSG00000114861,8.065180778503418,30,189.0,0.025925925925925925
GATA1,HSPG2,HSPG2,ENSG00000142798,8.063579559326172,28,107.0,0.014677640603566529
TAL1,SLC12A7,SLC12A7,ENSG00000113504,8.062411308288574,28,157.0,0.021536351165980797
GFI1B,RESF1,RESF1,ENSG00000174718,8.062017440795898,25,281.0,0.03854595336076817
NFE2,NBEAL1,NBEAL1,ENSG00000144426,8.058761596679688,27,190.0,0.02606310013717421
NFE2,LGALS3,LGALS3,ENSG00000131981,8.055686950683594,25,191.0,0.0262002743484225
GATA1,OXSM,OXSM,ENSG00000151093,8.052096366882324,25,108.0,0.014814814814814815
KLF1,RASGEF1B,RASGEF1B,ENSG00000138670,8.05117416381836,28,169.0,0.02318244170096022
GATA1,BAG6,BAG6,ENSG00000204463,8.049309730529785,25,109.0,0.0149519890260631
GFI1B,RHOT1,RHOT1,ENSG00000126858,8.04700756072998,31,282.0,0.03868312757201646
TAL1,MTMR4,MTMR4,ENSG00000108389,8.04521656036377,30,158.0,0.02167352537722908
GFI1B,VRK2,VRK2,ENSG00000028116,8.043800354003906,29,283.0,0.038820301783264746
GFI1B,DNAJA4,DNAJA4,ENSG00000140403,8.040155410766602,32,284.0,0.03895747599451303
GFI1B,PPM1D,PPM1D,ENSG00000170836,8.039092063903809,25,285.0,0.03909465020576132
NFE2,KANSL3,KANSL3,ENSG00000114982,8.037670135498047,25,192.0,0.02633744855967078
GFI1B,GCA,GCA,ENSG00000115271,8.035829544067383,27,286.0,0.0392318244170096
GATA1,ZNF107,ZNF107,ENSG00000196247,8.034436225891113,29,110.0,0.015089163237311385
GFI1B,HEXB,HEXB,ENSG00000049860,8.03442096710205,30,287.0,0.039368998628257885
GATA1,SETD1B,SETD1B,ENSG00000139718,8.033799171447754,25,111.0,0.015226337448559672
NFE2,CCNL2,CCNL2,ENSG00000221978,8.032925605773926,29,193.0,0.026474622770919068
TAL1,NUDT4,NUDT4,ENSG00000173598,8.029924392700195,30,159.0,0.021810699588477367
GATA1,CCDC82,CCDC82,ENSG00000149231,8.02800178527832,28,112.0,0.015363511659807956
KLF1,RPAP2,RPAP2,ENSG00000122484,8.027909278869629,26,170.0,0.023319615912208505
GATA1,STK38,STK38,ENSG00000112079,8.02718734741211,27,113.0,0.015500685871056241
GFI1B,CHAF1A,CHAF1A,ENSG00000167670,8.02483081817627,29,288.0,0.03950617283950617
KLF1,SNCA,SNCA,ENSG00000145335,8.024006843566895,25,171.0,0.02345679012345679
GFI1B,FAM49B,FAM49B,ENSG00000153310,8.023578643798828,25,289.0,0.03964334705075446
KLF1,MED31,MED31,ENSG00000108590,8.02347183227539,26,172.0,0.023593964334705075
NFE2,AC007381.1,AC007381.1,ENSG00000228590,8.02233600616455,30,194.0,0.02661179698216735
GATA1,WBP1,WBP1,ENSG00000239779,8.018721580505371,25,114.0,0.015637860082304528
NFE2,SNIP1,SNIP1,ENSG00000163877,8.016818046569824,25,195.0,0.026748971193415638
KLF1,STX5,STX5,ENSG00000162236,8.015397071838379,26,173.0,0.02373113854595336
TAL1,NHEJ1,NHEJ1,ENSG00000187736,8.012146949768066,32,160.0,0.02194787379972565
KLF1,HIST1H4H,HIST1H4H,ENSG00000158406,8.007944107055664,25,174.0,0.023868312757201648
GFI1B,SP3,SP3,ENSG00000172845,8.00613784790039,26,290.0,0.039780521262002745
GFI1B,EXO1,EXO1,ENSG00000174371,8.005526542663574,27,291.0,0.03991769547325103
GFI1B,UPF3B,UPF3B,ENSG00000125351,8.00531005859375,32,292.0,0.04005486968449931
KLF1,AL691403.1,AL691403.1,ENSG00000258740,8.000630378723145,31,175.0,0.02400548696844993
KLF1,NDC1,NDC1,ENSG00000058804,7.998223781585693,25,176.0,0.024142661179698217
GATA1,UTP20,UTP20,ENSG00000120800,7.997524738311768,27,115.0,0.01577503429355281
GFI1B,THYN1,THYN1,ENSG00000151500,7.9972357749938965,27,293.0,0.0401920438957476
KLF1,ACTG1,ACTG1,ENSG00000184009,7.995906352996826,27,177.0,0.0242798353909465
GFI1B,RPS19BP1,RPS19BP1,ENSG00000187051,7.99464750289917,26,294.0,0.040329218106995884
TAL1,TRAPPC2L,TRAPPC2L,ENSG00000167515,7.994646072387695,27,161.0,0.022085048010973937
NFE2,DGLUCY,DGLUCY,ENSG00000133943,7.991395473480225,25,196.0,0.026886145404663924
GATA1,PSMA5,PSMA5,ENSG00000143106,7.990731716156006,25,116.0,0.015912208504801097
NFE2,SNHG17,SNHG17,ENSG00000196756,7.988779067993164,30,197.0,0.027023319615912207
TAL1,RNF114,RNF114,ENSG00000124226,7.9859819412231445,25,162.0,0.022222222222222223
KLF1,ARHGEF7,ARHGEF7,ENSG00000102606,7.985626220703125,25,178.0,0.024417009602194787
GFI1B,MRPS18B,MRPS18B,ENSG00000204568,7.985193252563477,30,295.0,0.04046639231824417
TAL1,MAPK8,MAPK8,ENSG00000107643,7.985111713409424,26,163.0,0.022359396433470506
GFI1B,CNNM2,CNNM2,ENSG00000148842,7.984752178192139,25,296.0,0.04060356652949246
NFE2,ANKUB1,ANKUB1,ENSG00000206199,7.9842915534973145,25,198.0,0.027160493827160494
NFE2,DPH3,DPH3,ENSG00000154813,7.98276948928833,25,199.0,0.02729766803840878
NFE2,SDSL,SDSL,ENSG00000139410,7.981966018676758,27,200.0,0.027434842249657063
GFI1B,SNRNP48,SNRNP48,ENSG00000168566,7.980929851531982,25,297.0,0.040740740740740744
GFI1B,ATP5F1C,ATP5F1C,ENSG00000165629,7.979959487915039,26,298.0,0.040877914951989024
GFI1B,LMNA,LMNA,ENSG00000160789,7.9787774085998535,29,299.0,0.04101508916323731
KLF1,IBA57,IBA57,ENSG00000181873,7.978489875793457,27,179.0,0.024554183813443074
TAL1,BMP2K,BMP2K,ENSG00000138756,7.977180480957031,26,164.0,0.022496570644718793
KLF1,ZNHIT2,ZNHIT2,ENSG00000174276,7.9766340255737305,29,180.0,0.024691358024691357
TAL1,TIMM10B,TIMM10B,ENSG00000132286,7.976596832275391,31,165.0,0.02263374485596708
GFI1B,GOLIM4,GOLIM4,ENSG00000173905,7.974270343780518,29,300.0,0.0411522633744856
GATA1,PEX1,PEX1,ENSG00000127980,7.973696231842041,27,117.0,0.016049382716049384
NFE2,RAP1GAP,RAP1GAP,ENSG00000076864,7.972484588623047,25,201.0,0.02757201646090535
GFI1B,HASPIN,HASPIN,ENSG00000177602,7.971408367156982,25,301.0,0.04128943758573388
GATA1,CYB5R1,CYB5R1,ENSG00000159348,7.970897197723389,29,118.0,0.016186556927297667
GFI1B,HSPB11,HSPB11,ENSG00000081870,7.9704742431640625,32,302.0,0.04142661179698217
NFE2,SLC25A38,SLC25A38,ENSG00000144659,7.970442295074463,28,202.0,0.027709190672153636
GFI1B,HPRT1,HPRT1,ENSG00000165704,7.969088077545166,25,303.0,0.04156378600823045
NFE2,CLIP1,CLIP1,ENSG00000130779,7.96838903427124,28,203.0,0.02784636488340192
NFE2,MAPK8IP3,MAPK8IP3,ENSG00000138834,7.968240737915039,25,204.0,0.027983539094650206
GFI1B,CES2,CES2,ENSG00000172831,7.9678568840026855,25,304.0,0.041700960219478736
NFE2,LY9,LY9,ENSG00000122224,7.966949462890625,25,205.0,0.028120713305898493
GFI1B,SPG21,SPG21,ENSG00000090487,7.963923931121826,28,305.0,0.04183813443072702
TAL1,RAB21,RAB21,ENSG00000080371,7.959181785583496,28,166.0,0.022770919067215362
TAL1,FTX,FTX,ENSG00000230590,7.958425521850586,26,167.0,0.02290809327846365
GFI1B,MCM6,MCM6,ENSG00000076003,7.958308696746826,27,306.0,0.04197530864197531
TAL1,CLEC2D,CLEC2D,ENSG00000069493,7.9562273025512695,25,168.0,0.023045267489711935
KLF1,TUT7,TUT7,ENSG00000083223,7.955570220947266,25,181.0,0.024828532235939643
NFE2,SARS,SARS,ENSG00000031698,7.955208778381348,31,206.0,0.028257887517146776
GFI1B,CLNS1A,CLNS1A,ENSG00000074201,7.952132225036621,25,307.0,0.042112482853223596
KLF1,RAB11B,RAB11B,ENSG00000185236,7.951848983764648,25,182.0,0.02496570644718793
GFI1B,C11orf80,C11orf80,ENSG00000173715,7.951781272888184,25,308.0,0.04224965706447188
KLF1,EIF3B,EIF3B,ENSG00000106263,7.949758052825928,30,183.0,0.025102880658436213
NFE2,ABCC4,ABCC4,ENSG00000125257,7.948840618133545,27,207.0,0.028395061728395062
NFE2,ZNF791,ZNF791,ENSG00000173875,7.948140621185303,26,208.0,0.02853223593964335
GFI1B,TMCO3,TMCO3,ENSG00000150403,7.9468278884887695,31,309.0,0.04238683127572016
TAL1,POLR2A,POLR2A,ENSG00000181222,7.946469783782959,29,169.0,0.02318244170096022
KLF1,C3orf62,C3orf62,ENSG00000188315,7.946412086486816,25,184.0,0.0252400548696845
GATA1,SPATA33,SPATA33,ENSG00000167523,7.945067882537842,28,119.0,0.016323731138545954
GFI1B,RNASEH1,RNASEH1,ENSG00000171865,7.944308280944824,25,310.0,0.04252400548696845
GFI1B,ISOC1,ISOC1,ENSG00000066583,7.944014072418213,25,311.0,0.042661179698216735
TAL1,RC3H1,RC3H1,ENSG00000135870,7.9423723220825195,30,170.0,0.023319615912208505
GFI1B,MGAT1,MGAT1,ENSG00000131446,7.940108776092529,26,312.0,0.04279835390946502
KLF1,AMD1,AMD1,ENSG00000123505,7.933342456817627,27,185.0,0.025377229080932786
KLF1,HIGD2A,HIGD2A,ENSG00000146066,7.932880401611328,25,186.0,0.02551440329218107
GFI1B,TAF15,TAF15,ENSG00000270647,7.932807922363281,28,313.0,0.04293552812071331
NFE2,WDR19,WDR19,ENSG00000157796,7.932229995727539,27,209.0,0.028669410150891632
GFI1B,C16orf95,C16orf95,ENSG00000260456,7.927003860473633,28,314.0,0.043072702331961595
GFI1B,NSMCE3,NSMCE3,ENSG00000185115,7.926843643188477,26,315.0,0.043209876543209874
KLF1,GNL3L,GNL3L,ENSG00000130119,7.923792839050293,28,187.0,0.025651577503429356
KLF1,PRPSAP2,PRPSAP2,ENSG00000141127,7.9200639724731445,25,188.0,0.025788751714677642
GFI1B,FUBP3,FUBP3,ENSG00000107164,7.919302463531494,27,316.0,0.04334705075445816
GFI1B,ZFX,ZFX,ENSG00000005889,7.919190883636475,29,317.0,0.04348422496570645
KLF1,CFLAR-AS1,CFLAR-AS1,ENSG00000226312,7.918970584869385,26,189.0,0.025925925925925925
TAL1,LRP10,LRP10,ENSG00000197324,7.91838264465332,29,171.0,0.02345679012345679
NFE2,ATOX1,ATOX1,ENSG00000177556,7.918360710144043,25,210.0,0.02880658436213992
GFI1B,RPL27A,RPL27A,ENSG00000166441,7.918056488037109,27,318.0,0.043621399176954734
GATA1,ZNF263,ZNF263,ENSG00000006194,7.917734622955322,28,120.0,0.01646090534979424
TAL1,TREML2,TREML2,ENSG00000112195,7.9170241355896,27,172.0,0.023593964334705075
KLF1,CBX4,CBX4,ENSG00000141582,7.9152607917785645,33,190.0,0.02606310013717421
GATA1,ENTPD1-AS1,ENTPD1-AS1,ENSG00000226688,7.915121555328369,31,121.0,0.016598079561042523
GFI1B,LSM2,LSM2,ENSG00000204392,7.911422252655029,32,319.0,0.04375857338820302
KLF1,LAMP1,LAMP1,ENSG00000185896,7.909676551818848,25,191.0,0.0262002743484225
GFI1B,PAXIP1,PAXIP1,ENSG00000157212,7.909527778625488,25,320.0,0.0438957475994513
TAL1,BCL2L1,BCL2L1,ENSG00000171552,7.909298896789551,25,173.0,0.02373113854595336
KLF1,SCO1,SCO1,ENSG00000133028,7.906338691711426,29,192.0,0.02633744855967078
GFI1B,KIAA1586,KIAA1586,ENSG00000168116,7.905965328216553,27,321.0,0.044032921810699586
GFI1B,AC023509.6,AC023509.6,ENSG00000285692,7.904724597930908,26,322.0,0.04417009602194787
KLF1,OXLD1,OXLD1,ENSG00000204237,7.904065132141113,31,193.0,0.026474622770919068
KLF1,CCDC97,CCDC97,ENSG00000142039,7.9028215408325195,27,194.0,0.02661179698216735
TAL1,CDK9,CDK9,ENSG00000136807,7.902465343475342,30,174.0,0.023868312757201648
GFI1B,PIK3C2A,PIK3C2A,ENSG00000011405,7.9020891189575195,29,323.0,0.04430727023319616
TAL1,AKR1C3,AKR1C3,ENSG00000196139,7.901800155639648,26,175.0,0.02400548696844993
NFE2,MRPL12,MRPL12,ENSG00000262814,7.9010515213012695,25,211.0,0.0289437585733882
GATA1,ZNF586,ZNF586,ENSG00000083828,7.900750160217285,26,122.0,0.01673525377229081
KLF1,RBM7,RBM7,ENSG00000076053,7.899072647094727,26,195.0,0.026748971193415638
NFE2,OSBP2,OSBP2,ENSG00000184792,7.898396015167236,30,212.0,0.029080932784636488
GFI1B,RIOK1,RIOK1,ENSG00000124784,7.898315906524658,29,324.0,0.044444444444444446
GATA1,CLASRP,CLASRP,ENSG00000104859,7.898066997528076,25,123.0,0.016872427983539096
NFE2,S100A10,S100A10,ENSG00000197747,7.895177364349365,28,213.0,0.029218106995884775
GFI1B,MSH2,MSH2,ENSG00000095002,7.893519878387451,25,325.0,0.04458161865569273
GFI1B,TUBG1,TUBG1,ENSG00000131462,7.8918914794921875,25,326.0,0.04471879286694101
KLF1,ATP6V1D,ATP6V1D,ENSG00000100554,7.8854498863220215,25,196.0,0.026886145404663924
KLF1,HIST1H3I,HIST1H3I,ENSG00000275379,7.882417678833008,25,197.0,0.027023319615912207
TAL1,PLD6,PLD6,ENSG00000179598,7.878953456878662,28,176.0,0.024142661179698217
GFI1B,PDS5B,PDS5B,ENSG00000083642,7.878890037536621,27,327.0,0.0448559670781893
KLF1,TTC9C,TTC9C,ENSG00000162222,7.878021240234375,25,198.0,0.027160493827160494
GATA1,BCAP31,BCAP31,ENSG00000185825,7.877652168273926,25,124.0,0.01700960219478738
GFI1B,CEP44,CEP44,ENSG00000164118,7.875911712646484,28,328.0,0.044993141289437585
GFI1B,CMIP,CMIP,ENSG00000153815,7.875704288482666,25,329.0,0.04513031550068587
NFE2,NPHP3,NPHP3,ENSG00000113971,7.873917102813721,27,214.0,0.029355281207133058
NFE2,RHBDD1,RHBDD1,ENSG00000144468,7.873106956481934,27,215.0,0.029492455418381344
GFI1B,EIF4EBP1,EIF4EBP1,ENSG00000187840,7.868927478790283,29,330.0,0.04526748971193416
TAL1,BEST1,BEST1,ENSG00000167995,7.868550777435303,27,177.0,0.0242798353909465
NFE2,RNF13,RNF13,ENSG00000082996,7.868393421173096,29,216.0,0.02962962962962963
GFI1B,PPWD1,PPWD1,ENSG00000113593,7.868208408355713,27,331.0,0.045404663923182445
GFI1B,BTG3,BTG3,ENSG00000154640,7.866803169250488,28,332.0,0.045541838134430725
KLF1,RAB13,RAB13,ENSG00000143545,7.866025924682617,25,199.0,0.02729766803840878
GFI1B,EIF3J-DT,EIF3J-DT,ENSG00000179523,7.86588716506958,25,333.0,0.04567901234567901
KLF1,MRPS23,MRPS23,ENSG00000181610,7.863418102264404,25,200.0,0.027434842249657063
GATA1,MAP2K7,MAP2K7,ENSG00000076984,7.8608245849609375,30,125.0,0.017146776406035666
GATA1,ATG101,ATG101,ENSG00000123395,7.859319686889648,25,126.0,0.01728395061728395
KLF1,PKIG,PKIG,ENSG00000168734,7.858940124511719,27,201.0,0.02757201646090535
GATA1,RNF213-AS1,RNF213-AS1,ENSG00000263069,7.8566179275512695,27,127.0,0.017421124828532236
GATA1,RHOG,RHOG,ENSG00000177105,7.856151580810547,25,128.0,0.017558299039780522
TAL1,MARK3,MARK3,ENSG00000075413,7.854924201965332,25,178.0,0.024417009602194787
TAL1,NRIP3,NRIP3,ENSG00000175352,7.854763984680176,26,179.0,0.024554183813443074
KLF1,PROSER3,PROSER3,ENSG00000167595,7.853339672088623,27,202.0,0.027709190672153636
NFE2,SMIM27,SMIM27,ENSG00000235453,7.852478504180908,25,217.0,0.029766803840877914
GATA1,IGSF6,IGSF6,ENSG00000140749,7.852101802825928,27,129.0,0.017695473251028805
GATA1,EFR3A,EFR3A,ENSG00000132294,7.850497245788574,25,130.0,0.01783264746227709
KLF1,NENF,NENF,ENSG00000117691,7.850164890289307,29,203.0,0.02784636488340192
GFI1B,SLC20A2,SLC20A2,ENSG00000168575,7.848267555236816,26,334.0,0.0458161865569273
GFI1B,PSMA4,PSMA4,ENSG00000041357,7.847886085510254,36,335.0,0.045953360768175584
GATA1,MGAT4B,MGAT4B,ENSG00000161013,7.84767484664917,32,131.0,0.017969821673525378
KLF1,GK,GK,ENSG00000198814,7.847336769104004,30,204.0,0.027983539094650206
GATA1,TSPOAP1-AS1,TSPOAP1-AS1,ENSG00000265148,7.845091819763184,25,132.0,0.01810699588477366
NFE2,TRIM10,TRIM10,ENSG00000204613,7.843325138092041,31,218.0,0.0299039780521262
NFE2,TAL1,TAL1,ENSG00000162367,7.834812164306641,26,219.0,0.030041152263374487
GATA1,AMBRA1,AMBRA1,ENSG00000110497,7.834476470947266,27,133.0,0.018244170096021948
GFI1B,TOB2,TOB2,ENSG00000183864,7.833625316619873,32,336.0,0.04609053497942387
GFI1B,ABCD3,ABCD3,ENSG00000117528,7.832632064819336,25,337.0,0.04622770919067215
TAL1,MAFK,MAFK,ENSG00000198517,7.832037925720215,25,180.0,0.024691358024691357
GATA1,GRIPAP1,GRIPAP1,ENSG00000068400,7.830798149108887,28,134.0,0.018381344307270234
GATA1,ABCA7,ABCA7,ENSG00000064687,7.82825231552124,25,135.0,0.018518518518518517
GATA1,HPS5,HPS5,ENSG00000110756,7.8282270431518555,26,136.0,0.018655692729766804
GFI1B,CDK14,CDK14,ENSG00000058091,7.827347755432129,25,338.0,0.04636488340192044
GATA1,HOXB2,HOXB2,ENSG00000173917,7.8251729011535645,30,137.0,0.01879286694101509
GATA1,AC006387.1,AC006387.1,ENSG00000243193,7.8249430656433105,25,138.0,0.018930041152263374
NFE2,NR1H2,NR1H2,ENSG00000131408,7.824508190155029,25,220.0,0.03017832647462277
GFI1B,PBK,PBK,ENSG00000168078,7.8222246170043945,25,339.0,0.046502057613168724
TAL1,KLHDC8A,KLHDC8A,ENSG00000162873,7.822198390960693,25,181.0,0.024828532235939643
GFI1B,SWI5,SWI5,ENSG00000175854,7.8212432861328125,25,340.0,0.04663923182441701
GFI1B,HLA-B,HLA-B,ENSG00000234745,7.820263385772705,29,341.0,0.0467764060356653
GATA1,DPM3,DPM3,ENSG00000179085,7.820046424865723,25,139.0,0.01906721536351166
KLF1,WDR19,WDR19,ENSG00000157796,7.819917678833008,27,205.0,0.028120713305898493
GFI1B,CBFA2T3,CBFA2T3,ENSG00000129993,7.81663179397583,27,342.0,0.04691358024691358
GATA1,PURPL,PURPL,ENSG00000250337,7.8148956298828125,32,140.0,0.019204389574759947
NFE2,TRAK2,TRAK2,ENSG00000115993,7.8139166831970215,26,221.0,0.030315500685871057
GFI1B,H2AFX,H2AFX,ENSG00000188486,7.813426494598389,27,343.0,0.04705075445816186
GFI1B,ZNF627,ZNF627,ENSG00000198551,7.8082427978515625,25,344.0,0.04718792866941015
KLF1,SLC25A39,SLC25A39,ENSG00000013306,7.80706787109375,27,206.0,0.028257887517146776
GATA1,GATAD1,GATAD1,ENSG00000157259,7.80681848526001,25,141.0,0.01934156378600823
TAL1,OIP5,OIP5,ENSG00000104147,7.805938720703125,27,182.0,0.02496570644718793
GFI1B,TRAPPC11,TRAPPC11,ENSG00000168538,7.804972171783447,26,345.0,0.047325102880658436
NFE2,ST3GAL1,ST3GAL1,ENSG00000008513,7.8029913902282715,25,222.0,0.030452674897119343
TAL1,MMGT1,MMGT1,ENSG00000169446,7.80197811126709,27,183.0,0.025102880658436213
NFE2,IFRD2,IFRD2,ENSG00000214706,7.80174446105957,26,223.0,0.030589849108367626
GFI1B,SLF1,SLF1,ENSG00000133302,7.7999796867370605,25,346.0,0.04746227709190672
TAL1,CGRRF1,CGRRF1,ENSG00000100532,7.7997355461120605,26,184.0,0.0252400548696845
NFE2,GNPDA1,GNPDA1,ENSG00000113552,7.797536849975586,25,224.0,0.030727023319615913
TAL1,BSDC1,BSDC1,ENSG00000160058,7.796319484710693,25,185.0,0.025377229080932786
GFI1B,TXN2,TXN2,ENSG00000100348,7.795314311981201,25,347.0,0.04759945130315501
GFI1B,LAMTOR5-AS1,LAMTOR5-AS1,ENSG00000224699,7.793750286102295,25,348.0,0.047736625514403296
KLF1,BAG4,BAG4,ENSG00000156735,7.791999340057373,26,207.0,0.028395061728395062
GATA1,IFT52,IFT52,ENSG00000101052,7.789886951446533,27,142.0,0.019478737997256516
KLF1,STX4,STX4,ENSG00000103496,7.786394119262695,25,208.0,0.02853223593964335
GATA1,SCPEP1,SCPEP1,ENSG00000121064,7.785737991333008,27,143.0,0.0196159122085048
GFI1B,STMN1,STMN1,ENSG00000117632,7.783300876617432,28,349.0,0.047873799725651575
GFI1B,SFXN1,SFXN1,ENSG00000164466,7.779537200927734,27,350.0,0.04801097393689986
GFI1B,CDKN2B-AS1,CDKN2B-AS1,ENSG00000240498,7.778936862945557,32,351.0,0.04814814814814815
KLF1,PTPRF,PTPRF,ENSG00000142949,7.77617883682251,27,209.0,0.028669410150891632
KLF1,CIRBP,CIRBP,ENSG00000099622,7.775675296783447,29,210.0,0.02880658436213992
NFE2,TIMM23,TIMM23,ENSG00000265354,7.774521827697754,26,225.0,0.030864197530864196
GFI1B,MCMBP,MCMBP,ENSG00000197771,7.773715972900391,26,352.0,0.048285322359396435
TAL1,PITPNA-AS1,PITPNA-AS1,ENSG00000236618,7.771480560302734,26,186.0,0.02551440329218107
NFE2,AC100810.1,AC100810.1,ENSG00000253982,7.770392894744873,25,226.0,0.031001371742112482
KLF1,SNX1,SNX1,ENSG00000028528,7.767085075378418,30,211.0,0.0289437585733882
NFE2,SP140L,SP140L,ENSG00000185404,7.766961574554443,26,227.0,0.03113854595336077
KLF1,KLHDC2,KLHDC2,ENSG00000165516,7.7664690017700195,31,212.0,0.029080932784636488
GATA1,ARID3B,ARID3B,ENSG00000179361,7.766018867492676,25,144.0,0.019753086419753086
TAL1,TENT4B,TENT4B,ENSG00000121274,7.765227794647217,29,187.0,0.025651577503429356
GFI1B,PA2G4,PA2G4,ENSG00000170515,7.764340400695801,25,353.0,0.04842249657064472
GFI1B,CBFA2T2,CBFA2T2,ENSG00000078699,7.763545036315918,25,354.0,0.048559670781893
NFE2,TMEM250,TMEM250,ENSG00000238227,7.762735843658447,25,228.0,0.031275720164609055
GATA1,GRN,GRN,ENSG00000030582,7.7623610496521,25,145.0,0.019890260631001373
GFI1B,RRM2,RRM2,ENSG00000171848,7.754668712615967,25,355.0,0.04869684499314129
KLF1,DOHH,DOHH,ENSG00000129932,7.753574848175049,26,213.0,0.029218106995884775
GFI1B,TP53RK,TP53RK,ENSG00000172315,7.753051280975342,27,356.0,0.048834019204389574
GATA1,GSDMD,GSDMD,ENSG00000104518,7.752769470214844,28,146.0,0.020027434842249656
GATA1,RAB2A,RAB2A,ENSG00000104388,7.752466201782227,30,147.0,0.020164609053497942
NFE2,OSBPL11,OSBPL11,ENSG00000144909,7.752319812774658,26,229.0,0.03141289437585734
NFE2,FDX2,FDX2,ENSG00000267673,7.752033233642578,27,230.0,0.03155006858710562
KLF1,PPP2R5B,PPP2R5B,ENSG00000068971,7.751848220825195,27,214.0,0.029355281207133058
TAL1,NUBP1,NUBP1,ENSG00000103274,7.751258850097656,25,188.0,0.025788751714677642
GFI1B,NPM1,NPM1,ENSG00000181163,7.749296188354492,28,357.0,0.04897119341563786
GFI1B,CLTB,CLTB,ENSG00000175416,7.746208667755127,28,358.0,0.04910836762688615
GFI1B,PWP1,PWP1,ENSG00000136045,7.745622634887695,34,359.0,0.049245541838134434
NFE2,ANKRD12,ANKRD12,ENSG00000101745,7.7434306144714355,25,231.0,0.03168724279835391
GFI1B,RIPK1,RIPK1,ENSG00000137275,7.743340492248535,34,360.0,0.04938271604938271
TAL1,NOC2L,NOC2L,ENSG00000188976,7.742805004119873,30,189.0,0.025925925925925925
KLF1,UNC50,UNC50,ENSG00000115446,7.742222785949707,27,215.0,0.029492455418381344
GFI1B,NBPF12,NBPF12,ENSG00000268043,7.742093086242676,25,361.0,0.049519890260631
NFE2,MGST3,MGST3,ENSG00000143198,7.739408493041992,29,232.0,0.031824417009602195
GFI1B,MTMR14,MTMR14,ENSG00000163719,7.735054969787598,27,362.0,0.049657064471879286
NFE2,PSMB6,PSMB6,ENSG00000142507,7.735018730163574,29,233.0,0.03196159122085048
GFI1B,AKAP8,AKAP8,ENSG00000105127,7.731682300567627,28,363.0,0.04979423868312757
GATA1,ATP5MD,ATP5MD,ENSG00000173915,7.730401039123535,25,148.0,0.02030178326474623
KLF1,TAL1,TAL1,ENSG00000162367,7.730370044708252,26,216.0,0.02962962962962963
KLF1,NAA30,NAA30,ENSG00000139977,7.72662878036499,25,217.0,0.029766803840877914
NFE2,WASHC3,WASHC3,ENSG00000120860,7.725651741027832,29,234.0,0.03209876543209877
NFE2,PTPN2,PTPN2,ENSG00000175354,7.7222580909729,30,235.0,0.03223593964334705
KLF1,CTU1,CTU1,ENSG00000142544,7.719794750213623,25,218.0,0.0299039780521262
KLF1,TXLNG,TXLNG,ENSG00000086712,7.719459056854248,26,219.0,0.030041152263374487
NFE2,YPEL2,YPEL2,ENSG00000175155,7.718944072723389,25,236.0,0.032373113854595334
GFI1B,WDR62,WDR62,ENSG00000075702,7.7188520431518555,25,364.0,0.04993141289437586
NFE2,ZDHHC17,ZDHHC17,ENSG00000186908,7.718125820159912,25,237.0,0.03251028806584362
GFI1B,HNRNPL,HNRNPL,ENSG00000104824,7.71651554107666,28,365.0,0.050068587105624146
GFI1B,IMMT,IMMT,ENSG00000132305,7.716278076171875,26,366.0,0.050205761316872426
GFI1B,MMGT1,MMGT1,ENSG00000169446,7.713510990142822,27,367.0,0.05034293552812071
NFE2,NDUFAB1,NDUFAB1,ENSG00000004779,7.710568904876709,29,238.0,0.03264746227709191
GFI1B,WRAP73,WRAP73,ENSG00000116213,7.709599018096924,27,368.0,0.050480109739369
KLF1,COG7,COG7,ENSG00000168434,7.708644390106201,25,220.0,0.03017832647462277
GATA1,IFIH1,IFIH1,ENSG00000115267,7.708230495452881,25,149.0,0.020438957475994512
NFE2,PPP1CC,PPP1CC,ENSG00000186298,7.705080986022949,27,239.0,0.032784636488340194
GFI1B,CXXC5,CXXC5,ENSG00000171604,7.704249858856201,25,369.0,0.050617283950617285
GFI1B,RPS6KB1,RPS6KB1,ENSG00000108443,7.704024314880371,27,370.0,0.05075445816186557
TAL1,HGS,HGS,ENSG00000185359,7.70365571975708,26,190.0,0.02606310013717421
GATA1,PPP2CB,PPP2CB,ENSG00000104695,7.702032089233398,26,150.0,0.0205761316872428
GFI1B,CTPS1,CTPS1,ENSG00000171793,7.701939105987549,27,371.0,0.05089163237311385
NFE2,SCARB2,SCARB2,ENSG00000138760,7.701206684112549,30,240.0,0.03292181069958848
GFI1B,UPF2,UPF2,ENSG00000151461,7.700996398925781,26,372.0,0.05102880658436214
NFE2,AC018450.1,AC018450.1,ENSG00000241679,7.700881481170654,27,241.0,0.03305898491083676
GFI1B,SLC39A3,SLC39A3,ENSG00000141873,7.69881534576416,27,373.0,0.051165980795610425
GFI1B,INTS7,INTS7,ENSG00000143493,7.696778774261475,28,374.0,0.05130315500685871
GFI1B,GAPDH,GAPDH,ENSG00000111640,7.696277618408203,26,375.0,0.051440329218107
GATA1,IRS2,IRS2,ENSG00000185950,7.696264743804932,31,151.0,0.020713305898491085
KLF1,AL359513.1,AL359513.1,ENSG00000278238,7.693814754486084,27,221.0,0.030315500685871057
NFE2,MFSD12,MFSD12,ENSG00000161091,7.691710948944092,29,242.0,0.033196159122085046
GATA1,PCSK7,PCSK7,ENSG00000160613,7.6912760734558105,29,152.0,0.020850480109739368
KLF1,FUNDC1,FUNDC1,ENSG00000069509,7.691230773925781,27,222.0,0.030452674897119343
GATA1,KXD1,KXD1,ENSG00000105700,7.689416885375977,26,153.0,0.020987654320987655
GFI1B,NLK,NLK,ENSG00000087095,7.6888041496276855,25,376.0,0.051577503429355284
GFI1B,MRPL10,MRPL10,ENSG00000159111,7.686640739440918,27,377.0,0.051714677640603564
GFI1B,HP1BP3,HP1BP3,ENSG00000127483,7.685027599334717,31,378.0,0.05185185185185185
GATA1,NOL10,NOL10,ENSG00000115761,7.684980392456055,25,154.0,0.02112482853223594
NFE2,GOLGA3,GOLGA3,ENSG00000090615,7.683775901794434,26,243.0,0.03333333333333333
TAL1,PPP1CB,PPP1CB,ENSG00000213639,7.682864665985107,25,191.0,0.0262002743484225
GATA1,FPGT,FPGT,ENSG00000254685,7.682520866394043,25,155.0,0.021262002743484224
NFE2,AP000692.2,AP000692.2,ENSG00000273199,7.682418346405029,34,244.0,0.03347050754458162
GATA1,ATP5ME,ATP5ME,ENSG00000169020,7.682340145111084,29,156.0,0.02139917695473251
KLF1,POLR3E,POLR3E,ENSG00000058600,7.681408882141113,28,223.0,0.030589849108367626
GFI1B,ZNF136,ZNF136,ENSG00000196646,7.680708885192871,25,379.0,0.05198902606310014
GFI1B,ANAPC7,ANAPC7,ENSG00000196510,7.680657386779785,25,380.0,0.05212620027434842
NFE2,CETN3,CETN3,ENSG00000153140,7.679616451263428,29,245.0,0.033607681755829906
NFE2,OSM,OSM,ENSG00000099985,7.679025650024414,26,246.0,0.03374485596707819
KLF1,FBXO11,FBXO11,ENSG00000138081,7.677399158477783,25,224.0,0.030727023319615913
GFI1B,H2AFY,H2AFY,ENSG00000113648,7.6768879890441895,27,381.0,0.05226337448559671
GFI1B,GGCX,GGCX,ENSG00000115486,7.674375057220459,29,382.0,0.052400548696845
GFI1B,ECHDC1,ECHDC1,ENSG00000093144,7.674161911010742,32,383.0,0.052537722908093276
KLF1,FASTKD5,FASTKD5,ENSG00000215251,7.673633098602295,27,225.0,0.030864197530864196
TAL1,SEPTIN2,SEPTIN2,ENSG00000168385,7.673608303070068,26,192.0,0.02633744855967078
TAL1,SPSB3,SPSB3,ENSG00000162032,7.670109748840332,25,193.0,0.026474622770919068
GATA1,LINC00486,LINC00486,ENSG00000230876,7.666967391967773,25,157.0,0.021536351165980797
GFI1B,RELL1,RELL1,ENSG00000181826,7.66595458984375,27,384.0,0.05267489711934156
GFI1B,CEP295,CEP295,ENSG00000166004,7.665840148925781,25,385.0,0.05281207133058985
GFI1B,SMCHD1,SMCHD1,ENSG00000101596,7.665777206420898,28,386.0,0.052949245541838136
GFI1B,FAN1,FAN1,ENSG00000198690,7.66539192199707,25,387.0,0.05308641975308642
TAL1,SERF2,SERF2,ENSG00000140264,7.665095329284668,25,194.0,0.02661179698216735
NFE2,EDF1,EDF1,ENSG00000107223,7.664646625518799,26,247.0,0.03388203017832647
KLF1,ELK3,ELK3,ENSG00000111145,7.661083221435547,25,226.0,0.031001371742112482
GFI1B,FANCI,FANCI,ENSG00000140525,7.660726070404053,27,388.0,0.0532235939643347
NFE2,VCPKMT,VCPKMT,ENSG00000100483,7.65966796875,26,248.0,0.03401920438957476
GATA1,PPP1R12C,PPP1R12C,ENSG00000125503,7.657517910003662,28,158.0,0.02167352537722908
GFI1B,NIT2,NIT2,ENSG00000114021,7.657492637634277,26,389.0,0.05336076817558299
GFI1B,SNRPD1,SNRPD1,ENSG00000167088,7.6572065353393555,26,390.0,0.053497942386831275
GFI1B,MLEC,MLEC,ENSG00000110917,7.656571388244629,26,391.0,0.05363511659807956
NFE2,SLC11A2,SLC11A2,ENSG00000110911,7.654592990875244,26,249.0,0.034156378600823045
GFI1B,ZNF367,ZNF367,ENSG00000165244,7.654473304748535,28,392.0,0.05377229080932785
TAL1,CERT1,CERT1,ENSG00000113163,7.653216361999512,25,195.0,0.026748971193415638
GATA1,UBE4A,UBE4A,ENSG00000110344,7.652507781982422,29,159.0,0.021810699588477367
TAL1,NRBP1,NRBP1,ENSG00000115216,7.651817321777344,28,196.0,0.026886145404663924
NFE2,TEC,TEC,ENSG00000135605,7.6505818367004395,27,250.0,0.03429355281207133
GFI1B,PLOD3,PLOD3,ENSG00000106397,7.650224685668945,25,393.0,0.053909465020576135
NFE2,PIK3R1,PIK3R1,ENSG00000145675,7.650096893310547,28,251.0,0.03443072702331962
KLF1,TMC6,TMC6,ENSG00000141524,7.6496734619140625,27,227.0,0.03113854595336077
KLF1,FRMD8,FRMD8,ENSG00000126391,7.649439811706543,28,228.0,0.031275720164609055
NFE2,SCAMP2,SCAMP2,ENSG00000140497,7.646332740783691,27,252.0,0.0345679012345679
GATA1,ERLEC1,ERLEC1,ENSG00000068912,7.64503288269043,28,160.0,0.02194787379972565
KLF1,OSBP2,OSBP2,ENSG00000184792,7.643073558807373,30,229.0,0.03141289437585734
TAL1,AMDHD2,AMDHD2,ENSG00000162066,7.642209529876709,25,197.0,0.027023319615912207
GFI1B,RFC1,RFC1,ENSG00000035928,7.642101287841797,27,394.0,0.054046639231824414
KLF1,ELF1,ELF1,ENSG00000120690,7.639942169189453,27,230.0,0.03155006858710562
GFI1B,C1orf52,C1orf52,ENSG00000162642,7.63966703414917,32,395.0,0.0541838134430727
GFI1B,CCDC174,CCDC174,ENSG00000154781,7.638948917388916,27,396.0,0.05432098765432099
NFE2,ANKH,ANKH,ENSG00000154122,7.638438701629639,35,253.0,0.034705075445816184
NFE2,AC025263.1,AC025263.1,ENSG00000247131,7.638340950012207,25,254.0,0.03484224965706447
NFE2,AL137789.2,AL137789.2,ENSG00000285239,7.637311935424805,25,255.0,0.03497942386831276
GATA1,VAMP7,VAMP7,ENSG00000124333,7.637264251708984,25,161.0,0.022085048010973937
KLF1,SEC62-AS1,SEC62-AS1,ENSG00000240373,7.6371989250183105,25,231.0,0.03168724279835391
GFI1B,ASCC1,ASCC1,ENSG00000138303,7.637035369873047,25,397.0,0.054458161865569274
TAL1,PPP1R3B,PPP1R3B,ENSG00000173281,7.637017250061035,30,198.0,0.027160493827160494
KLF1,TXNDC11,TXNDC11,ENSG00000153066,7.6365966796875,28,232.0,0.031824417009602195
TAL1,AL731577.2,AL731577.2,ENSG00000249456,7.636453628540039,27,199.0,0.02729766803840878
NFE2,HMGXB3,HMGXB3,ENSG00000113716,7.635580539703369,26,256.0,0.035116598079561044
GFI1B,EMC1-AS1,EMC1-AS1,ENSG00000230424,7.632402420043945,25,398.0,0.05459533607681756
GFI1B,SNX22,SNX22,ENSG00000157734,7.631594181060791,27,399.0,0.05473251028806585
NFE2,TSFM,TSFM,ENSG00000123297,7.63116455078125,25,257.0,0.03525377229080933
GFI1B,AC007216.4,AC007216.4,ENSG00000263307,7.630374431610107,28,400.0,0.05486968449931413
GFI1B,PLXNB2,PLXNB2,ENSG00000196576,7.628937244415283,25,401.0,0.05500685871056241
GFI1B,TBC1D14,TBC1D14,ENSG00000132405,7.625982761383057,26,402.0,0.0551440329218107
NFE2,MVD,MVD,ENSG00000167508,7.623330593109131,25,258.0,0.03539094650205761
GFI1B,MYO19,MYO19,ENSG00000278259,7.623034477233887,25,403.0,0.055281207133058986
GFI1B,ELP4,ELP4,ENSG00000109911,7.6228413581848145,36,404.0,0.05541838134430727
GFI1B,LINC00342,LINC00342,ENSG00000232931,7.622257232666016,25,405.0,0.05555555555555555
KLF1,HARS,HARS,ENSG00000170445,7.621801853179932,28,233.0,0.03196159122085048
GATA1,USP7,USP7,ENSG00000187555,7.620825290679932,29,162.0,0.022222222222222223
GATA1,ELL,ELL,ENSG00000105656,7.62068510055542,31,163.0,0.022359396433470506
NFE2,TESC,TESC,ENSG00000088992,7.615360736846924,27,259.0,0.0355281207133059
KLF1,ANK1,ANK1,ENSG00000029534,7.615120887756348,25,234.0,0.03209876543209877
TAL1,MAP2K3,MAP2K3,ENSG00000034152,7.6150288581848145,30,200.0,0.027434842249657063
TAL1,BACH1,BACH1,ENSG00000156273,7.614442348480225,27,201.0,0.02757201646090535
KLF1,ALDH3B1,ALDH3B1,ENSG00000006534,7.613399505615234,27,235.0,0.03223593964334705
KLF1,PTPN2,PTPN2,ENSG00000175354,7.61188268661499,30,236.0,0.032373113854595334
GFI1B,ARHGAP26,ARHGAP26,ENSG00000145819,7.611780166625977,27,406.0,0.05569272976680384
GFI1B,TIMELESS,TIMELESS,ENSG00000111602,7.610931396484375,25,407.0,0.055829903978052126
GFI1B,PHF12,PHF12,ENSG00000109118,7.608219623565674,25,408.0,0.05596707818930041
GFI1B,EMP3,EMP3,ENSG00000142227,7.605648040771484,26,409.0,0.0561042524005487
TAL1,FBXO34,FBXO34,ENSG00000178974,7.602328777313232,26,202.0,0.027709190672153636
GFI1B,USF2,USF2,ENSG00000105698,7.599493026733398,25,410.0,0.056241426611796985
GFI1B,MRPL37,MRPL37,ENSG00000116221,7.598459243774414,28,411.0,0.056378600823045265
GFI1B,DNM2,DNM2,ENSG00000079805,7.59842586517334,26,412.0,0.05651577503429355
KLF1,SLC2A1-AS1,SLC2A1-AS1,ENSG00000227533,7.595296859741211,25,237.0,0.03251028806584362
GFI1B,POLA2,POLA2,ENSG00000014138,7.592996120452881,30,413.0,0.05665294924554184
NFE2,NFKBIZ,NFKBIZ,ENSG00000144802,7.592862129211426,25,260.0,0.03566529492455418
KLF1,GSTP1,GSTP1,ENSG00000084207,7.59250020980835,30,238.0,0.03264746227709191
GFI1B,PPP1R14B,PPP1R14B,ENSG00000173457,7.591977596282959,25,414.0,0.056790123456790124
NFE2,FUCA1,FUCA1,ENSG00000179163,7.59089469909668,25,261.0,0.03580246913580247
GFI1B,LINS1,LINS1,ENSG00000140471,7.590407848358154,25,415.0,0.05692729766803841
KLF1,RALGDS,RALGDS,ENSG00000160271,7.588875770568848,25,239.0,0.032784636488340194
GFI1B,COMMD4,COMMD4,ENSG00000140365,7.588038921356201,26,416.0,0.0570644718792867
KLF1,STXBP4,STXBP4,ENSG00000166263,7.588006973266602,25,240.0,0.03292181069958848
GFI1B,PTPN12,PTPN12,ENSG00000127947,7.584860801696777,25,417.0,0.05720164609053498
GFI1B,BORCS5,BORCS5,ENSG00000165714,7.584614276885986,25,418.0,0.057338820301783264
TAL1,HERC1,HERC1,ENSG00000103657,7.580920696258545,25,203.0,0.02784636488340192
GFI1B,ALG9,ALG9,ENSG00000086848,7.579240798950195,25,419.0,0.05747599451303155
GFI1B,RCAN1,RCAN1,ENSG00000159200,7.578834056854248,27,420.0,0.05761316872427984
GFI1B,RPS3A,RPS3A,ENSG00000145425,7.578703880310059,25,421.0,0.05775034293552812
NFE2,CEP164,CEP164,ENSG00000110274,7.5784196853637695,31,262.0,0.035939643347050756
NFE2,AC127526.1,AC127526.1,ENSG00000254757,7.576588153839111,28,263.0,0.03607681755829904
GFI1B,MGAT4B,MGAT4B,ENSG00000161013,7.5761847496032715,32,422.0,0.0578875171467764
GFI1B,FAM122C,FAM122C,ENSG00000156500,7.575834274291992,27,423.0,0.05802469135802469
GFI1B,IGF1R,IGF1R,ENSG00000140443,7.574809551239014,25,424.0,0.058161865569272976
NFE2,RAB1B,RAB1B,ENSG00000174903,7.573208332061768,33,264.0,0.03621399176954732
NFE2,SPAG9,SPAG9,ENSG00000008294,7.572107791900635,27,265.0,0.03635116598079561
GFI1B,ST7L,ST7L,ENSG00000007341,7.569480895996094,25,425.0,0.05829903978052126
TAL1,VPS26A,VPS26A,ENSG00000122958,7.569459915161133,29,204.0,0.027983539094650206
GATA1,TP53INP2,TP53INP2,ENSG00000078804,7.568415641784668,25,164.0,0.022496570644718793
NFE2,RBM10,RBM10,ENSG00000182872,7.566575050354004,27,266.0,0.036488340192043896
GFI1B,TRA2B,TRA2B,ENSG00000136527,7.566058158874512,25,426.0,0.05843621399176955
GFI1B,APEX1,APEX1,ENSG00000100823,7.564535617828369,27,427.0,0.058573388203017836
GATA1,ZC3HC1,ZC3HC1,ENSG00000091732,7.5642242431640625,27,165.0,0.02263374485596708
GATA1,AC092490.1,AC092490.1,ENSG00000249790,7.564140319824219,25,166.0,0.022770919067215362
NFE2,INTS10,INTS10,ENSG00000104613,7.563770294189453,27,267.0,0.03662551440329218
KLF1,DNAJA3,DNAJA3,ENSG00000103423,7.56299352645874,27,241.0,0.03305898491083676
KLF1,RAE1,RAE1,ENSG00000101146,7.5617241859436035,29,242.0,0.033196159122085046
GFI1B,USE1,USE1,ENSG00000053501,7.5606513023376465,25,428.0,0.058710562414266115
GFI1B,CFL1,CFL1,ENSG00000172757,7.560075759887695,26,429.0,0.0588477366255144
GFI1B,PTBP2,PTBP2,ENSG00000117569,7.559385299682617,25,430.0,0.05898491083676269
GATA1,GKAP1,GKAP1,ENSG00000165113,7.556665897369385,26,167.0,0.02290809327846365
NFE2,MED13,MED13,ENSG00000108510,7.556455135345459,27,268.0,0.03676268861454047
NFE2,GCH1,GCH1,ENSG00000131979,7.556441307067871,25,269.0,0.03689986282578875
GFI1B,GTF2H1,GTF2H1,ENSG00000110768,7.555657386779785,28,431.0,0.059122085048010975
GFI1B,ATXN10,ATXN10,ENSG00000130638,7.555490493774414,25,432.0,0.05925925925925926
GFI1B,STT3A,STT3A,ENSG00000134910,7.555481433868408,25,433.0,0.05939643347050754
NFE2,MTMR3,MTMR3,ENSG00000100330,7.555383205413818,28,270.0,0.037037037037037035
GATA1,MVP,MVP,ENSG00000013364,7.555210113525391,25,168.0,0.023045267489711935
TAL1,ABCC4,ABCC4,ENSG00000125257,7.5532331466674805,27,205.0,0.028120713305898493
GFI1B,CENPI,CENPI,ENSG00000102384,7.552021026611328,27,434.0,0.05953360768175583
NFE2,TAF13,TAF13,ENSG00000197780,7.55075740814209,25,271.0,0.03717421124828532
NFE2,MAT2B,MAT2B,ENSG00000038274,7.547638893127441,33,272.0,0.03731138545953361
TAL1,MKRN2,MKRN2,ENSG00000075975,7.544121742248535,25,206.0,0.028257887517146776
GFI1B,APOBEC3C,APOBEC3C,ENSG00000244509,7.54370641708374,25,435.0,0.059670781893004114
NFE2,CD46,CD46,ENSG00000117335,7.543362140655518,29,273.0,0.037448559670781895
KLF1,GATB,GATB,ENSG00000059691,7.542588710784912,27,243.0,0.03333333333333333
KLF1,MRPS2,MRPS2,ENSG00000122140,7.542016506195068,28,244.0,0.03347050754458162
GATA1,MTX1,MTX1,ENSG00000173171,7.541049480438232,25,169.0,0.02318244170096022
GATA1,FAM200B,FAM200B,ENSG00000237765,7.540928840637207,25,170.0,0.023319615912208505
GATA1,ANKRD61,ANKRD61,ENSG00000157999,7.540629863739014,30,171.0,0.02345679012345679
TAL1,TP53BP1,TP53BP1,ENSG00000067369,7.539750576019287,25,207.0,0.028395061728395062
GFI1B,MPC2,MPC2,ENSG00000143158,7.537564754486084,34,436.0,0.0598079561042524
NFE2,CDK8,CDK8,ENSG00000132964,7.537450313568115,25,274.0,0.03758573388203018
NFE2,IMPDH2,IMPDH2,ENSG00000178035,7.537389755249023,29,275.0,0.03772290809327846
TAL1,NUCB1,NUCB1,ENSG00000104805,7.537031173706055,30,208.0,0.02853223593964335
NFE2,BCL11A,BCL11A,ENSG00000119866,7.535792827606201,29,276.0,0.03786008230452675
GFI1B,HINFP,HINFP,ENSG00000172273,7.533661842346191,27,437.0,0.05994513031550069
TAL1,GPLD1,GPLD1,ENSG00000112293,7.532179355621338,29,209.0,0.028669410150891632
KLF1,TRIM52-AS1,TRIM52-AS1,ENSG00000248275,7.531678676605225,25,245.0,0.033607681755829906
GATA1,LINC01133,LINC01133,ENSG00000224259,7.529228687286377,27,172.0,0.023593964334705075
GATA1,SLC30A6,SLC30A6,ENSG00000152683,7.52775764465332,27,173.0,0.02373113854595336
KLF1,INTS1,INTS1,ENSG00000164880,7.527585029602051,26,246.0,0.03374485596707819
NFE2,DDB1,DDB1,ENSG00000167986,7.526671886444092,25,277.0,0.037997256515775034
KLF1,MTFR2,MTFR2,ENSG00000146410,7.526274681091309,28,247.0,0.03388203017832647
GATA1,CBWD2,CBWD2,ENSG00000136682,7.525500774383545,26,174.0,0.023868312757201648
GATA1,MTHFD1,MTHFD1,ENSG00000100714,7.524707794189453,26,175.0,0.02400548696844993
TAL1,RNPC3,RNPC3,ENSG00000185946,7.524372577667236,27,210.0,0.02880658436213992
GFI1B,SREBF2,SREBF2,ENSG00000198911,7.524287700653076,30,438.0,0.060082304526748974
GFI1B,MORF4L2,MORF4L2,ENSG00000123562,7.524196147918701,25,439.0,0.060219478737997253
GATA1,NCBP2,NCBP2,ENSG00000114503,7.523349761962891,29,176.0,0.024142661179698217
GFI1B,FGFR1OP,FGFR1OP,ENSG00000213066,7.522797584533691,25,440.0,0.06035665294924554
GATA1,BAG5,BAG5,ENSG00000166170,7.5215020179748535,25,177.0,0.0242798353909465
GFI1B,TMX3,TMX3,ENSG00000166479,7.521076202392578,25,441.0,0.06049382716049383
NFE2,CYB5R3,CYB5R3,ENSG00000100243,7.521047115325928,25,278.0,0.03813443072702332
NFE2,CHMP2A,CHMP2A,ENSG00000130724,7.5202741622924805,25,279.0,0.03827160493827161
NFE2,GYPA,GYPA,ENSG00000170180,7.5201616287231445,29,280.0,0.038408779149519894
GFI1B,RFC3,RFC3,ENSG00000133119,7.5162200927734375,25,442.0,0.06063100137174211
GATA1,RWDD1,RWDD1,ENSG00000111832,7.515557289123535,26,178.0,0.024417009602194787
GATA1,GSTO1,GSTO1,ENSG00000148834,7.51493501663208,26,179.0,0.024554183813443074
KLF1,MAP3K20,MAP3K20,ENSG00000091436,7.512201309204102,28,248.0,0.03401920438957476
NFE2,TIMM9,TIMM9,ENSG00000100575,7.511395454406738,31,281.0,0.03854595336076817
NFE2,NSUN3,NSUN3,ENSG00000178694,7.509201526641846,27,282.0,0.03868312757201646
GFI1B,ORC1,ORC1,ENSG00000085840,7.508049488067627,25,443.0,0.0607681755829904
TAL1,SNX17,SNX17,ENSG00000115234,7.505702495574951,33,211.0,0.0289437585733882
NFE2,RANBP2,RANBP2,ENSG00000153201,7.504696369171143,27,283.0,0.038820301783264746
GATA1,TRAPPC8,TRAPPC8,ENSG00000153339,7.504475116729736,28,180.0,0.024691358024691357
KLF1,PEX19,PEX19,ENSG00000162735,7.504158020019531,26,249.0,0.034156378600823045
KLF1,TCF25,TCF25,ENSG00000141002,7.504144668579102,25,250.0,0.03429355281207133
KLF1,GPN1,GPN1,ENSG00000198522,7.503440856933594,26,251.0,0.03443072702331962
GATA1,PPA1,PPA1,ENSG00000180817,7.502984046936035,26,181.0,0.024828532235939643
NFE2,DKC1,DKC1,ENSG00000130826,7.50132417678833,26,284.0,0.03895747599451303
NFE2,KBTBD2,KBTBD2,ENSG00000170852,7.501321315765381,33,285.0,0.03909465020576132
TAL1,CNST,CNST,ENSG00000162852,7.50048303604126,27,212.0,0.029080932784636488
GFI1B,UMPS,UMPS,ENSG00000114491,7.500442028045654,26,444.0,0.060905349794238686
GATA1,E4F1,E4F1,ENSG00000167967,7.499403476715088,25,182.0,0.02496570644718793
TAL1,DUSP5,DUSP5,ENSG00000138166,7.499371528625488,25,213.0,0.029218106995884775
NFE2,ZBTB4,ZBTB4,ENSG00000174282,7.499088764190674,31,286.0,0.0392318244170096
GATA1,NTMT1,NTMT1,ENSG00000148335,7.4974164962768555,26,183.0,0.025102880658436213
TAL1,C6orf62,C6orf62,ENSG00000112308,7.497203350067139,28,214.0,0.029355281207133058
NFE2,LAPTM5,LAPTM5,ENSG00000162511,7.496548175811768,25,287.0,0.039368998628257885
GFI1B,AIFM2,AIFM2,ENSG00000042286,7.4961256980896,28,445.0,0.061042524005486966
GFI1B,IQCB1,IQCB1,ENSG00000173226,7.492626667022705,28,446.0,0.06117969821673525
NFE2,TTTY10,TTTY10,ENSG00000229236,7.4922003746032715,27,288.0,0.03950617283950617
GFI1B,TMEM18,TMEM18,ENSG00000151353,7.492006778717041,25,447.0,0.06131687242798354
GATA1,TUBB1,TUBB1,ENSG00000101162,7.491989612579346,30,184.0,0.0252400548696845
TAL1,ZNF24,ZNF24,ENSG00000172466,7.490155220031738,25,215.0,0.029492455418381344
NFE2,NUDT16,NUDT16,ENSG00000198585,7.490014553070068,26,289.0,0.03964334705075446
GATA1,LYSMD3,LYSMD3,ENSG00000176018,7.48762321472168,30,185.0,0.025377229080932786
GFI1B,FAM122B,FAM122B,ENSG00000156504,7.487491607666016,27,448.0,0.061454046639231825
KLF1,SLC12A7,SLC12A7,ENSG00000113504,7.487087726593018,28,252.0,0.0345679012345679
TAL1,MBNL1,MBNL1,ENSG00000152601,7.486258506774902,25,216.0,0.02962962962962963
TAL1,RYBP,RYBP,ENSG00000163602,7.482489109039307,26,217.0,0.029766803840877914
GFI1B,CMTR2,CMTR2,ENSG00000180917,7.4779229164123535,26,449.0,0.06159122085048011
GFI1B,EIF3L,EIF3L,ENSG00000100129,7.477609157562256,25,450.0,0.06172839506172839
GFI1B,MAPKAP1,MAPKAP1,ENSG00000119487,7.477545261383057,28,451.0,0.06186556927297668
TAL1,UBIAD1,UBIAD1,ENSG00000120942,7.476282119750977,25,218.0,0.0299039780521262
KLF1,BANP,BANP,ENSG00000172530,7.4755682945251465,31,253.0,0.034705075445816184
TAL1,BAG2,BAG2,ENSG00000112208,7.47218656539917,30,219.0,0.030041152263374487
GFI1B,HNRNPR,HNRNPR,ENSG00000125944,7.4698991775512695,26,452.0,0.062002743484224965
NFE2,PROS1,PROS1,ENSG00000184500,7.469143390655518,27,290.0,0.039780521262002745
NFE2,IL16,IL16,ENSG00000172349,7.468812942504883,26,291.0,0.03991769547325103
KLF1,WDR74,WDR74,ENSG00000133316,7.468273639678955,25,254.0,0.03484224965706447
GFI1B,GFOD1,GFOD1,ENSG00000145990,7.467336177825928,25,453.0,0.06213991769547325
NFE2,VPS53,VPS53,ENSG00000141252,7.465006351470947,26,292.0,0.04005486968449931
KLF1,TJAP1,TJAP1,ENSG00000137221,7.4645562171936035,25,255.0,0.03497942386831276
NFE2,TBC1D14,TBC1D14,ENSG00000132405,7.464014530181885,26,293.0,0.0401920438957476
KLF1,ACACA,ACACA,ENSG00000278540,7.462512493133545,27,256.0,0.035116598079561044
GFI1B,PIBF1,PIBF1,ENSG00000083535,7.461145877838135,25,454.0,0.06227709190672154
GFI1B,AC093019.2,AC093019.2,ENSG00000241073,7.4607977867126465,28,455.0,0.062414266117969824
GFI1B,TRIM37,TRIM37,ENSG00000108395,7.456085205078125,25,456.0,0.06255144032921811
GATA1,SRGAP2,SRGAP2,ENSG00000266028,7.455938816070557,25,186.0,0.02551440329218107
NFE2,TANGO6,TANGO6,ENSG00000103047,7.455580234527588,27,294.0,0.040329218106995884
KLF1,THAP11,THAP11,ENSG00000168286,7.4551310539245605,27,257.0,0.03525377229080933
NFE2,AAR2,AAR2,ENSG00000131043,7.45377779006958,25,295.0,0.04046639231824417
GATA1,CISD2,CISD2,ENSG00000145354,7.4537353515625,25,187.0,0.025651577503429356
KLF1,BTBD7,BTBD7,ENSG00000011114,7.45315408706665,25,258.0,0.03539094650205761
NFE2,FBXW5,FBXW5,ENSG00000159069,7.452996253967285,26,296.0,0.04060356652949246
TAL1,HMBOX1,HMBOX1,ENSG00000147421,7.452506065368652,25,220.0,0.03017832647462277
TAL1,ARRDC3,ARRDC3,ENSG00000113369,7.452464580535889,25,221.0,0.030315500685871057
KLF1,CRNKL1,CRNKL1,ENSG00000101343,7.452095985412598,25,259.0,0.0355281207133059
TAL1,SIRT1,SIRT1,ENSG00000096717,7.4480156898498535,25,222.0,0.030452674897119343
GFI1B,ZC3H8,ZC3H8,ENSG00000144161,7.4477314949035645,27,457.0,0.0626886145404664
KLF1,RIC8A,RIC8A,ENSG00000177963,7.447642803192139,25,260.0,0.03566529492455418
KLF1,ATG12,ATG12,ENSG00000145782,7.447630882263184,29,261.0,0.03580246913580247
KLF1,RNF19A,RNF19A,ENSG00000034677,7.4459452629089355,25,262.0,0.035939643347050756
NFE2,STK16,STK16,ENSG00000115661,7.445749282836914,25,297.0,0.040740740740740744
NFE2,C12orf49,C12orf49,ENSG00000111412,7.445725917816162,25,298.0,0.040877914951989024
NFE2,DIP2A,DIP2A,ENSG00000160305,7.445590496063232,27,299.0,0.04101508916323731
KLF1,RBM23,RBM23,ENSG00000100461,7.443780422210693,27,263.0,0.03607681755829904
GFI1B,RPS15A,RPS15A,ENSG00000134419,7.443729877471924,29,458.0,0.06282578875171468
TAL1,ABCE1,ABCE1,ENSG00000164163,7.441939353942871,29,223.0,0.030589849108367626
NFE2,AL606489.1,AL606489.1,ENSG00000226330,7.4416890144348145,26,300.0,0.0411522633744856
NFE2,ASPH,ASPH,ENSG00000198363,7.439325332641602,27,301.0,0.04128943758573388
GATA1,SECISBP2L,SECISBP2L,ENSG00000138593,7.438812255859375,26,188.0,0.025788751714677642
NFE2,NCBP2AS2,NCBP2AS2,ENSG00000270170,7.438746452331543,26,302.0,0.04142661179698217
GATA1,MOGS,MOGS,ENSG00000115275,7.43698263168335,38,189.0,0.025925925925925925
TAL1,EXOC2,EXOC2,ENSG00000112685,7.436289310455322,26,224.0,0.030727023319615913
GATA1,CYP51A1,CYP51A1,ENSG00000001630,7.435781955718994,25,190.0,0.02606310013717421
GATA1,ATP1B3,ATP1B3,ENSG00000069849,7.433998107910156,28,191.0,0.0262002743484225
KLF1,NUP35,NUP35,ENSG00000163002,7.433897495269775,31,264.0,0.03621399176954732
GFI1B,BIN3,BIN3,ENSG00000147439,7.432369709014893,25,459.0,0.06296296296296296
NFE2,SOD2,SOD2,ENSG00000112096,7.431380748748779,27,303.0,0.04156378600823045
KLF1,EML4,EML4,ENSG00000143924,7.4311370849609375,27,265.0,0.03635116598079561
GFI1B,RTTN,RTTN,ENSG00000176225,7.430325984954834,25,460.0,0.06310013717421124
GFI1B,DCLRE1A,DCLRE1A,ENSG00000198924,7.42946720123291,25,461.0,0.06323731138545953
TAL1,HNRNPH2,HNRNPH2,ENSG00000126945,7.428596019744873,30,225.0,0.030864197530864196
GFI1B,NAP1L1,NAP1L1,ENSG00000187109,7.428450584411621,25,462.0,0.06337448559670782
NFE2,NUTM2A-AS1,NUTM2A-AS1,ENSG00000223482,7.4280242919921875,28,304.0,0.041700960219478736
GFI1B,ASXL2,ASXL2,ENSG00000143970,7.4272027015686035,25,463.0,0.0635116598079561
GFI1B,ARSA,ARSA,ENSG00000100299,7.4237380027771,26,464.0,0.06364883401920439
GATA1,PARP9,PARP9,ENSG00000138496,7.422638893127441,26,192.0,0.02633744855967078
KLF1,YPEL5,YPEL5,ENSG00000119801,7.422006130218506,28,266.0,0.036488340192043896
GFI1B,METTL15,METTL15,ENSG00000169519,7.421910762786865,27,465.0,0.06378600823045268
GATA1,ITSN1,ITSN1,ENSG00000205726,7.421157360076904,26,193.0,0.026474622770919068
NFE2,COMT,COMT,ENSG00000093010,7.420616626739502,28,305.0,0.04183813443072702
KLF1,AC109460.2,AC109460.2,ENSG00000260853,7.420442581176758,30,267.0,0.03662551440329218
KLF1,RAD51-AS1,RAD51-AS1,ENSG00000245849,7.419482231140137,25,268.0,0.03676268861454047
GATA1,HMBS,HMBS,ENSG00000256269,7.418157577514648,26,194.0,0.02661179698216735
NFE2,CCRL2,CCRL2,ENSG00000121797,7.417055130004883,26,306.0,0.04197530864197531
TAL1,AL049779.4,AL049779.4,ENSG00000286861,7.412693023681641,25,226.0,0.031001371742112482
GATA1,HERPUD2,HERPUD2,ENSG00000122557,7.411403179168701,29,195.0,0.026748971193415638
NFE2,C1orf109,C1orf109,ENSG00000116922,7.41129207611084,28,307.0,0.042112482853223596
TAL1,TPRG1L,TPRG1L,ENSG00000158109,7.410226821899414,25,227.0,0.03113854595336077
KLF1,USP20,USP20,ENSG00000136878,7.410120964050293,29,269.0,0.03689986282578875
NFE2,HMOX1,HMOX1,ENSG00000100292,7.409639358520508,27,308.0,0.04224965706447188
NFE2,SEC24D,SEC24D,ENSG00000150961,7.409425258636475,25,309.0,0.04238683127572016
TAL1,EPB41,EPB41,ENSG00000159023,7.408650875091553,32,228.0,0.031275720164609055
GFI1B,APOLD1,APOLD1,ENSG00000178878,7.408530235290527,26,466.0,0.06392318244170096
TAL1,KIAA0232,KIAA0232,ENSG00000170871,7.406933784484863,27,229.0,0.03141289437585734
TAL1,MR1,MR1,ENSG00000153029,7.405357360839844,29,230.0,0.03155006858710562
GFI1B,POP7,POP7,ENSG00000172336,7.404633522033691,25,467.0,0.06406035665294925
KLF1,TIMM8B,TIMM8B,ENSG00000150779,7.404621124267578,28,270.0,0.037037037037037035
GFI1B,CNOT11,CNOT11,ENSG00000158435,7.404045581817627,27,468.0,0.06419753086419754
KLF1,CYTH3,CYTH3,ENSG00000008256,7.403598785400391,28,271.0,0.03717421124828532
GFI1B,ZNF592,ZNF592,ENSG00000166716,7.401696681976318,27,469.0,0.06433470507544582
GFI1B,RAB5C,RAB5C,ENSG00000108774,7.399201393127441,25,470.0,0.0644718792866941
GFI1B,FAM72B,FAM72B,ENSG00000188610,7.3983845710754395,28,471.0,0.06460905349794238
GFI1B,ATL3,ATL3,ENSG00000184743,7.395610809326172,27,472.0,0.06474622770919067
KLF1,AP4B1,AP4B1,ENSG00000134262,7.394941329956055,25,272.0,0.03731138545953361
TAL1,VMP1,VMP1,ENSG00000062716,7.394741058349609,29,231.0,0.03168724279835391
GATA1,TMEM41B,TMEM41B,ENSG00000166471,7.3921217918396,27,196.0,0.026886145404663924
GFI1B,AGPS,AGPS,ENSG00000018510,7.390630722045898,30,473.0,0.06488340192043895
GATA1,APEX2,APEX2,ENSG00000169188,7.388274669647217,25,197.0,0.027023319615912207
GATA1,CUTC,CUTC,ENSG00000119929,7.387945175170898,25,198.0,0.027160493827160494
GFI1B,PDRG1,PDRG1,ENSG00000088356,7.387473106384277,25,474.0,0.06502057613168724
GFI1B,HAUS3,HAUS3,ENSG00000214367,7.387244701385498,25,475.0,0.06515775034293553
NFE2,NAA60,NAA60,ENSG00000122390,7.386761665344238,25,310.0,0.04252400548696845
NFE2,PNPLA6,PNPLA6,ENSG00000032444,7.3864569664001465,25,311.0,0.042661179698216735
KLF1,VPS4A,VPS4A,ENSG00000132612,7.385638236999512,25,273.0,0.037448559670781895
TAL1,ERCC6,ERCC6,ENSG00000225830,7.384609222412109,30,232.0,0.031824417009602195
GFI1B,IPO7,IPO7,ENSG00000205339,7.384033203125,26,476.0,0.06529492455418381
TAL1,MAP3K2,MAP3K2,ENSG00000169967,7.383462905883789,25,233.0,0.03196159122085048
GFI1B,PHLPP2,PHLPP2,ENSG00000040199,7.381605625152588,25,477.0,0.0654320987654321
GFI1B,ZNF333,ZNF333,ENSG00000160961,7.38150691986084,25,478.0,0.06556927297668039
KLF1,DOT1L,DOT1L,ENSG00000104885,7.381011009216309,30,274.0,0.03758573388203018
TAL1,MXI1,MXI1,ENSG00000119950,7.380256652832031,27,234.0,0.03209876543209877
GFI1B,COASY,COASY,ENSG00000068120,7.379149913787842,25,479.0,0.06570644718792867
GFI1B,RERE,RERE,ENSG00000142599,7.378934860229492,25,480.0,0.06584362139917696
GFI1B,ALDH9A1,ALDH9A1,ENSG00000143149,7.375809192657471,25,481.0,0.06598079561042525
GFI1B,RPL9,RPL9,ENSG00000163682,7.374039173126221,25,482.0,0.06611796982167352
GATA1,C20orf27,C20orf27,ENSG00000101220,7.3733344078063965,27,199.0,0.02729766803840878
GFI1B,SCOC,SCOC,ENSG00000153130,7.3726067543029785,27,483.0,0.0662551440329218
KLF1,FAM126B,FAM126B,ENSG00000155744,7.372412204742432,28,275.0,0.03772290809327846
GFI1B,WWC2,WWC2,ENSG00000151718,7.3701324462890625,26,484.0,0.06639231824417009
NFE2,NHLRC4,NHLRC4,ENSG00000257108,7.369651794433594,28,312.0,0.04279835390946502
GFI1B,CRYZL1,CRYZL1,ENSG00000205758,7.369347095489502,29,485.0,0.06652949245541838
GFI1B,PITPNA,PITPNA,ENSG00000174238,7.368343353271484,25,486.0,0.06666666666666667
NFE2,MT2A,MT2A,ENSG00000125148,7.368122577667236,28,313.0,0.04293552812071331
NFE2,DDX41,DDX41,ENSG00000183258,7.366574287414551,25,314.0,0.043072702331961595
KLF1,ZMYM2,ZMYM2,ENSG00000121741,7.365634918212891,29,276.0,0.03786008230452675
GFI1B,UGGT2,UGGT2,ENSG00000102595,7.364739418029785,27,487.0,0.06680384087791495
TAL1,TFPT,TFPT,ENSG00000105619,7.3646721839904785,27,235.0,0.03223593964334705
KLF1,HIST1H2AC,HIST1H2AC,ENSG00000180573,7.364275932312012,30,277.0,0.037997256515775034
NFE2,SYNGR2,SYNGR2,ENSG00000108639,7.363809585571289,26,315.0,0.043209876543209874
GFI1B,SUMO1,SUMO1,ENSG00000116030,7.363717555999756,25,488.0,0.06694101508916324
NFE2,SLC4A1,SLC4A1,ENSG00000004939,7.363543510437012,25,316.0,0.04334705075445816
GFI1B,IMPA1,IMPA1,ENSG00000133731,7.362869739532471,29,489.0,0.06707818930041153
TAL1,SAMD4B,SAMD4B,ENSG00000179134,7.362404823303223,27,236.0,0.032373113854595334
KLF1,GPANK1,GPANK1,ENSG00000204438,7.362133979797363,30,278.0,0.03813443072702332
GFI1B,CMC1,CMC1,ENSG00000187118,7.361513137817383,27,490.0,0.06721536351165981
NFE2,UBE2D3,UBE2D3,ENSG00000109332,7.359737396240234,26,317.0,0.04348422496570645
GFI1B,DAGLB,DAGLB,ENSG00000164535,7.359523296356201,27,491.0,0.0673525377229081
GFI1B,PCLAF,PCLAF,ENSG00000166803,7.357853889465332,27,492.0,0.06748971193415639
NFE2,HMGCL,HMGCL,ENSG00000117305,7.3576836585998535,26,318.0,0.043621399176954734
TAL1,FBXO25,FBXO25,ENSG00000147364,7.356663227081299,25,237.0,0.03251028806584362
GFI1B,COA1,COA1,ENSG00000106603,7.355671405792236,25,493.0,0.06762688614540466
KLF1,BMERB1,BMERB1,ENSG00000166780,7.35427188873291,28,279.0,0.03827160493827161
KLF1,ITPRIP,ITPRIP,ENSG00000148841,7.353747844696045,26,280.0,0.038408779149519894
NFE2,FAS,FAS,ENSG00000026103,7.353641033172607,25,319.0,0.04375857338820302
KLF1,HBD,HBD,ENSG00000223609,7.351595401763916,29,281.0,0.03854595336076817
GFI1B,SARS,SARS,ENSG00000031698,7.350723743438721,31,494.0,0.06776406035665294
GFI1B,SRRM1,SRRM1,ENSG00000133226,7.349762439727783,29,495.0,0.06790123456790123
GFI1B,ACTR5,ACTR5,ENSG00000101442,7.348526954650879,25,496.0,0.06803840877914952
TAL1,ZNF330,ZNF330,ENSG00000109445,7.347358226776123,26,238.0,0.03264746227709191
GFI1B,HNRNPH3,HNRNPH3,ENSG00000096746,7.34652042388916,28,497.0,0.0681755829903978
NFE2,EPSTI1,EPSTI1,ENSG00000133106,7.345225811004639,27,320.0,0.0438957475994513
KLF1,UBA1,UBA1,ENSG00000130985,7.344324111938477,27,282.0,0.03868312757201646
KLF1,PKN2-AS1,PKN2-AS1,ENSG00000237505,7.343244552612305,27,283.0,0.038820301783264746
NFE2,FAM160A2,FAM160A2,ENSG00000051009,7.342825889587402,29,321.0,0.044032921810699586
GATA1,PRKAR1A,PRKAR1A,ENSG00000108946,7.341954231262207,27,200.0,0.027434842249657063
GFI1B,SLK,SLK,ENSG00000065613,7.341856479644775,25,498.0,0.06831275720164609
GATA1,PCSK6,PCSK6,ENSG00000140479,7.341080665588379,28,201.0,0.02757201646090535
NFE2,TRIP12,TRIP12,ENSG00000153827,7.339207649230957,26,322.0,0.04417009602194787
GFI1B,SIVA1,SIVA1,ENSG00000184990,7.338632583618164,26,499.0,0.06844993141289438
TAL1,PRMT2,PRMT2,ENSG00000160310,7.338156700134277,27,239.0,0.032784636488340194
NFE2,SNX15,SNX15,ENSG00000110025,7.337703704833984,26,323.0,0.04430727023319616
KLF1,BIRC2,BIRC2,ENSG00000110330,7.337302207946777,28,284.0,0.03895747599451303
GFI1B,NUP58,NUP58,ENSG00000139496,7.33663272857666,25,500.0,0.06858710562414266
GFI1B,ZDHHC4,ZDHHC4,ENSG00000136247,7.336520195007324,27,501.0,0.06872427983539095
GFI1B,PRRC2C,PRRC2C,ENSG00000117523,7.335389614105225,29,502.0,0.06886145404663924
GATA1,PPP1R21,PPP1R21,ENSG00000162869,7.334129810333252,29,202.0,0.027709190672153636
GFI1B,UFD1,UFD1,ENSG00000070010,7.332761287689209,26,503.0,0.06899862825788752
GATA1,ARIH1,ARIH1,ENSG00000166233,7.331319808959961,26,203.0,0.02784636488340192
GFI1B,RPS20,RPS20,ENSG00000008988,7.330972671508789,25,504.0,0.0691358024691358
TAL1,FNTB,FNTB,ENSG00000257365,7.330645561218262,26,240.0,0.03292181069958848
GATA1,ETFRF1,ETFRF1,ENSG00000205707,7.329793930053711,25,204.0,0.027983539094650206
GFI1B,NBN,NBN,ENSG00000104320,7.328609943389893,27,505.0,0.06927297668038408
GFI1B,RPL21,RPL21,ENSG00000122026,7.328608989715576,25,506.0,0.06941015089163237
KLF1,SLC35E2B,SLC35E2B,ENSG00000189339,7.327836513519287,25,285.0,0.03909465020576132
NFE2,AC003102.1,AC003102.1,ENSG00000260793,7.327600002288818,25,324.0,0.044444444444444446
NFE2,PSMD4,PSMD4,ENSG00000159352,7.327237129211426,27,325.0,0.04458161865569273
GFI1B,RFX2,RFX2,ENSG00000087903,7.327071189880371,25,507.0,0.06954732510288066
GFI1B,ESYT2,ESYT2,ENSG00000117868,7.326480388641357,25,508.0,0.06968449931412894
GFI1B,EIF2AK2,EIF2AK2,ENSG00000055332,7.326000690460205,25,509.0,0.06982167352537723
TAL1,ASH1L,ASH1L,ENSG00000116539,7.325825214385986,28,241.0,0.03305898491083676
GFI1B,ZNF713,ZNF713,ENSG00000178665,7.324860572814941,28,510.0,0.06995884773662552
NFE2,Z83843.1,Z83843.1,ENSG00000271533,7.32371187210083,28,326.0,0.04471879286694101
GFI1B,TTF2,TTF2,ENSG00000116830,7.3237104415893555,28,511.0,0.0700960219478738
TAL1,MAD2L2,MAD2L2,ENSG00000116670,7.323580741882324,27,242.0,0.033196159122085046
NFE2,CCR5AS,CCR5AS,ENSG00000223552,7.3211350440979,27,327.0,0.0448559670781893
NFE2,TSPO2,TSPO2,ENSG00000112212,7.320174694061279,28,328.0,0.044993141289437585
GFI1B,COX5A,COX5A,ENSG00000178741,7.317282199859619,25,512.0,0.07023319615912209
KLF1,ATE1,ATE1,ENSG00000107669,7.316893100738525,28,286.0,0.0392318244170096
NFE2,AC092802.1,AC092802.1,ENSG00000226026,7.316211223602295,27,329.0,0.04513031550068587
KLF1,PHF11,PHF11,ENSG00000136147,7.313600540161133,25,287.0,0.039368998628257885
TAL1,ABITRAM,ABITRAM,ENSG00000119328,7.312510967254639,26,243.0,0.03333333333333333
TAL1,FBXO33,FBXO33,ENSG00000165355,7.311922073364258,29,244.0,0.03347050754458162
GFI1B,CPPED1,CPPED1,ENSG00000103381,7.311770439147949,27,513.0,0.07037037037037037
NFE2,SNX8,SNX8,ENSG00000106266,7.309366226196289,26,330.0,0.04526748971193416
GFI1B,HSPD1,HSPD1,ENSG00000144381,7.309075355529785,25,514.0,0.07050754458161866
NFE2,LINC01004,LINC01004,ENSG00000228393,7.308496952056885,25,331.0,0.045404663923182445
KLF1,GLUL,GLUL,ENSG00000135821,7.308009624481201,28,288.0,0.03950617283950617
GFI1B,SLFN13,SLFN13,ENSG00000154760,7.307343482971191,25,515.0,0.07064471879286695
KLF1,SEC16A,SEC16A,ENSG00000148396,7.305466651916504,25,289.0,0.03964334705075446
GFI1B,SMARCAD1,SMARCAD1,ENSG00000163104,7.305027008056641,28,516.0,0.07078189300411522
GATA1,HEXA,HEXA,ENSG00000213614,7.304251194000244,25,205.0,0.028120713305898493
GATA1,EMC8,EMC8,ENSG00000131148,7.301999568939209,30,206.0,0.028257887517146776
TAL1,C12orf4,C12orf4,ENSG00000047621,7.301948070526123,27,245.0,0.033607681755829906
TAL1,FHDC1,FHDC1,ENSG00000137460,7.300439834594727,25,246.0,0.03374485596707819
NFE2,MAPK1,MAPK1,ENSG00000100030,7.299039840698242,26,332.0,0.045541838134430725
GATA1,EXOC7,EXOC7,ENSG00000182473,7.298648834228516,25,207.0,0.028395061728395062
NFE2,UTP3,UTP3,ENSG00000132467,7.297473907470703,27,333.0,0.04567901234567901
GFI1B,TIMM50,TIMM50,ENSG00000105197,7.297357559204102,25,517.0,0.07091906721536351
GFI1B,EIF4E2,EIF4E2,ENSG00000135930,7.295605659484863,25,518.0,0.0710562414266118
GFI1B,DDIAS,DDIAS,ENSG00000165490,7.295536994934082,26,519.0,0.07119341563786008
GFI1B,IDE,IDE,ENSG00000119912,7.2942681312561035,27,520.0,0.07133058984910837
GFI1B,CHPF2,CHPF2,ENSG00000033100,7.293951988220215,25,521.0,0.07146776406035665
NFE2,OXNAD1,OXNAD1,ENSG00000154814,7.293646812438965,25,334.0,0.0458161865569273
GFI1B,SAE1,SAE1,ENSG00000142230,7.293552875518799,26,522.0,0.07160493827160494
NFE2,MBD5,MBD5,ENSG00000204406,7.29298734664917,28,335.0,0.045953360768175584
TAL1,SYF2,SYF2,ENSG00000117614,7.292850017547607,25,247.0,0.03388203017832647
GFI1B,LINC00667,LINC00667,ENSG00000263753,7.291903018951416,27,523.0,0.07174211248285323
KLF1,CLCN5,CLCN5,ENSG00000171365,7.291850566864014,26,290.0,0.039780521262002745
NFE2,POLR2F,POLR2F,ENSG00000100142,7.291496753692627,31,336.0,0.04609053497942387
GFI1B,UBR5,UBR5,ENSG00000104517,7.290268421173096,25,524.0,0.07187928669410151
GFI1B,SERBP1,SERBP1,ENSG00000142864,7.289207458496094,35,525.0,0.0720164609053498
TAL1,MFSD8,MFSD8,ENSG00000164073,7.286832809448242,28,248.0,0.03401920438957476
KLF1,AC026704.1,AC026704.1,ENSG00000251307,7.286784648895264,25,291.0,0.03991769547325103
GFI1B,MAP3K1,MAP3K1,ENSG00000095015,7.286513805389404,25,526.0,0.07215363511659809
KLF1,ANKRD18B,ANKRD18B,ENSG00000230453,7.283788681030273,33,292.0,0.04005486968449931
TAL1,PPIB,PPIB,ENSG00000166794,7.283545970916748,25,249.0,0.034156378600823045
GATA1,TTN-AS1,TTN-AS1,ENSG00000237298,7.283452033996582,27,208.0,0.02853223593964335
GFI1B,HAUS6,HAUS6,ENSG00000147874,7.283127307891846,27,527.0,0.07229080932784636
GATA1,NADK,NADK,ENSG00000008130,7.2829155921936035,25,209.0,0.028669410150891632
NFE2,GPX4,GPX4,ENSG00000167468,7.2823262214660645,25,337.0,0.04622770919067215
KLF1,ZSWIM8,ZSWIM8,ENSG00000214655,7.2816596031188965,28,293.0,0.0401920438957476
GATA1,RNF31,RNF31,ENSG00000092098,7.280905723571777,26,210.0,0.02880658436213992
GFI1B,VDAC3,VDAC3,ENSG00000078668,7.280135154724121,26,528.0,0.07242798353909465
GFI1B,GPR107,GPR107,ENSG00000148358,7.2796502113342285,25,529.0,0.07256515775034293
KLF1,GNPTAB,GNPTAB,ENSG00000111670,7.279435634613037,27,294.0,0.040329218106995884
GATA1,PEX10,PEX10,ENSG00000157911,7.279235363006592,25,211.0,0.0289437585733882
GATA1,MED9,MED9,ENSG00000141026,7.2782697677612305,25,212.0,0.029080932784636488
NFE2,LINC00278,LINC00278,ENSG00000231535,7.277895927429199,25,338.0,0.04636488340192044
NFE2,GATA1,GATA1,ENSG00000102145,7.277855396270752,28,339.0,0.046502057613168724
GATA1,IFT57,IFT57,ENSG00000114446,7.277796268463135,25,213.0,0.029218106995884775
GATA1,SNTB2,SNTB2,ENSG00000168807,7.277739524841309,27,214.0,0.029355281207133058
GFI1B,KIF13A,KIF13A,ENSG00000137177,7.276303291320801,26,530.0,0.07270233196159122
TAL1,SLC13A4,SLC13A4,ENSG00000164707,7.275967121124268,29,250.0,0.03429355281207133
GFI1B,MYDGF,MYDGF,ENSG00000074842,7.275853157043457,28,531.0,0.0728395061728395
NFE2,BTG2,BTG2,ENSG00000159388,7.275777339935303,26,340.0,0.04663923182441701
KLF1,IP6K2,IP6K2,ENSG00000068745,7.275280952453613,26,295.0,0.04046639231824417
GATA1,BRAP,BRAP,ENSG00000089234,7.275134086608887,31,215.0,0.029492455418381344
GFI1B,EIF3A,EIF3A,ENSG00000107581,7.275076866149902,25,532.0,0.07297668038408779
KLF1,DHX16,DHX16,ENSG00000204560,7.274542808532715,27,296.0,0.04060356652949246
GFI1B,KANK2,KANK2,ENSG00000197256,7.271761417388916,27,533.0,0.07311385459533608
GATA1,TRAM1,TRAM1,ENSG00000067167,7.270698547363281,29,216.0,0.02962962962962963
KLF1,OAT,OAT,ENSG00000065154,7.270500659942627,33,297.0,0.040740740740740744
KLF1,CLIP1,CLIP1,ENSG00000130779,7.269808769226074,28,298.0,0.040877914951989024
GFI1B,RBM48,RBM48,ENSG00000127993,7.269626140594482,30,534.0,0.07325102880658436
GATA1,HDDC3,HDDC3,ENSG00000184508,7.2688889503479,25,217.0,0.029766803840877914
TAL1,SUCLG1,SUCLG1,ENSG00000163541,7.268238067626953,25,251.0,0.03443072702331962
KLF1,BPTF,BPTF,ENSG00000171634,7.266278266906738,26,299.0,0.04101508916323731
NFE2,MRPS35,MRPS35,ENSG00000061794,7.265285491943359,26,341.0,0.0467764060356653
NFE2,MYCBP2,MYCBP2,ENSG00000005810,7.2642693519592285,26,342.0,0.04691358024691358
GFI1B,ANKMY1,ANKMY1,ENSG00000144504,7.263091087341309,27,535.0,0.07338820301783265
GFI1B,COMMD2,COMMD2,ENSG00000114744,7.2621355056762695,28,536.0,0.07352537722908094
NFE2,NACC2,NACC2,ENSG00000148411,7.261878967285156,25,343.0,0.04705075445816186
GFI1B,RPL15,RPL15,ENSG00000174748,7.261852741241455,29,537.0,0.07366255144032922
GATA1,ATRAID,ATRAID,ENSG00000138085,7.261448860168457,28,218.0,0.0299039780521262
NFE2,NFIX,NFIX,ENSG00000008441,7.2608466148376465,28,344.0,0.04718792866941015
NFE2,SELENOT,SELENOT,ENSG00000198843,7.260797023773193,25,345.0,0.047325102880658436
NFE2,R3HCC1,R3HCC1,ENSG00000104679,7.257874488830566,25,346.0,0.04746227709190672
TAL1,TESK2,TESK2,ENSG00000070759,7.256048202514648,25,252.0,0.0345679012345679
KLF1,MPP1,MPP1,ENSG00000130830,7.255574703216553,25,300.0,0.0411522633744856
GFI1B,MFSD14B,MFSD14B,ENSG00000148110,7.255229473114014,25,538.0,0.0737997256515775
GFI1B,TAB2,TAB2,ENSG00000055208,7.254252910614014,27,539.0,0.07393689986282578
GFI1B,RRP36,RRP36,ENSG00000124541,7.25345516204834,25,540.0,0.07407407407407407
KLF1,EPOR,EPOR,ENSG00000187266,7.252406120300293,25,301.0,0.04128943758573388
GFI1B,DMGDH,DMGDH,ENSG00000132837,7.252335071563721,28,541.0,0.07421124828532236
GATA1,ZNF350,ZNF350,ENSG00000256683,7.250429153442383,25,219.0,0.030041152263374487
KLF1,UBE2D2,UBE2D2,ENSG00000131508,7.248286247253418,44,302.0,0.04142661179698217
NFE2,UBE2K,UBE2K,ENSG00000078140,7.247889995574951,25,347.0,0.04759945130315501
KLF1,LDLR,LDLR,ENSG00000130164,7.247755527496338,25,303.0,0.04156378600823045
GFI1B,TMEM147,TMEM147,ENSG00000105677,7.242657661437988,25,542.0,0.07434842249657064
TAL1,ZNF805,ZNF805,ENSG00000204524,7.241726398468018,25,253.0,0.034705075445816184
KLF1,PELI2,PELI2,ENSG00000139946,7.241486072540283,27,304.0,0.041700960219478736
TAL1,KDM6B,KDM6B,ENSG00000132510,7.240499019622803,25,254.0,0.03484224965706447
NFE2,HIRA,HIRA,ENSG00000100084,7.238680362701416,28,348.0,0.047736625514403296
GATA1,PNKP,PNKP,ENSG00000039650,7.238361358642578,26,220.0,0.03017832647462277
GFI1B,TTLL5,TTLL5,ENSG00000119685,7.238051891326904,26,543.0,0.07448559670781893
GFI1B,U2SURP,U2SURP,ENSG00000163714,7.2368035316467285,28,544.0,0.07462277091906722
GFI1B,UCHL5,UCHL5,ENSG00000116750,7.23676872253418,25,545.0,0.0747599451303155
TAL1,PDHX,PDHX,ENSG00000110435,7.236015796661377,26,255.0,0.03497942386831276
NFE2,GGA2,GGA2,ENSG00000103365,7.2351250648498535,35,349.0,0.047873799725651575
NFE2,CMAS,CMAS,ENSG00000111726,7.234846591949463,33,350.0,0.04801097393689986
NFE2,DZIP3,DZIP3,ENSG00000198919,7.2348313331604,25,351.0,0.04814814814814815
GFI1B,BRD3,BRD3,ENSG00000169925,7.234253883361816,32,546.0,0.07489711934156379
GFI1B,SFPQ,SFPQ,ENSG00000116560,7.232681751251221,26,547.0,0.07503429355281208
NFE2,ZNFX1,ZNFX1,ENSG00000124201,7.231834888458252,29,352.0,0.048285322359396435
TAL1,PSMG4,PSMG4,ENSG00000180822,7.229961395263672,27,256.0,0.035116598079561044
KLF1,GTF3C5,GTF3C5,ENSG00000148308,7.22941780090332,27,305.0,0.04183813443072702
TAL1,ATP6V0C,ATP6V0C,ENSG00000185883,7.228408336639404,25,257.0,0.03525377229080933
NFE2,ITPKC,ITPKC,ENSG00000086544,7.227801322937012,32,353.0,0.04842249657064472
NFE2,ABI1,ABI1,ENSG00000136754,7.227513790130615,25,354.0,0.048559670781893
TAL1,GABARAP,GABARAP,ENSG00000170296,7.227429389953613,25,258.0,0.03539094650205761
KLF1,DDX3X,DDX3X,ENSG00000215301,7.22617769241333,25,306.0,0.04197530864197531
KLF1,RRP36,RRP36,ENSG00000124541,7.2239766120910645,25,307.0,0.042112482853223596
NFE2,GBE1,GBE1,ENSG00000114480,7.223865509033203,27,355.0,0.04869684499314129
KLF1,RPS6KA1,RPS6KA1,ENSG00000117676,7.22098445892334,25,308.0,0.04224965706447188
NFE2,SLC22A23,SLC22A23,ENSG00000137266,7.218908309936523,26,356.0,0.048834019204389574
GFI1B,NUP42,NUP42,ENSG00000136243,7.218649864196777,25,548.0,0.07517146776406036
GFI1B,SUV39H2,SUV39H2,ENSG00000152455,7.218330383300781,26,549.0,0.07530864197530865
NFE2,ZNF524,ZNF524,ENSG00000171443,7.2179765701293945,27,357.0,0.04897119341563786
GFI1B,MAP4K3,MAP4K3,ENSG00000011566,7.2166829109191895,27,550.0,0.07544581618655692
KLF1,MBD5,MBD5,ENSG00000204406,7.214913368225098,28,309.0,0.04238683127572016
NFE2,SUGT1,SUGT1,ENSG00000165416,7.214552402496338,28,358.0,0.04910836762688615
TAL1,NUP214,NUP214,ENSG00000126883,7.214536666870117,25,259.0,0.0355281207133059
NFE2,OSBPL2,OSBPL2,ENSG00000130703,7.213752746582031,26,359.0,0.049245541838134434
TAL1,TBK1,TBK1,ENSG00000183735,7.212868690490723,28,260.0,0.03566529492455418
GFI1B,TIAL1,TIAL1,ENSG00000151923,7.211065292358398,25,551.0,0.07558299039780521
KLF1,MAST3,MAST3,ENSG00000099308,7.210633754730225,27,310.0,0.04252400548696845
TAL1,GMPR,GMPR,ENSG00000137198,7.209569454193115,28,261.0,0.03580246913580247
GFI1B,WDR7,WDR7,ENSG00000091157,7.209514617919922,29,552.0,0.0757201646090535
GFI1B,TMEM209,TMEM209,ENSG00000146842,7.208052158355713,27,553.0,0.07585733882030178
GFI1B,RBBP4,RBBP4,ENSG00000162521,7.206913948059082,28,554.0,0.07599451303155007
NFE2,THRAP3,THRAP3,ENSG00000054118,7.20628023147583,27,360.0,0.04938271604938271
KLF1,MCM3AP-AS1,MCM3AP-AS1,ENSG00000215424,7.205611705780029,25,311.0,0.042661179698216735
GFI1B,VDAC2,VDAC2,ENSG00000165637,7.205183982849121,25,555.0,0.07613168724279835
GATA1,BLOC1S1,BLOC1S1,ENSG00000135441,7.204253673553467,25,221.0,0.030315500685871057
TAL1,PAPOLA,PAPOLA,ENSG00000090060,7.204239368438721,27,262.0,0.035939643347050756
GATA1,TOR1B,TOR1B,ENSG00000136816,7.203019142150879,25,222.0,0.030452674897119343
KLF1,SPNS1,SPNS1,ENSG00000169682,7.201295852661133,25,312.0,0.04279835390946502
TAL1,C19orf25,C19orf25,ENSG00000119559,7.20115327835083,25,263.0,0.03607681755829904
NFE2,CDYL,CDYL,ENSG00000153046,7.200782299041748,30,361.0,0.049519890260631
GFI1B,HELLPAR,HELLPAR,ENSG00000281344,7.20006799697876,25,556.0,0.07626886145404664
TAL1,SKP1,SKP1,ENSG00000113558,7.200012683868408,27,264.0,0.03621399176954732
TAL1,PAPOLG,PAPOLG,ENSG00000115421,7.199479103088379,26,265.0,0.03635116598079561
NFE2,PRKCI,PRKCI,ENSG00000163558,7.198094367980957,25,362.0,0.049657064471879286
GFI1B,COX7C,COX7C,ENSG00000127184,7.197938442230225,26,557.0,0.07640603566529493
KLF1,OSBPL3,OSBPL3,ENSG00000070882,7.197869300842285,25,313.0,0.04293552812071331
NFE2,SOCS4,SOCS4,ENSG00000180008,7.196022987365723,29,363.0,0.04979423868312757
NFE2,CRB1,CRB1,ENSG00000134376,7.1958794593811035,25,364.0,0.04993141289437586
GFI1B,SMIM19,SMIM19,ENSG00000176209,7.195747375488281,28,558.0,0.07654320987654321
GFI1B,SNHG32,SNHG32,ENSG00000204387,7.195221900939941,27,559.0,0.0766803840877915
KLF1,YLPM1,YLPM1,ENSG00000119596,7.192508697509766,25,314.0,0.043072702331961595
KLF1,UBXN2A,UBXN2A,ENSG00000173960,7.19209623336792,25,315.0,0.043209876543209874
GFI1B,HDHD2,HDHD2,ENSG00000167220,7.19179105758667,25,560.0,0.07681755829903979
KLF1,EGLN2,EGLN2,ENSG00000269858,7.191417217254639,25,316.0,0.04334705075445816
GATA1,RANBP10,RANBP10,ENSG00000141084,7.190257549285889,31,223.0,0.030589849108367626
GFI1B,NSD2,NSD2,ENSG00000109685,7.188721656799316,25,561.0,0.07695473251028806
KLF1,AHSA1,AHSA1,ENSG00000100591,7.187433242797852,32,317.0,0.04348422496570645
GATA1,TTLL11,TTLL11,ENSG00000175764,7.185331344604492,29,224.0,0.030727023319615913
NFE2,BICRAL,BICRAL,ENSG00000112624,7.183772563934326,27,365.0,0.050068587105624146
GFI1B,XRCC5,XRCC5,ENSG00000079246,7.183576583862305,28,562.0,0.07709190672153635
TAL1,IFI27L2,IFI27L2,ENSG00000119632,7.181239128112793,26,266.0,0.036488340192043896
NFE2,TENT5A,TENT5A,ENSG00000112773,7.180262565612793,26,366.0,0.050205761316872426
NFE2,MFAP3L,MFAP3L,ENSG00000198948,7.1797003746032715,27,367.0,0.05034293552812071
KLF1,AKT1S1,AKT1S1,ENSG00000204673,7.178364276885986,26,318.0,0.043621399176954734
NFE2,RSRP1,RSRP1,ENSG00000117616,7.178316116333008,25,368.0,0.050480109739369
GFI1B,ORMDL2,ORMDL2,ENSG00000123353,7.178226470947266,34,563.0,0.07722908093278463
GATA1,SEC14L1,SEC14L1,ENSG00000129657,7.178206443786621,27,225.0,0.030864197530864196
GFI1B,PTGES3,PTGES3,ENSG00000110958,7.177675247192383,29,564.0,0.07736625514403292
KLF1,FZD5,FZD5,ENSG00000163251,7.174411296844482,25,319.0,0.04375857338820302
TAL1,SPATA5L1,SPATA5L1,ENSG00000171763,7.1742634773254395,25,267.0,0.03662551440329218
TAL1,KSR1,KSR1,ENSG00000141068,7.173757076263428,25,268.0,0.03676268861454047
GFI1B,CCDC18,CCDC18,ENSG00000122483,7.173724174499512,25,565.0,0.0775034293552812
NFE2,SLC2A4,SLC2A4,ENSG00000181856,7.1734700202941895,26,369.0,0.050617283950617285
NFE2,YIPF4,YIPF4,ENSG00000119820,7.173293590545654,28,370.0,0.05075445816186557
GFI1B,TSR1,TSR1,ENSG00000167721,7.172720909118652,25,566.0,0.07764060356652949
GATA1,MRPS15,MRPS15,ENSG00000116898,7.172177314758301,25,226.0,0.031001371742112482
KLF1,TMEM50B,TMEM50B,ENSG00000142188,7.170005798339844,34,320.0,0.0438957475994513
GFI1B,SUCLG2,SUCLG2,ENSG00000172340,7.168669700622559,27,567.0,0.07777777777777778
GATA1,JMJD1C,JMJD1C,ENSG00000171988,7.168126583099365,25,227.0,0.03113854595336077
GATA1,SMIM4,SMIM4,ENSG00000168273,7.167985916137695,25,228.0,0.031275720164609055
TAL1,NPIPB4,NPIPB4,ENSG00000185864,7.166740894317627,26,269.0,0.03689986282578875
NFE2,NIP7,NIP7,ENSG00000132603,7.166138648986816,26,371.0,0.05089163237311385
GATA1,CHCHD5,CHCHD5,ENSG00000125611,7.166082382202148,26,229.0,0.03141289437585734
KLF1,CANT1,CANT1,ENSG00000171302,7.165729522705078,28,321.0,0.044032921810699586
KLF1,ERG28,ERG28,ENSG00000133935,7.16558837890625,27,322.0,0.04417009602194787
GATA1,R3HCC1,R3HCC1,ENSG00000104679,7.163907051086426,25,230.0,0.03155006858710562
GFI1B,GALNT4,GALNT4,ENSG00000257594,7.16316032409668,29,568.0,0.07791495198902607
GFI1B,TK1,TK1,ENSG00000167900,7.162749767303467,28,569.0,0.07805212620027435
TAL1,MT2A,MT2A,ENSG00000125148,7.162582874298096,28,270.0,0.037037037037037035
GFI1B,UBE4A,UBE4A,ENSG00000110344,7.162447452545166,29,570.0,0.07818930041152264
NFE2,HARS,HARS,ENSG00000170445,7.16152286529541,28,372.0,0.05102880658436214
GFI1B,TPP2,TPP2,ENSG00000134900,7.160154342651367,25,571.0,0.07832647462277093
TAL1,TUFT1,TUFT1,ENSG00000143367,7.158811569213867,27,271.0,0.03717421124828532
TAL1,CDK5RAP1,CDK5RAP1,ENSG00000101391,7.157748699188232,27,272.0,0.03731138545953361
TAL1,NDUFV3,NDUFV3,ENSG00000160194,7.157657623291016,26,273.0,0.037448559670781895
KLF1,DDX5,DDX5,ENSG00000108654,7.1576032638549805,28,323.0,0.04430727023319616
GATA1,LEPROTL1,LEPROTL1,ENSG00000104660,7.156877040863037,27,231.0,0.03168724279835391
TAL1,THUMPD3-AS1,THUMPD3-AS1,ENSG00000206573,7.1561970710754395,29,274.0,0.03758573388203018
KLF1,SGMS1,SGMS1,ENSG00000198964,7.154173851013184,28,324.0,0.044444444444444446
NFE2,ELOA-AS1,ELOA-AS1,ENSG00000236810,7.153914928436279,25,373.0,0.051165980795610425
NFE2,STMP1,STMP1,ENSG00000243317,7.15250301361084,25,374.0,0.05130315500685871
GFI1B,AC007569.1,AC007569.1,ENSG00000257221,7.151813983917236,26,572.0,0.0784636488340192
GFI1B,DHRS4L2,DHRS4L2,ENSG00000187630,7.1510114669799805,29,573.0,0.07860082304526748
TAL1,MOB1B,MOB1B,ENSG00000173542,7.14968729019165,26,275.0,0.03772290809327846
NFE2,RAB10,RAB10,ENSG00000084733,7.147604465484619,25,375.0,0.051440329218107
NFE2,CABIN1,CABIN1,ENSG00000099991,7.147014617919922,25,376.0,0.051577503429355284
NFE2,PEX16,PEX16,ENSG00000121680,7.146219730377197,31,377.0,0.051714677640603564
KLF1,RAB2B,RAB2B,ENSG00000129472,7.146121025085449,25,325.0,0.04458161865569273
GFI1B,AGBL5,AGBL5,ENSG00000084693,7.145180702209473,27,574.0,0.07873799725651577
GATA1,TMEM86B,TMEM86B,ENSG00000180089,7.1444091796875,27,232.0,0.031824417009602195
KLF1,FOS,FOS,ENSG00000170345,7.143289089202881,26,326.0,0.04471879286694101
GFI1B,SUMO2,SUMO2,ENSG00000188612,7.142969608306885,40,575.0,0.07887517146776406
GATA1,TAGLN2,TAGLN2,ENSG00000158710,7.142678260803223,26,233.0,0.03196159122085048
TAL1,ERGIC3,ERGIC3,ENSG00000125991,7.142520427703857,27,276.0,0.03786008230452675
NFE2,WNK1,WNK1,ENSG00000060237,7.141571044921875,27,378.0,0.05185185185185185
GFI1B,LUC7L2,LUC7L2,ENSG00000146963,7.1413774490356445,25,576.0,0.07901234567901234
NFE2,CHST2,CHST2,ENSG00000175040,7.139512062072754,29,379.0,0.05198902606310014
GFI1B,CCNC,CCNC,ENSG00000112237,7.137538909912109,25,577.0,0.07914951989026063
GFI1B,AOPEP,AOPEP,ENSG00000148120,7.135819435119629,25,578.0,0.07928669410150892
KLF1,AC083862.3,AC083862.3,ENSG00000287733,7.1346354484558105,29,327.0,0.0448559670781893
KLF1,TPT1-AS1,TPT1-AS1,ENSG00000170919,7.134208679199219,27,328.0,0.044993141289437585
NFE2,CDC42,CDC42,ENSG00000070831,7.134208679199219,28,380.0,0.05212620027434842
TAL1,ZNF708,ZNF708,ENSG00000182141,7.134115219116211,29,277.0,0.037997256515775034
GATA1,PLEKHM3,PLEKHM3,ENSG00000178385,7.13338041305542,28,234.0,0.03209876543209877
KLF1,RNF213,RNF213,ENSG00000173821,7.133218288421631,25,329.0,0.04513031550068587
GFI1B,TMEM68,TMEM68,ENSG00000167904,7.130010604858398,26,579.0,0.0794238683127572
GFI1B,KYAT3,KYAT3,ENSG00000137944,7.129321098327637,25,580.0,0.07956104252400549
KLF1,STXBP1,STXBP1,ENSG00000136854,7.126736640930176,25,330.0,0.04526748971193416
GATA1,FOXO1,FOXO1,ENSG00000150907,7.125827789306641,25,235.0,0.03223593964334705
KLF1,PITPNA-AS1,PITPNA-AS1,ENSG00000236618,7.125462532043457,26,331.0,0.045404663923182445
TAL1,RNF14,RNF14,ENSG00000013561,7.124704837799072,25,278.0,0.03813443072702332
KLF1,CAMSAP1,CAMSAP1,ENSG00000130559,7.124558448791504,25,332.0,0.045541838134430725
GFI1B,FAM168B,FAM168B,ENSG00000152102,7.123458385467529,25,581.0,0.07969821673525378
NFE2,IDS,IDS,ENSG00000010404,7.123244285583496,27,381.0,0.05226337448559671
TAL1,AC069547.2,AC069547.2,ENSG00000286401,7.12235689163208,27,279.0,0.03827160493827161
KLF1,ZNF160,ZNF160,ENSG00000170949,7.121346950531006,26,333.0,0.04567901234567901
GFI1B,POLR2B,POLR2B,ENSG00000047315,7.121021270751953,27,582.0,0.07983539094650206
TAL1,INO80C,INO80C,ENSG00000153391,7.120415687561035,25,280.0,0.038408779149519894
KLF1,GGA3,GGA3,ENSG00000125447,7.1202850341796875,26,334.0,0.0458161865569273
TAL1,GADD45GIP1,GADD45GIP1,ENSG00000179271,7.120104789733887,25,281.0,0.03854595336076817
GFI1B,WDR44,WDR44,ENSG00000131725,7.119904041290283,28,583.0,0.07997256515775034
NFE2,AC104316.1,AC104316.1,ENSG00000253607,7.1184210777282715,26,382.0,0.052400548696845
NFE2,AC018797.3,AC018797.3,ENSG00000286242,7.117595195770264,31,383.0,0.052537722908093276
NFE2,CARNMT1-AS1,CARNMT1-AS1,ENSG00000203321,7.1161298751831055,30,384.0,0.05267489711934156
KLF1,YIPF5,YIPF5,ENSG00000145817,7.1139726638793945,37,335.0,0.045953360768175584
TAL1,CLIP4,CLIP4,ENSG00000115295,7.112817287445068,26,282.0,0.03868312757201646
GFI1B,HNRNPD,HNRNPD,ENSG00000138668,7.112030982971191,33,584.0,0.08010973936899862
NFE2,MYL12A,MYL12A,ENSG00000101608,7.111977577209473,27,385.0,0.05281207133058985
GATA1,EIF4EBP2,EIF4EBP2,ENSG00000148730,7.111727714538574,25,236.0,0.032373113854595334
GFI1B,RNPS1,RNPS1,ENSG00000205937,7.111001491546631,25,585.0,0.08024691358024691
GATA1,RPS15,RPS15,ENSG00000115268,7.1106791496276855,27,237.0,0.03251028806584362
GATA1,RAD54L,RAD54L,ENSG00000085999,7.110266208648682,27,238.0,0.03264746227709191
KLF1,MTRF1L,MTRF1L,ENSG00000112031,7.109730243682861,25,336.0,0.04609053497942387
NFE2,XRN2,XRN2,ENSG00000088930,7.108977794647217,25,386.0,0.052949245541838136
NFE2,ZNF776,ZNF776,ENSG00000152443,7.108519554138184,29,387.0,0.05308641975308642
GFI1B,MED27,MED27,ENSG00000160563,7.108232021331787,25,586.0,0.0803840877914952
GATA1,AC025211.1,AC025211.1,ENSG00000264458,7.104452610015869,25,239.0,0.032784636488340194
GFI1B,BOLA3,BOLA3,ENSG00000163170,7.104372024536133,27,587.0,0.08052126200274348
KLF1,PRKY,PRKY,ENSG00000099725,7.103717803955078,27,337.0,0.04622770919067215
GFI1B,AP002495.1,AP002495.1,ENSG00000254469,7.103564262390137,29,588.0,0.08065843621399177
NFE2,RASA3,RASA3,ENSG00000185989,7.103157997131348,27,388.0,0.0532235939643347
GFI1B,XPO4,XPO4,ENSG00000132953,7.1017985343933105,26,589.0,0.08079561042524006
GFI1B,XRCC6,XRCC6,ENSG00000196419,7.101651191711426,34,590.0,0.08093278463648834
KLF1,ARID3A,ARID3A,ENSG00000116017,7.101647853851318,25,338.0,0.04636488340192044
NFE2,CBY1,CBY1,ENSG00000100211,7.1013970375061035,27,389.0,0.05336076817558299
GATA1,FBXL15,FBXL15,ENSG00000107872,7.100404739379883,27,240.0,0.03292181069958848
NFE2,AC006059.1,AC006059.1,ENSG00000230084,7.100177764892578,25,390.0,0.053497942386831275
GFI1B,NEK1,NEK1,ENSG00000137601,7.098561763763428,25,591.0,0.08106995884773663
GFI1B,AL021707.6,AL021707.6,ENSG00000272669,7.098239898681641,25,592.0,0.08120713305898491
KLF1,IFT20,IFT20,ENSG00000109083,7.097222328186035,25,339.0,0.046502057613168724
GATA1,CHMP4A,CHMP4A,ENSG00000254505,7.096709251403809,25,241.0,0.03305898491083676
GFI1B,MCM8,MCM8,ENSG00000125885,7.096386909484863,25,593.0,0.0813443072702332
KLF1,MYO18A,MYO18A,ENSG00000196535,7.095595836639404,28,340.0,0.04663923182441701
GFI1B,CCNF,CCNF,ENSG00000162063,7.094558238983154,26,594.0,0.08148148148148149
GFI1B,SKA3,SKA3,ENSG00000165480,7.094486713409424,28,595.0,0.08161865569272976
KLF1,JTB,JTB,ENSG00000143543,7.093654632568359,27,341.0,0.0467764060356653
NFE2,YES1,YES1,ENSG00000176105,7.092672348022461,26,391.0,0.05363511659807956
KLF1,EIF1AD,EIF1AD,ENSG00000175376,7.09222412109375,26,342.0,0.04691358024691358
KLF1,PDK4,PDK4,ENSG00000004799,7.0921549797058105,25,343.0,0.04705075445816186
GFI1B,PARP11,PARP11,ENSG00000111224,7.091341018676758,28,596.0,0.08175582990397805
KLF1,HACL1,HACL1,ENSG00000131373,7.090697288513184,26,344.0,0.04718792866941015
GFI1B,EIF3F,EIF3F,ENSG00000175390,7.090531826019287,25,597.0,0.08189300411522633
GATA1,RGS16,RGS16,ENSG00000143333,7.090443134307861,27,242.0,0.033196159122085046
GFI1B,SIRT7,SIRT7,ENSG00000187531,7.090160846710205,27,598.0,0.08203017832647462
KLF1,SLC22A5,SLC22A5,ENSG00000197375,7.088369369506836,26,345.0,0.047325102880658436
KLF1,OSGEP,OSGEP,ENSG00000092094,7.088172912597656,26,346.0,0.04746227709190672
NFE2,IRF1,IRF1,ENSG00000125347,7.085036754608154,29,392.0,0.05377229080932785
NFE2,TACO1,TACO1,ENSG00000136463,7.084456443786621,25,393.0,0.053909465020576135
GFI1B,BRWD1,BRWD1,ENSG00000185658,7.084377288818359,28,599.0,0.0821673525377229
TAL1,ARFRP1,ARFRP1,ENSG00000101246,7.084306716918945,25,283.0,0.038820301783264746
NFE2,GYPB,GYPB,ENSG00000250361,7.0842108726501465,25,394.0,0.054046639231824414
GATA1,ANKRD49,ANKRD49,ENSG00000168876,7.08382511138916,25,243.0,0.03333333333333333
GFI1B,NHP2,NHP2,ENSG00000145912,7.083368301391602,30,600.0,0.0823045267489712
GFI1B,PSMA7,PSMA7,ENSG00000101182,7.082761764526367,25,601.0,0.08244170096021948
NFE2,AAK1,AAK1,ENSG00000115977,7.082121849060059,30,395.0,0.0541838134430727
KLF1,TMED2,TMED2,ENSG00000086598,7.080544948577881,25,347.0,0.04759945130315501
TAL1,FNTA,FNTA,ENSG00000168522,7.078221321105957,27,284.0,0.03895747599451303
GATA1,JUN,JUN,ENSG00000177606,7.077554225921631,27,244.0,0.03347050754458162
NFE2,ERC1,ERC1,ENSG00000082805,7.077199459075928,25,396.0,0.05432098765432099
NFE2,CCPG1,CCPG1,ENSG00000260916,7.077131748199463,27,397.0,0.054458161865569274
NFE2,ST3GAL2,ST3GAL2,ENSG00000157350,7.077127933502197,26,398.0,0.05459533607681756
GFI1B,NUP43,NUP43,ENSG00000120253,7.076808929443359,29,602.0,0.08257887517146777
GATA1,FAM3A,FAM3A,ENSG00000071889,7.076054096221924,25,245.0,0.033607681755829906
NFE2,RNF31,RNF31,ENSG00000092098,7.075830459594727,26,399.0,0.05473251028806585
GFI1B,CFLAR-AS1,CFLAR-AS1,ENSG00000226312,7.075494289398193,26,603.0,0.08271604938271605
GFI1B,SGTA,SGTA,ENSG00000104969,7.072805404663086,30,604.0,0.08285322359396434
KLF1,SF3A2,SF3A2,ENSG00000104897,7.0723395347595215,25,348.0,0.047736625514403296
GATA1,CCNG2,CCNG2,ENSG00000138764,7.070797920227051,26,246.0,0.03374485596707819
GATA1,SPG7,SPG7,ENSG00000197912,7.070649147033691,25,247.0,0.03388203017832647
NFE2,TFRC,TFRC,ENSG00000072274,7.070030689239502,29,400.0,0.05486968449931413
NFE2,FRY,FRY,ENSG00000073910,7.06912088394165,25,401.0,0.05500685871056241
NFE2,ACBD6,ACBD6,ENSG00000230124,7.068536758422852,31,402.0,0.0551440329218107
NFE2,ANKIB1,ANKIB1,ENSG00000001629,7.068361759185791,34,403.0,0.055281207133058986
GATA1,RNF40,RNF40,ENSG00000103549,7.065158843994141,28,248.0,0.03401920438957476
GATA1,ZNF264,ZNF264,ENSG00000083844,7.064026832580566,25,249.0,0.034156378600823045
NFE2,PHOSPHO1,PHOSPHO1,ENSG00000173868,7.064006805419922,28,404.0,0.05541838134430727
GFI1B,USP25,USP25,ENSG00000155313,7.063014030456543,25,605.0,0.08299039780521263
NFE2,ZMIZ1,ZMIZ1,ENSG00000108175,7.061972618103027,29,405.0,0.05555555555555555
GATA1,DNAJC5,DNAJC5,ENSG00000101152,7.061879634857178,25,250.0,0.03429355281207133
GFI1B,NUP210,NUP210,ENSG00000132182,7.06121826171875,27,606.0,0.0831275720164609
GFI1B,HCFC1R1,HCFC1R1,ENSG00000103145,7.0608391761779785,27,607.0,0.08326474622770919
NFE2,TSTD3,TSTD3,ENSG00000279170,7.059903144836426,26,406.0,0.05569272976680384
NFE2,TRIM15,TRIM15,ENSG00000204610,7.058963775634766,27,407.0,0.055829903978052126
GATA1,ACADS,ACADS,ENSG00000122971,7.058803081512451,25,251.0,0.03443072702331962
TAL1,TECPR2,TECPR2,ENSG00000196663,7.05809211730957,27,285.0,0.03909465020576132
NFE2,PICALM,PICALM,ENSG00000073921,7.057185649871826,27,408.0,0.05596707818930041
GFI1B,ZNF557,ZNF557,ENSG00000130544,7.055965423583984,25,608.0,0.08340192043895747
KLF1,AASDH,AASDH,ENSG00000157426,7.055599689483643,27,349.0,0.047873799725651575
TAL1,CDKN1A,CDKN1A,ENSG00000124762,7.053290843963623,25,286.0,0.0392318244170096
GFI1B,TBC1D5,TBC1D5,ENSG00000131374,7.053048133850098,27,609.0,0.08353909465020576
GFI1B,ZRANB2,ZRANB2,ENSG00000132485,7.052460193634033,25,610.0,0.08367626886145405
NFE2,ACKR1,ACKR1,ENSG00000213088,7.0519490242004395,27,409.0,0.0561042524005487
GFI1B,PUDP,PUDP,ENSG00000130021,7.051563262939453,27,611.0,0.08381344307270233
GFI1B,SYPL1,SYPL1,ENSG00000008282,7.051441669464111,25,612.0,0.08395061728395062
GFI1B,FAM24B,FAM24B,ENSG00000213185,7.049689769744873,25,613.0,0.0840877914951989
GFI1B,DAZAP1,DAZAP1,ENSG00000071626,7.048792839050293,26,614.0,0.08422496570644719
TAL1,FAM193B,FAM193B,ENSG00000146067,7.048513412475586,27,287.0,0.039368998628257885
GFI1B,CEBPZ,CEBPZ,ENSG00000115816,7.04811954498291,27,615.0,0.08436213991769548
NFE2,RNF114,RNF114,ENSG00000124226,7.045953273773193,25,410.0,0.056241426611796985
KLF1,ZNF621,ZNF621,ENSG00000172888,7.044477939605713,29,350.0,0.04801097393689986
NFE2,RRAGB,RRAGB,ENSG00000083750,7.042754173278809,27,411.0,0.056378600823045265
GFI1B,RPL12,RPL12,ENSG00000197958,7.0408406257629395,27,616.0,0.08449931412894376
GFI1B,RPS6KA3,RPS6KA3,ENSG00000177189,7.040553569793701,28,617.0,0.08463648834019204
KLF1,CHMP1B,CHMP1B,ENSG00000255112,7.039958477020264,26,351.0,0.04814814814814815
NFE2,AC069410.1,AC069410.1,ENSG00000285557,7.039834022521973,27,412.0,0.05651577503429355
GATA1,ZDHHC3,ZDHHC3,ENSG00000163812,7.039723873138428,25,252.0,0.0345679012345679
GATA1,BTG1,BTG1,ENSG00000133639,7.0396857261657715,25,253.0,0.034705075445816184
GFI1B,HIST1H3C,HIST1H3C,ENSG00000287080,7.039344310760498,25,618.0,0.08477366255144032
KLF1,PAIP2B,PAIP2B,ENSG00000124374,7.039216041564941,28,352.0,0.048285322359396435
TAL1,VPS37B,VPS37B,ENSG00000139722,7.038200855255127,25,288.0,0.03950617283950617
GFI1B,GPATCH11,GPATCH11,ENSG00000152133,7.038155555725098,25,619.0,0.08491083676268861
GATA1,SEC11C,SEC11C,ENSG00000166562,7.03809118270874,31,254.0,0.03484224965706447
GFI1B,SKIL,SKIL,ENSG00000136603,7.03769588470459,28,620.0,0.0850480109739369
KLF1,WDR18,WDR18,ENSG00000065268,7.037253379821777,28,353.0,0.04842249657064472
GFI1B,FMNL3,FMNL3,ENSG00000161791,7.034220218658447,25,621.0,0.08518518518518518
TAL1,LIG3,LIG3,ENSG00000005156,7.033535957336426,30,289.0,0.03964334705075446
NFE2,SNX19,SNX19,ENSG00000120451,7.033417224884033,25,413.0,0.05665294924554184
GFI1B,ALG5,ALG5,ENSG00000120697,7.033140659332275,31,622.0,0.08532235939643347
GFI1B,SUPT5H,SUPT5H,ENSG00000196235,7.033057689666748,30,623.0,0.08545953360768176
KLF1,AP000692.2,AP000692.2,ENSG00000273199,7.032454013824463,34,354.0,0.048559670781893
KLF1,NIPAL3,NIPAL3,ENSG00000001461,7.032008647918701,27,355.0,0.04869684499314129
KLF1,RPL36AL,RPL36AL,ENSG00000165502,7.029911041259766,26,356.0,0.048834019204389574
GFI1B,ILF2,ILF2,ENSG00000143621,7.029894828796387,30,624.0,0.08559670781893004
NFE2,AIFM1,AIFM1,ENSG00000156709,7.029295444488525,25,414.0,0.056790123456790124
KLF1,HIST3H2A,HIST3H2A,ENSG00000181218,7.028586387634277,25,357.0,0.04897119341563786
GATA1,APOC1,APOC1,ENSG00000130208,7.028555870056152,27,255.0,0.03497942386831276
GATA1,YIPF5,YIPF5,ENSG00000145817,7.0285162925720215,37,256.0,0.035116598079561044
NFE2,AL049779.4,AL049779.4,ENSG00000286861,7.0274882316589355,25,415.0,0.05692729766803841
GFI1B,TLK1,TLK1,ENSG00000198586,7.0262932777404785,26,625.0,0.08573388203017833
GATA1,DNAJB2,DNAJB2,ENSG00000135924,7.026249408721924,27,257.0,0.03525377229080933
NFE2,TADA3,TADA3,ENSG00000171148,7.0250420570373535,27,416.0,0.0570644718792867
GATA1,UBE2L6,UBE2L6,ENSG00000156587,7.024610996246338,26,258.0,0.03539094650205761
TAL1,XPNPEP1,XPNPEP1,ENSG00000108039,7.024278163909912,25,290.0,0.039780521262002745
TAL1,ANAPC1,ANAPC1,ENSG00000153107,7.023833274841309,29,291.0,0.03991769547325103
GFI1B,HBA1,HBA1,ENSG00000206172,7.023195266723633,25,626.0,0.08587105624142662
NFE2,AP000787.1,AP000787.1,ENSG00000245552,7.023115634918213,25,417.0,0.05720164609053498
TAL1,SUDS3,SUDS3,ENSG00000111707,7.022581100463867,31,292.0,0.04005486968449931
GATA1,CEBPB,CEBPB,ENSG00000172216,7.022245407104492,27,259.0,0.0355281207133059
KLF1,GPR137,GPR137,ENSG00000173264,7.020831108093262,27,358.0,0.04910836762688615
TAL1,SLC25A37,SLC25A37,ENSG00000147454,7.019753932952881,31,293.0,0.0401920438957476
NFE2,C1GALT1,C1GALT1,ENSG00000106392,7.019644737243652,29,418.0,0.057338820301783264
NFE2,FAM207A,FAM207A,ENSG00000160256,7.019582271575928,25,419.0,0.05747599451303155
NFE2,SLC35E2B,SLC35E2B,ENSG00000189339,7.0195770263671875,25,420.0,0.05761316872427984
GFI1B,TFAM,TFAM,ENSG00000108064,7.0193610191345215,30,627.0,0.0860082304526749
GATA1,MYH11,MYH11,ENSG00000133392,7.019259452819824,27,260.0,0.03566529492455418
GFI1B,KLHL7,KLHL7,ENSG00000122550,7.018925189971924,25,628.0,0.08614540466392319
GFI1B,SHCBP1,SHCBP1,ENSG00000171241,7.018919944763184,25,629.0,0.08628257887517146
TAL1,EIF3I,EIF3I,ENSG00000084623,7.018784999847412,29,294.0,0.040329218106995884
GFI1B,ELOC,ELOC,ENSG00000154582,7.018139839172363,25,630.0,0.08641975308641975
GFI1B,LIN9,LIN9,ENSG00000183814,7.017779350280762,27,631.0,0.08655692729766803
GATA1,NDUFA13,NDUFA13,ENSG00000186010,7.016178607940674,26,261.0,0.03580246913580247
TAL1,LIN52,LIN52,ENSG00000205659,7.014585971832275,27,295.0,0.04046639231824417
GFI1B,KIF18A,KIF18A,ENSG00000121621,7.014296531677246,26,632.0,0.08669410150891632
GFI1B,BABAM2,BABAM2,ENSG00000158019,7.013443470001221,27,633.0,0.08683127572016461
GFI1B,THAP5,THAP5,ENSG00000177683,7.012590408325195,29,634.0,0.0869684499314129
TAL1,YTHDC1,YTHDC1,ENSG00000083896,7.011726379394531,25,296.0,0.04060356652949246
GFI1B,PDS5A,PDS5A,ENSG00000121892,7.01080322265625,25,635.0,0.08710562414266118
GFI1B,ABHD18,ABHD18,ENSG00000164074,7.010618686676025,25,636.0,0.08724279835390947
NFE2,ARG2,ARG2,ENSG00000081181,7.009212017059326,32,421.0,0.05775034293552812
NFE2,AP3S1,AP3S1,ENSG00000177879,7.008095741271973,25,422.0,0.0578875171467764
NFE2,ASB1,ASB1,ENSG00000065802,7.007514953613281,28,423.0,0.05802469135802469
GATA1,UBC,UBC,ENSG00000150991,7.00706672668457,27,262.0,0.035939643347050756
TAL1,SENP2,SENP2,ENSG00000163904,7.007021903991699,25,297.0,0.040740740740740744
GFI1B,PTK2,PTK2,ENSG00000169398,7.006901264190674,25,637.0,0.08737997256515775
TAL1,LYPLAL1,LYPLAL1,ENSG00000143353,7.00607967376709,31,298.0,0.040877914951989024
NFE2,CUL4A,CUL4A,ENSG00000139842,7.005277156829834,26,424.0,0.058161865569272976
KLF1,AL035658.1,AL035658.1,ENSG00000232754,7.00322151184082,25,359.0,0.049245541838134434
GFI1B,HOOK3,HOOK3,ENSG00000168172,7.001967430114746,26,638.0,0.08751714677640604
KLF1,ASH1L,ASH1L,ENSG00000116539,7.001582145690918,28,360.0,0.04938271604938271
TAL1,SLC25A53,SLC25A53,ENSG00000269743,7.001011371612549,26,299.0,0.04101508916323731
KLF1,SF3B1,SF3B1,ENSG00000115524,7.000903606414795,29,361.0,0.049519890260631
TAL1,AL354733.3,AL354733.3,ENSG00000235298,6.998869895935059,29,300.0,0.0411522633744856
KLF1,LINC00513,LINC00513,ENSG00000233559,6.99843168258667,26,362.0,0.049657064471879286
GATA1,IMPA1,IMPA1,ENSG00000133731,6.998383522033691,29,263.0,0.03607681755829904
GFI1B,RNF38,RNF38,ENSG00000137075,6.99680757522583,28,639.0,0.08765432098765433
KLF1,ANKZF1,ANKZF1,ENSG00000163516,6.996670246124268,25,363.0,0.04979423868312757
GFI1B,FBXL17,FBXL17,ENSG00000145743,6.995973110198975,33,640.0,0.0877914951989026
GATA1,BET1L,BET1L,ENSG00000177951,6.995790958404541,26,264.0,0.03621399176954732
NFE2,ESR2,ESR2,ENSG00000140009,6.995739459991455,25,425.0,0.05829903978052126
GATA1,MAP1LC3A,MAP1LC3A,ENSG00000101460,6.995689868927002,28,265.0,0.03635116598079561
TAL1,ZNF451,ZNF451,ENSG00000112200,6.995267391204834,27,301.0,0.04128943758573388
GFI1B,CENPQ,CENPQ,ENSG00000031691,6.993619918823242,27,641.0,0.08792866941015089
GATA1,NAA16,NAA16,ENSG00000172766,6.992584228515625,26,266.0,0.036488340192043896
NFE2,ACTB,ACTB,ENSG00000075624,6.991872787475586,28,426.0,0.05843621399176955
GFI1B,CDK5RAP1,CDK5RAP1,ENSG00000101391,6.991654872894287,27,642.0,0.08806584362139917
KLF1,MKNK1,MKNK1,ENSG00000079277,6.991221904754639,25,364.0,0.04993141289437586
GFI1B,C2CD5,C2CD5,ENSG00000111731,6.991062164306641,26,643.0,0.08820301783264746
KLF1,TTPAL,TTPAL,ENSG00000124120,6.990850925445557,30,365.0,0.050068587105624146
NFE2,ZNHIT2,ZNHIT2,ENSG00000174276,6.990736961364746,29,427.0,0.058573388203017836
NFE2,AL139220.2,AL139220.2,ENSG00000230615,6.990550994873047,25,428.0,0.058710562414266115
GFI1B,NPAT,NPAT,ENSG00000149308,6.990126609802246,25,644.0,0.08834019204389575
TAL1,MACO1,MACO1,ENSG00000204178,6.989680767059326,28,302.0,0.04142661179698217
NFE2,EEF1G,EEF1G,ENSG00000254772,6.986258506774902,32,429.0,0.0588477366255144
GFI1B,SCO1,SCO1,ENSG00000133028,6.986198902130127,29,645.0,0.08847736625514403
TAL1,PSMD3,PSMD3,ENSG00000108344,6.9858198165893555,26,303.0,0.04156378600823045
GATA1,RBM48,RBM48,ENSG00000127993,6.984912872314453,30,267.0,0.03662551440329218
GFI1B,EEF1G,EEF1G,ENSG00000254772,6.984397888183594,32,646.0,0.08861454046639232
GFI1B,GPN3,GPN3,ENSG00000111231,6.98354434967041,25,647.0,0.0887517146776406
GATA1,GOLGA1,GOLGA1,ENSG00000136935,6.983107089996338,33,268.0,0.03676268861454047
NFE2,JAK1,JAK1,ENSG00000162434,6.982470512390137,26,430.0,0.05898491083676269
GFI1B,KNTC1,KNTC1,ENSG00000184445,6.982143878936768,26,648.0,0.08888888888888889
GFI1B,EIF3K,EIF3K,ENSG00000178982,6.982000827789307,29,649.0,0.08902606310013718
GFI1B,CCND2,CCND2,ENSG00000118971,6.981510162353516,26,650.0,0.08916323731138547
NFE2,GIGYF2,GIGYF2,ENSG00000204120,6.981173515319824,28,431.0,0.059122085048010975
TAL1,MFSD11,MFSD11,ENSG00000092931,6.981096267700195,27,304.0,0.041700960219478736
TAL1,NAPG,NAPG,ENSG00000134265,6.980688095092773,25,305.0,0.04183813443072702
GFI1B,MSH5,MSH5,ENSG00000204410,6.980623722076416,25,651.0,0.08930041152263374
KLF1,PRR14,PRR14,ENSG00000156858,6.98055362701416,28,366.0,0.050205761316872426
NFE2,MPHOSPH10,MPHOSPH10,ENSG00000124383,6.980547904968262,30,432.0,0.05925925925925926
NFE2,IRF9,IRF9,ENSG00000213928,6.979867458343506,28,433.0,0.05939643347050754
GFI1B,SMC1A,SMC1A,ENSG00000072501,6.979686260223389,25,652.0,0.08943758573388202
GFI1B,PAXBP1,PAXBP1,ENSG00000159086,6.979531288146973,25,653.0,0.08957475994513031
GATA1,TIMM10B,TIMM10B,ENSG00000132286,6.9782490730285645,31,269.0,0.03689986282578875
GATA1,NECAP1,NECAP1,ENSG00000089818,6.9782490730285645,25,270.0,0.037037037037037035
KLF1,TMPRSS11F,TMPRSS11F,ENSG00000198092,6.977899551391602,25,367.0,0.05034293552812071
NFE2,STARD3,STARD3,ENSG00000131748,6.976127624511719,27,434.0,0.05953360768175583
KLF1,EAF1,EAF1,ENSG00000144597,6.974852085113525,25,368.0,0.050480109739369
GATA1,CCDC150,CCDC150,ENSG00000144395,6.974625587463379,27,271.0,0.03717421124828532
KLF1,HS1BP3,HS1BP3,ENSG00000118960,6.974527359008789,29,369.0,0.050617283950617285
GFI1B,RNF144A,RNF144A,ENSG00000151692,6.973654747009277,26,654.0,0.0897119341563786
NFE2,ZNF346,ZNF346,ENSG00000113761,6.973437309265137,25,435.0,0.059670781893004114
NFE2,SOD1,SOD1,ENSG00000142168,6.972962379455566,26,436.0,0.0598079561042524
GATA1,ACIN1,ACIN1,ENSG00000100813,6.972591400146484,26,272.0,0.03731138545953361
GFI1B,ELOVL1,ELOVL1,ENSG00000066322,6.972424507141113,25,655.0,0.08984910836762688
KLF1,SCARF1,SCARF1,ENSG00000074660,6.972317695617676,25,370.0,0.05075445816186557
GFI1B,ZNF480,ZNF480,ENSG00000198464,6.971310138702393,25,656.0,0.08998628257887517
GFI1B,FBXO45,FBXO45,ENSG00000174013,6.971267223358154,25,657.0,0.09012345679012346
NFE2,PHC3,PHC3,ENSG00000173889,6.969973564147949,30,437.0,0.05994513031550069
NFE2,COX14,COX14,ENSG00000178449,6.968756675720215,26,438.0,0.060082304526748974
GFI1B,DERA,DERA,ENSG00000023697,6.968547821044922,27,658.0,0.09026063100137174
GATA1,SEMA7A,SEMA7A,ENSG00000138623,6.968398571014404,25,273.0,0.037448559670781895
GFI1B,LARP7,LARP7,ENSG00000174720,6.967281341552734,25,659.0,0.09039780521262003
GFI1B,MRPL51,MRPL51,ENSG00000111639,6.967223644256592,28,660.0,0.09053497942386832
GFI1B,CDT1,CDT1,ENSG00000167513,6.966875076293945,25,661.0,0.0906721536351166
GFI1B,RPS6,RPS6,ENSG00000137154,6.964462757110596,25,662.0,0.09080932784636489
TAL1,TEX2,TEX2,ENSG00000136478,6.962795734405518,25,306.0,0.04197530864197531
KLF1,SLC14A1,SLC14A1,ENSG00000141469,6.962515354156494,29,371.0,0.05089163237311385
NFE2,PDE4D,PDE4D,ENSG00000113448,6.9624857902526855,25,439.0,0.060219478737997253
GATA1,ZER1,ZER1,ENSG00000160445,6.961696624755859,26,274.0,0.03758573388203018
GFI1B,COX4I1,COX4I1,ENSG00000131143,6.961126327514648,30,663.0,0.09094650205761316
GFI1B,ATP5PO,ATP5PO,ENSG00000241837,6.960965156555176,30,664.0,0.09108367626886145
NFE2,ERG28,ERG28,ENSG00000133935,6.959510803222656,27,440.0,0.06035665294924554
TAL1,NCOA1,NCOA1,ENSG00000084676,6.95938777923584,25,307.0,0.042112482853223596
GFI1B,SCMH1,SCMH1,ENSG00000010803,6.958425998687744,26,665.0,0.09122085048010974
KLF1,HTT,HTT,ENSG00000197386,6.957055568695068,26,372.0,0.05102880658436214
GFI1B,TLE5,TLE5,ENSG00000104964,6.957043170928955,25,666.0,0.09135802469135802
NFE2,PSME1,PSME1,ENSG00000092010,6.956681728363037,30,441.0,0.06049382716049383
NFE2,TAPBP,TAPBP,ENSG00000231925,6.955440044403076,25,442.0,0.06063100137174211
GFI1B,IMMP1L,IMMP1L,ENSG00000148950,6.952611446380615,27,667.0,0.09149519890260631
GFI1B,AZI2,AZI2,ENSG00000163512,6.9491705894470215,25,668.0,0.0916323731138546
TAL1,ASNSD1,ASNSD1,ENSG00000138381,6.947373390197754,25,308.0,0.04224965706447188
KLF1,PES1,PES1,ENSG00000100029,6.946723937988281,27,373.0,0.051165980795610425
TAL1,KLHL21,KLHL21,ENSG00000162413,6.945180416107178,27,309.0,0.04238683127572016
GATA1,KLHL2,KLHL2,ENSG00000109466,6.945004940032959,26,275.0,0.03772290809327846
GATA1,CREBRF,CREBRF,ENSG00000164463,6.944103240966797,25,276.0,0.03786008230452675
TAL1,RTL8A,RTL8A,ENSG00000203950,6.942376613616943,25,310.0,0.04252400548696845
GFI1B,EEF1B2,EEF1B2,ENSG00000114942,6.9422454833984375,31,669.0,0.09176954732510288
GFI1B,POM121,POM121,ENSG00000196313,6.9409098625183105,25,670.0,0.09190672153635117
KLF1,GOLGA5,GOLGA5,ENSG00000066455,6.939720153808594,25,374.0,0.05130315500685871
NFE2,SLFN14,SLFN14,ENSG00000236320,6.939379692077637,26,443.0,0.0607681755829904
GFI1B,LMO2,LMO2,ENSG00000135363,6.938859462738037,25,671.0,0.09204389574759946
KLF1,CINP,CINP,ENSG00000100865,6.937256336212158,25,375.0,0.051440329218107
NFE2,FRMD4A,FRMD4A,ENSG00000151474,6.937073230743408,25,444.0,0.060905349794238686
GFI1B,RGS9,RGS9,ENSG00000108370,6.93534517288208,25,672.0,0.09218106995884774
GFI1B,AAMDC,AAMDC,ENSG00000087884,6.934666156768799,25,673.0,0.09231824417009603
GFI1B,SET,SET,ENSG00000119335,6.934508800506592,25,674.0,0.0924554183813443
KLF1,SIAH2-AS1,SIAH2-AS1,ENSG00000244265,6.934398651123047,25,376.0,0.051577503429355284
NFE2,MTX2,MTX2,ENSG00000128654,6.934116840362549,29,445.0,0.061042524005486966
GATA1,TMEM167B,TMEM167B,ENSG00000215717,6.933293342590332,32,277.0,0.037997256515775034
GFI1B,USP5,USP5,ENSG00000111667,6.933112144470215,25,675.0,0.09259259259259259
NFE2,PWP1,PWP1,ENSG00000136045,6.933073043823242,34,446.0,0.06117969821673525
GFI1B,BTAF1,BTAF1,ENSG00000095564,6.9330291748046875,28,676.0,0.09272976680384087
KLF1,HERPUD1,HERPUD1,ENSG00000051108,6.9322381019592285,25,377.0,0.051714677640603564
GFI1B,LATS2,LATS2,ENSG00000150457,6.932032108306885,28,677.0,0.09286694101508916
NFE2,ZNF777,ZNF777,ENSG00000196453,6.931867599487305,25,447.0,0.06131687242798354
KLF1,CFAP20,CFAP20,ENSG00000070761,6.931770324707031,27,378.0,0.05185185185185185
GFI1B,MIS12,MIS12,ENSG00000167842,6.929562568664551,29,678.0,0.09300411522633745
KLF1,GPR108,GPR108,ENSG00000125734,6.929258346557617,30,379.0,0.05198902606310014
KLF1,ATG9A,ATG9A,ENSG00000198925,6.929112434387207,25,380.0,0.05212620027434842
TAL1,KDM7A-DT,KDM7A-DT,ENSG00000260231,6.9275593757629395,28,311.0,0.042661179698216735
GATA1,RPS9,RPS9,ENSG00000170889,6.926654815673828,27,278.0,0.03813443072702332
GFI1B,BAP1,BAP1,ENSG00000163930,6.926290512084961,25,679.0,0.09314128943758573
GATA1,CEP250,CEP250,ENSG00000126001,6.925449371337891,27,279.0,0.03827160493827161
NFE2,RALA,RALA,ENSG00000006451,6.924718856811523,26,448.0,0.061454046639231825
NFE2,HMBS,HMBS,ENSG00000256269,6.92449426651001,26,449.0,0.06159122085048011
GFI1B,TRIR,TRIR,ENSG00000123144,6.922388076782227,27,680.0,0.09327846364883402
GFI1B,SNRNP25,SNRNP25,ENSG00000161981,6.921938419342041,26,681.0,0.0934156378600823
GATA1,NDUFB8,NDUFB8,ENSG00000166136,6.921171188354492,25,280.0,0.038408779149519894
NFE2,WDR1,WDR1,ENSG00000071127,6.920308589935303,26,450.0,0.06172839506172839
GFI1B,NUP35,NUP35,ENSG00000163002,6.919355869293213,31,682.0,0.0935528120713306
GFI1B,RAP1A,RAP1A,ENSG00000116473,6.919335842132568,25,683.0,0.09368998628257888
GFI1B,MRPL32,MRPL32,ENSG00000106591,6.919039249420166,32,684.0,0.09382716049382717
GFI1B,RAP1B,RAP1B,ENSG00000127314,6.918947696685791,25,685.0,0.09396433470507544
GFI1B,NME2,NME2,ENSG00000243678,6.9187846183776855,26,686.0,0.09410150891632373
GFI1B,RRNAD1,RRNAD1,ENSG00000143303,6.918137073516846,25,687.0,0.09423868312757201
GFI1B,POLE3,POLE3,ENSG00000148229,6.917927265167236,30,688.0,0.0943758573388203
NFE2,TMEM167B,TMEM167B,ENSG00000215717,6.917903900146484,32,451.0,0.06186556927297668
GFI1B,TMEM98,TMEM98,ENSG00000006042,6.917135715484619,29,689.0,0.09451303155006859
KLF1,RIPK2,RIPK2,ENSG00000104312,6.915121555328369,26,381.0,0.05226337448559671
NFE2,STK11,STK11,ENSG00000118046,6.914096832275391,25,452.0,0.062002743484224965
KLF1,SLC38A10,SLC38A10,ENSG00000157637,6.91379451751709,25,382.0,0.052400548696845
NFE2,SLC35B1,SLC35B1,ENSG00000121073,6.9128737449646,25,453.0,0.06213991769547325
TAL1,RANBP10,RANBP10,ENSG00000141084,6.912480354309082,31,312.0,0.04279835390946502
GATA1,UBE2A,UBE2A,ENSG00000077721,6.912024021148682,25,281.0,0.03854595336076817
GFI1B,ESCO2,ESCO2,ENSG00000171320,6.911836624145508,25,690.0,0.09465020576131687
GATA1,PRPF18,PRPF18,ENSG00000165630,6.9094672203063965,25,282.0,0.03868312757201646
GATA1,CDC42SE1,CDC42SE1,ENSG00000197622,6.908727169036865,25,283.0,0.038820301783264746
KLF1,HIST1H4D,HIST1H4D,ENSG00000277157,6.906747817993164,25,383.0,0.052537722908093276
GFI1B,TPR,TPR,ENSG00000047410,6.906618118286133,29,691.0,0.09478737997256516
NFE2,CANT1,CANT1,ENSG00000171302,6.90651798248291,28,454.0,0.06227709190672154
GFI1B,DTWD1,DTWD1,ENSG00000104047,6.9050822257995605,28,692.0,0.09492455418381344
NFE2,C14orf93,C14orf93,ENSG00000100802,6.904976844787598,29,455.0,0.062414266117969824
TAL1,NUMBL,NUMBL,ENSG00000105245,6.90477991104126,25,313.0,0.04293552812071331
NFE2,ZBTB44,ZBTB44,ENSG00000196323,6.903634071350098,25,456.0,0.06255144032921811
GFI1B,PGLS,PGLS,ENSG00000130313,6.903542518615723,26,693.0,0.09506172839506173
NFE2,BEST1,BEST1,ENSG00000167995,6.903163909912109,27,457.0,0.0626886145404664
GFI1B,SLC25A40,SLC25A40,ENSG00000075303,6.902118682861328,26,694.0,0.09519890260631002
NFE2,ACTR10,ACTR10,ENSG00000131966,6.901320934295654,27,458.0,0.06282578875171468
NFE2,SMIM5,SMIM5,ENSG00000204323,6.90122652053833,29,459.0,0.06296296296296296
KLF1,HADHB,HADHB,ENSG00000138029,6.897647857666016,25,384.0,0.05267489711934156
GFI1B,XRCC1,XRCC1,ENSG00000073050,6.8968729972839355,25,695.0,0.0953360768175583
NFE2,GET1,GET1,ENSG00000182093,6.8957390785217285,27,460.0,0.06310013717421124
GATA1,TMEM179B,TMEM179B,ENSG00000185475,6.895397186279297,26,284.0,0.03895747599451303
NFE2,PRDX4,PRDX4,ENSG00000123131,6.8949875831604,25,461.0,0.06323731138545953
TAL1,KDM3A,KDM3A,ENSG00000115548,6.893261909484863,25,314.0,0.043072702331961595
KLF1,USPL1,USPL1,ENSG00000132952,6.893216609954834,28,385.0,0.05281207133058985
GFI1B,DOCK7,DOCK7,ENSG00000116641,6.891718864440918,25,696.0,0.09547325102880659
GFI1B,HNRNPUL2,HNRNPUL2,ENSG00000214753,6.891454696655273,25,697.0,0.09561042524005486
GATA1,RAB30-DT,RAB30-DT,ENSG00000246067,6.890782833099365,31,285.0,0.03909465020576132
TAL1,SMIM29,SMIM29,ENSG00000186577,6.890445232391357,29,315.0,0.043209876543209874
NFE2,AC114760.2,AC114760.2,ENSG00000272211,6.890161991119385,25,462.0,0.06337448559670782
GATA1,HMGA2,HMGA2,ENSG00000149948,6.889754295349121,25,286.0,0.0392318244170096
KLF1,ANKRD13A,ANKRD13A,ENSG00000076513,6.888998985290527,25,386.0,0.052949245541838136
GFI1B,ACTR1A,ACTR1A,ENSG00000138107,6.8880767822265625,27,698.0,0.09574759945130315
GATA1,CCDC59,CCDC59,ENSG00000133773,6.887846946716309,27,287.0,0.039368998628257885
GATA1,MRPL13,MRPL13,ENSG00000172172,6.887309551239014,28,288.0,0.03950617283950617
GFI1B,BIRC6,BIRC6,ENSG00000115760,6.88663387298584,26,699.0,0.09588477366255144
GFI1B,CPT1A,CPT1A,ENSG00000110090,6.886562824249268,27,700.0,0.09602194787379972
NFE2,ATP6AP1,ATP6AP1,ENSG00000071553,6.885679721832275,33,463.0,0.0635116598079561
NFE2,DIMT1,DIMT1,ENSG00000086189,6.885318279266357,25,464.0,0.06364883401920439
NFE2,LRRC37B,LRRC37B,ENSG00000185158,6.885074615478516,27,465.0,0.06378600823045268
TAL1,FAM214B,FAM214B,ENSG00000005238,6.885024547576904,35,316.0,0.04334705075445816
KLF1,ATN1,ATN1,ENSG00000111676,6.884854316711426,27,387.0,0.05308641975308642
GFI1B,DPM2,DPM2,ENSG00000136908,6.883996963500977,31,701.0,0.09615912208504801
GFI1B,BBS4,BBS4,ENSG00000140463,6.883303165435791,25,702.0,0.0962962962962963
GFI1B,COMMD5,COMMD5,ENSG00000170619,6.882773399353027,27,703.0,0.09643347050754458
GATA1,TMEM50A,TMEM50A,ENSG00000183726,6.882452964782715,25,289.0,0.03964334705075446
KLF1,KIAA1522,KIAA1522,ENSG00000162522,6.8820366859436035,27,388.0,0.0532235939643347
GATA1,RUVBL2,RUVBL2,ENSG00000183207,6.881213665008545,31,290.0,0.039780521262002745
GATA1,NDUFB5,NDUFB5,ENSG00000136521,6.881075382232666,26,291.0,0.03991769547325103
TAL1,AC021660.4,AC021660.4,ENSG00000286602,6.880922794342041,25,317.0,0.04348422496570645
GFI1B,FOXRED1,FOXRED1,ENSG00000110074,6.880248069763184,25,704.0,0.09657064471879287
GATA1,KDM7A,KDM7A,ENSG00000006459,6.879127502441406,26,292.0,0.04005486968449931
GFI1B,SSR2,SSR2,ENSG00000163479,6.877758026123047,25,705.0,0.09670781893004116
TAL1,ODR4,ODR4,ENSG00000157181,6.877456188201904,25,318.0,0.043621399176954734
GFI1B,RBBP8,RBBP8,ENSG00000101773,6.876254081726074,27,706.0,0.09684499314128944
NFE2,ROMO1,ROMO1,ENSG00000125995,6.875301837921143,25,466.0,0.06392318244170096
NFE2,GET3,GET3,ENSG00000198356,6.874843597412109,26,467.0,0.06406035665294925
GFI1B,CZIB,CZIB,ENSG00000162384,6.872907638549805,26,707.0,0.09698216735253773
GFI1B,DNAJB11,DNAJB11,ENSG00000090520,6.872175693511963,25,708.0,0.097119341563786
NFE2,HEXA,HEXA,ENSG00000213614,6.870903968811035,25,468.0,0.06419753086419754
KLF1,GTPBP6,GTPBP6,ENSG00000178605,6.868056297302246,26,389.0,0.05336076817558299
KLF1,SON,SON,ENSG00000159140,6.867908477783203,27,390.0,0.053497942386831275
GATA1,RBMX2,RBMX2,ENSG00000134597,6.867706775665283,27,293.0,0.0401920438957476
GFI1B,FTL,FTL,ENSG00000087086,6.86729097366333,28,709.0,0.09725651577503429
GFI1B,COG4,COG4,ENSG00000103051,6.866947650909424,28,710.0,0.09739368998628258
KLF1,IKBKG,IKBKG,ENSG00000269335,6.866680145263672,27,391.0,0.05363511659807956
GFI1B,CCDC25,CCDC25,ENSG00000147419,6.866425037384033,25,711.0,0.09753086419753086
NFE2,CCDC85B,CCDC85B,ENSG00000175602,6.866018772125244,28,469.0,0.06433470507544582
GFI1B,PPP4R1,PPP4R1,ENSG00000154845,6.8656182289123535,25,712.0,0.09766803840877915
GATA1,TRNAU1AP,TRNAU1AP,ENSG00000180098,6.865565299987793,25,294.0,0.040329218106995884
GFI1B,HSP90AA1,HSP90AA1,ENSG00000080824,6.865536689758301,35,713.0,0.09780521262002743
GFI1B,SAC3D1,SAC3D1,ENSG00000168061,6.8637375831604,28,714.0,0.09794238683127572
KLF1,ATP6AP1,ATP6AP1,ENSG00000071553,6.863527297973633,33,392.0,0.05377229080932785
NFE2,PDLIM7,PDLIM7,ENSG00000196923,6.863492488861084,30,470.0,0.0644718792866941
NFE2,HIST2H2BE,HIST2H2BE,ENSG00000184678,6.863263130187988,26,471.0,0.06460905349794238
TAL1,PDPK1,PDPK1,ENSG00000140992,6.86318826675415,25,319.0,0.04375857338820302
KLF1,ASPSCR1,ASPSCR1,ENSG00000169696,6.8629469871521,26,393.0,0.053909465020576135
GFI1B,MED20,MED20,ENSG00000124641,6.862328052520752,27,715.0,0.09807956104252401
NFE2,TNK2,TNK2,ENSG00000061938,6.86067008972168,29,472.0,0.06474622770919067
KLF1,STUB1,STUB1,ENSG00000103266,6.859485626220703,25,394.0,0.054046639231824414
NFE2,EEF1D,EEF1D,ENSG00000104529,6.858941555023193,32,473.0,0.06488340192043895
TAL1,SLC22A23,SLC22A23,ENSG00000137266,6.8585076332092285,26,320.0,0.0438957475994513
NFE2,GSKIP,GSKIP,ENSG00000100744,6.858226299285889,26,474.0,0.06502057613168724
GFI1B,DBF4B,DBF4B,ENSG00000161692,6.857609748840332,25,716.0,0.0982167352537723
GATA1,POLR2K,POLR2K,ENSG00000147669,6.857088565826416,27,295.0,0.04046639231824417
GFI1B,TMEM128,TMEM128,ENSG00000132406,6.856538772583008,25,717.0,0.09835390946502058
GATA1,ZFAS1,ZFAS1,ENSG00000177410,6.8564043045043945,25,296.0,0.04060356652949246
KLF1,XRCC6,XRCC6,ENSG00000196419,6.8557329177856445,34,395.0,0.0541838134430727
GFI1B,TWSG1,TWSG1,ENSG00000128791,6.855698585510254,25,718.0,0.09849108367626887
NFE2,ANKRD52,ANKRD52,ENSG00000139645,6.855576515197754,28,475.0,0.06515775034293553
TAL1,PSMD10,PSMD10,ENSG00000101843,6.855050563812256,27,321.0,0.044032921810699586
GATA1,MCRS1,MCRS1,ENSG00000187778,6.854255676269531,26,297.0,0.040740740740740744
NFE2,PCBP1,PCBP1,ENSG00000169564,6.854112148284912,35,476.0,0.06529492455418381
NFE2,MYCBP,MYCBP,ENSG00000214114,6.853575229644775,32,477.0,0.0654320987654321
GATA1,SLC38A9,SLC38A9,ENSG00000177058,6.853360652923584,25,298.0,0.040877914951989024
GFI1B,CDADC1,CDADC1,ENSG00000102543,6.853177547454834,25,719.0,0.09862825788751714
GFI1B,MTR,MTR,ENSG00000116984,6.852986812591553,25,720.0,0.09876543209876543
NFE2,PLEKHM2,PLEKHM2,ENSG00000116786,6.852965354919434,25,478.0,0.06556927297668039
GFI1B,PTAR1,PTAR1,ENSG00000188647,6.852805137634277,25,721.0,0.09890260631001371
KLF1,LINC01376,LINC01376,ENSG00000236204,6.852748394012451,25,396.0,0.05432098765432099
GATA1,PURA,PURA,ENSG00000185129,6.852661609649658,25,299.0,0.04101508916323731
NFE2,HNRNPK,HNRNPK,ENSG00000165119,6.851870059967041,25,479.0,0.06570644718792867
NFE2,GCNT2,GCNT2,ENSG00000111846,6.851174831390381,27,480.0,0.06584362139917696
GFI1B,TNPO3,TNPO3,ENSG00000064419,6.850959300994873,25,722.0,0.099039780521262
NFE2,ZC3HC1,ZC3HC1,ENSG00000091732,6.850650787353516,27,481.0,0.06598079561042525
NFE2,C18orf21,C18orf21,ENSG00000141428,6.850418567657471,29,482.0,0.06611796982167352
GATA1,CDV3,CDV3,ENSG00000091527,6.850152969360352,34,300.0,0.0411522633744856
GFI1B,TTC28-AS1,TTC28-AS1,ENSG00000235954,6.8497724533081055,25,723.0,0.09917695473251029
GATA1,TMEM158,TMEM158,ENSG00000249992,6.848278045654297,33,301.0,0.04128943758573388
GATA1,MBTD1,MBTD1,ENSG00000011258,6.846792221069336,25,302.0,0.04142661179698217
KLF1,PPM1K,PPM1K,ENSG00000163644,6.846482753753662,25,397.0,0.054458161865569274
GATA1,COX5B,COX5B,ENSG00000135940,6.84600830078125,25,303.0,0.04156378600823045
GFI1B,PRIM2,PRIM2,ENSG00000146143,6.844814300537109,27,724.0,0.09931412894375857
NFE2,CUTA,CUTA,ENSG00000112514,6.844699859619141,25,483.0,0.0662551440329218
GFI1B,DHX30,DHX30,ENSG00000132153,6.844173431396484,27,725.0,0.09945130315500686
GFI1B,AAR2,AAR2,ENSG00000131043,6.8432207107543945,25,726.0,0.09958847736625515
GFI1B,CLASP2,CLASP2,ENSG00000163539,6.842226028442383,26,727.0,0.09972565157750343
NFE2,ICK,ICK,ENSG00000112144,6.84182596206665,25,484.0,0.06639231824417009
GFI1B,PHTF1,PHTF1,ENSG00000116793,6.840143203735352,25,728.0,0.09986282578875172
TAL1,PAIP2,PAIP2,ENSG00000120727,6.839865207672119,27,322.0,0.04417009602194787
TAL1,AC010642.2,AC010642.2,ENSG00000283103,6.839157581329346,25,323.0,0.04430727023319616
KLF1,ADPRHL2,ADPRHL2,ENSG00000116863,6.83855676651001,30,398.0,0.05459533607681756
NFE2,BORCS7,BORCS7,ENSG00000166275,6.838362216949463,25,485.0,0.06652949245541838
KLF1,SLC25A12,SLC25A12,ENSG00000115840,6.838037014007568,25,399.0,0.05473251028806585
GFI1B,NUF2,NUF2,ENSG00000143228,6.837331295013428,34,729.0,0.1
NFE2,TBC1D10B,TBC1D10B,ENSG00000169221,6.837214946746826,27,486.0,0.06666666666666667
TAL1,DNAJB4,DNAJB4,ENSG00000162616,6.836610317230225,28,324.0,0.044444444444444446
TAL1,COPS2,COPS2,ENSG00000166200,6.8361496925354,26,325.0,0.04458161865569273
NFE2,IGF2R,IGF2R,ENSG00000197081,6.836061477661133,26,487.0,0.06680384087791495
TAL1,ZNF800,ZNF800,ENSG00000048405,6.835832118988037,28,326.0,0.04471879286694101
KLF1,ELL,ELL,ENSG00000105656,6.835355758666992,31,400.0,0.05486968449931413
KLF1,YPEL4,YPEL4,ENSG00000166793,6.832063674926758,29,401.0,0.05500685871056241
TAL1,MRPL46,MRPL46,ENSG00000259494,6.831061363220215,27,327.0,0.0448559670781893
NFE2,TMEM165,TMEM165,ENSG00000134851,6.8291401863098145,32,488.0,0.06694101508916324
NFE2,DPM2,DPM2,ENSG00000136908,6.829015254974365,31,489.0,0.06707818930041153
KLF1,HSD17B12,HSD17B12,ENSG00000149084,6.825319290161133,27,402.0,0.0551440329218107
TAL1,MFSD12,MFSD12,ENSG00000161091,6.823868274688721,29,328.0,0.044993141289437585
TAL1,PRR5,PRR5,ENSG00000186654,6.823769569396973,26,329.0,0.04513031550068587
NFE2,AC011939.2,AC011939.2,ENSG00000261544,6.822449207305908,25,490.0,0.06721536351165981
TAL1,CBLB,CBLB,ENSG00000114423,6.822182655334473,30,330.0,0.04526748971193416
NFE2,PURB,PURB,ENSG00000146676,6.820744514465332,27,491.0,0.0673525377229081
NFE2,KDM6A,KDM6A,ENSG00000147050,6.820520401000977,25,492.0,0.06748971193415639
KLF1,MAML1,MAML1,ENSG00000161021,6.820242404937744,25,403.0,0.055281207133058986
TAL1,YRDC,YRDC,ENSG00000196449,6.819766998291016,26,331.0,0.045404663923182445
KLF1,PPP4R2,PPP4R2,ENSG00000163605,6.8180832862854,31,404.0,0.05541838134430727
KLF1,RNF7,RNF7,ENSG00000114125,6.817975997924805,25,405.0,0.05555555555555555
TAL1,UBQLN1,UBQLN1,ENSG00000135018,6.817584037780762,25,332.0,0.045541838134430725
KLF1,FUCA1,FUCA1,ENSG00000179163,6.815018177032471,25,406.0,0.05569272976680384
KLF1,TRMT112,TRMT112,ENSG00000173113,6.814871788024902,29,407.0,0.055829903978052126
TAL1,ZNF581,ZNF581,ENSG00000171425,6.814540386199951,25,333.0,0.04567901234567901
KLF1,HPS3,HPS3,ENSG00000163755,6.812526226043701,25,408.0,0.05596707818930041
GATA1,APOO,APOO,ENSG00000184831,6.812434673309326,28,304.0,0.041700960219478736
NFE2,HELZ,HELZ,ENSG00000198265,6.812333106994629,28,493.0,0.06762688614540466
TAL1,ZNF507,ZNF507,ENSG00000168813,6.810715675354004,26,334.0,0.0458161865569273
KLF1,TRAPPC8,TRAPPC8,ENSG00000153339,6.8106255531311035,28,409.0,0.0561042524005487
TAL1,TRIM25,TRIM25,ENSG00000121060,6.8103742599487305,25,335.0,0.045953360768175584
NFE2,TRAPPC3,TRAPPC3,ENSG00000054116,6.809402942657471,31,494.0,0.06776406035665294
KLF1,ECSIT,ECSIT,ENSG00000130159,6.808419704437256,27,410.0,0.056241426611796985
NFE2,AMPD3,AMPD3,ENSG00000133805,6.806500434875488,27,495.0,0.06790123456790123
GATA1,BABAM2,BABAM2,ENSG00000158019,6.804903984069824,27,305.0,0.04183813443072702
NFE2,CEP170,CEP170,ENSG00000143702,6.804645538330078,25,496.0,0.06803840877914952
GATA1,LTO1,LTO1,ENSG00000149716,6.803264617919922,26,306.0,0.04197530864197531
NFE2,MORC3,MORC3,ENSG00000159256,6.801469326019287,27,497.0,0.0681755829903978
NFE2,GPKOW,GPKOW,ENSG00000068394,6.80018424987793,26,498.0,0.06831275720164609
NFE2,GMEB1,GMEB1,ENSG00000162419,6.799860954284668,25,499.0,0.06844993141289438
NFE2,APOL3,APOL3,ENSG00000128284,6.798611640930176,26,500.0,0.06858710562414266
KLF1,C12orf10,C12orf10,ENSG00000139637,6.797478675842285,26,411.0,0.056378600823045265
GATA1,CLCN7,CLCN7,ENSG00000103249,6.796468734741211,25,307.0,0.042112482853223596
NFE2,CDH1,CDH1,ENSG00000039068,6.7961812019348145,29,501.0,0.06872427983539095
NFE2,TRPM7,TRPM7,ENSG00000092439,6.7956156730651855,28,502.0,0.06886145404663924
TAL1,STAM2,STAM2,ENSG00000115145,6.795226097106934,27,336.0,0.04609053497942387
NFE2,LZTFL1,LZTFL1,ENSG00000163818,6.793972015380859,25,503.0,0.06899862825788752
NFE2,PGM2L1,PGM2L1,ENSG00000165434,6.7937235832214355,27,504.0,0.0691358024691358
KLF1,FXR2,FXR2,ENSG00000129245,6.793242454528809,25,412.0,0.05651577503429355
KLF1,ZNRD1,ZNRD1,ENSG00000066379,6.7929792404174805,25,413.0,0.05665294924554184
TAL1,SPRED2,SPRED2,ENSG00000198369,6.792143821716309,27,337.0,0.04622770919067215
KLF1,PDXK,PDXK,ENSG00000160209,6.79027795791626,27,414.0,0.056790123456790124
NFE2,TANK,TANK,ENSG00000136560,6.789843559265137,28,505.0,0.06927297668038408
GATA1,PRKCA,PRKCA,ENSG00000154229,6.7891740798950195,26,308.0,0.04224965706447188
GATA1,ADRM1,ADRM1,ENSG00000130706,6.788947582244873,26,309.0,0.04238683127572016
KLF1,AC007780.1,AC007780.1,ENSG00000267009,6.788528919219971,28,415.0,0.05692729766803841
GATA1,MARK2,MARK2,ENSG00000072518,6.788053035736084,25,310.0,0.04252400548696845
NFE2,DNAJA3,DNAJA3,ENSG00000103423,6.787482738494873,27,506.0,0.06941015089163237
TAL1,LSG1,LSG1,ENSG00000041802,6.786608695983887,25,338.0,0.04636488340192044
KLF1,NUDT2,NUDT2,ENSG00000164978,6.786443710327148,26,416.0,0.0570644718792867
KLF1,AGAP9,AGAP9,ENSG00000204172,6.786103248596191,25,417.0,0.05720164609053498
TAL1,PCF11,PCF11,ENSG00000165494,6.785581588745117,25,339.0,0.046502057613168724
NFE2,MLEC,MLEC,ENSG00000110917,6.782347202301025,26,507.0,0.06954732510288066
GATA1,PPP1R35,PPP1R35,ENSG00000160813,6.781824588775635,26,311.0,0.042661179698216735
KLF1,KIZ,KIZ,ENSG00000088970,6.778741359710693,28,418.0,0.057338820301783264
NFE2,SOX6,SOX6,ENSG00000110693,6.7774977684021,27,508.0,0.06968449931412894
GATA1,JRK,JRK,ENSG00000234616,6.777102947235107,25,312.0,0.04279835390946502
TAL1,NFU1,NFU1,ENSG00000169599,6.7770490646362305,28,340.0,0.04663923182441701
KLF1,DYNLRB1,DYNLRB1,ENSG00000125971,6.777037143707275,25,419.0,0.05747599451303155
GATA1,RANBP3,RANBP3,ENSG00000031823,6.776270866394043,28,313.0,0.04293552812071331
GATA1,SEC22C,SEC22C,ENSG00000093183,6.776156425476074,25,314.0,0.043072702331961595
TAL1,FXR1,FXR1,ENSG00000114416,6.775934219360352,25,341.0,0.0467764060356653
TAL1,AC005480.1,AC005480.1,ENSG00000258891,6.77568244934082,25,342.0,0.04691358024691358
GATA1,PRDX3,PRDX3,ENSG00000165672,6.775393486022949,30,315.0,0.043209876543209874
TAL1,FXN,FXN,ENSG00000165060,6.7743659019470215,25,343.0,0.04705075445816186
NFE2,HADHA,HADHA,ENSG00000084754,6.773865222930908,26,509.0,0.06982167352537723
KLF1,CPNE1,CPNE1,ENSG00000214078,6.772988796234131,25,420.0,0.05761316872427984
TAL1,BCAS3,BCAS3,ENSG00000141376,6.771942615509033,29,344.0,0.04718792866941015
TAL1,ZFPL1,ZFPL1,ENSG00000162300,6.771892070770264,27,345.0,0.047325102880658436
NFE2,HBD,HBD,ENSG00000223609,6.77121114730835,29,510.0,0.06995884773662552
GATA1,EXOSC3,EXOSC3,ENSG00000107371,6.7710771560668945,27,316.0,0.04334705075445816
NFE2,ERAL1,ERAL1,ENSG00000132591,6.770863056182861,27,511.0,0.0700960219478738
GATA1,SAMM50,SAMM50,ENSG00000100347,6.770716190338135,26,317.0,0.04348422496570645
NFE2,MRPS12,MRPS12,ENSG00000128626,6.770320892333984,25,512.0,0.07023319615912209
TAL1,SRA1,SRA1,ENSG00000213523,6.769744396209717,32,346.0,0.04746227709190672
GATA1,TOB2,TOB2,ENSG00000183864,6.768597602844238,32,318.0,0.043621399176954734
NFE2,ILF3-DT,ILF3-DT,ENSG00000267100,6.76761531829834,27,513.0,0.07037037037037037
KLF1,DPP8,DPP8,ENSG00000074603,6.765844345092773,25,421.0,0.05775034293552812
NFE2,CPEB3,CPEB3,ENSG00000107864,6.764580726623535,25,514.0,0.07050754458161866
KLF1,AC018797.3,AC018797.3,ENSG00000286242,6.763627052307129,31,422.0,0.0578875171467764
NFE2,CSTB,CSTB,ENSG00000160213,6.762622833251953,25,515.0,0.07064471879286695
KLF1,MAP3K20-AS1,MAP3K20-AS1,ENSG00000238133,6.7623610496521,27,423.0,0.05802469135802469
NFE2,AC017002.5,AC017002.5,ENSG00000280878,6.761014461517334,27,516.0,0.07078189300411522
KLF1,DVL2,DVL2,ENSG00000004975,6.760744094848633,25,424.0,0.058161865569272976
GATA1,RBM42,RBM42,ENSG00000126254,6.75985860824585,25,319.0,0.04375857338820302
TAL1,UBFD1,UBFD1,ENSG00000103353,6.759684085845947,27,347.0,0.04759945130315501
TAL1,ATP6V1H,ATP6V1H,ENSG00000047249,6.7588043212890625,26,348.0,0.047736625514403296
KLF1,FLCN,FLCN,ENSG00000154803,6.758715629577637,25,425.0,0.05829903978052126
GATA1,C5orf22,C5orf22,ENSG00000082213,6.757437229156494,25,320.0,0.0438957475994513
NFE2,GTF2IRD2B,GTF2IRD2B,ENSG00000174428,6.7566070556640625,27,517.0,0.07091906721536351
TAL1,ZFAND4,ZFAND4,ENSG00000172671,6.754856586456299,32,349.0,0.047873799725651575
KLF1,SERPINB1,SERPINB1,ENSG00000021355,6.754838943481445,30,426.0,0.05843621399176955
KLF1,ST7,ST7,ENSG00000004866,6.754337310791016,25,427.0,0.058573388203017836
GATA1,ZBTB48,ZBTB48,ENSG00000204859,6.753746032714844,27,321.0,0.044032921810699586
NFE2,KMT5B,KMT5B,ENSG00000110066,6.753416538238525,25,518.0,0.0710562414266118
NFE2,ITM2B,ITM2B,ENSG00000136156,6.7530927658081055,33,519.0,0.07119341563786008
NFE2,MED24,MED24,ENSG00000008838,6.751138210296631,26,520.0,0.07133058984910837
KLF1,MED25,MED25,ENSG00000104973,6.7502593994140625,25,428.0,0.058710562414266115
GATA1,PTRHD1,PTRHD1,ENSG00000184924,6.750185489654541,25,322.0,0.04417009602194787
NFE2,EIF4G2,EIF4G2,ENSG00000110321,6.749258518218994,28,521.0,0.07146776406035665
TAL1,C1orf198,C1orf198,ENSG00000119280,6.748895168304443,33,350.0,0.04801097393689986
GATA1,ALKBH1,ALKBH1,ENSG00000100601,6.74885368347168,25,323.0,0.04430727023319616
NFE2,POLG,POLG,ENSG00000140521,6.748741626739502,25,522.0,0.07160493827160494
KLF1,ABHD17A,ABHD17A,ENSG00000129968,6.747776508331299,26,429.0,0.0588477366255144
KLF1,TNPO1,TNPO1,ENSG00000083312,6.746882915496826,27,430.0,0.05898491083676269
TAL1,KDM4B,KDM4B,ENSG00000127663,6.7462687492370605,25,351.0,0.04814814814814815
NFE2,UBE2B,UBE2B,ENSG00000119048,6.7461137771606445,25,523.0,0.07174211248285323
NFE2,AC107223.1,AC107223.1,ENSG00000251600,6.745815277099609,27,524.0,0.07187928669410151
TAL1,FAM160A2,FAM160A2,ENSG00000051009,6.745514869689941,29,352.0,0.048285322359396435
GATA1,PYM1,PYM1,ENSG00000170473,6.745162487030029,31,324.0,0.044444444444444446
GATA1,AC006001.2,AC006001.2,ENSG00000226824,6.74491024017334,25,325.0,0.04458161865569273
GATA1,POLR2J,POLR2J,ENSG00000005075,6.74482536315918,26,326.0,0.04471879286694101
NFE2,PSME4,PSME4,ENSG00000068878,6.744304180145264,25,525.0,0.0720164609053498
TAL1,INTS9,INTS9,ENSG00000104299,6.744086742401123,26,353.0,0.04842249657064472
TAL1,EMC3,EMC3,ENSG00000125037,6.743127822875977,25,354.0,0.048559670781893
NFE2,EPG5,EPG5,ENSG00000152223,6.741395950317383,28,526.0,0.07215363511659809
KLF1,PQBP1,PQBP1,ENSG00000102103,6.740911483764648,27,431.0,0.059122085048010975
KLF1,NDUFAF6,NDUFAF6,ENSG00000156170,6.739657878875732,26,432.0,0.05925925925925926
TAL1,NARF,NARF,ENSG00000141562,6.739102363586426,36,355.0,0.04869684499314129
TAL1,CR1,CR1,ENSG00000203710,6.739073276519775,25,356.0,0.048834019204389574
TAL1,SAR1A,SAR1A,ENSG00000079332,6.738900661468506,32,357.0,0.04897119341563786
GATA1,TRAPPC4,TRAPPC4,ENSG00000196655,6.73808479309082,25,327.0,0.0448559670781893
NFE2,ATP5F1D,ATP5F1D,ENSG00000099624,6.737885475158691,27,527.0,0.07229080932784636
TAL1,WASHC5,WASHC5,ENSG00000164961,6.735851764678955,27,358.0,0.04910836762688615
NFE2,ZNF708,ZNF708,ENSG00000182141,6.735030174255371,29,528.0,0.07242798353909465
GATA1,AL359513.1,AL359513.1,ENSG00000278238,6.734724044799805,27,328.0,0.044993141289437585
TAL1,PSEN1,PSEN1,ENSG00000080815,6.733118057250977,25,359.0,0.049245541838134434
NFE2,TPD52L2,TPD52L2,ENSG00000101150,6.732793807983398,27,529.0,0.07256515775034293
NFE2,AL118556.1,AL118556.1,ENSG00000259113,6.731948375701904,28,530.0,0.07270233196159122
NFE2,TNFRSF14,TNFRSF14,ENSG00000157873,6.72996187210083,25,531.0,0.0728395061728395
NFE2,HSP90AA1,HSP90AA1,ENSG00000080824,6.729480743408203,35,532.0,0.07297668038408779
TAL1,UBE2D2,UBE2D2,ENSG00000131508,6.729304313659668,44,360.0,0.04938271604938271
TAL1,AREL1,AREL1,ENSG00000119682,6.729062557220459,25,361.0,0.049519890260631
GATA1,SLC4A1AP,SLC4A1AP,ENSG00000163798,6.728335857391357,25,329.0,0.04513031550068587
KLF1,SEC24D,SEC24D,ENSG00000150961,6.7279205322265625,25,433.0,0.05939643347050754
GATA1,EIF2A,EIF2A,ENSG00000144895,6.727850914001465,27,330.0,0.04526748971193416
NFE2,RSAD2,RSAD2,ENSG00000134321,6.727605819702148,25,533.0,0.07311385459533608
NFE2,WASHC4,WASHC4,ENSG00000136051,6.727525234222412,26,534.0,0.07325102880658436
NFE2,WDR59,WDR59,ENSG00000103091,6.726058483123779,25,535.0,0.07338820301783265
NFE2,NAMPT,NAMPT,ENSG00000105835,6.724119186401367,25,536.0,0.07352537722908094
GATA1,HSPB11,HSPB11,ENSG00000081870,6.7232747077941895,32,331.0,0.045404663923182445
NFE2,PKN2-AS1,PKN2-AS1,ENSG00000237505,6.723212242126465,27,537.0,0.07366255144032922
KLF1,ERAL1,ERAL1,ENSG00000132591,6.72311544418335,27,434.0,0.05953360768175583
GATA1,DEDD,DEDD,ENSG00000158796,6.72260046005249,27,332.0,0.045541838134430725
TAL1,FLII,FLII,ENSG00000177731,6.721490383148193,28,362.0,0.049657064471879286
KLF1,TMEM11,TMEM11,ENSG00000178307,6.719395637512207,27,435.0,0.059670781893004114
TAL1,PLEKHB2,PLEKHB2,ENSG00000115762,6.7191243171691895,25,363.0,0.04979423868312757
KLF1,YY1AP1,YY1AP1,ENSG00000163374,6.718389511108398,25,436.0,0.0598079561042524
TAL1,EP300,EP300,ENSG00000100393,6.718001365661621,26,364.0,0.04993141289437586
GATA1,SLC25A26,SLC25A26,ENSG00000144741,6.717787742614746,25,333.0,0.04567901234567901
KLF1,TM9SF3,TM9SF3,ENSG00000077147,6.71701192855835,38,437.0,0.05994513031550069
GATA1,GNE,GNE,ENSG00000159921,6.716094017028809,28,334.0,0.0458161865569273
NFE2,SEC61B,SEC61B,ENSG00000106803,6.715142726898193,26,538.0,0.0737997256515775
GATA1,KMT2B,KMT2B,ENSG00000272333,6.715047836303711,25,335.0,0.045953360768175584
GATA1,ATP5PF,ATP5PF,ENSG00000154723,6.714852333068848,28,336.0,0.04609053497942387
NFE2,SEC13,SEC13,ENSG00000157020,6.714803218841553,26,539.0,0.07393689986282578
TAL1,FBXL3,FBXL3,ENSG00000005812,6.7139410972595215,28,365.0,0.050068587105624146
TAL1,XRN1,XRN1,ENSG00000114127,6.713004112243652,25,366.0,0.050205761316872426
TAL1,MARCH8,MARCH8,ENSG00000165406,6.712770938873291,25,367.0,0.05034293552812071
NFE2,NUCB1,NUCB1,ENSG00000104805,6.712334632873535,30,540.0,0.07407407407407407
KLF1,ZNF143,ZNF143,ENSG00000166478,6.712266445159912,25,438.0,0.060082304526748974
KLF1,CDK17,CDK17,ENSG00000059758,6.710578918457031,28,439.0,0.060219478737997253
TAL1,NXT1,NXT1,ENSG00000132661,6.710140705108643,25,368.0,0.050480109739369
NFE2,ARIH2,ARIH2,ENSG00000177479,6.7095208168029785,25,541.0,0.07421124828532236
GATA1,DNTTIP2,DNTTIP2,ENSG00000067334,6.708729267120361,26,337.0,0.04622770919067215
KLF1,RPL26L1,RPL26L1,ENSG00000037241,6.706992149353027,25,440.0,0.06035665294924554
TAL1,JMY,JMY,ENSG00000152409,6.706768989562988,27,369.0,0.050617283950617285
TAL1,RAB1A,RAB1A,ENSG00000138069,6.706209659576416,28,370.0,0.05075445816186557
GATA1,CSNK1E,CSNK1E,ENSG00000213923,6.7056756019592285,29,338.0,0.04636488340192044
KLF1,RPGR,RPGR,ENSG00000156313,6.70168924331665,26,441.0,0.06049382716049383
GATA1,CTSA,CTSA,ENSG00000064601,6.7016448974609375,25,339.0,0.046502057613168724
KLF1,MRPS17,MRPS17,ENSG00000239789,6.700838565826416,25,442.0,0.06063100137174211
KLF1,HSD17B11,HSD17B11,ENSG00000198189,6.700437068939209,25,443.0,0.0607681755829904
TAL1,TTC4,TTC4,ENSG00000243725,6.699521064758301,25,371.0,0.05089163237311385
KLF1,NIF3L1,NIF3L1,ENSG00000196290,6.699402809143066,28,444.0,0.060905349794238686
GATA1,SLC40A1,SLC40A1,ENSG00000138449,6.698795795440674,26,340.0,0.04663923182441701
NFE2,SELENBP1,SELENBP1,ENSG00000143416,6.69857120513916,27,542.0,0.07434842249657064
TAL1,ZSCAN5A,ZSCAN5A,ENSG00000131848,6.698342323303223,27,372.0,0.05102880658436214
KLF1,NT5C3A,NT5C3A,ENSG00000122643,6.69798469543457,25,445.0,0.061042524005486966
NFE2,AGAP5,AGAP5,ENSG00000172650,6.697593688964844,27,543.0,0.07448559670781893
NFE2,DDX5,DDX5,ENSG00000108654,6.695863723754883,28,544.0,0.07462277091906722
NFE2,RAB3IP,RAB3IP,ENSG00000127328,6.695265769958496,25,545.0,0.0747599451303155
NFE2,MXD4,MXD4,ENSG00000123933,6.69425106048584,25,546.0,0.07489711934156379
TAL1,SHC1,SHC1,ENSG00000160691,6.693775177001953,28,373.0,0.051165980795610425
NFE2,BEST3,BEST3,ENSG00000127325,6.692325115203857,25,547.0,0.07503429355281208
GATA1,LRRC37A3,LRRC37A3,ENSG00000176809,6.6904616355896,26,341.0,0.0467764060356653
KLF1,PDK3,PDK3,ENSG00000067992,6.689471244812012,25,446.0,0.06117969821673525
NFE2,KHNYN,KHNYN,ENSG00000100441,6.689090251922607,25,548.0,0.07517146776406036
TAL1,SARAF,SARAF,ENSG00000133872,6.689086437225342,26,374.0,0.05130315500685871
KLF1,TMEM140,TMEM140,ENSG00000146859,6.68892765045166,25,447.0,0.06131687242798354
KLF1,LEO1,LEO1,ENSG00000166477,6.688669204711914,25,448.0,0.061454046639231825
NFE2,HELQ,HELQ,ENSG00000163312,6.687559604644775,25,549.0,0.07530864197530865
TAL1,SLC7A5,SLC7A5,ENSG00000103257,6.682783126831055,25,375.0,0.051440329218107
TAL1,MYCBP2-AS1,MYCBP2-AS1,ENSG00000236051,6.680095195770264,26,376.0,0.051577503429355284
TAL1,B4GALT3,B4GALT3,ENSG00000158850,6.679763317108154,25,377.0,0.051714677640603564
NFE2,SLC6A9,SLC6A9,ENSG00000196517,6.679308891296387,28,550.0,0.07544581618655692
KLF1,MTMR9,MTMR9,ENSG00000104643,6.677797317504883,25,449.0,0.06159122085048011
KLF1,TSG101,TSG101,ENSG00000074319,6.677454948425293,25,450.0,0.06172839506172839
NFE2,UCP2,UCP2,ENSG00000175567,6.676069736480713,26,551.0,0.07558299039780521
KLF1,AMMECR1L,AMMECR1L,ENSG00000144233,6.675856113433838,27,451.0,0.06186556927297668
NFE2,TAOK1,TAOK1,ENSG00000160551,6.67525053024292,27,552.0,0.0757201646090535
GATA1,BRWD3,BRWD3,ENSG00000165288,6.674761772155762,25,342.0,0.04691358024691358
KLF1,USP3-AS1,USP3-AS1,ENSG00000259248,6.673861980438232,26,452.0,0.062002743484224965
KLF1,PPCS,PPCS,ENSG00000127125,6.67357063293457,28,453.0,0.06213991769547325
GATA1,TATDN3,TATDN3,ENSG00000203705,6.672972202301025,26,343.0,0.04705075445816186
NFE2,ITSN1,ITSN1,ENSG00000205726,6.6712541580200195,26,553.0,0.07585733882030178
GATA1,WDR60,WDR60,ENSG00000126870,6.671123504638672,25,344.0,0.04718792866941015
NFE2,BLVRB,BLVRB,ENSG00000090013,6.669994831085205,25,554.0,0.07599451303155007
NFE2,HES6,HES6,ENSG00000144485,6.66978120803833,27,555.0,0.07613168724279835
KLF1,PBXIP1,PBXIP1,ENSG00000163346,6.669078826904297,27,454.0,0.06227709190672154
NFE2,SND1,SND1,ENSG00000197157,6.668624401092529,25,556.0,0.07626886145404664
KLF1,ARMC6,ARMC6,ENSG00000105676,6.6684722900390625,25,455.0,0.062414266117969824
NFE2,CEP89,CEP89,ENSG00000121289,6.668316841125488,28,557.0,0.07640603566529493
KLF1,KLHL15,KLHL15,ENSG00000174010,6.6671342849731445,29,456.0,0.06255144032921811
NFE2,KRI1,KRI1,ENSG00000129347,6.66585111618042,25,558.0,0.07654320987654321
NFE2,GRK6,GRK6,ENSG00000198055,6.6658196449279785,25,559.0,0.0766803840877915
NFE2,YKT6,YKT6,ENSG00000106636,6.665629863739014,25,560.0,0.07681755829903979
KLF1,ACLY,ACLY,ENSG00000131473,6.665565013885498,27,457.0,0.0626886145404664
KLF1,INO80B,INO80B,ENSG00000115274,6.665449142456055,25,458.0,0.06282578875171468
GATA1,HSPA5,HSPA5,ENSG00000044574,6.664968013763428,27,345.0,0.047325102880658436
GATA1,PGBD2,PGBD2,ENSG00000185220,6.6637773513793945,27,346.0,0.04746227709190672
KLF1,EMD,EMD,ENSG00000102119,6.663599491119385,25,459.0,0.06296296296296296
GATA1,OTUD5,OTUD5,ENSG00000068308,6.663110733032227,26,347.0,0.04759945130315501
GATA1,INF2,INF2,ENSG00000203485,6.662817478179932,28,348.0,0.047736625514403296
NFE2,DGKH,DGKH,ENSG00000102780,6.661150932312012,25,561.0,0.07695473251028806
KLF1,NGDN,NGDN,ENSG00000129460,6.660334587097168,27,460.0,0.06310013717421124
GATA1,GTF3C6,GTF3C6,ENSG00000155115,6.660109996795654,27,349.0,0.047873799725651575
NFE2,WDR75,WDR75,ENSG00000115368,6.659001350402832,29,562.0,0.07709190672153635
TAL1,FMNL2,FMNL2,ENSG00000157827,6.658204555511475,26,378.0,0.05185185185185185
TAL1,IFI27,IFI27,ENSG00000165949,6.656664848327637,26,379.0,0.05198902606310014
NFE2,SPAG7,SPAG7,ENSG00000091640,6.654181003570557,28,563.0,0.07722908093278463
NFE2,ANKRA2,ANKRA2,ENSG00000164331,6.653982639312744,27,564.0,0.07736625514403292
TAL1,SS18L1,SS18L1,ENSG00000184402,6.652839183807373,25,380.0,0.05212620027434842
GATA1,S100A4,S100A4,ENSG00000196154,6.6522979736328125,27,350.0,0.04801097393689986
KLF1,MED6,MED6,ENSG00000133997,6.649008274078369,28,461.0,0.06323731138545953
KLF1,MRRF,MRRF,ENSG00000148187,6.648187637329102,27,462.0,0.06337448559670782
KLF1,OTUD7B,OTUD7B,ENSG00000264522,6.648090839385986,26,463.0,0.0635116598079561
NFE2,INTS3,INTS3,ENSG00000143624,6.647490978240967,25,565.0,0.0775034293552812
TAL1,ING3,ING3,ENSG00000071243,6.647317886352539,27,381.0,0.05226337448559671
KLF1,TP53BP1,TP53BP1,ENSG00000067369,6.646535396575928,25,464.0,0.06364883401920439
NFE2,PEAR1,PEAR1,ENSG00000187800,6.645749092102051,25,566.0,0.07764060356652949
GATA1,PLGRKT,PLGRKT,ENSG00000107020,6.644678115844727,28,351.0,0.04814814814814815
GATA1,FAM91A1,FAM91A1,ENSG00000176853,6.64237117767334,27,352.0,0.048285322359396435
TAL1,SAP30,SAP30,ENSG00000164105,6.641329288482666,34,382.0,0.052400548696845
NFE2,UBE2D2,UBE2D2,ENSG00000131508,6.641266345977783,44,567.0,0.07777777777777778
NFE2,HTT,HTT,ENSG00000197386,6.640983581542969,26,568.0,0.07791495198902607
TAL1,CTR9,CTR9,ENSG00000198730,6.639469146728516,25,383.0,0.052537722908093276
GATA1,PPP2R1A,PPP2R1A,ENSG00000105568,6.6391777992248535,26,353.0,0.04842249657064472
TAL1,KRT1,KRT1,ENSG00000167768,6.638862609863281,25,384.0,0.05267489711934156
NFE2,ZNF580,ZNF580,ENSG00000213015,6.638790130615234,26,569.0,0.07805212620027435
KLF1,TMEM203,TMEM203,ENSG00000187713,6.638319969177246,27,465.0,0.06378600823045268
KLF1,SPA17,SPA17,ENSG00000064199,6.638015270233154,27,466.0,0.06392318244170096
KLF1,ARG2,ARG2,ENSG00000081181,6.638004779815674,32,467.0,0.06406035665294925
NFE2,NEDD4L,NEDD4L,ENSG00000049759,6.637653350830078,25,570.0,0.07818930041152264
NFE2,ZFY-AS1,ZFY-AS1,ENSG00000233070,6.636261940002441,27,571.0,0.07832647462277093
KLF1,C17orf75,C17orf75,ENSG00000108666,6.636191368103027,25,468.0,0.06419753086419754
NFE2,MEF2A,MEF2A,ENSG00000068305,6.635617733001709,29,572.0,0.0784636488340192
KLF1,HEATR1,HEATR1,ENSG00000119285,6.6343512535095215,26,469.0,0.06433470507544582
NFE2,ZNF713,ZNF713,ENSG00000178665,6.632843494415283,28,573.0,0.07860082304526748
NFE2,SLC50A1,SLC50A1,ENSG00000169241,6.632665157318115,26,574.0,0.07873799725651577
NFE2,AKAP8,AKAP8,ENSG00000105127,6.6318535804748535,28,575.0,0.07887517146776406
GATA1,MEGF9,MEGF9,ENSG00000106780,6.631803512573242,25,354.0,0.048559670781893
NFE2,ZFAND1,ZFAND1,ENSG00000104231,6.631165504455566,27,576.0,0.07901234567901234
TAL1,EXOSC1,EXOSC1,ENSG00000171311,6.6303887367248535,25,385.0,0.05281207133058985
NFE2,MPRIP,MPRIP,ENSG00000133030,6.629945278167725,29,577.0,0.07914951989026063
NFE2,GANAB,GANAB,ENSG00000089597,6.629098415374756,30,578.0,0.07928669410150892
TAL1,SCAMP1,SCAMP1,ENSG00000085365,6.628767967224121,25,386.0,0.052949245541838136
KLF1,N6AMT1,N6AMT1,ENSG00000156239,6.628456115722656,26,470.0,0.0644718792866941
NFE2,ARAP2,ARAP2,ENSG00000047365,6.628385543823242,27,579.0,0.0794238683127572
KLF1,LYSMD3,LYSMD3,ENSG00000176018,6.627479553222656,30,471.0,0.06460905349794238
GATA1,AC127035.1,AC127035.1,ENSG00000285658,6.627261161804199,29,355.0,0.04869684499314129
GATA1,ZNF830,ZNF830,ENSG00000198783,6.626443386077881,25,356.0,0.048834019204389574
KLF1,MARCH5,MARCH5,ENSG00000198060,6.626278877258301,27,472.0,0.06474622770919067
KLF1,KLHL9,KLHL9,ENSG00000198642,6.625300884246826,25,473.0,0.06488340192043895
KLF1,NDUFA1,NDUFA1,ENSG00000125356,6.624801158905029,26,474.0,0.06502057613168724
TAL1,TTPAL,TTPAL,ENSG00000124120,6.6240129470825195,30,387.0,0.05308641975308642
NFE2,ZNF598,ZNF598,ENSG00000167962,6.623723983764648,27,580.0,0.07956104252400549
GATA1,MINK1,MINK1,ENSG00000141503,6.623089790344238,27,357.0,0.04897119341563786
NFE2,NDUFB1,NDUFB1,ENSG00000183648,6.622737407684326,32,581.0,0.07969821673525378
KLF1,CDV3,CDV3,ENSG00000091527,6.6224212646484375,34,475.0,0.06515775034293553
NFE2,ADPGK,ADPGK,ENSG00000159322,6.622178554534912,29,582.0,0.07983539094650206
NFE2,RAN,RAN,ENSG00000132341,6.622001647949219,30,583.0,0.07997256515775034
KLF1,DCAF6,DCAF6,ENSG00000143164,6.6190104484558105,26,476.0,0.06529492455418381
NFE2,QARS,QARS,ENSG00000172053,6.618551731109619,26,584.0,0.08010973936899862
NFE2,CDC25B,CDC25B,ENSG00000101224,6.61824369430542,25,585.0,0.08024691358024691
GATA1,WDR46,WDR46,ENSG00000227057,6.617802619934082,30,358.0,0.04910836762688615
KLF1,BROX,BROX,ENSG00000162819,6.61728048324585,25,477.0,0.0654320987654321
GATA1,CHCHD2,CHCHD2,ENSG00000106153,6.615699291229248,30,359.0,0.049245541838134434
TAL1,AC124947.1,AC124947.1,ENSG00000257252,6.615567207336426,25,388.0,0.0532235939643347
GATA1,SPECC1,SPECC1,ENSG00000128487,6.615021705627441,26,360.0,0.04938271604938271
KLF1,SPAG9,SPAG9,ENSG00000008294,6.614009857177734,27,478.0,0.06556927297668039
KLF1,GUCD1,GUCD1,ENSG00000138867,6.613944053649902,29,479.0,0.06570644718792867
KLF1,NFKBIB,NFKBIB,ENSG00000104825,6.613457679748535,25,480.0,0.06584362139917696
TAL1,RRM2B,RRM2B,ENSG00000048392,6.6134538650512695,28,389.0,0.05336076817558299
TAL1,CRK,CRK,ENSG00000167193,6.613211154937744,25,390.0,0.053497942386831275
TAL1,MFSD14A,MFSD14A,ENSG00000156875,6.61287784576416,25,391.0,0.05363511659807956
TAL1,SELENOK,SELENOK,ENSG00000113811,6.6125030517578125,27,392.0,0.05377229080932785
NFE2,CLOCK,CLOCK,ENSG00000134852,6.610983371734619,31,586.0,0.0803840877914952
KLF1,NAMPT,NAMPT,ENSG00000105835,6.610889434814453,25,481.0,0.06598079561042525
TAL1,ELL,ELL,ENSG00000105656,6.610593318939209,31,393.0,0.053909465020576135
NFE2,MTF1,MTF1,ENSG00000188786,6.610178470611572,26,587.0,0.08052126200274348
GATA1,NUCB1-AS1,NUCB1-AS1,ENSG00000235191,6.609861850738525,26,361.0,0.049519890260631
NFE2,KLF3,KLF3,ENSG00000109787,6.609824180603027,25,588.0,0.08065843621399177
NFE2,RAB3IL1,RAB3IL1,ENSG00000167994,6.60972785949707,27,589.0,0.08079561042524006
KLF1,ISG15,ISG15,ENSG00000187608,6.608582496643066,28,482.0,0.06611796982167352
TAL1,AC005037.1,AC005037.1,ENSG00000183308,6.608369827270508,25,394.0,0.054046639231824414
NFE2,LRRN2,LRRN2,ENSG00000170382,6.608342170715332,28,590.0,0.08093278463648834
KLF1,GSPT1,GSPT1,ENSG00000103342,6.605483531951904,29,483.0,0.0662551440329218
GATA1,DDX27,DDX27,ENSG00000124228,6.6048359870910645,26,362.0,0.049657064471879286
TAL1,ANKRD13C,ANKRD13C,ENSG00000118454,6.6042914390563965,27,395.0,0.0541838134430727
KLF1,RRAGC,RRAGC,ENSG00000116954,6.6038055419921875,30,484.0,0.06639231824417009
GATA1,LAMTOR5,LAMTOR5,ENSG00000134248,6.60351037979126,27,363.0,0.04979423868312757
KLF1,MST1,MST1,ENSG00000173531,6.603287696838379,27,485.0,0.06652949245541838
KLF1,ZCCHC2,ZCCHC2,ENSG00000141664,6.602658271789551,31,486.0,0.06666666666666667
GATA1,KAT8,KAT8,ENSG00000103510,6.602603912353516,25,364.0,0.04993141289437586
KLF1,KDM6B,KDM6B,ENSG00000132510,6.601926803588867,25,487.0,0.06680384087791495
KLF1,RAB35,RAB35,ENSG00000111737,6.600638389587402,28,488.0,0.06694101508916324
TAL1,TMEM50B,TMEM50B,ENSG00000142188,6.5994391441345215,34,396.0,0.05432098765432099
KLF1,NOC3L,NOC3L,ENSG00000173145,6.598947525024414,25,489.0,0.06707818930041153
GATA1,ZSCAN26,ZSCAN26,ENSG00000197062,6.598910331726074,27,365.0,0.050068587105624146
TAL1,TEC,TEC,ENSG00000135605,6.59832239151001,27,397.0,0.054458161865569274
KLF1,GLOD5,GLOD5,ENSG00000171433,6.597931861877441,27,490.0,0.06721536351165981
KLF1,RXRA,RXRA,ENSG00000186350,6.597729206085205,26,491.0,0.0673525377229081
NFE2,ZNF226,ZNF226,ENSG00000167380,6.597714424133301,25,591.0,0.08106995884773663
TAL1,SNRNP200,SNRNP200,ENSG00000144028,6.597525119781494,28,398.0,0.05459533607681756
GATA1,STK16,STK16,ENSG00000115661,6.597437381744385,25,366.0,0.050205761316872426
NFE2,AHSA1,AHSA1,ENSG00000100591,6.597382545471191,32,592.0,0.08120713305898491
NFE2,TRAPPC6B,TRAPPC6B,ENSG00000182400,6.596693992614746,28,593.0,0.0813443072702332
KLF1,ACP1,ACP1,ENSG00000143727,6.595439434051514,29,492.0,0.06748971193415639
GATA1,CHST2,CHST2,ENSG00000175040,6.595078468322754,29,367.0,0.05034293552812071
GATA1,GRHPR,GRHPR,ENSG00000137106,6.59502649307251,25,368.0,0.050480109739369
KLF1,PINK1,PINK1,ENSG00000158828,6.59281587600708,28,493.0,0.06762688614540466
KLF1,RNH1,RNH1,ENSG00000023191,6.592360019683838,25,494.0,0.06776406035665294
NFE2,TIMM8A,TIMM8A,ENSG00000126953,6.591833591461182,26,594.0,0.08148148148148149
NFE2,S100A4,S100A4,ENSG00000196154,6.591674327850342,27,595.0,0.08161865569272976
TAL1,TLK2,TLK2,ENSG00000146872,6.591604232788086,27,399.0,0.05473251028806585
TAL1,COX19,COX19,ENSG00000240230,6.590837001800537,25,400.0,0.05486968449931413
KLF1,HSF2,HSF2,ENSG00000025156,6.590577602386475,28,495.0,0.06790123456790123
KLF1,HEATR5B,HEATR5B,ENSG00000008869,6.588156223297119,29,496.0,0.06803840877914952
KLF1,PRDX5,PRDX5,ENSG00000126432,6.586850166320801,27,497.0,0.0681755829903978
GATA1,AC099343.3,AC099343.3,ENSG00000271646,6.586652755737305,26,369.0,0.050617283950617285
TAL1,MARCH3,MARCH3,ENSG00000173926,6.585555553436279,25,401.0,0.05500685871056241
KLF1,PCBP1-AS1,PCBP1-AS1,ENSG00000179818,6.585442543029785,28,498.0,0.06831275720164609
TAL1,WDR45,WDR45,ENSG00000196998,6.5851006507873535,26,402.0,0.0551440329218107
KLF1,SNRPA1,SNRPA1,ENSG00000131876,6.584644794464111,28,499.0,0.06844993141289438
KLF1,VPS35,VPS35,ENSG00000069329,6.584446430206299,28,500.0,0.06858710562414266
KLF1,FAM91A1,FAM91A1,ENSG00000176853,6.583162784576416,27,501.0,0.06872427983539095
NFE2,HDAC6,HDAC6,ENSG00000094631,6.583100318908691,32,596.0,0.08175582990397805
KLF1,TRMT5,TRMT5,ENSG00000126814,6.582099437713623,28,502.0,0.06886145404663924
NFE2,TVP23B,TVP23B,ENSG00000171928,6.581021785736084,26,597.0,0.08189300411522633
KLF1,OSM,OSM,ENSG00000099985,6.578006744384766,26,503.0,0.06899862825788752
KLF1,KLC3,KLC3,ENSG00000104892,6.577028751373291,29,504.0,0.0691358024691358
NFE2,NCEH1,NCEH1,ENSG00000144959,6.576789379119873,25,598.0,0.08203017832647462
GATA1,SDHD,SDHD,ENSG00000204370,6.576643466949463,28,370.0,0.05075445816186557
NFE2,MAP1LC3A,MAP1LC3A,ENSG00000101460,6.576589107513428,28,599.0,0.0821673525377229
GATA1,MAP3K8,MAP3K8,ENSG00000107968,6.576038360595703,25,371.0,0.05089163237311385
NFE2,NCOA2,NCOA2,ENSG00000140396,6.5748291015625,28,600.0,0.0823045267489712
NFE2,EBP,EBP,ENSG00000147155,6.5748114585876465,25,601.0,0.08244170096021948
KLF1,OTUD3,OTUD3,ENSG00000169914,6.572649002075195,27,505.0,0.06927297668038408
KLF1,MOGS,MOGS,ENSG00000115275,6.572460651397705,38,506.0,0.06941015089163237
KLF1,TECR,TECR,ENSG00000099797,6.571441650390625,25,507.0,0.06954732510288066
TAL1,CTNNB1,CTNNB1,ENSG00000168036,6.571326732635498,28,403.0,0.055281207133058986
KLF1,ZNHIT3,ZNHIT3,ENSG00000273611,6.5708112716674805,26,508.0,0.06968449931412894
GATA1,VEZT,VEZT,ENSG00000028203,6.570396900177002,30,372.0,0.05102880658436214
GATA1,SNHG25,SNHG25,ENSG00000266402,6.56960916519165,27,373.0,0.051165980795610425
TAL1,TUBA4A,TUBA4A,ENSG00000127824,6.5687737464904785,25,404.0,0.05541838134430727
NFE2,OGA,OGA,ENSG00000198408,6.5666327476501465,25,602.0,0.08257887517146777
NFE2,ZRANB1,ZRANB1,ENSG00000019995,6.56633186340332,25,603.0,0.08271604938271605
NFE2,ELL2,ELL2,ENSG00000118985,6.565108776092529,31,604.0,0.08285322359396434
NFE2,PRKAA1,PRKAA1,ENSG00000132356,6.565019607543945,25,605.0,0.08299039780521263
KLF1,PNO1,PNO1,ENSG00000115946,6.562769889831543,27,509.0,0.06982167352537723
NFE2,TM9SF4,TM9SF4,ENSG00000101337,6.562273979187012,25,606.0,0.0831275720164609
NFE2,NCOA3,NCOA3,ENSG00000124151,6.561892032623291,26,607.0,0.08326474622770919
KLF1,STX6,STX6,ENSG00000135823,6.561285495758057,25,510.0,0.06995884773662552
NFE2,ESCO1,ESCO1,ENSG00000141446,6.5612263679504395,28,608.0,0.08340192043895747
GATA1,BAX,BAX,ENSG00000087088,6.560018539428711,30,374.0,0.05130315500685871
KLF1,GIGYF1,GIGYF1,ENSG00000146830,6.558289527893066,27,511.0,0.0700960219478738
KLF1,VAMP3,VAMP3,ENSG00000049245,6.557910442352295,30,512.0,0.07023319615912209
NFE2,MIGA1,MIGA1,ENSG00000180488,6.557304859161377,25,609.0,0.08353909465020576
KLF1,PYROXD2,PYROXD2,ENSG00000119943,6.5560832023620605,32,513.0,0.07037037037037037
GATA1,MAFF,MAFF,ENSG00000185022,6.555050373077393,25,375.0,0.051440329218107
TAL1,AC069542.1,AC069542.1,ENSG00000229190,6.553144931793213,25,405.0,0.05555555555555555
KLF1,GNA12,GNA12,ENSG00000146535,6.552733898162842,25,514.0,0.07050754458161866
TAL1,MAPK6,MAPK6,ENSG00000069956,6.552258014678955,25,406.0,0.05569272976680384
NFE2,HIST1H2AC,HIST1H2AC,ENSG00000180573,6.552213191986084,30,610.0,0.08367626886145405
KLF1,ZDHHC5,ZDHHC5,ENSG00000156599,6.551959037780762,25,515.0,0.07064471879286695
TAL1,TIMM9,TIMM9,ENSG00000100575,6.548607349395752,31,407.0,0.055829903978052126
KLF1,CSNK1A1,CSNK1A1,ENSG00000113712,6.548137664794922,30,516.0,0.07078189300411522
KLF1,BOLA2,BOLA2,ENSG00000183336,6.547511577606201,27,517.0,0.07091906721536351
NFE2,RYBP,RYBP,ENSG00000163602,6.545380592346191,26,611.0,0.08381344307270233
NFE2,ZNF92,ZNF92,ENSG00000146757,6.54489803314209,25,612.0,0.08395061728395062
GATA1,SUMO2,SUMO2,ENSG00000188612,6.544864654541016,40,376.0,0.051577503429355284
NFE2,VCP,VCP,ENSG00000165280,6.543268203735352,25,613.0,0.0840877914951989
TAL1,MED19,MED19,ENSG00000156603,6.543055534362793,25,408.0,0.05596707818930041
NFE2,TMEM8A,TMEM8A,ENSG00000129925,6.542882919311523,25,614.0,0.08422496570644719
TAL1,GCHFR,GCHFR,ENSG00000137880,6.538414001464844,26,409.0,0.0561042524005487
NFE2,PLCG2,PLCG2,ENSG00000197943,6.538277626037598,25,615.0,0.08436213991769548
TAL1,MYL6,MYL6,ENSG00000092841,6.537885665893555,28,410.0,0.056241426611796985
NFE2,BAZ2B,BAZ2B,ENSG00000123636,6.537307262420654,27,616.0,0.08449931412894376
KLF1,PUM1,PUM1,ENSG00000134644,6.5364556312561035,25,518.0,0.0710562414266118
TAL1,PDLIM5,PDLIM5,ENSG00000163110,6.535337448120117,26,411.0,0.056378600823045265
NFE2,DCUN1D5,DCUN1D5,ENSG00000137692,6.534753799438477,30,617.0,0.08463648834019204
GATA1,MAFG,MAFG,ENSG00000197063,6.533012866973877,27,377.0,0.051714677640603564
GATA1,ZNRD2,ZNRD2,ENSG00000173465,6.532558441162109,25,378.0,0.05185185185185185
KLF1,PPP2R2A,PPP2R2A,ENSG00000221914,6.531953811645508,27,519.0,0.07119341563786008
NFE2,HERC4,HERC4,ENSG00000148634,6.526882648468018,27,618.0,0.08477366255144032
KLF1,LTA4H,LTA4H,ENSG00000111144,6.525844573974609,27,520.0,0.07133058984910837
TAL1,ZNF830,ZNF830,ENSG00000198783,6.524374008178711,25,412.0,0.05651577503429355
NFE2,GOSR2,GOSR2,ENSG00000108433,6.523094177246094,25,619.0,0.08491083676268861
NFE2,ZBED5,ZBED5,ENSG00000236287,6.522899150848389,26,620.0,0.0850480109739369
GATA1,CDKN1B,CDKN1B,ENSG00000111276,6.521278381347656,26,379.0,0.05198902606310014
TAL1,DLG1,DLG1,ENSG00000075711,6.518771171569824,25,413.0,0.05665294924554184
TAL1,DIP2A,DIP2A,ENSG00000160305,6.51839017868042,27,414.0,0.056790123456790124
TAL1,HLA-F-AS1,HLA-F-AS1,ENSG00000214922,6.517975330352783,25,415.0,0.05692729766803841
GATA1,AGAP5,AGAP5,ENSG00000172650,6.517722129821777,27,380.0,0.05212620027434842
NFE2,H2AFJ,H2AFJ,ENSG00000246705,6.5176920890808105,26,621.0,0.08518518518518518
TAL1,ACO1,ACO1,ENSG00000122729,6.517141819000244,25,416.0,0.0570644718792867
GATA1,AC016831.7,AC016831.7,ENSG00000285106,6.516535758972168,27,381.0,0.05226337448559671
NFE2,NKIRAS2,NKIRAS2,ENSG00000168256,6.515038967132568,27,622.0,0.08532235939643347
TAL1,RBM5-AS1,RBM5-AS1,ENSG00000281691,6.514647006988525,28,417.0,0.05720164609053498
KLF1,PRMT1,PRMT1,ENSG00000126457,6.513833522796631,26,521.0,0.07146776406035665
GATA1,ENOX2,ENOX2,ENSG00000165675,6.513382434844971,25,382.0,0.052400548696845
TAL1,MDM2,MDM2,ENSG00000135679,6.513370990753174,25,418.0,0.057338820301783264
TAL1,CHST11,CHST11,ENSG00000171310,6.513332843780518,27,419.0,0.05747599451303155
TAL1,AC007780.1,AC007780.1,ENSG00000267009,6.511660575866699,28,420.0,0.05761316872427984
KLF1,WWC3-AS1,WWC3-AS1,ENSG00000225076,6.511287212371826,29,522.0,0.07160493827160494
NFE2,AC015795.1,AC015795.1,ENSG00000250751,6.5106682777404785,26,623.0,0.08545953360768176
NFE2,NOLC1,NOLC1,ENSG00000166197,6.510516166687012,25,624.0,0.08559670781893004
GATA1,MITD1,MITD1,ENSG00000158411,6.509854793548584,27,383.0,0.052537722908093276
NFE2,SNX9,SNX9,ENSG00000130340,6.509737968444824,27,625.0,0.08573388203017833
GATA1,TOM1L2,TOM1L2,ENSG00000175662,6.509586811065674,31,384.0,0.05267489711934156
GATA1,UTP14A,UTP14A,ENSG00000156697,6.507574558258057,26,385.0,0.05281207133058985
GATA1,RSRC1,RSRC1,ENSG00000174891,6.507358074188232,33,386.0,0.052949245541838136
NFE2,ATF6B,ATF6B,ENSG00000213676,6.506665229797363,28,626.0,0.08587105624142662
GATA1,GUCD1,GUCD1,ENSG00000138867,6.505925178527832,29,387.0,0.05308641975308642
TAL1,CUL5,CUL5,ENSG00000166266,6.504223823547363,27,421.0,0.05775034293552812
GATA1,TCEANC,TCEANC,ENSG00000176896,6.504126071929932,25,388.0,0.0532235939643347
GATA1,DIPK2A,DIPK2A,ENSG00000181744,6.503957748413086,26,389.0,0.05336076817558299
NFE2,ARHGEF2,ARHGEF2,ENSG00000116584,6.502647399902344,25,627.0,0.0860082304526749
KLF1,SESTD1,SESTD1,ENSG00000187231,6.5025315284729,28,523.0,0.07174211248285323
GATA1,LTA4H,LTA4H,ENSG00000111144,6.501165866851807,27,390.0,0.053497942386831275
KLF1,PSMB1,PSMB1,ENSG00000008018,6.500239372253418,25,524.0,0.07187928669410151
GATA1,TMEM63A,TMEM63A,ENSG00000196187,6.499156475067139,25,391.0,0.05363511659807956
NFE2,MLX,MLX,ENSG00000108788,6.498841285705566,27,628.0,0.08614540466392319
KLF1,GDI1,GDI1,ENSG00000203879,6.4987969398498535,26,525.0,0.0720164609053498
TAL1,SUPT5H,SUPT5H,ENSG00000196235,6.4985198974609375,30,422.0,0.0578875171467764
KLF1,FIS1,FIS1,ENSG00000214253,6.497532367706299,25,526.0,0.07215363511659809
KLF1,NDUFAF5,NDUFAF5,ENSG00000101247,6.49582576751709,27,527.0,0.07229080932784636
TAL1,DCUN1D1,DCUN1D1,ENSG00000043093,6.4954938888549805,27,423.0,0.05802469135802469
NFE2,HSPA5,HSPA5,ENSG00000044574,6.495401859283447,27,629.0,0.08628257887517146
NFE2,ARHGAP12,ARHGAP12,ENSG00000165322,6.495030403137207,26,630.0,0.08641975308641975
NFE2,AC024267.1,AC024267.1,ENSG00000264066,6.494932651519775,25,631.0,0.08655692729766803
NFE2,PRPF3,PRPF3,ENSG00000117360,6.494666576385498,30,632.0,0.08669410150891632
NFE2,STK17A,STK17A,ENSG00000164543,6.492629528045654,29,633.0,0.08683127572016461
GATA1,SPINT2,SPINT2,ENSG00000167642,6.492015361785889,26,392.0,0.05377229080932785
GATA1,SAMD9,SAMD9,ENSG00000205413,6.491927623748779,26,393.0,0.053909465020576135
KLF1,MED29,MED29,ENSG00000063322,6.491765975952148,26,528.0,0.07242798353909465
NFE2,IRS2,IRS2,ENSG00000185950,6.491723537445068,31,634.0,0.0869684499314129
NFE2,ZFYVE21,ZFYVE21,ENSG00000100711,6.4910078048706055,25,635.0,0.08710562414266118
NFE2,COA5,COA5,ENSG00000183513,6.490802764892578,30,636.0,0.08724279835390947
TAL1,COQ5,COQ5,ENSG00000110871,6.490044116973877,25,424.0,0.058161865569272976
GATA1,TYW5,TYW5,ENSG00000162971,6.489979267120361,25,394.0,0.054046639231824414
NFE2,EPB42,EPB42,ENSG00000166947,6.4894304275512695,25,637.0,0.08737997256515775
NFE2,PCGF6,PCGF6,ENSG00000156374,6.4888224601745605,26,638.0,0.08751714677640604
NFE2,MAVS,MAVS,ENSG00000088888,6.4882283210754395,25,639.0,0.08765432098765433
GATA1,TMEM43,TMEM43,ENSG00000170876,6.4878010749816895,27,395.0,0.0541838134430727
KLF1,ABCB7,ABCB7,ENSG00000131269,6.487758159637451,32,529.0,0.07256515775034293
TAL1,ZSCAN26,ZSCAN26,ENSG00000197062,6.487612724304199,27,425.0,0.05829903978052126
KLF1,PARP12,PARP12,ENSG00000059378,6.487488269805908,25,530.0,0.07270233196159122
KLF1,LMAN2L,LMAN2L,ENSG00000114988,6.487403869628906,25,531.0,0.0728395061728395
GATA1,VBP1,VBP1,ENSG00000155959,6.487149715423584,28,396.0,0.05432098765432099
TAL1,COX7A2,COX7A2,ENSG00000112695,6.487146377563477,25,426.0,0.05843621399176955
TAL1,TBC1D20,TBC1D20,ENSG00000125875,6.486999034881592,26,427.0,0.058573388203017836
KLF1,TMEM9,TMEM9,ENSG00000116857,6.486763000488281,27,532.0,0.07297668038408779
KLF1,TRAPPC3,TRAPPC3,ENSG00000054116,6.485720157623291,31,533.0,0.07311385459533608
GATA1,SDHB,SDHB,ENSG00000117118,6.485215187072754,31,397.0,0.054458161865569274
GATA1,TP53INP1,TP53INP1,ENSG00000164938,6.484568119049072,25,398.0,0.05459533607681756
KLF1,POLH,POLH,ENSG00000170734,6.484025478363037,25,534.0,0.07325102880658436
GATA1,SIPA1,SIPA1,ENSG00000213445,6.483621597290039,27,399.0,0.05473251028806585
GATA1,CHMP1A,CHMP1A,ENSG00000131165,6.483546257019043,27,400.0,0.05486968449931413
GATA1,DDX49,DDX49,ENSG00000105671,6.483484745025635,27,401.0,0.05500685871056241
NFE2,KANSL1L,KANSL1L,ENSG00000144445,6.483025550842285,29,640.0,0.0877914951989026
NFE2,BRD8,BRD8,ENSG00000112983,6.482867240905762,26,641.0,0.08792866941015089
TAL1,UQCR11,UQCR11,ENSG00000127540,6.482600688934326,25,428.0,0.058710562414266115
GATA1,AC083862.3,AC083862.3,ENSG00000287733,6.482454776763916,29,402.0,0.0551440329218107
KLF1,CMTR1,CMTR1,ENSG00000137200,6.48171329498291,27,535.0,0.07338820301783265
KLF1,SESN1,SESN1,ENSG00000080546,6.481475353240967,26,536.0,0.07352537722908094
NFE2,MIAT,MIAT,ENSG00000225783,6.480854511260986,25,642.0,0.08806584362139917
TAL1,SNHG30,SNHG30,ENSG00000267321,6.480311393737793,25,429.0,0.0588477366255144
NFE2,RNF19B,RNF19B,ENSG00000116514,6.480247497558594,25,643.0,0.08820301783264746
KLF1,ELOA,ELOA,ENSG00000011007,6.478785037994385,30,537.0,0.07366255144032922
NFE2,ISCA2,ISCA2,ENSG00000165898,6.478781700134277,28,644.0,0.08834019204389575
TAL1,ZNF394,ZNF394,ENSG00000160908,6.478332042694092,25,430.0,0.05898491083676269
GATA1,EMD,EMD,ENSG00000102119,6.4760355949401855,25,403.0,0.055281207133058986
NFE2,SERPINE2,SERPINE2,ENSG00000135919,6.475221633911133,28,645.0,0.08847736625514403
NFE2,FAM118B,FAM118B,ENSG00000197798,6.473921775817871,28,646.0,0.08861454046639232
NFE2,NBDY,NBDY,ENSG00000204272,6.473916053771973,26,647.0,0.0887517146776406
GATA1,N4BP2L2,N4BP2L2,ENSG00000244754,6.47339391708374,29,404.0,0.05541838134430727
GATA1,NDUFB1,NDUFB1,ENSG00000183648,6.472140312194824,32,405.0,0.05555555555555555
NFE2,CORO7,CORO7,ENSG00000262246,6.471660614013672,27,648.0,0.08888888888888889
KLF1,SLC33A1,SLC33A1,ENSG00000169359,6.470344066619873,28,538.0,0.0737997256515775
TAL1,COMMD8,COMMD8,ENSG00000169019,6.469727993011475,26,431.0,0.059122085048010975
KLF1,RIPK1,RIPK1,ENSG00000137275,6.469155311584473,34,539.0,0.07393689986282578
NFE2,GBGT1,GBGT1,ENSG00000148288,6.46773099899292,29,649.0,0.08902606310013718
KLF1,MPP7,MPP7,ENSG00000150054,6.466674327850342,25,540.0,0.07407407407407407
NFE2,PPIP5K2,PPIP5K2,ENSG00000145725,6.466305732727051,28,650.0,0.08916323731138547
KLF1,MACO1,MACO1,ENSG00000204178,6.465697288513184,28,541.0,0.07421124828532236
GATA1,CEP68,CEP68,ENSG00000011523,6.464906692504883,26,406.0,0.05569272976680384
NFE2,STRADB,STRADB,ENSG00000082146,6.464776992797852,25,651.0,0.08930041152263374
NFE2,TMEM44-AS1,TMEM44-AS1,ENSG00000231770,6.461854934692383,25,652.0,0.08943758573388202
KLF1,NDUFB3,NDUFB3,ENSG00000119013,6.460902690887451,27,542.0,0.07434842249657064
KLF1,ZSCAN21,ZSCAN21,ENSG00000166529,6.460564136505127,25,543.0,0.07448559670781893
KLF1,BBOF1,BBOF1,ENSG00000119636,6.456859111785889,25,544.0,0.07462277091906722
KLF1,HIST2H2AB,HIST2H2AB,ENSG00000184270,6.456601619720459,25,545.0,0.0747599451303155
KLF1,THUMPD3-AS1,THUMPD3-AS1,ENSG00000206573,6.455935478210449,29,546.0,0.07489711934156379
KLF1,MAPK14,MAPK14,ENSG00000112062,6.45591926574707,26,547.0,0.07503429355281208
KLF1,SREBF2,SREBF2,ENSG00000198911,6.455508232116699,30,548.0,0.07517146776406036
KLF1,HIST1H2BI,HIST1H2BI,ENSG00000278588,6.4540300369262695,30,549.0,0.07530864197530865
TAL1,CS,CS,ENSG00000062485,6.453866481781006,28,432.0,0.05925925925925926
KLF1,EPC1,EPC1,ENSG00000120616,6.453238487243652,25,550.0,0.07544581618655692
GATA1,RPL18A,RPL18A,ENSG00000105640,6.452733993530273,27,407.0,0.055829903978052126
NFE2,CHP1,CHP1,ENSG00000187446,6.452173233032227,27,653.0,0.08957475994513031
KLF1,REEP4,REEP4,ENSG00000168476,6.451458930969238,25,551.0,0.07558299039780521
TAL1,PCIF1,PCIF1,ENSG00000100982,6.451253890991211,25,433.0,0.05939643347050754
GATA1,FAM214B,FAM214B,ENSG00000005238,6.451068878173828,35,408.0,0.05596707818930041
KLF1,NCOR2,NCOR2,ENSG00000196498,6.450908660888672,25,552.0,0.0757201646090535
KLF1,ECD,ECD,ENSG00000122882,6.450369358062744,29,553.0,0.07585733882030178
KLF1,USO1,USO1,ENSG00000138768,6.4502434730529785,26,554.0,0.07599451303155007
NFE2,TMEM50B,TMEM50B,ENSG00000142188,6.4498419761657715,34,654.0,0.0897119341563786
TAL1,GOLGA7,GOLGA7,ENSG00000147533,6.44971227645874,29,434.0,0.05953360768175583
KLF1,TADA2B,TADA2B,ENSG00000173011,6.449520111083984,25,555.0,0.07613168724279835
KLF1,SERPINI1,SERPINI1,ENSG00000163536,6.448561668395996,26,556.0,0.07626886145404664
GATA1,ATP6V0D1,ATP6V0D1,ENSG00000159720,6.448433876037598,27,409.0,0.0561042524005487
NFE2,SESN3,SESN3,ENSG00000149212,6.448288917541504,29,655.0,0.08984910836762688
KLF1,SLC35E2A,SLC35E2A,ENSG00000215790,6.447893142700195,26,557.0,0.07640603566529493
KLF1,SLC4A1,SLC4A1,ENSG00000004939,6.447710037231445,25,558.0,0.07654320987654321
KLF1,NUP88,NUP88,ENSG00000108559,6.446727275848389,33,559.0,0.0766803840877915
NFE2,CHURC1,CHURC1,ENSG00000258289,6.446347236633301,25,656.0,0.08998628257887517
KLF1,HDAC8,HDAC8,ENSG00000147099,6.4462809562683105,25,560.0,0.07681755829903979
KLF1,ETV3,ETV3,ENSG00000117036,6.446258068084717,25,561.0,0.07695473251028806
NFE2,AC023421.2,AC023421.2,ENSG00000267193,6.445586681365967,25,657.0,0.09012345679012346
NFE2,JAZF1,JAZF1,ENSG00000153814,6.444563865661621,25,658.0,0.09026063100137174
TAL1,ADPRHL2,ADPRHL2,ENSG00000116863,6.4435224533081055,30,435.0,0.059670781893004114
KLF1,FAF2,FAF2,ENSG00000113194,6.443391799926758,28,562.0,0.07709190672153635
NFE2,GNA12,GNA12,ENSG00000146535,6.442859172821045,25,659.0,0.09039780521262003
NFE2,EIF1B,EIF1B,ENSG00000114784,6.442645072937012,26,660.0,0.09053497942386832
KLF1,ST7-AS2,ST7-AS2,ENSG00000226367,6.442098617553711,25,563.0,0.07722908093278463
GATA1,MRPS31,MRPS31,ENSG00000102738,6.439547538757324,25,410.0,0.056241426611796985
GATA1,YWHAG,YWHAG,ENSG00000170027,6.438782215118408,27,411.0,0.056378600823045265
GATA1,DHDDS,DHDDS,ENSG00000117682,6.438469409942627,25,412.0,0.05651577503429355
GATA1,NDUFB6,NDUFB6,ENSG00000165264,6.438300132751465,28,413.0,0.05665294924554184
GATA1,FAXDC2,FAXDC2,ENSG00000170271,6.4376420974731445,25,414.0,0.056790123456790124
TAL1,GPR146,GPR146,ENSG00000164849,6.437446117401123,30,436.0,0.0598079561042524
NFE2,GLMP,GLMP,ENSG00000198715,6.436807632446289,27,661.0,0.0906721536351166
TAL1,GARS-DT,GARS-DT,ENSG00000196295,6.436463832855225,31,437.0,0.05994513031550069
GATA1,IFT88,IFT88,ENSG00000032742,6.435922622680664,25,415.0,0.05692729766803841
GATA1,ATP6AP1L,ATP6AP1L,ENSG00000205464,6.434940338134766,29,416.0,0.0570644718792867
GATA1,MRPL52,MRPL52,ENSG00000172590,6.4348464012146,26,417.0,0.05720164609053498
GATA1,TMEM87B,TMEM87B,ENSG00000153214,6.4334492683410645,27,418.0,0.057338820301783264
GATA1,TRAPPC1,TRAPPC1,ENSG00000170043,6.432776927947998,27,419.0,0.05747599451303155
KLF1,C11orf71,C11orf71,ENSG00000180425,6.431037425994873,25,564.0,0.07736625514403292
TAL1,NCOA6,NCOA6,ENSG00000198646,6.430328369140625,27,438.0,0.060082304526748974
KLF1,KLHL24,KLHL24,ENSG00000114796,6.430286407470703,28,565.0,0.0775034293552812
NFE2,ANK1,ANK1,ENSG00000029534,6.429548740386963,25,662.0,0.09080932784636489
NFE2,MED8,MED8,ENSG00000159479,6.42940092086792,25,663.0,0.09094650205761316
NFE2,ARL13B,ARL13B,ENSG00000169379,6.42940092086792,25,664.0,0.09108367626886145
GATA1,IMP4,IMP4,ENSG00000136718,6.429265975952148,25,420.0,0.05761316872427984
NFE2,DNAJA2,DNAJA2,ENSG00000069345,6.428877353668213,25,665.0,0.09122085048010974
NFE2,MED23,MED23,ENSG00000112282,6.428720951080322,25,666.0,0.09135802469135802
NFE2,CDKN2B-AS1,CDKN2B-AS1,ENSG00000240498,6.428627014160156,32,667.0,0.09149519890260631
KLF1,AL450998.2,AL450998.2,ENSG00000179743,6.427731513977051,28,566.0,0.07764060356652949
TAL1,SH3BP5L,SH3BP5L,ENSG00000175137,6.426571846008301,26,439.0,0.060219478737997253
TAL1,FAM228B,FAM228B,ENSG00000219626,6.42607307434082,27,440.0,0.06035665294924554
NFE2,SLC25A51,SLC25A51,ENSG00000122696,6.425873279571533,28,668.0,0.0916323731138546
KLF1,HECA,HECA,ENSG00000112406,6.424194812774658,25,567.0,0.07777777777777778
NFE2,TMBIM1,TMBIM1,ENSG00000135926,6.423684597015381,31,669.0,0.09176954732510288
GATA1,NMD3,NMD3,ENSG00000169251,6.422295570373535,25,421.0,0.05775034293552812
TAL1,MOB3C,MOB3C,ENSG00000142961,6.421163558959961,27,441.0,0.06049382716049383
NFE2,LSM10,LSM10,ENSG00000181817,6.41895055770874,25,670.0,0.09190672153635117
KLF1,IFI30,IFI30,ENSG00000216490,6.418736457824707,26,568.0,0.07791495198902607
KLF1,EPC2,EPC2,ENSG00000135999,6.417912483215332,27,569.0,0.07805212620027435
GATA1,LAMTOR3,LAMTOR3,ENSG00000109270,6.417435169219971,26,422.0,0.0578875171467764
NFE2,MRPL21,MRPL21,ENSG00000197345,6.417280197143555,29,671.0,0.09204389574759946
NFE2,RC3H1,RC3H1,ENSG00000135870,6.416191101074219,30,672.0,0.09218106995884774
GATA1,FBXO8,FBXO8,ENSG00000164117,6.4155778884887695,26,423.0,0.05802469135802469
NFE2,E4F1,E4F1,ENSG00000167967,6.414964199066162,25,673.0,0.09231824417009603
NFE2,TASP1,TASP1,ENSG00000089123,6.414851188659668,27,674.0,0.0924554183813443
NFE2,ATRIP,ATRIP,ENSG00000164053,6.414499282836914,31,675.0,0.09259259259259259
KLF1,NUCB1-AS1,NUCB1-AS1,ENSG00000235191,6.4129157066345215,26,570.0,0.07818930041152264
GATA1,FAM32A,FAM32A,ENSG00000105058,6.412565231323242,27,424.0,0.058161865569272976
NFE2,HIST1H2AJ,HIST1H2AJ,ENSG00000276368,6.410876274108887,26,676.0,0.09272976680384087
NFE2,TCF3,TCF3,ENSG00000071564,6.410719394683838,25,677.0,0.09286694101508916
NFE2,MAPRE2,MAPRE2,ENSG00000166974,6.410510063171387,26,678.0,0.09300411522633745
NFE2,RHOT1,RHOT1,ENSG00000126858,6.410391807556152,31,679.0,0.09314128943758573
NFE2,GNAI3,GNAI3,ENSG00000065135,6.410146236419678,26,680.0,0.09327846364883402
GATA1,THEMIS2,THEMIS2,ENSG00000130775,6.409005165100098,26,425.0,0.05829903978052126
NFE2,HINFP,HINFP,ENSG00000172273,6.408901214599609,27,681.0,0.0934156378600823
NFE2,GALNT4,GALNT4,ENSG00000257594,6.40886116027832,29,682.0,0.0935528120713306
KLF1,MRTFB,MRTFB,ENSG00000186260,6.408699989318848,29,571.0,0.07832647462277093
GATA1,PPP6R2,PPP6R2,ENSG00000100239,6.408685207366943,25,426.0,0.05843621399176955
GATA1,ALKBH7,ALKBH7,ENSG00000125652,6.407987594604492,27,427.0,0.058573388203017836
TAL1,ZC3H15,ZC3H15,ENSG00000065548,6.407907962799072,27,442.0,0.06063100137174211
GATA1,PML,PML,ENSG00000140464,6.407153129577637,30,428.0,0.058710562414266115
NFE2,DOCK11,DOCK11,ENSG00000147251,6.407031536102295,25,683.0,0.09368998628257888
GATA1,VAMP3,VAMP3,ENSG00000049245,6.406859397888184,30,429.0,0.0588477366255144
KLF1,P4HA1,P4HA1,ENSG00000122884,6.406745910644531,25,572.0,0.0784636488340192
NFE2,TPM3,TPM3,ENSG00000143549,6.4052934646606445,25,684.0,0.09382716049382717
TAL1,CLCN3,CLCN3,ENSG00000109572,6.405006408691406,29,443.0,0.0607681755829904
KLF1,ZNF330,ZNF330,ENSG00000109445,6.404736042022705,26,573.0,0.07860082304526748
KLF1,DHRS4L2,DHRS4L2,ENSG00000187630,6.403074741363525,29,574.0,0.07873799725651577
NFE2,SPRED1,SPRED1,ENSG00000166068,6.401988983154297,26,685.0,0.09396433470507544
KLF1,GLMP,GLMP,ENSG00000198715,6.401758670806885,27,575.0,0.07887517146776406
NFE2,CTTN,CTTN,ENSG00000085733,6.400571823120117,28,686.0,0.09410150891632373
GATA1,AC027644.3,AC027644.3,ENSG00000272831,6.400415420532227,27,430.0,0.05898491083676269
GATA1,BRIX1,BRIX1,ENSG00000113460,6.39949369430542,25,431.0,0.059122085048010975
GATA1,ARL1,ARL1,ENSG00000120805,6.399299621582031,27,432.0,0.05925925925925926
NFE2,HIF1AN,HIF1AN,ENSG00000166135,6.398638725280762,26,687.0,0.09423868312757201
KLF1,TST,TST,ENSG00000128311,6.3960442543029785,26,576.0,0.07901234567901234
NFE2,COG3,COG3,ENSG00000136152,6.395699501037598,26,688.0,0.0943758573388203
GATA1,MFSD4B,MFSD4B,ENSG00000173214,6.395611763000488,32,433.0,0.05939643347050754
KLF1,MBNL1-AS1,MBNL1-AS1,ENSG00000229619,6.395567417144775,25,577.0,0.07914951989026063
KLF1,TAF1D,TAF1D,ENSG00000166012,6.394990921020508,25,578.0,0.07928669410150892
KLF1,RAB3GAP1,RAB3GAP1,ENSG00000115839,6.394552707672119,29,579.0,0.0794238683127572
KLF1,TNFRSF10B,TNFRSF10B,ENSG00000120889,6.39428186416626,25,580.0,0.07956104252400549
TAL1,FBXW5,FBXW5,ENSG00000159069,6.393653392791748,26,444.0,0.060905349794238686
KLF1,SELENBP1,SELENBP1,ENSG00000143416,6.393287658691406,27,581.0,0.07969821673525378
GATA1,AC091045.1,AC091045.1,ENSG00000259536,6.393032073974609,25,434.0,0.05953360768175583
KLF1,TMEM170A,TMEM170A,ENSG00000166822,6.39200496673584,33,582.0,0.07983539094650206
NFE2,TREML2,TREML2,ENSG00000112195,6.392002105712891,27,689.0,0.09451303155006859
NFE2,AK7,AK7,ENSG00000140057,6.391748905181885,28,690.0,0.09465020576131687
KLF1,POLR2F,POLR2F,ENSG00000100142,6.391638278961182,31,583.0,0.07997256515775034
NFE2,CLTC,CLTC,ENSG00000141367,6.390303611755371,28,691.0,0.09478737997256516
KLF1,LRRC75A,LRRC75A,ENSG00000181350,6.39000129699707,27,584.0,0.08010973936899862
GATA1,G6PD,G6PD,ENSG00000160211,6.387617588043213,25,435.0,0.059670781893004114
NFE2,BEX4,BEX4,ENSG00000102409,6.3874897956848145,27,692.0,0.09492455418381344
TAL1,SLC2A1,SLC2A1,ENSG00000117394,6.386582851409912,29,445.0,0.061042524005486966
TAL1,TNS1,TNS1,ENSG00000079308,6.386077880859375,31,446.0,0.06117969821673525
TAL1,TPD52L2,TPD52L2,ENSG00000101150,6.38424015045166,27,447.0,0.06131687242798354
GATA1,GMDS,GMDS,ENSG00000112699,6.383413791656494,25,436.0,0.0598079561042524
GATA1,USP19,USP19,ENSG00000172046,6.383352279663086,25,437.0,0.05994513031550069
GATA1,SEMA4D,SEMA4D,ENSG00000187764,6.381595611572266,25,438.0,0.060082304526748974
TAL1,JUND,JUND,ENSG00000130522,6.381255149841309,28,448.0,0.061454046639231825
GATA1,AL109955.1,AL109955.1,ENSG00000218018,6.380147933959961,27,439.0,0.060219478737997253
GATA1,NDUFAF6,NDUFAF6,ENSG00000156170,6.37843656539917,26,440.0,0.06035665294924554
TAL1,MAFF,MAFF,ENSG00000185022,6.378245830535889,25,449.0,0.06159122085048011
NFE2,AHSP,AHSP,ENSG00000169877,6.37764310836792,28,693.0,0.09506172839506173
KLF1,FBXO48,FBXO48,ENSG00000204923,6.377066612243652,26,585.0,0.08024691358024691
TAL1,RRP8,RRP8,ENSG00000132275,6.376907825469971,26,450.0,0.06172839506172839
GATA1,PIK3CB,PIK3CB,ENSG00000051382,6.375857830047607,25,441.0,0.06049382716049383
NFE2,OAT,OAT,ENSG00000065154,6.374299049377441,33,694.0,0.09519890260631002
TAL1,SCPEP1,SCPEP1,ENSG00000121064,6.373708248138428,27,451.0,0.06186556927297668
TAL1,PHF1,PHF1,ENSG00000112511,6.373608589172363,25,452.0,0.062002743484224965
KLF1,PDLIM7,PDLIM7,ENSG00000196923,6.373170852661133,30,586.0,0.0803840877914952
TAL1,ZC3H8,ZC3H8,ENSG00000144161,6.37283182144165,27,453.0,0.06213991769547325
TAL1,CFLAR,CFLAR,ENSG00000003402,6.372616291046143,28,454.0,0.06227709190672154
NFE2,KRR1,KRR1,ENSG00000111615,6.3721160888671875,26,695.0,0.0953360768175583
KLF1,PAF1,PAF1,ENSG00000006712,6.37158203125,25,587.0,0.08052126200274348
KLF1,GALNT2,GALNT2,ENSG00000143641,6.371213912963867,29,588.0,0.08065843621399177
KLF1,PAN3,PAN3,ENSG00000152520,6.370819568634033,27,589.0,0.08079561042524006
GATA1,TRAP1,TRAP1,ENSG00000126602,6.370697021484375,27,442.0,0.06063100137174211
NFE2,PNMA1,PNMA1,ENSG00000176903,6.3704094886779785,25,696.0,0.09547325102880659
NFE2,AL137789.1,AL137789.1,ENSG00000236911,6.369439601898193,26,697.0,0.09561042524005486
KLF1,HIST2H2AA4,HIST2H2AA4,ENSG00000272196,6.36928129196167,26,590.0,0.08093278463648834
NFE2,AL109955.1,AL109955.1,ENSG00000218018,6.367441177368164,27,698.0,0.09574759945130315
NFE2,HEPACAM2,HEPACAM2,ENSG00000188175,6.3666486740112305,25,699.0,0.09588477366255144
KLF1,E2F2,E2F2,ENSG00000007968,6.366617679595947,25,591.0,0.08106995884773663
NFE2,POLR3E,POLR3E,ENSG00000058600,6.364706039428711,28,700.0,0.09602194787379972
GATA1,NDUFV2-AS1,NDUFV2-AS1,ENSG00000266053,6.364675521850586,25,443.0,0.0607681755829904
KLF1,ORMDL2,ORMDL2,ENSG00000123353,6.364284515380859,34,592.0,0.08120713305898491
NFE2,VPS26C,VPS26C,ENSG00000157538,6.363577842712402,26,701.0,0.09615912208504801
NFE2,PDE4DIP,PDE4DIP,ENSG00000178104,6.362972736358643,25,702.0,0.0962962962962963
NFE2,VPS35,VPS35,ENSG00000069329,6.3629069328308105,28,703.0,0.09643347050754458
TAL1,PHF23,PHF23,ENSG00000040633,6.362259864807129,25,455.0,0.062414266117969824
KLF1,VWCE,VWCE,ENSG00000167992,6.3622565269470215,25,593.0,0.0813443072702332
TAL1,CHERP,CHERP,ENSG00000085872,6.361110687255859,30,456.0,0.06255144032921811
KLF1,PEX14,PEX14,ENSG00000142655,6.360576152801514,31,594.0,0.08148148148148149
NFE2,CDK13,CDK13,ENSG00000065883,6.359513759613037,25,704.0,0.09657064471879287
TAL1,ELMOD2,ELMOD2,ENSG00000179387,6.359228134155273,25,457.0,0.0626886145404664
KLF1,NCAPH2,NCAPH2,ENSG00000025770,6.3584885597229,29,595.0,0.08161865569272976
NFE2,HMGCS1,HMGCS1,ENSG00000112972,6.3582634925842285,26,705.0,0.09670781893004116
GATA1,LMAN2,LMAN2,ENSG00000169223,6.356046199798584,31,444.0,0.060905349794238686
GATA1,CUL2,CUL2,ENSG00000108094,6.355998992919922,27,445.0,0.061042524005486966
TAL1,UBAP2L,UBAP2L,ENSG00000143569,6.355165004730225,25,458.0,0.06282578875171468
NFE2,PPP1R3E,PPP1R3E,ENSG00000235194,6.355160713195801,25,706.0,0.09684499314128944
TAL1,BAZ2A,BAZ2A,ENSG00000076108,6.355113506317139,25,459.0,0.06296296296296296
TAL1,PTPN4,PTPN4,ENSG00000088179,6.3547773361206055,25,460.0,0.06310013717421124
KLF1,FBXO38,FBXO38,ENSG00000145868,6.354355812072754,28,596.0,0.08175582990397805
KLF1,CRY1,CRY1,ENSG00000008405,6.3539628982543945,29,597.0,0.08189300411522633
KLF1,OXSM,OXSM,ENSG00000151093,6.353480815887451,25,598.0,0.08203017832647462
NFE2,FAM114A2,FAM114A2,ENSG00000055147,6.351672172546387,28,707.0,0.09698216735253773
KLF1,PSENEN,PSENEN,ENSG00000205155,6.351597785949707,27,599.0,0.0821673525377229
NFE2,FAM3A,FAM3A,ENSG00000071889,6.351180553436279,25,708.0,0.097119341563786
TAL1,MIR22HG,MIR22HG,ENSG00000186594,6.351109504699707,25,461.0,0.06323731138545953
GATA1,CTNNAL1,CTNNAL1,ENSG00000119326,6.351020812988281,25,446.0,0.06117969821673525
TAL1,SESN3,SESN3,ENSG00000149212,6.350922107696533,29,462.0,0.06337448559670782
NFE2,TTC1,TTC1,ENSG00000113312,6.3501129150390625,25,709.0,0.09725651577503429
NFE2,GALNT2,GALNT2,ENSG00000143641,6.349992752075195,29,710.0,0.09739368998628258
NFE2,C11orf71,C11orf71,ENSG00000180425,6.349553108215332,25,711.0,0.09753086419753086
GATA1,RLIM,RLIM,ENSG00000131263,6.349547863006592,30,447.0,0.06131687242798354
KLF1,FAM53C,FAM53C,ENSG00000120709,6.349357604980469,27,600.0,0.0823045267489712
NFE2,PRR5,PRR5,ENSG00000186654,6.349333763122559,26,712.0,0.09766803840877915
NFE2,TBPL1,TBPL1,ENSG00000028839,6.349210739135742,27,713.0,0.09780521262002743
TAL1,HSPA1A,HSPA1A,ENSG00000204389,6.349185943603516,25,463.0,0.0635116598079561
TAL1,FAM8A1,FAM8A1,ENSG00000137414,6.346419334411621,26,464.0,0.06364883401920439
TAL1,PWWP2A,PWWP2A,ENSG00000170234,6.342383861541748,25,465.0,0.06378600823045268
NFE2,ARFIP1,ARFIP1,ENSG00000164144,6.341636657714844,25,714.0,0.09794238683127572
GATA1,ELK4,ELK4,ENSG00000158711,6.341479301452637,28,448.0,0.061454046639231825
KLF1,RPAIN,RPAIN,ENSG00000129197,6.341407299041748,29,601.0,0.08244170096021948
NFE2,PABPC4,PABPC4,ENSG00000090621,6.340797424316406,25,715.0,0.09807956104252401
NFE2,COL18A1,COL18A1,ENSG00000182871,6.340149879455566,26,716.0,0.0982167352537723
TAL1,DENND4A,DENND4A,ENSG00000174485,6.338470458984375,25,466.0,0.06392318244170096
TAL1,STK17A,STK17A,ENSG00000164543,6.338092803955078,29,467.0,0.06406035665294925
GATA1,NDUFA8,NDUFA8,ENSG00000119421,6.33779239654541,25,449.0,0.06159122085048011
KLF1,METTL5,METTL5,ENSG00000138382,6.337506294250488,26,602.0,0.08257887517146777
TAL1,RNF216,RNF216,ENSG00000011275,6.337437152862549,25,468.0,0.06419753086419754
NFE2,SDR39U1,SDR39U1,ENSG00000100445,6.337325572967529,25,717.0,0.09835390946502058
NFE2,BNIP2,BNIP2,ENSG00000140299,6.337308406829834,26,718.0,0.09849108367626887
NFE2,VPS39,VPS39,ENSG00000166887,6.335611343383789,25,719.0,0.09862825788751714
GATA1,REXO2,REXO2,ENSG00000076043,6.33496618270874,25,450.0,0.06172839506172839
TAL1,BECN1,BECN1,ENSG00000126581,6.334758758544922,27,469.0,0.06433470507544582
NFE2,ELP4,ELP4,ENSG00000109911,6.334322452545166,36,720.0,0.09876543209876543
GATA1,NDUFA1,NDUFA1,ENSG00000125356,6.333746433258057,26,451.0,0.06186556927297668
GATA1,CACNA2D4,CACNA2D4,ENSG00000151062,6.333457946777344,25,452.0,0.062002743484224965
TAL1,CTIF,CTIF,ENSG00000134030,6.333438873291016,27,470.0,0.0644718792866941
TAL1,MAP3K20-AS1,MAP3K20-AS1,ENSG00000238133,6.3330912590026855,27,471.0,0.06460905349794238
KLF1,RTN3,RTN3,ENSG00000133318,6.332709789276123,25,603.0,0.08271604938271605
KLF1,STIP1,STIP1,ENSG00000168439,6.332688331604004,25,604.0,0.08285322359396434
KLF1,HYLS1,HYLS1,ENSG00000198331,6.332526206970215,26,605.0,0.08299039780521263
TAL1,ADIPOR1,ADIPOR1,ENSG00000159346,6.331875801086426,25,472.0,0.06474622770919067
TAL1,GFPT1,GFPT1,ENSG00000198380,6.331866264343262,25,473.0,0.06488340192043895
KLF1,FAM214A,FAM214A,ENSG00000047346,6.331824779510498,25,606.0,0.0831275720164609
NFE2,PSMD9,PSMD9,ENSG00000110801,6.3313889503479,25,721.0,0.09890260631001371
NFE2,RGS6,RGS6,ENSG00000182732,6.330284595489502,26,722.0,0.099039780521262
TAL1,ATP6V1C1,ATP6V1C1,ENSG00000155097,6.329808712005615,25,474.0,0.06502057613168724
KLF1,TOR3A,TOR3A,ENSG00000186283,6.3295392990112305,25,607.0,0.08326474622770919
KLF1,MZF1,MZF1,ENSG00000099326,6.329355239868164,25,608.0,0.08340192043895747
KLF1,TOLLIP,TOLLIP,ENSG00000078902,6.329082489013672,26,609.0,0.08353909465020576
NFE2,TRAFD1,TRAFD1,ENSG00000135148,6.328039169311523,25,723.0,0.09917695473251029
NFE2,TSTA3,TSTA3,ENSG00000104522,6.3277506828308105,27,724.0,0.09931412894375857
NFE2,SEC61G,SEC61G,ENSG00000132432,6.326603412628174,26,725.0,0.09945130315500686
GATA1,MAN1A2,MAN1A2,ENSG00000198162,6.326488018035889,25,453.0,0.06213991769547325
NFE2,CITED2,CITED2,ENSG00000164442,6.326478481292725,28,726.0,0.09958847736625515
NFE2,IKBKG,IKBKG,ENSG00000269335,6.324318885803223,27,727.0,0.09972565157750343
NFE2,IMP4,IMP4,ENSG00000136718,6.323315620422363,25,728.0,0.09986282578875172
GATA1,WARS,WARS,ENSG00000140105,6.322845935821533,27,454.0,0.06227709190672154
NFE2,ARL6IP1,ARL6IP1,ENSG00000170540,6.322124004364014,29,729.0,0.1
TAL1,KDM5A,KDM5A,ENSG00000073614,6.320746898651123,29,475.0,0.06515775034293553
KLF1,USP24,USP24,ENSG00000162402,6.31990385055542,26,610.0,0.08367626886145405
KLF1,RAB5A,RAB5A,ENSG00000144566,6.316747665405273,25,611.0,0.08381344307270233
TAL1,ECD,ECD,ENSG00000122882,6.3160176277160645,29,476.0,0.06529492455418381
KLF1,PRKAB2,PRKAB2,ENSG00000131791,6.315346717834473,25,612.0,0.08395061728395062
TAL1,ANKUB1,ANKUB1,ENSG00000206199,6.314948558807373,25,477.0,0.0654320987654321
KLF1,GABARAPL1,GABARAPL1,ENSG00000139112,6.314492702484131,28,613.0,0.0840877914951989
TAL1,AC092802.1,AC092802.1,ENSG00000226026,6.312356472015381,27,478.0,0.06556927297668039
GATA1,SMUG1,SMUG1,ENSG00000123415,6.31185245513916,25,455.0,0.062414266117969824
TAL1,DNAJB12,DNAJB12,ENSG00000148719,6.311680793762207,28,479.0,0.06570644718792867
GATA1,TDRD3,TDRD3,ENSG00000083544,6.309773921966553,25,456.0,0.06255144032921811
GATA1,PPIL4,PPIL4,ENSG00000131013,6.309601783752441,26,457.0,0.0626886145404664
GATA1,MRTFB,MRTFB,ENSG00000186260,6.309342384338379,29,458.0,0.06282578875171468
KLF1,C12orf73,C12orf73,ENSG00000204954,6.308952331542969,26,614.0,0.08422496570644719
GATA1,WDTC1,WDTC1,ENSG00000142784,6.308755397796631,25,459.0,0.06296296296296296
TAL1,PP2D1,PP2D1,ENSG00000183977,6.308679103851318,28,480.0,0.06584362139917696
KLF1,PRKAG1,PRKAG1,ENSG00000181929,6.308634281158447,25,615.0,0.08436213991769548
GATA1,CRBN,CRBN,ENSG00000113851,6.308236598968506,25,460.0,0.06310013717421124
GATA1,C5orf34,C5orf34,ENSG00000172244,6.306838035583496,27,461.0,0.06323731138545953
TAL1,MFSD14C,MFSD14C,ENSG00000196312,6.305622100830078,27,481.0,0.06598079561042525
GATA1,GPR108,GPR108,ENSG00000125734,6.305449962615967,30,462.0,0.06337448559670782
GATA1,COMMD3,COMMD3,ENSG00000148444,6.304874897003174,25,463.0,0.0635116598079561
KLF1,TUBB2A,TUBB2A,ENSG00000137267,6.304851055145264,26,616.0,0.08449931412894376
KLF1,SDCCAG8,SDCCAG8,ENSG00000054282,6.304371356964111,27,617.0,0.08463648834019204
KLF1,GNB2,GNB2,ENSG00000172354,6.3032402992248535,27,618.0,0.08477366255144032
KLF1,RAP2C,RAP2C,ENSG00000123728,6.302610874176025,26,619.0,0.08491083676268861
KLF1,TRPS1,TRPS1,ENSG00000104447,6.302312850952148,26,620.0,0.0850480109739369
TAL1,LUC7L3,LUC7L3,ENSG00000108848,6.299851417541504,28,482.0,0.06611796982167352
GATA1,HPS3,HPS3,ENSG00000163755,6.298047065734863,25,464.0,0.06364883401920439
KLF1,REXO4,REXO4,ENSG00000148300,6.297651767730713,26,621.0,0.08518518518518518
GATA1,VTI1B,VTI1B,ENSG00000100568,6.296930313110352,25,465.0,0.06378600823045268
GATA1,DAP,DAP,ENSG00000112977,6.296133995056152,29,466.0,0.06392318244170096
TAL1,CHTOP,CHTOP,ENSG00000160679,6.29603910446167,28,483.0,0.0662551440329218
GATA1,COMMD6,COMMD6,ENSG00000188243,6.292012691497803,29,467.0,0.06406035665294925
GATA1,SSNA1,SSNA1,ENSG00000176101,6.291558742523193,25,468.0,0.06419753086419754
GATA1,PPID,PPID,ENSG00000171497,6.290762901306152,25,469.0,0.06433470507544582
TAL1,YIPF4,YIPF4,ENSG00000119820,6.2904815673828125,28,484.0,0.06639231824417009
KLF1,DCAF13,DCAF13,ENSG00000164934,6.286649703979492,28,622.0,0.08532235939643347
TAL1,CD59,CD59,ENSG00000085063,6.286494255065918,25,485.0,0.06652949245541838
TAL1,NUDT5,NUDT5,ENSG00000165609,6.286471843719482,28,486.0,0.06666666666666667
GATA1,VRK3,VRK3,ENSG00000105053,6.284662246704102,27,470.0,0.0644718792866941
KLF1,TRIAP1,TRIAP1,ENSG00000170855,6.28350305557251,25,623.0,0.08545953360768176
KLF1,NELFE,NELFE,ENSG00000204356,6.283297061920166,29,624.0,0.08559670781893004
TAL1,RELA,RELA,ENSG00000173039,6.283212184906006,25,487.0,0.06680384087791495
KLF1,SMARCD1,SMARCD1,ENSG00000066117,6.283177852630615,25,625.0,0.08573388203017833
KLF1,MIS12,MIS12,ENSG00000167842,6.282654285430908,29,626.0,0.08587105624142662
GATA1,ZC3H13,ZC3H13,ENSG00000123200,6.281982898712158,27,471.0,0.06460905349794238
KLF1,AAMP,AAMP,ENSG00000127837,6.281210422515869,26,627.0,0.0860082304526749
TAL1,TMEM170A,TMEM170A,ENSG00000166822,6.280795097351074,33,488.0,0.06694101508916324
TAL1,EBLN3P,EBLN3P,ENSG00000281649,6.280385971069336,26,489.0,0.06707818930041153
KLF1,SP110,SP110,ENSG00000135899,6.279850482940674,25,628.0,0.08614540466392319
KLF1,DMAP1,DMAP1,ENSG00000178028,6.27885103225708,28,629.0,0.08628257887517146
KLF1,RAB1B,RAB1B,ENSG00000174903,6.277681350708008,33,630.0,0.08641975308641975
GATA1,RWDD4,RWDD4,ENSG00000182552,6.277101516723633,25,472.0,0.06474622770919067
GATA1,TARS,TARS,ENSG00000113407,6.277014255523682,27,473.0,0.06488340192043895
KLF1,AC245407.2,AC245407.2,ENSG00000287978,6.27665376663208,25,631.0,0.08655692729766803
KLF1,GCC2,GCC2,ENSG00000135968,6.2765326499938965,25,632.0,0.08669410150891632
KLF1,TMEM59,TMEM59,ENSG00000116209,6.276512622833252,28,633.0,0.08683127572016461
TAL1,DNAJA2,DNAJA2,ENSG00000069345,6.275020122528076,25,490.0,0.06721536351165981
GATA1,FANCG,FANCG,ENSG00000221829,6.275012969970703,25,474.0,0.06502057613168724
TAL1,IRS2,IRS2,ENSG00000185950,6.272388458251953,31,491.0,0.0673525377229081
TAL1,LINC02062,LINC02062,ENSG00000248489,6.271981239318848,27,492.0,0.06748971193415639
KLF1,RMDN3,RMDN3,ENSG00000137824,6.271052837371826,25,634.0,0.0869684499314129
GATA1,TMF1,TMF1,ENSG00000144747,6.270376205444336,28,475.0,0.06515775034293553
GATA1,ULK1,ULK1,ENSG00000177169,6.270018577575684,25,476.0,0.06529492455418381
GATA1,SDAD1,SDAD1,ENSG00000198301,6.267824172973633,27,477.0,0.0654320987654321
KLF1,DDX27,DDX27,ENSG00000124228,6.267489910125732,26,635.0,0.08710562414266118
TAL1,RPF2,RPF2,ENSG00000197498,6.267322540283203,25,493.0,0.06762688614540466
KLF1,ORMDL3,ORMDL3,ENSG00000172057,6.266335487365723,25,636.0,0.08724279835390947
KLF1,EMC8,EMC8,ENSG00000131148,6.265885829925537,30,637.0,0.08737997256515775
TAL1,FBXO8,FBXO8,ENSG00000164117,6.265683174133301,26,494.0,0.06776406035665294
GATA1,KPNA6,KPNA6,ENSG00000025800,6.263976573944092,26,478.0,0.06556927297668039
GATA1,PHF5A,PHF5A,ENSG00000100410,6.263539791107178,27,479.0,0.06570644718792867
TAL1,RTF1,RTF1,ENSG00000137815,6.263350486755371,34,495.0,0.06790123456790123
GATA1,LSM2,LSM2,ENSG00000204392,6.263049602508545,32,480.0,0.06584362139917696
GATA1,EMC2,EMC2,ENSG00000104412,6.263047695159912,25,481.0,0.06598079561042525
GATA1,DPP7,DPP7,ENSG00000176978,6.262494087219238,25,482.0,0.06611796982167352
GATA1,MRPS22,MRPS22,ENSG00000175110,6.261832237243652,27,483.0,0.0662551440329218
TAL1,GNE,GNE,ENSG00000159921,6.260551452636719,28,496.0,0.06803840877914952
KLF1,TMEM98,TMEM98,ENSG00000006042,6.259537220001221,29,638.0,0.08751714677640604
TAL1,TMEM33,TMEM33,ENSG00000109133,6.259446144104004,30,497.0,0.0681755829903978
KLF1,RAB4A,RAB4A,ENSG00000168118,6.259157180786133,26,639.0,0.08765432098765433
GATA1,CASTOR2,CASTOR2,ENSG00000274070,6.256904602050781,26,484.0,0.06639231824417009
GATA1,PLAAT4,PLAAT4,ENSG00000133321,6.256824493408203,26,485.0,0.06652949245541838
KLF1,PLEKHJ1,PLEKHJ1,ENSG00000104886,6.256552219390869,25,640.0,0.0877914951989026
KLF1,OPTN,OPTN,ENSG00000123240,6.256186485290527,26,641.0,0.08792866941015089
GATA1,TMBIM4,TMBIM4,ENSG00000155957,6.255180358886719,25,486.0,0.06666666666666667
KLF1,METTL23,METTL23,ENSG00000181038,6.254844665527344,25,642.0,0.08806584362139917
GATA1,INTS1,INTS1,ENSG00000164880,6.254497051239014,26,487.0,0.06680384087791495
TAL1,ALKBH6,ALKBH6,ENSG00000239382,6.253489971160889,25,498.0,0.06831275720164609
GATA1,MPRIP,MPRIP,ENSG00000133030,6.251827239990234,29,488.0,0.06694101508916324
KLF1,SERINC5,SERINC5,ENSG00000164300,6.251698017120361,25,643.0,0.08820301783264746
KLF1,C5orf30,C5orf30,ENSG00000181751,6.250116348266602,26,644.0,0.08834019204389575
GATA1,MTA2,MTA2,ENSG00000149480,6.249251365661621,27,489.0,0.06707818930041153
KLF1,LINC02772,LINC02772,ENSG00000271736,6.248968124389648,30,645.0,0.08847736625514403
TAL1,ARG2,ARG2,ENSG00000081181,6.2484965324401855,32,499.0,0.06844993141289438
GATA1,BRI3,BRI3,ENSG00000164713,6.247524738311768,25,490.0,0.06721536351165981
KLF1,RPA1,RPA1,ENSG00000132383,6.246664047241211,25,646.0,0.08861454046639232
GATA1,PDE4DIP,PDE4DIP,ENSG00000178104,6.246428489685059,25,491.0,0.0673525377229081
KLF1,ARL16,ARL16,ENSG00000214087,6.245816230773926,25,647.0,0.0887517146776406
TAL1,RPIA,RPIA,ENSG00000153574,6.244742393493652,25,500.0,0.06858710562414266
TAL1,WWC3-AS1,WWC3-AS1,ENSG00000225076,6.244529724121094,29,501.0,0.06872427983539095
GATA1,SF3A1,SF3A1,ENSG00000099995,6.2439751625061035,25,492.0,0.06748971193415639
KLF1,KRI1,KRI1,ENSG00000129347,6.243894577026367,25,648.0,0.08888888888888889
GATA1,MRPL37,MRPL37,ENSG00000116221,6.2421793937683105,28,493.0,0.06762688614540466
KLF1,USP12-AS1,USP12-AS1,ENSG00000232162,6.241934776306152,26,649.0,0.08902606310013718
TAL1,TOM1L2,TOM1L2,ENSG00000175662,6.241697311401367,31,502.0,0.06886145404663924
GATA1,CACUL1,CACUL1,ENSG00000151893,6.241594314575195,25,494.0,0.06776406035665294
KLF1,CIAO2B,CIAO2B,ENSG00000166595,6.241152763366699,28,650.0,0.08916323731138547
GATA1,COPE,COPE,ENSG00000105669,6.24074649810791,30,495.0,0.06790123456790123
TAL1,ZNF346,ZNF346,ENSG00000113761,6.240392208099365,25,503.0,0.06899862825788752
KLF1,ZBTB44,ZBTB44,ENSG00000196323,6.2368879318237305,25,651.0,0.08930041152263374
GATA1,AHSA1,AHSA1,ENSG00000100591,6.23495626449585,32,496.0,0.06803840877914952
KLF1,COA4,COA4,ENSG00000181924,6.234885215759277,26,652.0,0.08943758573388202
GATA1,DHX36,DHX36,ENSG00000174953,6.2325639724731445,29,497.0,0.0681755829903978
TAL1,HIPK3,HIPK3,ENSG00000110422,6.231700420379639,28,504.0,0.0691358024691358
GATA1,EIF3H,EIF3H,ENSG00000147677,6.226422309875488,25,498.0,0.06831275720164609
KLF1,USP9X,USP9X,ENSG00000124486,6.226345062255859,25,653.0,0.08957475994513031
GATA1,ARMH3,ARMH3,ENSG00000120029,6.225612163543701,25,499.0,0.06844993141289438
KLF1,ZNF639,ZNF639,ENSG00000121864,6.2244133949279785,26,654.0,0.0897119341563786
KLF1,ZNF888,ZNF888,ENSG00000213793,6.223666667938232,26,655.0,0.08984910836762688
TAL1,FAM160B1,FAM160B1,ENSG00000151553,6.221861839294434,25,505.0,0.06927297668038408
KLF1,HIST1H2BK,HIST1H2BK,ENSG00000197903,6.220926284790039,31,656.0,0.08998628257887517
KLF1,APPBP2,APPBP2,ENSG00000062725,6.220649719238281,25,657.0,0.09012345679012346
GATA1,NAA30,NAA30,ENSG00000139977,6.220554828643799,25,500.0,0.06858710562414266
GATA1,CNBP,CNBP,ENSG00000169714,6.220309734344482,25,501.0,0.06872427983539095
GATA1,C1orf50,C1orf50,ENSG00000164008,6.220242977142334,33,502.0,0.06886145404663924
GATA1,ATP5MF,ATP5MF,ENSG00000241468,6.219614028930664,28,503.0,0.06899862825788752
GATA1,CBLB,CBLB,ENSG00000114423,6.219335079193115,30,504.0,0.0691358024691358
KLF1,PLBD2,PLBD2,ENSG00000151176,6.218618869781494,26,658.0,0.09026063100137174
GATA1,RAB12,RAB12,ENSG00000206418,6.216307640075684,25,505.0,0.06927297668038408
GATA1,PPP1R3B,PPP1R3B,ENSG00000173281,6.21554708480835,30,506.0,0.06941015089163237
GATA1,PRR14,PRR14,ENSG00000156858,6.214990139007568,28,507.0,0.06954732510288066
GATA1,ELL2,ELL2,ENSG00000118985,6.2147722244262695,31,508.0,0.06968449931412894
TAL1,PEPD,PEPD,ENSG00000124299,6.213955402374268,29,506.0,0.06941015089163237
GATA1,SHMT2,SHMT2,ENSG00000182199,6.213898181915283,27,509.0,0.06982167352537723
GATA1,VPS45,VPS45,ENSG00000136631,6.210735321044922,25,510.0,0.06995884773662552
KLF1,INTS14,INTS14,ENSG00000138614,6.210255146026611,30,659.0,0.09039780521262003
TAL1,NUDT4B,NUDT4B,ENSG00000177144,6.2101731300354,26,507.0,0.06954732510288066
GATA1,GCDH,GCDH,ENSG00000105607,6.210058689117432,27,511.0,0.0700960219478738
KLF1,TESC,TESC,ENSG00000088992,6.209660053253174,27,660.0,0.09053497942386832
KLF1,NUDT4B,NUDT4B,ENSG00000177144,6.208007335662842,26,661.0,0.0906721536351166
GATA1,POLR2H,POLR2H,ENSG00000163882,6.207982540130615,25,512.0,0.07023319615912209
TAL1,GPN1,GPN1,ENSG00000198522,6.207337379455566,26,508.0,0.06968449931412894
KLF1,FEM1A,FEM1A,ENSG00000141965,6.205336093902588,27,662.0,0.09080932784636489
KLF1,ECHS1,ECHS1,ENSG00000127884,6.204334259033203,25,663.0,0.09094650205761316
GATA1,GPS2,GPS2,ENSG00000132522,6.20317268371582,28,513.0,0.07037037037037037
KLF1,ATP6V0B,ATP6V0B,ENSG00000117410,6.203161716461182,25,664.0,0.09108367626886145
TAL1,MARCH5,MARCH5,ENSG00000198060,6.202933311462402,27,509.0,0.06982167352537723
GATA1,COG7,COG7,ENSG00000168434,6.2021379470825195,25,514.0,0.07050754458161866
KLF1,MAP2K5,MAP2K5,ENSG00000137764,6.202116966247559,26,665.0,0.09122085048010974
KLF1,CBLB,CBLB,ENSG00000114423,6.201666831970215,30,666.0,0.09135802469135802
KLF1,KLF6,KLF6,ENSG00000067082,6.201297760009766,25,667.0,0.09149519890260631
KLF1,NOL9,NOL9,ENSG00000162408,6.200836181640625,27,668.0,0.0916323731138546
GATA1,FAM50A,FAM50A,ENSG00000071859,6.200491428375244,27,515.0,0.07064471879286695
TAL1,CUEDC2,CUEDC2,ENSG00000107874,6.199452877044678,26,510.0,0.06995884773662552
KLF1,CEPT1,CEPT1,ENSG00000134255,6.199107646942139,25,669.0,0.09176954732510288
KLF1,UBE2J2,UBE2J2,ENSG00000160087,6.199031352996826,26,670.0,0.09190672153635117
KLF1,VHL,VHL,ENSG00000134086,6.197879314422607,26,671.0,0.09204389574759946
GATA1,ZFYVE1,ZFYVE1,ENSG00000165861,6.197503566741943,27,516.0,0.07078189300411522
KLF1,ZNF276,ZNF276,ENSG00000158805,6.196260452270508,25,672.0,0.09218106995884774
TAL1,AUH,AUH,ENSG00000148090,6.196183681488037,27,511.0,0.0700960219478738
TAL1,PFDN2,PFDN2,ENSG00000143256,6.194660663604736,27,512.0,0.07023319615912209
TAL1,CRBN,CRBN,ENSG00000113851,6.194398403167725,25,513.0,0.07037037037037037
KLF1,RGCC,RGCC,ENSG00000102760,6.194058895111084,25,673.0,0.09231824417009603
KLF1,AC127035.1,AC127035.1,ENSG00000285658,6.1913862228393555,29,674.0,0.0924554183813443
GATA1,SLC35C2,SLC35C2,ENSG00000080189,6.190970420837402,27,517.0,0.07091906721536351
GATA1,WDR37,WDR37,ENSG00000047056,6.188413619995117,29,518.0,0.0710562414266118
TAL1,ZMYM5,ZMYM5,ENSG00000132950,6.187812328338623,27,514.0,0.07050754458161866
GATA1,LYRM4,LYRM4,ENSG00000214113,6.186870574951172,26,519.0,0.07119341563786008
GATA1,SUCLA2,SUCLA2,ENSG00000136143,6.186167240142822,27,520.0,0.07133058984910837
GATA1,MTRNR2L8,MTRNR2L8,ENSG00000255823,6.185059070587158,25,521.0,0.07146776406035665
KLF1,AC008119.1,AC008119.1,ENSG00000287202,6.184678554534912,26,675.0,0.09259259259259259
KLF1,FKBP1A,FKBP1A,ENSG00000088832,6.183102130889893,25,676.0,0.09272976680384087
GATA1,ARRB2,ARRB2,ENSG00000141480,6.183032989501953,25,522.0,0.07160493827160494
GATA1,VSIR,VSIR,ENSG00000107738,6.1795735359191895,25,523.0,0.07174211248285323
KLF1,CLK4,CLK4,ENSG00000113240,6.179304599761963,25,677.0,0.09286694101508916
KLF1,TMEM126B,TMEM126B,ENSG00000171204,6.177478313446045,26,678.0,0.09300411522633745
TAL1,HIST2H2BE,HIST2H2BE,ENSG00000184678,6.177460193634033,26,515.0,0.07064471879286695
KLF1,POLR3C,POLR3C,ENSG00000186141,6.177128314971924,25,679.0,0.09314128943758573
TAL1,PML,PML,ENSG00000140464,6.177074909210205,30,516.0,0.07078189300411522
GATA1,MAP3K11,MAP3K11,ENSG00000173327,6.175960063934326,29,524.0,0.07187928669410151
KLF1,CDC26,CDC26,ENSG00000176386,6.175347805023193,25,680.0,0.09327846364883402
KLF1,GYPC,GYPC,ENSG00000136732,6.173243999481201,30,681.0,0.0934156378600823
KLF1,HIST2H2BF,HIST2H2BF,ENSG00000203814,6.172410011291504,27,682.0,0.0935528120713306
KLF1,LINC02256,LINC02256,ENSG00000261064,6.170645236968994,26,683.0,0.09368998628257888
GATA1,RHBDD3,RHBDD3,ENSG00000100263,6.170156955718994,26,525.0,0.0720164609053498
TAL1,LENG1,LENG1,ENSG00000105617,6.169589996337891,27,517.0,0.07091906721536351
TAL1,SLC12A6,SLC12A6,ENSG00000140199,6.169013977050781,26,518.0,0.0710562414266118
GATA1,MTLN,MTLN,ENSG00000175701,6.168875694274902,25,526.0,0.07215363511659809
GATA1,NIFK-AS1,NIFK-AS1,ENSG00000236859,6.168012619018555,27,527.0,0.07229080932784636
TAL1,DNTTIP2,DNTTIP2,ENSG00000067334,6.167841911315918,26,519.0,0.07119341563786008
GATA1,ZFAND2B,ZFAND2B,ENSG00000158552,6.167774677276611,27,528.0,0.07242798353909465
KLF1,SGTA,SGTA,ENSG00000104969,6.166898727416992,30,684.0,0.09382716049382717
KLF1,BTG2,BTG2,ENSG00000159388,6.165398597717285,26,685.0,0.09396433470507544
GATA1,RPS27,RPS27,ENSG00000177954,6.165215969085693,28,529.0,0.07256515775034293
KLF1,GPKOW,GPKOW,ENSG00000068394,6.16480827331543,26,686.0,0.09410150891632373
KLF1,TMEM126A,TMEM126A,ENSG00000171202,6.1647629737854,25,687.0,0.09423868312757201
GATA1,CD52,CD52,ENSG00000169442,6.164299011230469,27,530.0,0.07270233196159122
GATA1,TECR,TECR,ENSG00000099797,6.163891315460205,25,531.0,0.0728395061728395
KLF1,TNKS,TNKS,ENSG00000173273,6.163412570953369,27,688.0,0.0943758573388203
KLF1,NRBP1,NRBP1,ENSG00000115216,6.163400650024414,28,689.0,0.09451303155006859
KLF1,LPXN,LPXN,ENSG00000110031,6.161879062652588,25,690.0,0.09465020576131687
GATA1,NOSIP,NOSIP,ENSG00000142546,6.161365032196045,25,532.0,0.07297668038408779
GATA1,TXNL4B,TXNL4B,ENSG00000140830,6.159975528717041,25,533.0,0.07311385459533608
KLF1,ARL5B,ARL5B,ENSG00000165997,6.1590800285339355,27,691.0,0.09478737997256516
TAL1,AKT1S1,AKT1S1,ENSG00000204673,6.157162189483643,26,520.0,0.07133058984910837
KLF1,PLAA,PLAA,ENSG00000137055,6.156843185424805,25,692.0,0.09492455418381344
KLF1,ATF1,ATF1,ENSG00000123268,6.156731605529785,25,693.0,0.09506172839506173
TAL1,MRPL50,MRPL50,ENSG00000136897,6.155104160308838,25,521.0,0.07146776406035665
GATA1,HUS1,HUS1,ENSG00000136273,6.153997421264648,25,534.0,0.07325102880658436
TAL1,STAM,STAM,ENSG00000136738,6.1517510414123535,30,522.0,0.07160493827160494
KLF1,EDRF1,EDRF1,ENSG00000107938,6.151325702667236,26,694.0,0.09519890260631002
GATA1,TOM1,TOM1,ENSG00000100284,6.150892734527588,27,535.0,0.07338820301783265
KLF1,UTP20,UTP20,ENSG00000120800,6.147753715515137,27,695.0,0.0953360768175583
TAL1,HIST2H2AA4,HIST2H2AA4,ENSG00000272196,6.147530555725098,26,523.0,0.07174211248285323
GATA1,CARM1,CARM1,ENSG00000142453,6.146735191345215,27,536.0,0.07352537722908094
KLF1,CLK3,CLK3,ENSG00000179335,6.146600246429443,25,696.0,0.09547325102880659
GATA1,DVL2,DVL2,ENSG00000004975,6.145932674407959,25,537.0,0.07366255144032922
TAL1,HSPA8,HSPA8,ENSG00000109971,6.145180702209473,26,524.0,0.07187928669410151
KLF1,SREBF1,SREBF1,ENSG00000072310,6.144341468811035,25,697.0,0.09561042524005486
GATA1,SRP19,SRP19,ENSG00000153037,6.142939567565918,28,538.0,0.0737997256515775
TAL1,DAZAP2,DAZAP2,ENSG00000183283,6.1428399085998535,26,525.0,0.0720164609053498
GATA1,ACP1,ACP1,ENSG00000143727,6.141774654388428,29,539.0,0.07393689986282578
GATA1,GTF2H1,GTF2H1,ENSG00000110768,6.1397809982299805,28,540.0,0.07407407407407407
KLF1,CWF19L1,CWF19L1,ENSG00000095485,6.138923645019531,29,698.0,0.09574759945130315
GATA1,DENND1B,DENND1B,ENSG00000213047,6.138912200927734,28,541.0,0.07421124828532236
TAL1,CCDC85B,CCDC85B,ENSG00000175602,6.137947082519531,28,526.0,0.07215363511659809
KLF1,ZNF335,ZNF335,ENSG00000198026,6.137620449066162,26,699.0,0.09588477366255144
TAL1,ATRIP,ATRIP,ENSG00000164053,6.137301921844482,31,527.0,0.07229080932784636
KLF1,STX18,STX18,ENSG00000168818,6.136314868927002,26,700.0,0.09602194787379972
GATA1,DUSP1,DUSP1,ENSG00000120129,6.136218547821045,25,542.0,0.07434842249657064
GATA1,JMY,JMY,ENSG00000152409,6.1328911781311035,27,543.0,0.07448559670781893
KLF1,ICE1,ICE1,ENSG00000164151,6.1328606605529785,28,701.0,0.09615912208504801
TAL1,PCID2,PCID2,ENSG00000126226,6.1315813064575195,28,528.0,0.07242798353909465
GATA1,RPF1,RPF1,ENSG00000117133,6.131258010864258,28,544.0,0.07462277091906722
GATA1,UBA5,UBA5,ENSG00000081307,6.129761219024658,28,545.0,0.0747599451303155
GATA1,TBCB,TBCB,ENSG00000105254,6.129405498504639,25,546.0,0.07489711934156379
KLF1,WDR20,WDR20,ENSG00000140153,6.127218246459961,25,702.0,0.0962962962962963
GATA1,PDCD5,PDCD5,ENSG00000105185,6.127151012420654,26,547.0,0.07503429355281208
KLF1,FTX,FTX,ENSG00000230590,6.12710428237915,26,703.0,0.09643347050754458
KLF1,YTHDF1,YTHDF1,ENSG00000149658,6.12596321105957,31,704.0,0.09657064471879287
GATA1,DCUN1D5,DCUN1D5,ENSG00000137692,6.125452518463135,30,548.0,0.07517146776406036
KLF1,PRMT2,PRMT2,ENSG00000160310,6.1240925788879395,27,705.0,0.09670781893004116
KLF1,MIGA2,MIGA2,ENSG00000148343,6.122864723205566,25,706.0,0.09684499314128944
TAL1,MYNN,MYNN,ENSG00000085274,6.122720718383789,25,529.0,0.07256515775034293
KLF1,EPS8,EPS8,ENSG00000151491,6.1226301193237305,27,707.0,0.09698216735253773
KLF1,MR1,MR1,ENSG00000153029,6.121592044830322,29,708.0,0.097119341563786
TAL1,MDH2,MDH2,ENSG00000146701,6.120364189147949,27,530.0,0.07270233196159122
KLF1,SPART,SPART,ENSG00000133104,6.119878768920898,26,709.0,0.09725651577503429
TAL1,AL050309.1,AL050309.1,ENSG00000227486,6.119298458099365,27,531.0,0.0728395061728395
KLF1,CNN3,CNN3,ENSG00000117519,6.119150161743164,28,710.0,0.09739368998628258
GATA1,MROH1,MROH1,ENSG00000179832,6.118826866149902,27,549.0,0.07530864197530865
TAL1,MIIP,MIIP,ENSG00000116691,6.118782997131348,27,532.0,0.07297668038408779
KLF1,EIF4H,EIF4H,ENSG00000106682,6.117740631103516,27,711.0,0.09753086419753086
GATA1,BBIP1,BBIP1,ENSG00000214413,6.117141246795654,28,550.0,0.07544581618655692
TAL1,EIF4EBP1,EIF4EBP1,ENSG00000187840,6.115680694580078,29,533.0,0.07311385459533608
GATA1,AC245297.3,AC245297.3,ENSG00000274265,6.114713668823242,29,551.0,0.07558299039780521
GATA1,ACSS2,ACSS2,ENSG00000131069,6.11460018157959,25,552.0,0.0757201646090535
KLF1,INSIG1,INSIG1,ENSG00000186480,6.114388942718506,28,712.0,0.09766803840877915
TAL1,MCM3AP,MCM3AP,ENSG00000160294,6.11405611038208,25,534.0,0.07325102880658436
TAL1,C2orf68,C2orf68,ENSG00000168887,6.1128458976745605,29,535.0,0.07338820301783265
GATA1,ZNF76,ZNF76,ENSG00000065029,6.112412929534912,25,553.0,0.07585733882030178
KLF1,SLC6A9,SLC6A9,ENSG00000196517,6.1123809814453125,28,713.0,0.09780521262002743
KLF1,WWOX,WWOX,ENSG00000186153,6.112366199493408,26,714.0,0.09794238683127572
TAL1,WRAP73,WRAP73,ENSG00000116213,6.112314224243164,27,536.0,0.07352537722908094
KLF1,KAT6A,KAT6A,ENSG00000083168,6.111332416534424,26,715.0,0.09807956104252401
KLF1,CYB5R1,CYB5R1,ENSG00000159348,6.110594272613525,29,716.0,0.0982167352537723
TAL1,CLN3,CLN3,ENSG00000188603,6.110079288482666,25,537.0,0.07366255144032922
KLF1,BUD31,BUD31,ENSG00000106245,6.11002254486084,26,717.0,0.09835390946502058
TAL1,RNF19A,RNF19A,ENSG00000034677,6.108739852905273,25,538.0,0.0737997256515775
KLF1,EMC1-AS1,EMC1-AS1,ENSG00000230424,6.108705997467041,25,718.0,0.09849108367626887
GATA1,HDDC2,HDDC2,ENSG00000111906,6.108699798583984,29,554.0,0.07599451303155007
GATA1,HMGCR,HMGCR,ENSG00000113161,6.108229637145996,25,555.0,0.07613168724279835
TAL1,LINC01376,LINC01376,ENSG00000236204,6.108096599578857,25,539.0,0.07393689986282578
GATA1,EIF3I,EIF3I,ENSG00000084623,6.107975006103516,29,556.0,0.07626886145404664
TAL1,RBMS1,RBMS1,ENSG00000153250,6.107735633850098,25,540.0,0.07407407407407407
KLF1,FBXL3,FBXL3,ENSG00000005812,6.107255935668945,28,719.0,0.09862825788751714
GATA1,FLII,FLII,ENSG00000177731,6.107218265533447,28,557.0,0.07640603566529493
GATA1,ATP13A3,ATP13A3,ENSG00000133657,6.107051372528076,28,558.0,0.07654320987654321
GATA1,DLD,DLD,ENSG00000091140,6.106713771820068,28,559.0,0.0766803840877915
KLF1,C1QBP,C1QBP,ENSG00000108561,6.105680465698242,25,720.0,0.09876543209876543
KLF1,TSR3,TSR3,ENSG00000007520,6.105069160461426,26,721.0,0.09890260631001371
KLF1,HMBS,HMBS,ENSG00000256269,6.104738712310791,26,722.0,0.099039780521262
TAL1,CAPN7,CAPN7,ENSG00000131375,6.104676246643066,27,541.0,0.07421124828532236
KLF1,SLC2A4,SLC2A4,ENSG00000181856,6.104241371154785,26,723.0,0.09917695473251029
GATA1,USP20,USP20,ENSG00000136878,6.103481769561768,29,560.0,0.07681755829903979
KLF1,NOC2L,NOC2L,ENSG00000188976,6.103222846984863,30,724.0,0.09931412894375857
TAL1,AL117381.1,AL117381.1,ENSG00000236559,6.101947784423828,25,542.0,0.07434842249657064
GATA1,CD55,CD55,ENSG00000196352,6.101861476898193,25,561.0,0.07695473251028806
KLF1,WDR13,WDR13,ENSG00000101940,6.101312637329102,27,725.0,0.09945130315500686
GATA1,FH,FH,ENSG00000091483,6.100992679595947,27,562.0,0.07709190672153635
TAL1,HMGCL,HMGCL,ENSG00000117305,6.1007819175720215,26,543.0,0.07448559670781893
GATA1,TUSC2,TUSC2,ENSG00000114383,6.100649833679199,30,563.0,0.07722908093278463
KLF1,UBALD2,UBALD2,ENSG00000185262,6.098724842071533,27,726.0,0.09958847736625515
KLF1,PLEKHA7,PLEKHA7,ENSG00000166689,6.098124980926514,25,727.0,0.09972565157750343
GATA1,CDC25A,CDC25A,ENSG00000164045,6.097933769226074,29,564.0,0.07736625514403292
TAL1,DCP1B,DCP1B,ENSG00000151065,6.097393035888672,26,544.0,0.07462277091906722
KLF1,TOX4,TOX4,ENSG00000092203,6.0973286628723145,28,728.0,0.09986282578875172
KLF1,C6orf62,C6orf62,ENSG00000112308,6.0970282554626465,28,729.0,0.1
TAL1,C2orf76,C2orf76,ENSG00000186132,6.096669673919678,26,545.0,0.0747599451303155
GATA1,MR1,MR1,ENSG00000153029,6.09578800201416,29,565.0,0.0775034293552812
GATA1,PHC2,PHC2,ENSG00000134686,6.09182596206665,27,566.0,0.07764060356652949
TAL1,PCNX4,PCNX4,ENSG00000126773,6.091578006744385,25,546.0,0.07489711934156379
TAL1,UBC,UBC,ENSG00000150991,6.0910820960998535,27,547.0,0.07503429355281208
GATA1,DDIT3,DDIT3,ENSG00000175197,6.090700626373291,25,567.0,0.07777777777777778
GATA1,PTRH2,PTRH2,ENSG00000141378,6.089990615844727,27,568.0,0.07791495198902607
GATA1,AC003681.1,AC003681.1,ENSG00000279159,6.08976936340332,29,569.0,0.07805212620027435
GATA1,CETN2,CETN2,ENSG00000147400,6.089306831359863,25,570.0,0.07818930041152264
GATA1,TYW1B,TYW1B,ENSG00000277149,6.087863445281982,27,571.0,0.07832647462277093
TAL1,ARHGEF37,ARHGEF37,ENSG00000183111,6.087088108062744,25,548.0,0.07517146776406036
GATA1,UBXN10,UBXN10,ENSG00000162543,6.086902141571045,26,572.0,0.0784636488340192
TAL1,GLUL,GLUL,ENSG00000135821,6.086374759674072,28,549.0,0.07530864197530865
TAL1,AC127035.1,AC127035.1,ENSG00000285658,6.085694313049316,29,550.0,0.07544581618655692
TAL1,CRY2,CRY2,ENSG00000121671,6.085403919219971,25,551.0,0.07558299039780521
GATA1,MBTPS1,MBTPS1,ENSG00000140943,6.084060192108154,28,573.0,0.07860082304526748
TAL1,BLCAP,BLCAP,ENSG00000166619,6.079906463623047,27,552.0,0.0757201646090535
TAL1,MAN2A2,MAN2A2,ENSG00000196547,6.078739166259766,25,553.0,0.07585733882030178
TAL1,IP6K1,IP6K1,ENSG00000176095,6.077114582061768,25,554.0,0.07599451303155007
TAL1,RFX1,RFX1,ENSG00000132005,6.075313091278076,27,555.0,0.07613168724279835
GATA1,PSMC2,PSMC2,ENSG00000161057,6.074881553649902,27,574.0,0.07873799725651577
GATA1,AC068888.1,AC068888.1,ENSG00000257337,6.074571132659912,25,575.0,0.07887517146776406
GATA1,CHMP3,CHMP3,ENSG00000115561,6.070148468017578,26,576.0,0.07901234567901234
GATA1,SNHG29,SNHG29,ENSG00000175061,6.070094585418701,25,577.0,0.07914951989026063
GATA1,HDAC3,HDAC3,ENSG00000171720,6.069077014923096,25,578.0,0.07928669410150892
TAL1,PIK3CA,PIK3CA,ENSG00000121879,6.0690107345581055,29,556.0,0.07626886145404664
TAL1,PSME2,PSME2,ENSG00000100911,6.067690372467041,26,557.0,0.07640603566529493
GATA1,DSN1,DSN1,ENSG00000149636,6.066692352294922,27,579.0,0.0794238683127572
GATA1,AFG3L2,AFG3L2,ENSG00000141385,6.065619468688965,28,580.0,0.07956104252400549
TAL1,C11orf68,C11orf68,ENSG00000175573,6.063012599945068,26,558.0,0.07654320987654321
GATA1,RPL36AL,RPL36AL,ENSG00000165502,6.061164379119873,26,581.0,0.07969821673525378
TAL1,DAPK1,DAPK1,ENSG00000196730,6.058971881866455,27,559.0,0.0766803840877915
TAL1,ZNF431,ZNF431,ENSG00000196705,6.0584211349487305,25,560.0,0.07681755829903979
TAL1,SPTY2D1,SPTY2D1,ENSG00000179119,6.057734489440918,27,561.0,0.07695473251028806
GATA1,TENT5A,TENT5A,ENSG00000112773,6.056313514709473,26,582.0,0.07983539094650206
TAL1,ARPC4,ARPC4,ENSG00000241553,6.05576229095459,28,562.0,0.07709190672153635
TAL1,WDR81,WDR81,ENSG00000167716,6.055429458618164,25,563.0,0.07722908093278463
GATA1,CHFR,CHFR,ENSG00000072609,6.055089473724365,28,583.0,0.07997256515775034
GATA1,CHORDC1,CHORDC1,ENSG00000110172,6.051839351654053,26,584.0,0.08010973936899862
TAL1,DYRK1A,DYRK1A,ENSG00000157540,6.050955295562744,27,564.0,0.07736625514403292
TAL1,ID2,ID2,ENSG00000115738,6.047890663146973,32,565.0,0.0775034293552812
TAL1,MED7,MED7,ENSG00000155868,6.047205924987793,31,566.0,0.07764060356652949
TAL1,ARFGEF2,ARFGEF2,ENSG00000124198,6.046746730804443,25,567.0,0.07777777777777778
GATA1,DRAM2,DRAM2,ENSG00000156171,6.04564094543457,27,585.0,0.08024691358024691
GATA1,STX12,STX12,ENSG00000117758,6.045295715332031,25,586.0,0.0803840877914952
GATA1,GSR,GSR,ENSG00000104687,6.044826507568359,30,587.0,0.08052126200274348
TAL1,SLC38A7,SLC38A7,ENSG00000103042,6.043304443359375,25,568.0,0.07791495198902607
TAL1,CHD2,CHD2,ENSG00000173575,6.042914390563965,25,569.0,0.07805212620027435
GATA1,XRCC4,XRCC4,ENSG00000152422,6.042704105377197,25,588.0,0.08065843621399177
TAL1,GDF15,GDF15,ENSG00000130513,6.042516231536865,25,570.0,0.07818930041152264
TAL1,WDR5,WDR5,ENSG00000196363,6.0421319007873535,32,571.0,0.07832647462277093
TAL1,UBE2D3,UBE2D3,ENSG00000109332,6.041855335235596,26,572.0,0.0784636488340192
GATA1,JAGN1,JAGN1,ENSG00000171135,6.04133415222168,28,589.0,0.08079561042524006
TAL1,FAS,FAS,ENSG00000026103,6.040651321411133,25,573.0,0.07860082304526748
GATA1,ZNF770,ZNF770,ENSG00000198146,6.037403583526611,25,590.0,0.08093278463648834
GATA1,OXLD1,OXLD1,ENSG00000204237,6.0368757247924805,31,591.0,0.08106995884773663
GATA1,ZFP36L2,ZFP36L2,ENSG00000152518,6.035701274871826,30,592.0,0.08120713305898491
GATA1,ATG16L1,ATG16L1,ENSG00000085978,6.0350518226623535,25,593.0,0.0813443072702332
TAL1,P4HA3,P4HA3,ENSG00000149380,6.032629489898682,25,574.0,0.07873799725651577
GATA1,OSBPL2,OSBPL2,ENSG00000130703,6.026020050048828,26,594.0,0.08148148148148149
GATA1,JARID2,JARID2,ENSG00000008083,6.025108337402344,27,595.0,0.08161865569272976
TAL1,PPCS,PPCS,ENSG00000127125,6.023626327514648,28,575.0,0.07887517146776406
TAL1,SNX29,SNX29,ENSG00000048471,6.021976470947266,27,576.0,0.07901234567901234
GATA1,YOD1,YOD1,ENSG00000180667,6.021275043487549,36,596.0,0.08175582990397805
TAL1,PPME1,PPME1,ENSG00000214517,6.0207014083862305,29,577.0,0.07914951989026063
TAL1,TRIM27,TRIM27,ENSG00000204713,6.015623092651367,25,578.0,0.07928669410150892
TAL1,CCDC174,CCDC174,ENSG00000154781,6.015321731567383,27,579.0,0.0794238683127572
TAL1,ZNF146,ZNF146,ENSG00000167635,6.015077114105225,27,580.0,0.07956104252400549
GATA1,TMEM184C,TMEM184C,ENSG00000164168,6.012141704559326,26,597.0,0.08189300411522633
TAL1,DAG1,DAG1,ENSG00000173402,6.011411190032959,26,581.0,0.07969821673525378
TAL1,ZNF263,ZNF263,ENSG00000006194,6.011083126068115,28,582.0,0.07983539094650206
GATA1,NAE1,NAE1,ENSG00000159593,6.009838581085205,25,598.0,0.08203017832647462
GATA1,PSME3,PSME3,ENSG00000131467,6.0095133781433105,26,599.0,0.0821673525377229
GATA1,SFT2D1,SFT2D1,ENSG00000198818,6.008939743041992,27,600.0,0.0823045267489712
TAL1,FBXO11,FBXO11,ENSG00000138081,6.0081281661987305,25,583.0,0.07997256515775034
GATA1,NPTN,NPTN,ENSG00000156642,6.008119583129883,25,601.0,0.08244170096021948
TAL1,AKR1C1,AKR1C1,ENSG00000187134,6.008009910583496,25,584.0,0.08010973936899862
GATA1,TTBK2,TTBK2,ENSG00000128881,6.005677223205566,25,602.0,0.08257887517146777
GATA1,WASHC2A,WASHC2A,ENSG00000099290,6.004377841949463,25,603.0,0.08271604938271605
TAL1,AL627171.2,AL627171.2,ENSG00000282885,6.0038957595825195,25,585.0,0.08024691358024691
GATA1,VAT1L,VAT1L,ENSG00000171724,6.001806735992432,28,604.0,0.08285322359396434
TAL1,APOO,APOO,ENSG00000184831,6.001142501831055,28,586.0,0.0803840877914952
GATA1,TSN,TSN,ENSG00000211460,6.000951290130615,27,605.0,0.08299039780521263
GATA1,GTF3C2,GTF3C2,ENSG00000115207,6.000903129577637,27,606.0,0.0831275720164609
GATA1,NPC1,NPC1,ENSG00000141458,6.000628471374512,25,607.0,0.08326474622770919
TAL1,NEPRO,NEPRO,ENSG00000163608,5.998598575592041,27,587.0,0.08052126200274348
GATA1,UXT,UXT,ENSG00000126756,5.995455265045166,26,608.0,0.08340192043895747
TAL1,MED13L,MED13L,ENSG00000123066,5.995326042175293,27,588.0,0.08065843621399177
TAL1,ARIH1,ARIH1,ENSG00000166233,5.992836952209473,26,589.0,0.08079561042524006
TAL1,COA3,COA3,ENSG00000183978,5.992527008056641,25,590.0,0.08093278463648834
GATA1,VPS39,VPS39,ENSG00000166887,5.991995334625244,25,609.0,0.08353909465020576
GATA1,SHKBP1,SHKBP1,ENSG00000160410,5.989830493927002,28,610.0,0.08367626886145405
GATA1,SMIM15,SMIM15,ENSG00000188725,5.989677906036377,26,611.0,0.08381344307270233
GATA1,AP003068.2,AP003068.2,ENSG00000254614,5.9891791343688965,27,612.0,0.08395061728395062
TAL1,TMEM208,TMEM208,ENSG00000168701,5.989104270935059,28,591.0,0.08106995884773663
GATA1,ZZEF1,ZZEF1,ENSG00000074755,5.988389492034912,25,613.0,0.0840877914951989
TAL1,SLC39A10,SLC39A10,ENSG00000196950,5.987684726715088,27,592.0,0.08120713305898491
TAL1,WNK1,WNK1,ENSG00000060237,5.987201690673828,27,593.0,0.0813443072702332
TAL1,HBZ,HBZ,ENSG00000130656,5.986323833465576,26,594.0,0.08148148148148149
TAL1,FZR1,FZR1,ENSG00000105325,5.986293792724609,25,595.0,0.08161865569272976
TAL1,CTDSP2,CTDSP2,ENSG00000175215,5.98445987701416,25,596.0,0.08175582990397805
GATA1,FOXO4,FOXO4,ENSG00000184481,5.984313488006592,29,614.0,0.08422496570644719
GATA1,ZMAT2,ZMAT2,ENSG00000146007,5.983713150024414,26,615.0,0.08436213991769548
GATA1,AKAP11,AKAP11,ENSG00000023516,5.982152462005615,26,616.0,0.08449931412894376
GATA1,AIFM2,AIFM2,ENSG00000042286,5.979740619659424,28,617.0,0.08463648834019204
GATA1,MYO9A,MYO9A,ENSG00000066933,5.979641437530518,27,618.0,0.08477366255144032
TAL1,FBXO3,FBXO3,ENSG00000110429,5.979238510131836,25,597.0,0.08189300411522633
GATA1,CMAS,CMAS,ENSG00000111726,5.976905822753906,33,619.0,0.08491083676268861
TAL1,AGGF1,AGGF1,ENSG00000164252,5.976211071014404,25,598.0,0.08203017832647462
GATA1,TSC22D4,TSC22D4,ENSG00000166925,5.976077079772949,25,620.0,0.0850480109739369
TAL1,ARFGAP1,ARFGAP1,ENSG00000101199,5.974948406219482,25,599.0,0.0821673525377229
GATA1,THUMPD3-AS1,THUMPD3-AS1,ENSG00000206573,5.974796772003174,29,621.0,0.08518518518518518
GATA1,INTS11,INTS11,ENSG00000127054,5.974586009979248,25,622.0,0.08532235939643347
GATA1,GIT2,GIT2,ENSG00000139436,5.972565650939941,27,623.0,0.08545953360768176
GATA1,USP33,USP33,ENSG00000077254,5.972165584564209,27,624.0,0.08559670781893004
GATA1,CHPT1,CHPT1,ENSG00000111666,5.972054481506348,27,625.0,0.08573388203017833
GATA1,CCDC66,CCDC66,ENSG00000180376,5.971569061279297,25,626.0,0.08587105624142662
GATA1,ODC1,ODC1,ENSG00000115758,5.967047214508057,27,627.0,0.0860082304526749
GATA1,DNAJC8,DNAJC8,ENSG00000126698,5.966507911682129,30,628.0,0.08614540466392319
TAL1,GCLC,GCLC,ENSG00000001084,5.965433597564697,25,600.0,0.0823045267489712
GATA1,MAFK,MAFK,ENSG00000198517,5.965116500854492,25,629.0,0.08628257887517146
GATA1,ZDHHC7,ZDHHC7,ENSG00000153786,5.964615345001221,25,630.0,0.08641975308641975
GATA1,PRELID3B,PRELID3B,ENSG00000101166,5.964402198791504,27,631.0,0.08655692729766803
GATA1,TINF2,TINF2,ENSG00000092330,5.9639739990234375,25,632.0,0.08669410150891632
TAL1,MTMR3,MTMR3,ENSG00000100330,5.96297025680542,28,601.0,0.08244170096021948
TAL1,C1orf52,C1orf52,ENSG00000162642,5.961730480194092,32,602.0,0.08257887517146777
GATA1,CDK11A,CDK11A,ENSG00000008128,5.958314418792725,26,633.0,0.08683127572016461
GATA1,POLR3C,POLR3C,ENSG00000186141,5.957072734832764,25,634.0,0.0869684499314129
GATA1,DAPK1-IT1,DAPK1-IT1,ENSG00000236709,5.9560017585754395,25,635.0,0.08710562414266118
GATA1,A2ML1-AS1,A2ML1-AS1,ENSG00000256661,5.952095031738281,25,636.0,0.08724279835390947
TAL1,FBXO7,FBXO7,ENSG00000100225,5.95072078704834,28,603.0,0.08271604938271605
GATA1,C6orf89,C6orf89,ENSG00000198663,5.950546741485596,28,637.0,0.08737997256515775
GATA1,CDK7,CDK7,ENSG00000134058,5.950117111206055,26,638.0,0.08751714677640604
GATA1,MPHOSPH10,MPHOSPH10,ENSG00000124383,5.948370456695557,30,639.0,0.08765432098765433
GATA1,ATP5MC2,ATP5MC2,ENSG00000135390,5.947534561157227,28,640.0,0.0877914951989026
TAL1,MBD1,MBD1,ENSG00000141644,5.946078300476074,28,604.0,0.08285322359396434
GATA1,FGD6,FGD6,ENSG00000180263,5.945126056671143,28,641.0,0.08792866941015089
GATA1,UTP11,UTP11,ENSG00000183520,5.944032192230225,30,642.0,0.08806584362139917
GATA1,SGIP1,SGIP1,ENSG00000118473,5.9382805824279785,27,643.0,0.08820301783264746
GATA1,PLEKHJ1,PLEKHJ1,ENSG00000104886,5.936675548553467,25,644.0,0.08834019204389575
GATA1,ECH1,ECH1,ENSG00000104823,5.936639308929443,30,645.0,0.08847736625514403
GATA1,SPAG1,SPAG1,ENSG00000104450,5.933027267456055,25,646.0,0.08861454046639232
TAL1,DDX54,DDX54,ENSG00000123064,5.930151462554932,27,605.0,0.08299039780521263
GATA1,STAT6,STAT6,ENSG00000166888,5.927500247955322,27,647.0,0.0887517146776406
GATA1,JTB,JTB,ENSG00000143543,5.926758289337158,27,648.0,0.08888888888888889
TAL1,TRIM66,TRIM66,ENSG00000166436,5.923294544219971,27,606.0,0.0831275720164609
GATA1,DEDD2,DEDD2,ENSG00000160570,5.923089027404785,26,649.0,0.08902606310013718
TAL1,LACTB2,LACTB2,ENSG00000147592,5.9194769859313965,25,607.0,0.08326474622770919
TAL1,TRIM23,TRIM23,ENSG00000113595,5.919101715087891,25,608.0,0.08340192043895747
GATA1,EIF4ENIF1,EIF4ENIF1,ENSG00000184708,5.917832851409912,27,650.0,0.08916323731138547
GATA1,TMBIM6,TMBIM6,ENSG00000139644,5.915777206420898,25,651.0,0.08930041152263374
GATA1,HDGFL2,HDGFL2,ENSG00000167674,5.915477752685547,27,652.0,0.08943758573388202
TAL1,ELOF1,ELOF1,ENSG00000130165,5.913307189941406,26,609.0,0.08353909465020576
TAL1,TANGO6,TANGO6,ENSG00000103047,5.912505149841309,27,610.0,0.08367626886145405
TAL1,FAM83D,FAM83D,ENSG00000101447,5.912192344665527,25,611.0,0.08381344307270233
TAL1,CD44,CD44,ENSG00000026508,5.912148952484131,28,612.0,0.08395061728395062
GATA1,NGRN,NGRN,ENSG00000182768,5.911538124084473,25,653.0,0.08957475994513031
TAL1,ZC3H14,ZC3H14,ENSG00000100722,5.91019344329834,25,613.0,0.0840877914951989
GATA1,RABGEF1,RABGEF1,ENSG00000154710,5.9096269607543945,26,654.0,0.0897119341563786
GATA1,IBTK,IBTK,ENSG00000005700,5.907413959503174,26,655.0,0.08984910836762688
TAL1,NOL12,NOL12,ENSG00000273899,5.906688690185547,32,614.0,0.08422496570644719
TAL1,PEX16,PEX16,ENSG00000121680,5.906232833862305,31,615.0,0.08436213991769548
TAL1,ANKRD12,ANKRD12,ENSG00000101745,5.9049882888793945,25,616.0,0.08449931412894376
TAL1,CCNL1,CCNL1,ENSG00000163660,5.903039455413818,25,617.0,0.08463648834019204
GATA1,MRPL28,MRPL28,ENSG00000086504,5.902040481567383,26,656.0,0.08998628257887517
GATA1,MAP4K5,MAP4K5,ENSG00000012983,5.901078701019287,28,657.0,0.09012345679012346
GATA1,PCGF3,PCGF3,ENSG00000185619,5.900991439819336,28,658.0,0.09026063100137174
GATA1,ALOX12-AS1,ALOX12-AS1,ENSG00000215067,5.9008097648620605,30,659.0,0.09039780521262003
GATA1,RPL15,RPL15,ENSG00000174748,5.8984503746032715,29,660.0,0.09053497942386832
GATA1,UFSP2,UFSP2,ENSG00000109775,5.898327350616455,26,661.0,0.0906721536351166
GATA1,ID2,ID2,ENSG00000115738,5.897364616394043,32,662.0,0.09080932784636489
TAL1,KDM2A,KDM2A,ENSG00000173120,5.897027969360352,25,618.0,0.08477366255144032
TAL1,FAM204A,FAM204A,ENSG00000165669,5.897015571594238,28,619.0,0.08491083676268861
GATA1,NET1,NET1,ENSG00000173848,5.896061420440674,25,663.0,0.09094650205761316
GATA1,GCAT,GCAT,ENSG00000100116,5.895302772521973,27,664.0,0.09108367626886145
GATA1,RPL30,RPL30,ENSG00000156482,5.8952412605285645,29,665.0,0.09122085048010974
TAL1,AP5Z1,AP5Z1,ENSG00000242802,5.894933223724365,26,620.0,0.0850480109739369
TAL1,GPBP1L1,GPBP1L1,ENSG00000159592,5.8932952880859375,29,621.0,0.08518518518518518
GATA1,OSBPL5,OSBPL5,ENSG00000021762,5.887137413024902,29,666.0,0.09135802469135802
TAL1,TPP1,TPP1,ENSG00000166340,5.885879039764404,29,622.0,0.08532235939643347
TAL1,SGIP1,SGIP1,ENSG00000118473,5.884060382843018,27,623.0,0.08545953360768176
TAL1,CEP68,CEP68,ENSG00000011523,5.88275671005249,26,624.0,0.08559670781893004
GATA1,SP2,SP2,ENSG00000167182,5.880401611328125,26,667.0,0.09149519890260631
GATA1,SQOR,SQOR,ENSG00000137767,5.8800764083862305,27,668.0,0.0916323731138546
TAL1,RDH11,RDH11,ENSG00000072042,5.880041122436523,27,625.0,0.08573388203017833
TAL1,SNAPC3,SNAPC3,ENSG00000164975,5.879493713378906,25,626.0,0.08587105624142662
GATA1,BLZF1,BLZF1,ENSG00000117475,5.879387855529785,25,669.0,0.09176954732510288
GATA1,CSTF3,CSTF3,ENSG00000176102,5.87893009185791,26,670.0,0.09190672153635117
GATA1,THRAP3,THRAP3,ENSG00000054118,5.8785295486450195,27,671.0,0.09204389574759946
TAL1,VPS37C,VPS37C,ENSG00000167987,5.878350257873535,25,627.0,0.0860082304526749
GATA1,JPT2,JPT2,ENSG00000206053,5.8782172203063965,27,672.0,0.09218106995884774
GATA1,GZF1,GZF1,ENSG00000125812,5.878077507019043,26,673.0,0.09231824417009603
TAL1,ZNFX1,ZNFX1,ENSG00000124201,5.877895832061768,29,628.0,0.08614540466392319
GATA1,SPCS3,SPCS3,ENSG00000129128,5.876156330108643,25,674.0,0.0924554183813443
GATA1,ZCCHC2,ZCCHC2,ENSG00000141664,5.875430107116699,31,675.0,0.09259259259259259
TAL1,DHPS,DHPS,ENSG00000095059,5.875040531158447,26,629.0,0.08628257887517146
GATA1,SDCBP,SDCBP,ENSG00000137575,5.874080181121826,25,676.0,0.09272976680384087
TAL1,SYNE3,SYNE3,ENSG00000176438,5.873531341552734,27,630.0,0.08641975308641975
GATA1,METTL7A,METTL7A,ENSG00000185432,5.872528076171875,25,677.0,0.09286694101508916
GATA1,ZMIZ1,ZMIZ1,ENSG00000108175,5.872086524963379,29,678.0,0.09300411522633745
TAL1,TMEM63B,TMEM63B,ENSG00000137216,5.871763706207275,26,631.0,0.08655692729766803
GATA1,BTG2,BTG2,ENSG00000159388,5.870242595672607,26,679.0,0.09314128943758573
TAL1,ARID4B,ARID4B,ENSG00000054267,5.869693279266357,27,632.0,0.08669410150891632
TAL1,IFT52,IFT52,ENSG00000101052,5.867863178253174,27,633.0,0.08683127572016461
TAL1,GATB,GATB,ENSG00000059691,5.865809440612793,27,634.0,0.0869684499314129
TAL1,KDM5B,KDM5B,ENSG00000117139,5.865636348724365,25,635.0,0.08710562414266118
GATA1,CHMP1B,CHMP1B,ENSG00000255112,5.864894390106201,26,680.0,0.09327846364883402
GATA1,TOR1A,TOR1A,ENSG00000136827,5.864519119262695,25,681.0,0.0934156378600823
TAL1,PYCR2,PYCR2,ENSG00000143811,5.863346099853516,28,636.0,0.08724279835390947
TAL1,SERINC1,SERINC1,ENSG00000111897,5.863003730773926,28,637.0,0.08737997256515775
TAL1,NCSTN,NCSTN,ENSG00000162736,5.861452102661133,27,638.0,0.08751714677640604
GATA1,RRNAD1,RRNAD1,ENSG00000143303,5.86121940612793,25,682.0,0.0935528120713306
GATA1,FAU,FAU,ENSG00000149806,5.860881805419922,25,683.0,0.09368998628257888
GATA1,FKBP1B,FKBP1B,ENSG00000119782,5.860570907592773,28,684.0,0.09382716049382717
TAL1,RAMAC,RAMAC,ENSG00000169612,5.860233783721924,28,639.0,0.08765432098765433
TAL1,CPEB3,CPEB3,ENSG00000107864,5.859954833984375,25,640.0,0.0877914951989026
GATA1,ACTR5,ACTR5,ENSG00000101442,5.859459400177002,25,685.0,0.09396433470507544
TAL1,TMED9,TMED9,ENSG00000184840,5.85801362991333,27,641.0,0.08792866941015089
GATA1,SNRPA1,SNRPA1,ENSG00000131876,5.85735559463501,28,686.0,0.09410150891632373
GATA1,TNRC6B,TNRC6B,ENSG00000100354,5.856772422790527,25,687.0,0.09423868312757201
GATA1,IFI27L2,IFI27L2,ENSG00000119632,5.854833602905273,26,688.0,0.0943758573388203
TAL1,KLF9,KLF9,ENSG00000119138,5.854573726654053,25,642.0,0.08806584362139917
TAL1,LRRC8A,LRRC8A,ENSG00000136802,5.853756904602051,25,643.0,0.08820301783264746
GATA1,MKNK1,MKNK1,ENSG00000079277,5.853639125823975,25,689.0,0.09451303155006859
GATA1,AEBP2,AEBP2,ENSG00000139154,5.852990627288818,25,690.0,0.09465020576131687
TAL1,AC104170.1,AC104170.1,ENSG00000227070,5.852266788482666,25,644.0,0.08834019204389575
GATA1,HCG18,HCG18,ENSG00000231074,5.851337432861328,27,691.0,0.09478737997256516
GATA1,AC008040.1,AC008040.1,ENSG00000239219,5.850510597229004,28,692.0,0.09492455418381344
TAL1,AC026202.2,AC026202.2,ENSG00000233912,5.849616527557373,26,645.0,0.08847736625514403
GATA1,ZSCAN25,ZSCAN25,ENSG00000197037,5.849157333374023,26,693.0,0.09506172839506173
GATA1,HCCS,HCCS,ENSG00000004961,5.849115371704102,25,694.0,0.09519890260631002
TAL1,ZNF410,ZNF410,ENSG00000119725,5.8466572761535645,25,646.0,0.08861454046639232
GATA1,MED26,MED26,ENSG00000105085,5.845776081085205,25,695.0,0.0953360768175583
GATA1,CIAPIN1,CIAPIN1,ENSG00000005194,5.84564208984375,28,696.0,0.09547325102880659
TAL1,PRR34-AS1,PRR34-AS1,ENSG00000241990,5.844669342041016,25,647.0,0.0887517146776406
TAL1,SEC62-AS1,SEC62-AS1,ENSG00000240373,5.844252586364746,25,648.0,0.08888888888888889
TAL1,TRMT44,TRMT44,ENSG00000155275,5.8442230224609375,28,649.0,0.08902606310013718
GATA1,GRINA,GRINA,ENSG00000178719,5.843215465545654,26,697.0,0.09561042524005486
GATA1,CTNS,CTNS,ENSG00000040531,5.842826843261719,25,698.0,0.09574759945130315
TAL1,CALCOCO2,CALCOCO2,ENSG00000136436,5.8427534103393555,27,650.0,0.08916323731138547
TAL1,PROS1,PROS1,ENSG00000184500,5.841865539550781,27,651.0,0.08930041152263374
TAL1,EGLN1,EGLN1,ENSG00000135766,5.8394341468811035,26,652.0,0.08943758573388202
GATA1,FBXL3,FBXL3,ENSG00000005812,5.835574150085449,28,699.0,0.09588477366255144
GATA1,MTMR14,MTMR14,ENSG00000163719,5.835395336151123,27,700.0,0.09602194787379972
TAL1,NTMT1,NTMT1,ENSG00000148335,5.834378719329834,26,653.0,0.08957475994513031
TAL1,MYL12A,MYL12A,ENSG00000101608,5.833961009979248,27,654.0,0.0897119341563786
GATA1,MRPL38,MRPL38,ENSG00000204316,5.832991600036621,28,701.0,0.09615912208504801
TAL1,DGAT1,DGAT1,ENSG00000185000,5.832437992095947,25,655.0,0.08984910836762688
GATA1,GABPB1-IT1,GABPB1-IT1,ENSG00000285410,5.832138538360596,25,702.0,0.0962962962962963
GATA1,CPD,CPD,ENSG00000108582,5.830688953399658,26,703.0,0.09643347050754458
GATA1,WAPL,WAPL,ENSG00000062650,5.830305099487305,28,704.0,0.09657064471879287
GATA1,IGF2BP2,IGF2BP2,ENSG00000073792,5.8289594650268555,27,705.0,0.09670781893004116
GATA1,STRAP,STRAP,ENSG00000023734,5.826956748962402,27,706.0,0.09684499314128944
TAL1,PRDM2,PRDM2,ENSG00000116731,5.826421737670898,26,656.0,0.08998628257887517
GATA1,ARMC6,ARMC6,ENSG00000105676,5.826254367828369,25,707.0,0.09698216735253773
TAL1,TOR1AIP2,TOR1AIP2,ENSG00000169905,5.8251471519470215,26,657.0,0.09012345679012346
GATA1,MON1B,MON1B,ENSG00000103111,5.823390007019043,28,708.0,0.097119341563786
GATA1,COCH,COCH,ENSG00000100473,5.823088645935059,25,709.0,0.09725651577503429
TAL1,MRPS18C,MRPS18C,ENSG00000163319,5.822877407073975,25,658.0,0.09026063100137174
GATA1,RNF213,RNF213,ENSG00000173821,5.8227763175964355,25,710.0,0.09739368998628258
TAL1,TMEM141,TMEM141,ENSG00000244187,5.820842266082764,30,659.0,0.09039780521262003
TAL1,RAE1,RAE1,ENSG00000101146,5.81964111328125,29,660.0,0.09053497942386832
GATA1,DPH6,DPH6,ENSG00000134146,5.819285869598389,26,711.0,0.09753086419753086
TAL1,MINDY2,MINDY2,ENSG00000128923,5.818938255310059,27,661.0,0.0906721536351166
GATA1,CARS,CARS,ENSG00000110619,5.818638801574707,28,712.0,0.09766803840877915
GATA1,PCTP,PCTP,ENSG00000141179,5.8178300857543945,26,713.0,0.09780521262002743
GATA1,RAP2B,RAP2B,ENSG00000181467,5.8173675537109375,27,714.0,0.09794238683127572
TAL1,ADAR,ADAR,ENSG00000160710,5.815122127532959,28,662.0,0.09080932784636489
TAL1,ZNF335,ZNF335,ENSG00000198026,5.813984394073486,26,663.0,0.09094650205761316
TAL1,RBM33,RBM33,ENSG00000184863,5.812450408935547,30,664.0,0.09108367626886145
GATA1,NANS,NANS,ENSG00000095380,5.811529636383057,25,715.0,0.09807956104252401
TAL1,FAM110A,FAM110A,ENSG00000125898,5.810608863830566,27,665.0,0.09122085048010974
TAL1,HM13,HM13,ENSG00000101294,5.807247161865234,30,666.0,0.09135802469135802
TAL1,ANK1,ANK1,ENSG00000029534,5.806487560272217,25,667.0,0.09149519890260631
TAL1,TNRC6C,TNRC6C,ENSG00000078687,5.803096294403076,25,668.0,0.0916323731138546
TAL1,TOP3A,TOP3A,ENSG00000177302,5.801363468170166,28,669.0,0.09176954732510288
TAL1,GOLGB1,GOLGB1,ENSG00000173230,5.8004584312438965,27,670.0,0.09190672153635117
GATA1,E2F3,E2F3,ENSG00000112242,5.799172878265381,25,716.0,0.0982167352537723
GATA1,AC009120.2,AC009120.2,ENSG00000259972,5.79846715927124,26,717.0,0.09835390946502058
TAL1,PMM2,PMM2,ENSG00000140650,5.7980217933654785,25,671.0,0.09204389574759946
TAL1,BET1,BET1,ENSG00000105829,5.797730922698975,28,672.0,0.09218106995884774
GATA1,C11orf58,C11orf58,ENSG00000110696,5.797451972961426,25,718.0,0.09849108367626887
GATA1,AL138720.1,AL138720.1,ENSG00000234261,5.794257164001465,26,719.0,0.09862825788751714
GATA1,RNF139-AS1,RNF139-AS1,ENSG00000245149,5.790159702301025,27,720.0,0.09876543209876543
TAL1,UBALD2,UBALD2,ENSG00000185262,5.788747787475586,27,673.0,0.09231824417009603
TAL1,PUM1,PUM1,ENSG00000134644,5.787280559539795,25,674.0,0.0924554183813443
GATA1,CCDC186,CCDC186,ENSG00000165813,5.785741806030273,25,721.0,0.09890260631001371
TAL1,CCDC117,CCDC117,ENSG00000159873,5.7838006019592285,27,675.0,0.09259259259259259
TAL1,SAP18,SAP18,ENSG00000150459,5.781729221343994,26,676.0,0.09272976680384087
GATA1,TMEM50B,TMEM50B,ENSG00000142188,5.781276226043701,34,722.0,0.099039780521262
GATA1,PCSK1N,PCSK1N,ENSG00000102109,5.780349254608154,28,723.0,0.09917695473251029
TAL1,MRFAP1,MRFAP1,ENSG00000179010,5.778454303741455,25,677.0,0.09286694101508916
GATA1,FBXO7,FBXO7,ENSG00000100225,5.777507305145264,28,724.0,0.09931412894375857
TAL1,OXSR1,OXSR1,ENSG00000172939,5.776495933532715,27,678.0,0.09300411522633745
TAL1,PDCD2,PDCD2,ENSG00000071994,5.776360034942627,27,679.0,0.09314128943758573
GATA1,TRMT11,TRMT11,ENSG00000066651,5.776340484619141,25,725.0,0.09945130315500686
GATA1,SNX4,SNX4,ENSG00000114520,5.774911880493164,27,726.0,0.09958847736625515
TAL1,MTCH1,MTCH1,ENSG00000137409,5.773438930511475,26,680.0,0.09327846364883402
GATA1,LYRM1,LYRM1,ENSG00000102897,5.773232460021973,25,727.0,0.09972565157750343
TAL1,DIDO1,DIDO1,ENSG00000101191,5.770111083984375,25,681.0,0.0934156378600823
TAL1,AC015971.1,AC015971.1,ENSG00000228363,5.769390106201172,25,682.0,0.0935528120713306
TAL1,PSMD11,PSMD11,ENSG00000108671,5.76931095123291,25,683.0,0.09368998628257888
TAL1,DGKH,DGKH,ENSG00000102780,5.769310474395752,25,684.0,0.09382716049382717
TAL1,MAPKAPK2,MAPKAPK2,ENSG00000162889,5.767038822174072,25,685.0,0.09396433470507544
GATA1,GAS5,GAS5,ENSG00000234741,5.7664337158203125,26,728.0,0.09986282578875172
GATA1,HIST1H4D,HIST1H4D,ENSG00000277157,5.765674591064453,25,729.0,0.1
TAL1,MTPAP,MTPAP,ENSG00000107951,5.7645769119262695,25,686.0,0.09410150891632373
TAL1,ELOA,ELOA,ENSG00000011007,5.763369083404541,30,687.0,0.09423868312757201
TAL1,YIPF5,YIPF5,ENSG00000145817,5.762594223022461,37,688.0,0.0943758573388203
TAL1,IPO11,IPO11,ENSG00000086200,5.760828018188477,27,689.0,0.09451303155006859
TAL1,C9orf78,C9orf78,ENSG00000136819,5.759771823883057,28,690.0,0.09465020576131687
TAL1,ZFAND6,ZFAND6,ENSG00000086666,5.759369850158691,27,691.0,0.09478737997256516
TAL1,ZDHHC13,ZDHHC13,ENSG00000177054,5.759364604949951,25,692.0,0.09492455418381344
TAL1,NBEAL1,NBEAL1,ENSG00000144426,5.759241580963135,27,693.0,0.09506172839506173
TAL1,ARID3B,ARID3B,ENSG00000179361,5.757373809814453,25,694.0,0.09519890260631002
TAL1,RBIS,RBIS,ENSG00000176731,5.75601053237915,26,695.0,0.0953360768175583
TAL1,PRKAG1,PRKAG1,ENSG00000181929,5.755938529968262,25,696.0,0.09547325102880659
TAL1,MRPS33,MRPS33,ENSG00000090263,5.755364418029785,26,697.0,0.09561042524005486
TAL1,PIK3C2A,PIK3C2A,ENSG00000011405,5.754123210906982,29,698.0,0.09574759945130315
TAL1,AC002558.3,AC002558.3,ENSG00000262265,5.747679233551025,25,699.0,0.09588477366255144
TAL1,PQBP1,PQBP1,ENSG00000102103,5.739068984985352,27,700.0,0.09602194787379972
TAL1,PPP1R10,PPP1R10,ENSG00000204569,5.738031387329102,25,701.0,0.09615912208504801
TAL1,CNOT3,CNOT3,ENSG00000088038,5.736507892608643,25,702.0,0.0962962962962963
TAL1,HECA,HECA,ENSG00000112406,5.735104084014893,25,703.0,0.09643347050754458
TAL1,DUS1L,DUS1L,ENSG00000169718,5.734187126159668,25,704.0,0.09657064471879287
TAL1,USP12-AS1,USP12-AS1,ENSG00000232162,5.730868816375732,26,705.0,0.09670781893004116
TAL1,NDE1,NDE1,ENSG00000072864,5.730271816253662,27,706.0,0.09684499314128944
TAL1,SMARCD2,SMARCD2,ENSG00000108604,5.73020076751709,25,707.0,0.09698216735253773
TAL1,AC003681.1,AC003681.1,ENSG00000279159,5.71777868270874,29,708.0,0.097119341563786
TAL1,KIZ-AS1,KIZ-AS1,ENSG00000232712,5.714135646820068,25,709.0,0.09725651577503429
TAL1,XBP1,XBP1,ENSG00000100219,5.70652961730957,27,710.0,0.09739368998628258
TAL1,MBTPS1,MBTPS1,ENSG00000140943,5.704768657684326,28,711.0,0.09753086419753086
TAL1,PDLIM7,PDLIM7,ENSG00000196923,5.703782081604004,30,712.0,0.09766803840877915
TAL1,APPBP2,APPBP2,ENSG00000062725,5.702655792236328,25,713.0,0.09780521262002743
TAL1,TUSC2,TUSC2,ENSG00000114383,5.699901580810547,30,714.0,0.09794238683127572
TAL1,IKZF5,IKZF5,ENSG00000095574,5.697832107543945,28,715.0,0.09807956104252401
TAL1,CCNT1,CCNT1,ENSG00000129315,5.695075988769531,27,716.0,0.0982167352537723
TAL1,R3HDM1,R3HDM1,ENSG00000048991,5.694736480712891,25,717.0,0.09835390946502058
TAL1,TAX1BP1,TAX1BP1,ENSG00000106052,5.6944708824157715,25,718.0,0.09849108367626887
TAL1,ABHD5,ABHD5,ENSG00000011198,5.691561698913574,26,719.0,0.09862825788751714
TAL1,METTL22,METTL22,ENSG00000067365,5.691404819488525,27,720.0,0.09876543209876543
TAL1,HNRNPLL,HNRNPLL,ENSG00000143889,5.691131591796875,28,721.0,0.09890260631001371
TAL1,TRAK2,TRAK2,ENSG00000115993,5.689044952392578,26,722.0,0.099039780521262
TAL1,MSL1,MSL1,ENSG00000188895,5.687016010284424,28,723.0,0.09917695473251029
TAL1,ACAA1,ACAA1,ENSG00000060971,5.6865010261535645,29,724.0,0.09931412894375857
TAL1,NEU1,NEU1,ENSG00000204386,5.680591583251953,25,725.0,0.09945130315500686
TAL1,RNF220,RNF220,ENSG00000187147,5.679478645324707,26,726.0,0.09958847736625515
TAL1,HECTD4,HECTD4,ENSG00000173064,5.679108142852783,27,727.0,0.09972565157750343
TAL1,AL118556.1,AL118556.1,ENSG00000259113,5.678957939147949,28,728.0,0.09986282578875172
TAL1,CDC16,CDC16,ENSG00000130177,5.670608997344971,26,729.0,0.1
