TF,target,target_symbol,target_gene_id,importance,trees_fitted_for_target,rank_within_TF,percentile_within_TF
TAL1,THAP1,THAP1,ENSG00000131931,20.196714401245117,27,1.0,0.00013717421124828533
TAL1,EIPR1,EIPR1,ENSG00000032389,19.426467895507812,32,2.0,0.00027434842249657066
TAL1,BSPRY,BSPRY,ENSG00000119411,18.552845001220703,25,3.0,0.00041152263374485596
BCL11A,DEK,DEK,ENSG00000124795,18.108261108398438,40,1.0,0.00013717421124828533
TAL1,ICMT,ICMT,ENSG00000116237,17.871244430541992,26,4.0,0.0005486968449931413
TAL1,NR1D2,NR1D2,ENSG00000174738,17.72313690185547,30,5.0,0.0006858710562414266
TAL1,PHKG2,PHKG2,ENSG00000156873,17.612943649291992,25,6.0,0.0008230452674897119
TAL1,GCC1,GCC1,ENSG00000179562,17.55930519104004,25,7.0,0.0009602194787379973
TAL1,DALRD3,DALRD3,ENSG00000178149,17.204866409301758,26,8.0,0.0010973936899862826
TAL1,PLP2,PLP2,ENSG00000102007,17.194196701049805,27,9.0,0.0012345679012345679
BCL11A,SUMO2,SUMO2,ENSG00000188612,17.177783966064453,40,2.0,0.00027434842249657066
BCL11A,AARS,AARS,ENSG00000090861,16.863290786743164,32,3.0,0.00041152263374485596
BCL11A,UBE2H,UBE2H,ENSG00000186591,16.458232879638672,34,4.0,0.0005486968449931413
BCL11A,CENPK,CENPK,ENSG00000123219,16.403976440429688,37,5.0,0.0006858710562414266
BCL11A,ACAA2,ACAA2,ENSG00000167315,16.351051330566406,36,6.0,0.0008230452674897119
GATA1,PSTK,PSTK,ENSG00000179988,16.343544006347656,30,1.0,0.00013717421124828533
TAL1,MOSPD2,MOSPD2,ENSG00000130150,16.336219787597656,25,10.0,0.0013717421124828531
GATA1,CLPTM1,CLPTM1,ENSG00000104853,16.100433349609375,34,2.0,0.00027434842249657066
BCL11A,NBAS,NBAS,ENSG00000151779,15.740277290344238,33,7.0,0.0009602194787379973
BCL11A,ST8SIA6,ST8SIA6,ENSG00000148488,15.732148170471191,33,8.0,0.0010973936899862826
TAL1,SYNC,SYNC,ENSG00000162520,15.671133041381836,28,11.0,0.0015089163237311386
BCL11A,NARF,NARF,ENSG00000141562,15.582521438598633,36,9.0,0.0012345679012345679
BCL11A,ATF6,ATF6,ENSG00000118217,15.442276954650879,27,10.0,0.0013717421124828531
BCL11A,PSMA4,PSMA4,ENSG00000041357,15.355916976928711,36,11.0,0.0015089163237311386
BCL11A,PRKDC,PRKDC,ENSG00000253729,15.195508003234863,29,12.0,0.0016460905349794238
BCL11A,SERBP1,SERBP1,ENSG00000142864,15.08621883392334,35,13.0,0.0017832647462277093
BCL11A,SGO1,SGO1,ENSG00000129810,15.08579158782959,30,14.0,0.0019204389574759945
TAL1,BCL10,BCL10,ENSG00000142867,15.053257942199707,25,12.0,0.0016460905349794238
TAL1,CAB39L,CAB39L,ENSG00000102547,15.034663200378418,29,13.0,0.0017832647462277093
BCL11A,CLIC4,CLIC4,ENSG00000169504,14.979649543762207,32,15.0,0.00205761316872428
BCL11A,STAG1,STAG1,ENSG00000118007,14.943962097167969,30,16.0,0.0021947873799725653
BCL11A,HMGN2,HMGN2,ENSG00000198830,14.909549713134766,26,17.0,0.0023319615912208505
TAL1,TIMM13,TIMM13,ENSG00000099800,14.883115768432617,25,14.0,0.0019204389574759945
BCL11A,IKZF1,IKZF1,ENSG00000185811,14.869552612304688,34,18.0,0.0024691358024691358
BCL11A,LCMT1,LCMT1,ENSG00000205629,14.764001846313477,25,19.0,0.002606310013717421
TAL1,THOC5,THOC5,ENSG00000100296,14.670771598815918,25,15.0,0.00205761316872428
BCL11A,TCEA1,TCEA1,ENSG00000187735,14.65100383758545,29,20.0,0.0027434842249657062
BCL11A,FANCD2,FANCD2,ENSG00000144554,14.632670402526855,35,21.0,0.002880658436213992
BCL11A,ZCCHC17,ZCCHC17,ENSG00000121766,14.599068641662598,28,22.0,0.003017832647462277
TAL1,TBP,TBP,ENSG00000112592,14.540026664733887,25,16.0,0.0021947873799725653
BCL11A,TCP11L2,TCP11L2,ENSG00000166046,14.533000946044922,25,23.0,0.0031550068587105624
BCL11A,ZNF273,ZNF273,ENSG00000198039,14.481476783752441,29,24.0,0.0032921810699588477
BCL11A,STIL,STIL,ENSG00000123473,14.421334266662598,31,25.0,0.003429355281207133
BCL11A,LPIN2,LPIN2,ENSG00000101577,14.41336441040039,33,26.0,0.0035665294924554186
BCL11A,SLC16A1,SLC16A1,ENSG00000155380,14.313039779663086,33,27.0,0.003703703703703704
TAL1,ACTR6,ACTR6,ENSG00000075089,14.294337272644043,26,17.0,0.0023319615912208505
BCL11A,RNF10,RNF10,ENSG00000022840,14.280523300170898,30,28.0,0.003840877914951989
BCL11A,TRIM58,TRIM58,ENSG00000162722,14.265341758728027,28,29.0,0.003978052126200274
KLF1,AC010976.1,AC010976.1,ENSG00000231731,14.252119064331055,25,1.0,0.00013717421124828533
BCL11A,ATP5IF1,ATP5IF1,ENSG00000130770,14.24487018585205,25,30.0,0.00411522633744856
GFI1B,STK26,STK26,ENSG00000134602,14.241387367248535,27,1.0,0.00013717421124828533
KLF1,BOLA1,BOLA1,ENSG00000178096,14.162202835083008,30,2.0,0.00027434842249657066
NFE2,MAP3K3,MAP3K3,ENSG00000198909,14.154623985290527,27,1.0,0.00013717421124828533
BCL11A,C1orf112,C1orf112,ENSG00000000460,14.063705444335938,35,31.0,0.004252400548696845
BCL11A,BUB1B,BUB1B,ENSG00000156970,14.058797836303711,26,32.0,0.0043895747599451305
BCL11A,IMPA2,IMPA2,ENSG00000141401,14.0150728225708,25,33.0,0.004526748971193415
BCL11A,DEPDC1,DEPDC1,ENSG00000024526,14.004405975341797,27,34.0,0.004663923182441701
BCL11A,KIF11,KIF11,ENSG00000138160,14.00279426574707,27,35.0,0.004801097393689987
KLF1,POLR3A,POLR3A,ENSG00000148606,13.9960355758667,27,3.0,0.00041152263374485596
BCL11A,EXOSC8,EXOSC8,ENSG00000120699,13.963821411132812,28,36.0,0.0049382716049382715
BCL11A,ATP2B1,ATP2B1,ENSG00000070961,13.881091117858887,27,37.0,0.005075445816186557
BCL11A,DLEU2,DLEU2,ENSG00000231607,13.85798168182373,30,38.0,0.005212620027434842
BCL11A,SMC2,SMC2,ENSG00000136824,13.793131828308105,33,39.0,0.005349794238683128
BCL11A,MZT1,MZT1,ENSG00000204899,13.78268051147461,31,40.0,0.0054869684499314125
TAL1,PRORP,PRORP,ENSG00000100890,13.759522438049316,25,18.0,0.0024691358024691358
BCL11A,SMG6,SMG6,ENSG00000070366,13.750725746154785,30,41.0,0.005624142661179698
BCL11A,ZNF236,ZNF236,ENSG00000130856,13.746622085571289,30,42.0,0.005761316872427984
BCL11A,PPIE,PPIE,ENSG00000084072,13.73190975189209,25,43.0,0.005898491083676269
BCL11A,HIST1H1B,HIST1H1B,ENSG00000184357,13.724496841430664,30,44.0,0.006035665294924554
BCL11A,RCC2,RCC2,ENSG00000179051,13.706787109375,31,45.0,0.006172839506172839
KLF1,CCSAP,CCSAP,ENSG00000154429,13.663780212402344,29,4.0,0.0005486968449931413
BCL11A,LIN54,LIN54,ENSG00000189308,13.658099174499512,26,46.0,0.006310013717421125
BCL11A,HIST2H2AC,HIST2H2AC,ENSG00000184260,13.651308059692383,28,47.0,0.0064471879286694105
BCL11A,SLC2A4RG,SLC2A4RG,ENSG00000125520,13.6314058303833,29,48.0,0.006584362139917695
NFE2,MRPL11,MRPL11,ENSG00000174547,13.621084213256836,33,2.0,0.00027434842249657066
BCL11A,UFL1,UFL1,ENSG00000014123,13.61276912689209,29,49.0,0.006721536351165981
BCL11A,H2AFV,H2AFV,ENSG00000105968,13.596924781799316,28,50.0,0.006858710562414266
BCL11A,LSM6,LSM6,ENSG00000164167,13.584853172302246,29,51.0,0.0069958847736625515
BCL11A,PHF10,PHF10,ENSG00000130024,13.576714515686035,32,52.0,0.007133058984910837
BCL11A,XPOT,XPOT,ENSG00000184575,13.551786422729492,27,53.0,0.007270233196159122
BCL11A,SPAG5,SPAG5,ENSG00000076382,13.544655799865723,31,54.0,0.007407407407407408
BCL11A,CHCHD3,CHCHD3,ENSG00000106554,13.541080474853516,32,55.0,0.0075445816186556925
BCL11A,SPPL2A,SPPL2A,ENSG00000138600,13.540282249450684,29,56.0,0.007681755829903978
KLF1,POLD1,POLD1,ENSG00000062822,13.511679649353027,26,5.0,0.0006858710562414266
BCL11A,UROS,UROS,ENSG00000188690,13.47607707977295,28,57.0,0.007818930041152264
BCL11A,WASL,WASL,ENSG00000106299,13.459583282470703,27,58.0,0.007956104252400549
BCL11A,MAP3K5,MAP3K5,ENSG00000197442,13.446342468261719,27,59.0,0.008093278463648833
BCL11A,RNGTT,RNGTT,ENSG00000111880,13.426907539367676,25,60.0,0.00823045267489712
BCL11A,BUB1,BUB1,ENSG00000169679,13.419191360473633,27,61.0,0.008367626886145405
TAL1,SLC16A4,SLC16A4,ENSG00000168679,13.40275764465332,28,19.0,0.002606310013717421
BCL11A,PSIP1,PSIP1,ENSG00000164985,13.382927894592285,28,62.0,0.00850480109739369
BCL11A,SRSF3,SRSF3,ENSG00000112081,13.37414264678955,27,63.0,0.008641975308641974
BCL11A,ATG14,ATG14,ENSG00000126775,13.350581169128418,27,64.0,0.008779149519890261
BCL11A,UBL7-AS1,UBL7-AS1,ENSG00000247240,13.335867881774902,25,65.0,0.008916323731138546
NFE2,TANC1,TANC1,ENSG00000115183,13.330473899841309,25,3.0,0.00041152263374485596
BCL11A,PCNP,PCNP,ENSG00000081154,13.287919998168945,25,66.0,0.00905349794238683
BCL11A,ZFAND3,ZFAND3,ENSG00000156639,13.257752418518066,26,67.0,0.009190672153635117
BCL11A,HMGB1,HMGB1,ENSG00000189403,13.24482536315918,25,68.0,0.009327846364883402
BCL11A,PGRMC2,PGRMC2,ENSG00000164040,13.219300270080566,27,69.0,0.009465020576131687
BCL11A,HIST1H1D,HIST1H1D,ENSG00000124575,13.214466094970703,25,70.0,0.009602194787379973
TAL1,CCDC15,CCDC15,ENSG00000149548,13.202499389648438,27,20.0,0.0027434842249657062
BCL11A,USP1,USP1,ENSG00000162607,13.181025505065918,27,71.0,0.009739368998628258
TAL1,CHD1,CHD1,ENSG00000153922,13.17616081237793,27,21.0,0.002880658436213992
BCL11A,FNDC3A,FNDC3A,ENSG00000102531,13.170449256896973,25,72.0,0.009876543209876543
BCL11A,HNRNPH1,HNRNPH1,ENSG00000169045,13.159412384033203,35,73.0,0.010013717421124828
BCL11A,MXD3,MXD3,ENSG00000213347,13.158802032470703,30,74.0,0.010150891632373114
TAL1,KIF26A,KIF26A,ENSG00000066735,13.147500038146973,27,22.0,0.003017832647462277
BCL11A,NVL,NVL,ENSG00000143748,13.134011268615723,38,75.0,0.0102880658436214
BCL11A,CCP110,CCP110,ENSG00000103540,13.112858772277832,27,76.0,0.010425240054869684
BCL11A,MPHOSPH9,MPHOSPH9,ENSG00000051825,13.108819007873535,28,77.0,0.01056241426611797
TAL1,NADSYN1,NADSYN1,ENSG00000172890,13.096981048583984,26,23.0,0.0031550068587105624
NFE2,ARHGDIA,ARHGDIA,ENSG00000141522,13.08271312713623,28,4.0,0.0005486968449931413
GFI1B,ZNF766,ZNF766,ENSG00000196214,13.078230857849121,28,2.0,0.00027434842249657066
BCL11A,LANCL3,LANCL3,ENSG00000147036,13.064068794250488,26,78.0,0.010699588477366255
BCL11A,AP001011.1,AP001011.1,ENSG00000266049,13.060389518737793,27,79.0,0.01083676268861454
BCL11A,CIT,CIT,ENSG00000122966,13.056329727172852,27,80.0,0.010973936899862825
BCL11A,VRK1,VRK1,ENSG00000100749,13.042774200439453,31,81.0,0.011111111111111112
BCL11A,NEURL1B,NEURL1B,ENSG00000214357,13.029401779174805,34,82.0,0.011248285322359396
BCL11A,CEP350,CEP350,ENSG00000135837,13.025077819824219,25,83.0,0.011385459533607681
BCL11A,CFAP97,CFAP97,ENSG00000164323,13.023371696472168,29,84.0,0.011522633744855968
BCL11A,FUT8,FUT8,ENSG00000033170,13.012200355529785,33,85.0,0.011659807956104253
BCL11A,PPP2R5C,PPP2R5C,ENSG00000078304,13.006206512451172,29,86.0,0.011796982167352537
BCL11A,PSAT1,PSAT1,ENSG00000135069,13.003311157226562,32,87.0,0.011934156378600824
KLF1,LACTB,LACTB,ENSG00000103642,12.97119426727295,28,6.0,0.0008230452674897119
BCL11A,ATG4C,ATG4C,ENSG00000125703,12.96928882598877,26,88.0,0.012071330589849109
BCL11A,NIBAN1,NIBAN1,ENSG00000135842,12.961969375610352,28,89.0,0.012208504801097394
TAL1,CLCN6,CLCN6,ENSG00000011021,12.93478775024414,28,24.0,0.0032921810699588477
TAL1,TPGS1,TPGS1,ENSG00000141933,12.9252347946167,25,25.0,0.003429355281207133
BCL11A,TNFAIP8,TNFAIP8,ENSG00000145779,12.90522289276123,28,90.0,0.012345679012345678
KLF1,SETDB2,SETDB2,ENSG00000136169,12.902138710021973,27,7.0,0.0009602194787379973
TAL1,FTH1,FTH1,ENSG00000167996,12.89456558227539,25,26.0,0.0035665294924554186
TAL1,NFKBIA,NFKBIA,ENSG00000100906,12.894521713256836,27,27.0,0.003703703703703704
BCL11A,ANAPC16,ANAPC16,ENSG00000166295,12.852822303771973,27,91.0,0.012482853223593965
GFI1B,TGFBR1,TGFBR1,ENSG00000106799,12.79991340637207,25,3.0,0.00041152263374485596
BCL11A,CENPF,CENPF,ENSG00000117724,12.798636436462402,28,92.0,0.01262002743484225
BCL11A,CIP2A,CIP2A,ENSG00000163507,12.793371200561523,28,93.0,0.012757201646090535
KLF1,HEXIM1,HEXIM1,ENSG00000186834,12.784263610839844,25,8.0,0.0010973936899862826
TAL1,RRAGC,RRAGC,ENSG00000116954,12.776934623718262,30,28.0,0.003840877914951989
TAL1,PPP1R8,PPP1R8,ENSG00000117751,12.7766695022583,28,29.0,0.003978052126200274
TAL1,METTL16,METTL16,ENSG00000127804,12.774214744567871,25,30.0,0.00411522633744856
BCL11A,SUPT16H,SUPT16H,ENSG00000092201,12.764156341552734,28,94.0,0.012894375857338821
BCL11A,STRN3,STRN3,ENSG00000196792,12.76122760772705,34,95.0,0.013031550068587106
BCL11A,DECR1,DECR1,ENSG00000104325,12.759130477905273,29,96.0,0.01316872427983539
TAL1,IFT43,IFT43,ENSG00000119650,12.745494842529297,35,31.0,0.004252400548696845
BCL11A,TACC3,TACC3,ENSG00000013810,12.743338584899902,30,97.0,0.013305898491083675
BCL11A,HIST1H4E,HIST1H4E,ENSG00000276966,12.74136734008789,25,98.0,0.013443072702331962
BCL11A,RRM1,RRM1,ENSG00000167325,12.712859153747559,28,99.0,0.013580246913580247
TAL1,MGA,MGA,ENSG00000174197,12.708535194396973,25,32.0,0.0043895747599451305
BCL11A,NCL,NCL,ENSG00000115053,12.693921089172363,28,100.0,0.013717421124828532
BCL11A,AL162464.2,AL162464.2,ENSG00000258690,12.687597274780273,29,101.0,0.013854595336076818
BCL11A,STK10,STK10,ENSG00000072786,12.686751365661621,25,102.0,0.013991769547325103
GFI1B,DEAF1,DEAF1,ENSG00000177030,12.685731887817383,25,4.0,0.0005486968449931413
BCL11A,DDX39B,DDX39B,ENSG00000198563,12.684900283813477,27,103.0,0.014128943758573388
BCL11A,HNRNPA3,HNRNPA3,ENSG00000170144,12.649884223937988,25,104.0,0.014266117969821674
BCL11A,ITGA4,ITGA4,ENSG00000115232,12.64914321899414,29,105.0,0.01440329218106996
BCL11A,RSRC1,RSRC1,ENSG00000174891,12.64758586883545,33,106.0,0.014540466392318244
TAL1,VAMP4,VAMP4,ENSG00000117533,12.647058486938477,25,33.0,0.004526748971193415
BCL11A,BSG,BSG,ENSG00000172270,12.638476371765137,25,107.0,0.014677640603566529
BCL11A,NUF2,NUF2,ENSG00000143228,12.636500358581543,34,108.0,0.014814814814814815
BCL11A,SPC25,SPC25,ENSG00000152253,12.629035949707031,25,109.0,0.0149519890260631
GATA1,AAGAB,AAGAB,ENSG00000103591,12.621443748474121,27,3.0,0.00041152263374485596
BCL11A,ATF5,ATF5,ENSG00000169136,12.614725112915039,27,110.0,0.015089163237311385
BCL11A,H1FX,H1FX,ENSG00000184897,12.609540939331055,28,111.0,0.015226337448559672
BCL11A,UBE2S,UBE2S,ENSG00000108106,12.608882904052734,28,112.0,0.015363511659807956
BCL11A,PLK4,PLK4,ENSG00000142731,12.599505424499512,28,113.0,0.015500685871056241
BCL11A,TRIOBP,TRIOBP,ENSG00000100106,12.597468376159668,30,114.0,0.015637860082304528
BCL11A,G3BP1,G3BP1,ENSG00000145907,12.56921672821045,25,115.0,0.01577503429355281
BCL11A,FSD1L,FSD1L,ENSG00000106701,12.567514419555664,25,116.0,0.015912208504801097
TAL1,TOR1B,TOR1B,ENSG00000136816,12.560931205749512,25,34.0,0.004663923182441701
GFI1B,HNRNPDL,HNRNPDL,ENSG00000152795,12.538262367248535,30,5.0,0.0006858710562414266
BCL11A,ASPM,ASPM,ENSG00000066279,12.53116226196289,31,117.0,0.016049382716049384
BCL11A,NUP37,NUP37,ENSG00000075188,12.52599811553955,25,118.0,0.016186556927297667
KLF1,HIST1H2BJ,HIST1H2BJ,ENSG00000124635,12.507956504821777,25,9.0,0.0012345679012345679
BCL11A,RPS19,RPS19,ENSG00000105372,12.483845710754395,31,119.0,0.016323731138545954
BCL11A,TMEM233,TMEM233,ENSG00000224982,12.48167896270752,26,120.0,0.01646090534979424
BCL11A,ILF3,ILF3,ENSG00000129351,12.473944664001465,27,121.0,0.016598079561042523
GFI1B,SCRN3,SCRN3,ENSG00000144306,12.46259593963623,28,6.0,0.0008230452674897119
BCL11A,RACGAP1,RACGAP1,ENSG00000161800,12.457037925720215,26,122.0,0.01673525377229081
BCL11A,XPO1,XPO1,ENSG00000082898,12.456318855285645,26,123.0,0.016872427983539096
GATA1,TAF4B,TAF4B,ENSG00000141384,12.453865051269531,27,4.0,0.0005486968449931413
BCL11A,MLLT10,MLLT10,ENSG00000078403,12.43847370147705,26,124.0,0.01700960219478738
BCL11A,TUBA1B,TUBA1B,ENSG00000123416,12.433289527893066,29,125.0,0.017146776406035666
NFE2,APOBEC3A,APOBEC3A,ENSG00000128383,12.431432723999023,25,5.0,0.0006858710562414266
BCL11A,HIST1H2AD,HIST1H2AD,ENSG00000196866,12.414441108703613,29,126.0,0.01728395061728395
BCL11A,EEFSEC,EEFSEC,ENSG00000132394,12.411151885986328,35,127.0,0.017421124828532236
BCL11A,TET3,TET3,ENSG00000187605,12.409482955932617,29,128.0,0.017558299039780522
BCL11A,TRIB3,TRIB3,ENSG00000101255,12.400247573852539,25,129.0,0.017695473251028805
BCL11A,KIFC1,KIFC1,ENSG00000237649,12.398950576782227,26,130.0,0.01783264746227709
TAL1,EGR1,EGR1,ENSG00000120738,12.398780822753906,25,35.0,0.004801097393689987
TAL1,ARHGAP17,ARHGAP17,ENSG00000140750,12.360097885131836,25,36.0,0.0049382716049382715
BCL11A,ARL15,ARL15,ENSG00000185305,12.358567237854004,28,131.0,0.017969821673525378
BCL11A,OLA1,OLA1,ENSG00000138430,12.354705810546875,25,132.0,0.01810699588477366
KLF1,ING1,ING1,ENSG00000153487,12.352150917053223,27,10.0,0.0013717421124828531
BCL11A,PPP1R12B,PPP1R12B,ENSG00000077157,12.341923713684082,30,133.0,0.018244170096021948
BCL11A,HNRNPD,HNRNPD,ENSG00000138668,12.316512107849121,33,134.0,0.018381344307270234
TAL1,UTP18,UTP18,ENSG00000011260,12.304232597351074,25,37.0,0.005075445816186557
BCL11A,ASCC3,ASCC3,ENSG00000112249,12.299822807312012,28,135.0,0.018518518518518517
BCL11A,MRE11,MRE11,ENSG00000020922,12.298568725585938,27,136.0,0.018655692729766804
BCL11A,COX6C,COX6C,ENSG00000164919,12.295966148376465,27,137.0,0.01879286694101509
BCL11A,RB1CC1,RB1CC1,ENSG00000023287,12.294798851013184,25,138.0,0.018930041152263374
BCL11A,ASF1B,ASF1B,ENSG00000105011,12.290781021118164,28,139.0,0.01906721536351166
BCL11A,NCOA7,NCOA7,ENSG00000111912,12.286920547485352,25,140.0,0.019204389574759947
GATA1,RNF152,RNF152,ENSG00000176641,12.266678810119629,28,5.0,0.0006858710562414266
BCL11A,H3F3B,H3F3B,ENSG00000132475,12.252190589904785,26,141.0,0.01934156378600823
BCL11A,PRC1,PRC1,ENSG00000198901,12.243324279785156,25,142.0,0.019478737997256516
BCL11A,CCNA2,CCNA2,ENSG00000145386,12.228650093078613,25,143.0,0.0196159122085048
BCL11A,MPC2,MPC2,ENSG00000143158,12.223688125610352,34,144.0,0.019753086419753086
BCL11A,MAP4K4,MAP4K4,ENSG00000071054,12.217893600463867,32,145.0,0.019890260631001373
BCL11A,HEMGN,HEMGN,ENSG00000136929,12.217061996459961,34,146.0,0.020027434842249656
BCL11A,FRA10AC1,FRA10AC1,ENSG00000148690,12.215618133544922,25,147.0,0.020164609053497942
BCL11A,TMSB4X,TMSB4X,ENSG00000205542,12.208006858825684,30,148.0,0.02030178326474623
BCL11A,SLC29A1,SLC29A1,ENSG00000112759,12.207293510437012,27,149.0,0.020438957475994512
BCL11A,KIF22,KIF22,ENSG00000079616,12.201349258422852,25,150.0,0.0205761316872428
BCL11A,CDCA5,CDCA5,ENSG00000146670,12.192399978637695,27,151.0,0.020713305898491085
GATA1,OTUB1,OTUB1,ENSG00000167770,12.189839363098145,27,6.0,0.0008230452674897119
BCL11A,BIRC5,BIRC5,ENSG00000089685,12.186666488647461,26,152.0,0.020850480109739368
BCL11A,TMPO,TMPO,ENSG00000120802,12.16464900970459,25,153.0,0.020987654320987655
BCL11A,HIST1H2BF,HIST1H2BF,ENSG00000277224,12.16226863861084,28,154.0,0.02112482853223594
BCL11A,ELF2,ELF2,ENSG00000109381,12.156922340393066,28,155.0,0.021262002743484224
BCL11A,GAB1,GAB1,ENSG00000109458,12.143499374389648,37,156.0,0.02139917695473251
BCL11A,SNX6,SNX6,ENSG00000129515,12.140257835388184,25,157.0,0.021536351165980797
BCL11A,IQGAP3,IQGAP3,ENSG00000183856,12.13201904296875,27,158.0,0.02167352537722908
BCL11A,FOXM1,FOXM1,ENSG00000111206,12.130149841308594,28,159.0,0.021810699588477367
BCL11A,JADE1,JADE1,ENSG00000077684,12.129352569580078,25,160.0,0.02194787379972565
KLF1,TIMM22,TIMM22,ENSG00000177370,12.129193305969238,30,11.0,0.0015089163237311386
BCL11A,ERH,ERH,ENSG00000100632,12.12878704071045,29,161.0,0.022085048010973937
TAL1,MRPL18,MRPL18,ENSG00000112110,12.122270584106445,26,38.0,0.005212620027434842
BCL11A,SKA1,SKA1,ENSG00000154839,12.118324279785156,28,162.0,0.022222222222222223
BCL11A,ABCC5,ABCC5,ENSG00000114770,12.117950439453125,27,163.0,0.022359396433470506
KLF1,SRCAP,SRCAP,ENSG00000080603,12.115069389343262,27,12.0,0.0016460905349794238
GFI1B,TERF2,TERF2,ENSG00000132604,12.11264705657959,25,7.0,0.0009602194787379973
BCL11A,N4BP2,N4BP2,ENSG00000078177,12.110616683959961,28,164.0,0.022496570644718793
BCL11A,H2AFZ,H2AFZ,ENSG00000164032,12.109428405761719,31,165.0,0.02263374485596708
NFE2,EHD1,EHD1,ENSG00000110047,12.100387573242188,31,6.0,0.0008230452674897119
BCL11A,SLC43A1,SLC43A1,ENSG00000149150,12.100038528442383,30,166.0,0.022770919067215362
NFE2,PIH1D1,PIH1D1,ENSG00000104872,12.099499702453613,27,7.0,0.0009602194787379973
BCL11A,STK24,STK24,ENSG00000102572,12.096928596496582,31,167.0,0.02290809327846365
BCL11A,DNMT1,DNMT1,ENSG00000130816,12.08999252319336,27,168.0,0.023045267489711935
BCL11A,IFIT1B,IFIT1B,ENSG00000204010,12.085789680480957,26,169.0,0.02318244170096022
BCL11A,RBBP4,RBBP4,ENSG00000162521,12.084303855895996,28,170.0,0.023319615912208505
KLF1,HLCS,HLCS,ENSG00000159267,12.084090232849121,25,13.0,0.0017832647462277093
BCL11A,RALY,RALY,ENSG00000125970,12.07796573638916,31,171.0,0.02345679012345679
BCL11A,FBXO30,FBXO30,ENSG00000118496,12.070809364318848,25,172.0,0.023593964334705075
BCL11A,RACK1,RACK1,ENSG00000204628,12.065178871154785,35,173.0,0.02373113854595336
BCL11A,KAT2B,KAT2B,ENSG00000114166,12.059629440307617,30,174.0,0.023868312757201648
BCL11A,RNF217,RNF217,ENSG00000146373,12.056731224060059,25,175.0,0.02400548696844993
BCL11A,TUBB,TUBB,ENSG00000196230,12.046380996704102,27,176.0,0.024142661179698217
NFE2,RAB11FIP4,RAB11FIP4,ENSG00000131242,12.043437957763672,27,8.0,0.0010973936899862826
BCL11A,SENP1,SENP1,ENSG00000079387,12.037810325622559,25,177.0,0.0242798353909465
BCL11A,HNRNPUL1,HNRNPUL1,ENSG00000105323,12.028824806213379,30,178.0,0.024417009602194787
GFI1B,IPPK,IPPK,ENSG00000127080,12.026436805725098,27,8.0,0.0010973936899862826
BCL11A,ZNF131,ZNF131,ENSG00000172262,12.022395133972168,26,179.0,0.024554183813443074
BCL11A,CLEC16A,CLEC16A,ENSG00000038532,12.022167205810547,28,180.0,0.024691358024691357
TAL1,OTUD4,OTUD4,ENSG00000164164,12.010290145874023,29,39.0,0.005349794238683128
BCL11A,APLF,APLF,ENSG00000169621,11.989161491394043,29,181.0,0.024828532235939643
BCL11A,PCBD2,PCBD2,ENSG00000132570,11.96743106842041,34,182.0,0.02496570644718793
BCL11A,FDPS,FDPS,ENSG00000160752,11.951704025268555,32,183.0,0.025102880658436213
BCL11A,GTDC1,GTDC1,ENSG00000121964,11.940887451171875,27,184.0,0.0252400548696845
BCL11A,NFIA,NFIA,ENSG00000162599,11.940258026123047,31,185.0,0.025377229080932786
BCL11A,PTTG1,PTTG1,ENSG00000164611,11.939842224121094,26,186.0,0.02551440329218107
BCL11A,RHEB,RHEB,ENSG00000106615,11.935967445373535,25,187.0,0.025651577503429356
BCL11A,QKI,QKI,ENSG00000112531,11.912602424621582,25,188.0,0.025788751714677642
BCL11A,PISD,PISD,ENSG00000241878,11.912203788757324,26,189.0,0.025925925925925925
KLF1,ENO2,ENO2,ENSG00000111674,11.911946296691895,25,14.0,0.0019204389574759945
GATA1,ABTB1,ABTB1,ENSG00000114626,11.909537315368652,25,7.0,0.0009602194787379973
BCL11A,TAF15,TAF15,ENSG00000270647,11.909236907958984,28,190.0,0.02606310013717421
GATA1,AL450384.2,AL450384.2,ENSG00000240291,11.903024673461914,26,8.0,0.0010973936899862826
BCL11A,SBF1,SBF1,ENSG00000100241,11.893961906433105,26,191.0,0.0262002743484225
BCL11A,NCOA4,NCOA4,ENSG00000266412,11.890286445617676,32,192.0,0.02633744855967078
BCL11A,RNF5,RNF5,ENSG00000204308,11.877300262451172,31,193.0,0.026474622770919068
BCL11A,BUB3,BUB3,ENSG00000154473,11.863811492919922,25,194.0,0.02661179698216735
BCL11A,SLC25A3,SLC25A3,ENSG00000075415,11.86377239227295,27,195.0,0.026748971193415638
BCL11A,POLK,POLK,ENSG00000122008,11.856287002563477,28,196.0,0.026886145404663924
GATA1,DST,DST,ENSG00000151914,11.848188400268555,25,9.0,0.0012345679012345679
BCL11A,CERS6,CERS6,ENSG00000172292,11.828343391418457,28,197.0,0.027023319615912207
TAL1,ABHD13,ABHD13,ENSG00000139826,11.827667236328125,25,40.0,0.0054869684499314125
GFI1B,GPS1,GPS1,ENSG00000169727,11.826570510864258,25,9.0,0.0012345679012345679
NFE2,ABHD17B,ABHD17B,ENSG00000107362,11.818854331970215,25,9.0,0.0012345679012345679
KLF1,ZC3H7B,ZC3H7B,ENSG00000100403,11.816254615783691,28,15.0,0.00205761316872428
BCL11A,PLSCR1,PLSCR1,ENSG00000188313,11.811017036437988,25,198.0,0.027160493827160494
BCL11A,DDIT4,DDIT4,ENSG00000168209,11.795696258544922,25,199.0,0.02729766803840878
BCL11A,RPLP1,RPLP1,ENSG00000137818,11.793502807617188,31,200.0,0.027434842249657063
TAL1,AP4S1,AP4S1,ENSG00000100478,11.777729034423828,25,41.0,0.005624142661179698
BCL11A,BLM,BLM,ENSG00000197299,11.776656150817871,25,201.0,0.02757201646090535
BCL11A,GAS2L3,GAS2L3,ENSG00000139354,11.769858360290527,27,202.0,0.027709190672153636
BCL11A,ARHGAP11A,ARHGAP11A,ENSG00000198826,11.75870132446289,25,203.0,0.02784636488340192
BCL11A,RBM25,RBM25,ENSG00000119707,11.747944831848145,30,204.0,0.027983539094650206
BCL11A,ARPP19,ARPP19,ENSG00000128989,11.745219230651855,28,205.0,0.028120713305898493
BCL11A,SUZ12,SUZ12,ENSG00000178691,11.72762393951416,26,206.0,0.028257887517146776
BCL11A,TRAPPC9,TRAPPC9,ENSG00000167632,11.7267484664917,28,207.0,0.028395061728395062
GATA1,SCYL3,SCYL3,ENSG00000000457,11.723800659179688,27,10.0,0.0013717421124828531
BCL11A,HAUS2,HAUS2,ENSG00000137814,11.722912788391113,29,208.0,0.02853223593964335
BCL11A,NEIL3,NEIL3,ENSG00000109674,11.718040466308594,25,209.0,0.028669410150891632
BCL11A,C7orf50,C7orf50,ENSG00000146540,11.680171012878418,29,210.0,0.02880658436213992
BCL11A,C17orf80,C17orf80,ENSG00000141219,11.677456855773926,31,211.0,0.0289437585733882
BCL11A,RPSA,RPSA,ENSG00000168028,11.67725944519043,28,212.0,0.029080932784636488
BCL11A,RAD18,RAD18,ENSG00000070950,11.673824310302734,28,213.0,0.029218106995884775
BCL11A,CDC42BPA,CDC42BPA,ENSG00000143776,11.671629905700684,27,214.0,0.029355281207133058
BCL11A,RBM3,RBM3,ENSG00000102317,11.667058944702148,31,215.0,0.029492455418381344
BCL11A,UBE2E3,UBE2E3,ENSG00000170035,11.653054237365723,27,216.0,0.02962962962962963
BCL11A,GMPS,GMPS,ENSG00000163655,11.648574829101562,26,217.0,0.029766803840877914
GFI1B,TMEM116,TMEM116,ENSG00000198270,11.64085578918457,27,10.0,0.0013717421124828531
BCL11A,SRI,SRI,ENSG00000075142,11.638949394226074,28,218.0,0.0299039780521262
KLF1,RABAC1,RABAC1,ENSG00000105404,11.631865501403809,26,16.0,0.0021947873799725653
BCL11A,GSK3B,GSK3B,ENSG00000082701,11.631786346435547,25,219.0,0.030041152263374487
NFE2,ERCC3,ERCC3,ENSG00000163161,11.630029678344727,28,10.0,0.0013717421124828531
BCL11A,SLC7A11,SLC7A11,ENSG00000151012,11.630020141601562,27,220.0,0.03017832647462277
BCL11A,GNAQ,GNAQ,ENSG00000156052,11.627781867980957,27,221.0,0.030315500685871057
NFE2,ALDH5A1,ALDH5A1,ENSG00000112294,11.626710891723633,25,11.0,0.0015089163237311386
BCL11A,GLYR1,GLYR1,ENSG00000140632,11.625706672668457,25,222.0,0.030452674897119343
NFE2,ATR,ATR,ENSG00000175054,11.625480651855469,26,12.0,0.0016460905349794238
BCL11A,ATP2C1,ATP2C1,ENSG00000017260,11.62252426147461,25,223.0,0.030589849108367626
BCL11A,ERAP1,ERAP1,ENSG00000164307,11.620025634765625,28,224.0,0.030727023319615913
BCL11A,NEK2,NEK2,ENSG00000117650,11.615689277648926,28,225.0,0.030864197530864196
BCL11A,NUP155,NUP155,ENSG00000113569,11.614444732666016,26,226.0,0.031001371742112482
BCL11A,SKA2,SKA2,ENSG00000182628,11.596574783325195,25,227.0,0.03113854595336077
NFE2,ANXA7,ANXA7,ENSG00000138279,11.59232234954834,31,13.0,0.0017832647462277093
BCL11A,CHD4,CHD4,ENSG00000111642,11.586599349975586,27,228.0,0.031275720164609055
GFI1B,MORN1,MORN1,ENSG00000116151,11.580472946166992,25,11.0,0.0015089163237311386
BCL11A,KIF18B,KIF18B,ENSG00000186185,11.579821586608887,28,229.0,0.03141289437585734
BCL11A,HLA-A,HLA-A,ENSG00000206503,11.57596206665039,26,230.0,0.03155006858710562
BCL11A,MTHFD2L,MTHFD2L,ENSG00000163738,11.572596549987793,28,231.0,0.03168724279835391
BCL11A,PSPC1,PSPC1,ENSG00000121390,11.572516441345215,33,232.0,0.031824417009602195
BCL11A,DAAM1,DAAM1,ENSG00000100592,11.568865776062012,27,233.0,0.03196159122085048
TAL1,HIST1H2BI,HIST1H2BI,ENSG00000278588,11.567156791687012,30,42.0,0.005761316872427984
KLF1,IFIT5,IFIT5,ENSG00000152778,11.564530372619629,27,17.0,0.0023319615912208505
BCL11A,TPRKB,TPRKB,ENSG00000144034,11.562657356262207,25,234.0,0.03209876543209877
BCL11A,ERP29,ERP29,ENSG00000089248,11.562507629394531,26,235.0,0.03223593964334705
BCL11A,CPSF6,CPSF6,ENSG00000111605,11.561993598937988,25,236.0,0.032373113854595334
BCL11A,ARHGAP21,ARHGAP21,ENSG00000107863,11.556953430175781,26,237.0,0.03251028806584362
NFE2,ALAS2,ALAS2,ENSG00000158578,11.556623458862305,25,14.0,0.0019204389574759945
BCL11A,RER1,RER1,ENSG00000157916,11.556447982788086,27,238.0,0.03264746227709191
BCL11A,DYNC1I2,DYNC1I2,ENSG00000077380,11.551526069641113,27,239.0,0.032784636488340194
BCL11A,ANAPC15,ANAPC15,ENSG00000110200,11.54793930053711,27,240.0,0.03292181069958848
BCL11A,AC231533.1,AC231533.1,ENSG00000232828,11.539519309997559,31,241.0,0.03305898491083676
BCL11A,GPSM2,GPSM2,ENSG00000121957,11.534079551696777,28,242.0,0.033196159122085046
TAL1,RELB,RELB,ENSG00000104856,11.530782699584961,25,43.0,0.005898491083676269
BCL11A,RPL13A,RPL13A,ENSG00000142541,11.527854919433594,26,243.0,0.03333333333333333
KLF1,RPRD2,RPRD2,ENSG00000163125,11.523289680480957,32,18.0,0.0024691358024691358
TAL1,SBNO2,SBNO2,ENSG00000064932,11.514495849609375,25,44.0,0.006035665294924554
BCL11A,TGS1,TGS1,ENSG00000137574,11.51323127746582,28,244.0,0.03347050754458162
BCL11A,CARS2,CARS2,ENSG00000134905,11.503955841064453,25,245.0,0.033607681755829906
BCL11A,HEBP1,HEBP1,ENSG00000013583,11.499049186706543,28,246.0,0.03374485596707819
GATA1,C16orf91,C16orf91,ENSG00000174109,11.488815307617188,25,11.0,0.0015089163237311386
BCL11A,RBMX,RBMX,ENSG00000147274,11.488161087036133,27,247.0,0.03388203017832647
BCL11A,TMEM70,TMEM70,ENSG00000175606,11.485095024108887,30,248.0,0.03401920438957476
BCL11A,EPS15,EPS15,ENSG00000085832,11.48493766784668,27,249.0,0.034156378600823045
BCL11A,PREPL,PREPL,ENSG00000138078,11.480354309082031,30,250.0,0.03429355281207133
BCL11A,ATP11B,ATP11B,ENSG00000058063,11.478534698486328,28,251.0,0.03443072702331962
TAL1,TFIP11,TFIP11,ENSG00000100109,11.471013069152832,25,45.0,0.006172839506172839
NFE2,RYK,RYK,ENSG00000163785,11.463069915771484,31,15.0,0.00205761316872428
BCL11A,HINT1,HINT1,ENSG00000169567,11.454418182373047,31,252.0,0.0345679012345679
BCL11A,MDC1,MDC1,ENSG00000137337,11.452679634094238,25,253.0,0.034705075445816184
GATA1,ALG11,ALG11,ENSG00000253710,11.445281028747559,26,12.0,0.0016460905349794238
BCL11A,R3HDM2,R3HDM2,ENSG00000179912,11.442618370056152,25,254.0,0.03484224965706447
BCL11A,M6PR,M6PR,ENSG00000003056,11.441947937011719,27,255.0,0.03497942386831276
BCL11A,STT3B,STT3B,ENSG00000163527,11.440520286560059,25,256.0,0.035116598079561044
GFI1B,COX10,COX10,ENSG00000006695,11.436068534851074,28,12.0,0.0016460905349794238
BCL11A,C2orf88,C2orf88,ENSG00000187699,11.430490493774414,25,257.0,0.03525377229080933
BCL11A,CTNNA1,CTNNA1,ENSG00000044115,11.426831245422363,25,258.0,0.03539094650205761
BCL11A,TMEM14C,TMEM14C,ENSG00000111843,11.419788360595703,27,259.0,0.0355281207133059
BCL11A,EPRS,EPRS,ENSG00000136628,11.40608024597168,26,260.0,0.03566529492455418
BCL11A,MYO1D,MYO1D,ENSG00000176658,11.403579711914062,29,261.0,0.03580246913580247
BCL11A,CENPI,CENPI,ENSG00000102384,11.400267601013184,27,262.0,0.035939643347050756
BCL11A,COMMD10,COMMD10,ENSG00000145781,11.39915657043457,27,263.0,0.03607681755829904
BCL11A,PTPN9,PTPN9,ENSG00000169410,11.398242950439453,28,264.0,0.03621399176954732
BCL11A,TRNT1,TRNT1,ENSG00000072756,11.397472381591797,28,265.0,0.03635116598079561
BCL11A,BCL2L11,BCL2L11,ENSG00000153094,11.393882751464844,29,266.0,0.036488340192043896
BCL11A,SUPT7L,SUPT7L,ENSG00000119760,11.38625431060791,29,267.0,0.03662551440329218
BCL11A,FOXN2,FOXN2,ENSG00000170802,11.379267692565918,27,268.0,0.03676268861454047
BCL11A,WSB1,WSB1,ENSG00000109046,11.373151779174805,27,269.0,0.03689986282578875
BCL11A,THOC3,THOC3,ENSG00000051596,11.371580123901367,27,270.0,0.037037037037037035
BCL11A,SLC25A21,SLC25A21,ENSG00000183032,11.370227813720703,27,271.0,0.03717421124828532
BCL11A,G2E3,G2E3,ENSG00000092140,11.36671257019043,25,272.0,0.03731138545953361
GFI1B,DRG1,DRG1,ENSG00000185721,11.365729331970215,26,13.0,0.0017832647462277093
BCL11A,RELCH,RELCH,ENSG00000134444,11.364287376403809,28,273.0,0.037448559670781895
BCL11A,DBF4,DBF4,ENSG00000006634,11.36233901977539,25,274.0,0.03758573388203018
BCL11A,IDH2,IDH2,ENSG00000182054,11.361273765563965,27,275.0,0.03772290809327846
BCL11A,UQCRB,UQCRB,ENSG00000156467,11.352988243103027,27,276.0,0.03786008230452675
BCL11A,RBBP7,RBBP7,ENSG00000102054,11.35242748260498,25,277.0,0.037997256515775034
NFE2,GALNT5,GALNT5,ENSG00000136542,11.349486351013184,27,16.0,0.0021947873799725653
BCL11A,TSC22D2,TSC22D2,ENSG00000196428,11.34229850769043,25,278.0,0.03813443072702332
BCL11A,CD46,CD46,ENSG00000117335,11.330514907836914,29,279.0,0.03827160493827161
BCL11A,SASS6,SASS6,ENSG00000156876,11.327695846557617,25,280.0,0.038408779149519894
BCL11A,AGPS,AGPS,ENSG00000018510,11.326077461242676,30,281.0,0.03854595336076817
BCL11A,PPARD,PPARD,ENSG00000112033,11.324477195739746,31,282.0,0.03868312757201646
BCL11A,ARHGAP11B,ARHGAP11B,ENSG00000284906,11.321784019470215,25,283.0,0.038820301783264746
BCL11A,HMGN1,HMGN1,ENSG00000205581,11.32121467590332,31,284.0,0.03895747599451303
BCL11A,NCAPG,NCAPG,ENSG00000109805,11.317414283752441,26,285.0,0.03909465020576132
KLF1,TMUB1,TMUB1,ENSG00000164897,11.310114860534668,27,19.0,0.002606310013717421
GFI1B,ATXN2,ATXN2,ENSG00000204842,11.309113502502441,34,14.0,0.0019204389574759945
BCL11A,CMAS,CMAS,ENSG00000111726,11.306780815124512,33,286.0,0.0392318244170096
BCL11A,MELK,MELK,ENSG00000165304,11.304574012756348,25,287.0,0.039368998628257885
BCL11A,YWHAZ,YWHAZ,ENSG00000164924,11.301395416259766,28,288.0,0.03950617283950617
GFI1B,MCM4,MCM4,ENSG00000104738,11.297831535339355,26,15.0,0.00205761316872428
KLF1,TMEM189,TMEM189,ENSG00000240849,11.294441223144531,25,20.0,0.0027434842249657062
GFI1B,FADS1,FADS1,ENSG00000149485,11.292635917663574,29,16.0,0.0021947873799725653
BCL11A,TAF3,TAF3,ENSG00000165632,11.28725528717041,28,289.0,0.03964334705075446
BCL11A,CCDC14,CCDC14,ENSG00000175455,11.28486156463623,26,290.0,0.039780521262002745
BCL11A,HIST1H3B,HIST1H3B,ENSG00000286522,11.277530670166016,28,291.0,0.03991769547325103
BCL11A,UBR2,UBR2,ENSG00000024048,11.27282428741455,27,292.0,0.04005486968449931
TAL1,AP1G1,AP1G1,ENSG00000166747,11.266053199768066,25,46.0,0.006310013717421125
BCL11A,FBXO42,FBXO42,ENSG00000037637,11.264413833618164,26,293.0,0.0401920438957476
GFI1B,LRRC28,LRRC28,ENSG00000168904,11.263662338256836,25,17.0,0.0023319615912208505
BCL11A,SLC7A1,SLC7A1,ENSG00000139514,11.263352394104004,26,294.0,0.040329218106995884
KLF1,HMG20B,HMG20B,ENSG00000064961,11.251667976379395,27,21.0,0.002880658436213992
GFI1B,IKBIP,IKBIP,ENSG00000166130,11.247098922729492,27,18.0,0.0024691358024691358
BCL11A,SCLT1,SCLT1,ENSG00000151466,11.24694538116455,27,295.0,0.04046639231824417
BCL11A,TBCEL,TBCEL,ENSG00000154114,11.241354942321777,25,296.0,0.04060356652949246
NFE2,HBZ,HBZ,ENSG00000130656,11.23909854888916,26,17.0,0.0023319615912208505
GFI1B,FBXW7,FBXW7,ENSG00000109670,11.235158920288086,31,19.0,0.002606310013717421
BCL11A,H1F0,H1F0,ENSG00000189060,11.231109619140625,25,297.0,0.040740740740740744
BCL11A,H3F3A,H3F3A,ENSG00000163041,11.23071575164795,25,298.0,0.040877914951989024
NFE2,TBCC,TBCC,ENSG00000124659,11.228272438049316,25,18.0,0.0024691358024691358
BCL11A,TRAF3IP2-AS1,TRAF3IP2-AS1,ENSG00000231889,11.226006507873535,34,299.0,0.04101508916323731
BCL11A,TTK,TTK,ENSG00000112742,11.224560737609863,27,300.0,0.0411522633744856
BCL11A,RNF4,RNF4,ENSG00000063978,11.223109245300293,26,301.0,0.04128943758573388
KLF1,CCDC28B,CCDC28B,ENSG00000160050,11.222038269042969,27,22.0,0.003017832647462277
BCL11A,GPBP1,GPBP1,ENSG00000062194,11.219285011291504,30,302.0,0.04142661179698217
BCL11A,AURKB,AURKB,ENSG00000178999,11.218243598937988,29,303.0,0.04156378600823045
GFI1B,WDR83,WDR83,ENSG00000123154,11.215818405151367,28,20.0,0.0027434842249657062
GATA1,TRIM8,TRIM8,ENSG00000171206,11.21058177947998,27,13.0,0.0017832647462277093
KLF1,PIR,PIR,ENSG00000087842,11.209074020385742,27,23.0,0.0031550068587105624
GATA1,LRIG2,LRIG2,ENSG00000198799,11.207708358764648,28,14.0,0.0019204389574759945
BCL11A,SMPD4,SMPD4,ENSG00000136699,11.205153465270996,26,304.0,0.041700960219478736
BCL11A,TENT4A,TENT4A,ENSG00000112941,11.199850082397461,25,305.0,0.04183813443072702
BCL11A,PCBP2,PCBP2,ENSG00000197111,11.198155403137207,29,306.0,0.04197530864197531
BCL11A,AQP1,AQP1,ENSG00000240583,11.195361137390137,27,307.0,0.042112482853223596
BCL11A,LINC01473,LINC01473,ENSG00000237877,11.188431739807129,25,308.0,0.04224965706447188
BCL11A,SNRNP70,SNRNP70,ENSG00000104852,11.1866455078125,26,309.0,0.04238683127572016
NFE2,ELAC2,ELAC2,ENSG00000006744,11.183815002441406,34,19.0,0.002606310013717421
TAL1,C12orf57,C12orf57,ENSG00000111678,11.182806968688965,26,47.0,0.0064471879286694105
BCL11A,LSM14A,LSM14A,ENSG00000257103,11.176773071289062,27,310.0,0.04252400548696845
BCL11A,DYM,DYM,ENSG00000141627,11.174311637878418,27,311.0,0.042661179698216735
BCL11A,NCOR1,NCOR1,ENSG00000141027,11.168821334838867,28,312.0,0.04279835390946502
GFI1B,ZNF213,ZNF213,ENSG00000085644,11.167584419250488,26,21.0,0.002880658436213992
BCL11A,APH1A,APH1A,ENSG00000117362,11.165275573730469,27,313.0,0.04293552812071331
BCL11A,KATNBL1,KATNBL1,ENSG00000134152,11.151240348815918,27,314.0,0.043072702331961595
BCL11A,VRK2,VRK2,ENSG00000028116,11.143105506896973,29,315.0,0.043209876543209874
BCL11A,NCAPH,NCAPH,ENSG00000121152,11.142958641052246,29,316.0,0.04334705075445816
TAL1,AL356599.1,AL356599.1,ENSG00000235652,11.138599395751953,25,48.0,0.006584362139917695
GFI1B,SLC36A4,SLC36A4,ENSG00000180773,11.131915092468262,28,22.0,0.003017832647462277
KLF1,P2RY1,P2RY1,ENSG00000169860,11.128230094909668,27,24.0,0.0032921810699588477
KLF1,KBTBD8,KBTBD8,ENSG00000163376,11.127582550048828,26,25.0,0.003429355281207133
BCL11A,MKI67,MKI67,ENSG00000148773,11.120513916015625,25,317.0,0.04348422496570645
GFI1B,GCN1,GCN1,ENSG00000089154,11.120509147644043,28,23.0,0.0031550068587105624
KLF1,TNRC6A,TNRC6A,ENSG00000090905,11.119378089904785,28,26.0,0.0035665294924554186
BCL11A,GOT1,GOT1,ENSG00000120053,11.11832332611084,25,318.0,0.043621399176954734
KLF1,IDH1,IDH1,ENSG00000138413,11.11469554901123,25,27.0,0.003703703703703704
TAL1,CCNYL1,CCNYL1,ENSG00000163249,11.11432933807373,25,49.0,0.006721536351165981
BCL11A,PTBP3,PTBP3,ENSG00000119314,11.113306045532227,26,319.0,0.04375857338820302
BCL11A,DCAF8,DCAF8,ENSG00000132716,11.109951972961426,25,320.0,0.0438957475994513
BCL11A,TUBGCP3,TUBGCP3,ENSG00000126216,11.109639167785645,28,321.0,0.044032921810699586
BCL11A,NAB1,NAB1,ENSG00000138386,11.109232902526855,26,322.0,0.04417009602194787
BCL11A,RAD51B,RAD51B,ENSG00000182185,11.107756614685059,26,323.0,0.04430727023319616
BCL11A,TNRC18,TNRC18,ENSG00000182095,11.107600212097168,26,324.0,0.044444444444444446
BCL11A,UHRF1BP1,UHRF1BP1,ENSG00000065060,11.105987548828125,27,325.0,0.04458161865569273
GFI1B,SYTL4,SYTL4,ENSG00000102362,11.10233211517334,25,24.0,0.0032921810699588477
BCL11A,HBA1,HBA1,ENSG00000206172,11.099210739135742,25,326.0,0.04471879286694101
BCL11A,GNAS,GNAS,ENSG00000087460,11.095932960510254,25,327.0,0.0448559670781893
BCL11A,RPP21,RPP21,ENSG00000241370,11.092794418334961,25,328.0,0.044993141289437585
GFI1B,ZNRF2,ZNRF2,ENSG00000180233,11.090245246887207,28,25.0,0.003429355281207133
BCL11A,PRIM1,PRIM1,ENSG00000198056,11.087858200073242,29,329.0,0.04513031550068587
BCL11A,SRRM1,SRRM1,ENSG00000133226,11.08670711517334,29,330.0,0.04526748971193416
BCL11A,CASC4,CASC4,ENSG00000166734,11.085270881652832,29,331.0,0.045404663923182445
BCL11A,ZNF302,ZNF302,ENSG00000089335,11.084158897399902,25,332.0,0.045541838134430725
BCL11A,ANKRD9,ANKRD9,ENSG00000156381,11.083998680114746,27,333.0,0.04567901234567901
BCL11A,ARRDC3-AS1,ARRDC3-AS1,ENSG00000281357,11.080170631408691,26,334.0,0.0458161865569273
BCL11A,PIM1,PIM1,ENSG00000137193,11.079634666442871,26,335.0,0.045953360768175584
BCL11A,TOP2A,TOP2A,ENSG00000131747,11.078109741210938,26,336.0,0.04609053497942387
BCL11A,RPL30,RPL30,ENSG00000156482,11.078003883361816,29,337.0,0.04622770919067215
GATA1,HARS2,HARS2,ENSG00000112855,11.076783180236816,27,15.0,0.00205761316872428
BCL11A,SNHG6,SNHG6,ENSG00000245910,11.072189331054688,27,338.0,0.04636488340192044
BCL11A,DBT,DBT,ENSG00000137992,11.071405410766602,25,339.0,0.046502057613168724
NFE2,NRBF2,NRBF2,ENSG00000148572,11.070829391479492,28,20.0,0.0027434842249657062
BCL11A,ANKRD18B,ANKRD18B,ENSG00000230453,11.066115379333496,33,340.0,0.04663923182441701
BCL11A,MDM4,MDM4,ENSG00000198625,11.065921783447266,27,341.0,0.0467764060356653
BCL11A,EPB41L4A,EPB41L4A,ENSG00000129595,11.056390762329102,25,342.0,0.04691358024691358
TAL1,ZKSCAN8,ZKSCAN8,ENSG00000198315,11.055420875549316,27,50.0,0.006858710562414266
BCL11A,NUTM2B-AS1,NUTM2B-AS1,ENSG00000225484,11.049505233764648,25,343.0,0.04705075445816186
BCL11A,CDKN2A,CDKN2A,ENSG00000147889,11.04907512664795,31,344.0,0.04718792866941015
BCL11A,MRPL42,MRPL42,ENSG00000198015,11.045860290527344,25,345.0,0.047325102880658436
GFI1B,SCAF1,SCAF1,ENSG00000126461,11.0360107421875,29,26.0,0.0035665294924554186
BCL11A,UBAP2,UBAP2,ENSG00000137073,11.031311988830566,27,346.0,0.04746227709190672
BCL11A,AL080276.2,AL080276.2,ENSG00000227627,11.02971076965332,25,347.0,0.04759945130315501
NFE2,ABCF2,ABCF2,ENSG00000033050,11.02695083618164,25,21.0,0.002880658436213992
NFE2,SLC25A13,SLC25A13,ENSG00000004864,11.0253267288208,25,22.0,0.003017832647462277
BCL11A,BARD1,BARD1,ENSG00000138376,11.024421691894531,26,348.0,0.047736625514403296
BCL11A,NFYC,NFYC,ENSG00000066136,11.021289825439453,26,349.0,0.047873799725651575
BCL11A,YWHAB,YWHAB,ENSG00000166913,11.015128135681152,29,350.0,0.04801097393689986
BCL11A,MPC1,MPC1,ENSG00000060762,11.014856338500977,27,351.0,0.04814814814814815
GFI1B,CHEK2,CHEK2,ENSG00000183765,11.011876106262207,29,27.0,0.003703703703703704
BCL11A,CALM3,CALM3,ENSG00000160014,11.008992195129395,28,352.0,0.048285322359396435
BCL11A,AMMECR1,AMMECR1,ENSG00000101935,11.008269309997559,32,353.0,0.04842249657064472
KLF1,HIST2H4B,HIST2H4B,ENSG00000270276,11.005383491516113,25,28.0,0.003840877914951989
BCL11A,SSX2IP,SSX2IP,ENSG00000117155,11.00285816192627,28,354.0,0.048559670781893
BCL11A,TLN1,TLN1,ENSG00000137076,11.000081062316895,26,355.0,0.04869684499314129
BCL11A,RPL36,RPL36,ENSG00000130255,10.99610424041748,25,356.0,0.048834019204389574
BCL11A,RIC1,RIC1,ENSG00000107036,10.994617462158203,29,357.0,0.04897119341563786
BCL11A,MZT2B,MZT2B,ENSG00000152082,10.989448547363281,25,358.0,0.04910836762688615
BCL11A,SNRPG,SNRPG,ENSG00000143977,10.986431121826172,25,359.0,0.049245541838134434
BCL11A,AKAP7,AKAP7,ENSG00000118507,10.983526229858398,25,360.0,0.04938271604938271
BCL11A,NFYB,NFYB,ENSG00000120837,10.976593971252441,27,361.0,0.049519890260631
BCL11A,NDC80,NDC80,ENSG00000080986,10.974976539611816,25,362.0,0.049657064471879286
BCL11A,TSTD2,TSTD2,ENSG00000136925,10.974579811096191,32,363.0,0.04979423868312757
BCL11A,SAT1,SAT1,ENSG00000130066,10.972941398620605,25,364.0,0.04993141289437586
GFI1B,NORAD,NORAD,ENSG00000260032,10.940661430358887,27,28.0,0.003840877914951989
TAL1,FBRS,FBRS,ENSG00000156860,10.933676719665527,27,51.0,0.0069958847736625515
NFE2,CCDC9,CCDC9,ENSG00000105321,10.922496795654297,30,23.0,0.0031550068587105624
GFI1B,RDX,RDX,ENSG00000137710,10.899824142456055,25,29.0,0.003978052126200274
GFI1B,CPEB1,CPEB1,ENSG00000214575,10.879951477050781,32,30.0,0.00411522633744856
TAL1,PVT1,PVT1,ENSG00000249859,10.877388000488281,28,52.0,0.007133058984910837
KLF1,SNAP23,SNAP23,ENSG00000092531,10.85046672821045,25,29.0,0.003978052126200274
TAL1,ERCC1,ERCC1,ENSG00000012061,10.82250690460205,28,53.0,0.007270233196159122
GATA1,AAAS,AAAS,ENSG00000094914,10.819194793701172,26,16.0,0.0021947873799725653
NFE2,MAGED2,MAGED2,ENSG00000102316,10.809103965759277,25,24.0,0.0032921810699588477
KLF1,SNHG10,SNHG10,ENSG00000247092,10.790518760681152,27,30.0,0.00411522633744856
KLF1,TRUB1,TRUB1,ENSG00000165832,10.788430213928223,27,31.0,0.004252400548696845
GFI1B,AC109587.1,AC109587.1,ENSG00000244513,10.785589218139648,25,31.0,0.004252400548696845
NFE2,PYCR1,PYCR1,ENSG00000183010,10.77566146850586,26,25.0,0.003429355281207133
KLF1,UBE2V1,UBE2V1,ENSG00000244687,10.76624584197998,32,32.0,0.0043895747599451305
GATA1,MICOS13,MICOS13,ENSG00000174917,10.760188102722168,25,17.0,0.0023319615912208505
KLF1,CASP10,CASP10,ENSG00000003400,10.740402221679688,27,33.0,0.004526748971193415
TAL1,SNHG16,SNHG16,ENSG00000163597,10.7374849319458,25,54.0,0.007407407407407408
GFI1B,FRG1,FRG1,ENSG00000109536,10.73544979095459,30,32.0,0.0043895747599451305
KLF1,IER5,IER5,ENSG00000162783,10.699957847595215,27,34.0,0.004663923182441701
TAL1,HIST1H3J,HIST1H3J,ENSG00000197153,10.696614265441895,25,55.0,0.0075445816186556925
GFI1B,HSDL2,HSDL2,ENSG00000119471,10.683205604553223,30,33.0,0.004526748971193415
GFI1B,CCDC88C,CCDC88C,ENSG00000015133,10.681218147277832,25,34.0,0.004663923182441701
NFE2,SLC10A3,SLC10A3,ENSG00000126903,10.673154830932617,28,26.0,0.0035665294924554186
KLF1,POLR3D,POLR3D,ENSG00000168495,10.651898384094238,26,35.0,0.004801097393689987
GFI1B,MCM2,MCM2,ENSG00000073111,10.63701343536377,25,35.0,0.004801097393689987
GATA1,FRMD3,FRMD3,ENSG00000172159,10.635774612426758,29,18.0,0.0024691358024691358
GFI1B,PPIA,PPIA,ENSG00000196262,10.635732650756836,29,36.0,0.0049382716049382715
TAL1,JMJD6,JMJD6,ENSG00000070495,10.632054328918457,25,56.0,0.007681755829903978
GFI1B,BCL11A,BCL11A,ENSG00000119866,10.625271797180176,29,37.0,0.005075445816186557
GFI1B,FCHSD2,FCHSD2,ENSG00000137478,10.625265121459961,25,38.0,0.005212620027434842
GFI1B,TRMU,TRMU,ENSG00000100416,10.61154556274414,26,39.0,0.005349794238683128
GFI1B,RMI1,RMI1,ENSG00000178966,10.600716590881348,27,40.0,0.0054869684499314125
KLF1,VGLL4,VGLL4,ENSG00000144560,10.593798637390137,27,36.0,0.0049382716049382715
GATA1,ATF7,ATF7,ENSG00000170653,10.588639259338379,25,19.0,0.002606310013717421
KLF1,ADAM9,ADAM9,ENSG00000168615,10.583147048950195,30,37.0,0.005075445816186557
GATA1,AL157392.3,AL157392.3,ENSG00000239665,10.57177734375,29,20.0,0.0027434842249657062
KLF1,TM9SF2,TM9SF2,ENSG00000125304,10.540964126586914,27,38.0,0.005212620027434842
GATA1,C12orf29,C12orf29,ENSG00000133641,10.52554988861084,25,21.0,0.002880658436213992
GATA1,GALK2,GALK2,ENSG00000156958,10.50901985168457,26,22.0,0.003017832647462277
NFE2,FECH,FECH,ENSG00000066926,10.503998756408691,28,27.0,0.003703703703703704
KLF1,SERPINE2,SERPINE2,ENSG00000135919,10.503677368164062,28,39.0,0.005349794238683128
TAL1,TMEM117,TMEM117,ENSG00000139173,10.490617752075195,26,57.0,0.007818930041152264
GFI1B,MCM3,MCM3,ENSG00000112118,10.48455810546875,29,41.0,0.005624142661179698
GFI1B,SCLY,SCLY,ENSG00000132330,10.474748611450195,29,42.0,0.005761316872427984
NFE2,TGFBR2,TGFBR2,ENSG00000163513,10.4668550491333,25,28.0,0.003840877914951989
GFI1B,LDHB,LDHB,ENSG00000111716,10.460537910461426,26,43.0,0.005898491083676269
TAL1,ICAM4,ICAM4,ENSG00000105371,10.444306373596191,27,58.0,0.007956104252400549
GFI1B,REXO1,REXO1,ENSG00000079313,10.442328453063965,26,44.0,0.006035665294924554
KLF1,TRIM52,TRIM52,ENSG00000183718,10.427093505859375,26,40.0,0.0054869684499314125
KLF1,CLEC2B,CLEC2B,ENSG00000110852,10.421760559082031,25,41.0,0.005624142661179698
KLF1,ZNF609,ZNF609,ENSG00000180357,10.415907859802246,25,42.0,0.005761316872427984
NFE2,CLCN2,CLCN2,ENSG00000114859,10.41573715209961,25,29.0,0.003978052126200274
NFE2,SLC5A4-AS1,SLC5A4-AS1,ENSG00000242082,10.414373397827148,26,30.0,0.00411522633744856
GFI1B,ATAD5,ATAD5,ENSG00000176208,10.400182723999023,27,45.0,0.006172839506172839
GFI1B,MBIP,MBIP,ENSG00000151332,10.392791748046875,29,46.0,0.006310013717421125
TAL1,ENO1,ENO1,ENSG00000074800,10.388858795166016,25,59.0,0.008093278463648833
TAL1,VPS13B,VPS13B,ENSG00000132549,10.38460636138916,29,60.0,0.00823045267489712
KLF1,SLX4,SLX4,ENSG00000188827,10.379335403442383,25,43.0,0.005898491083676269
TAL1,RLF,RLF,ENSG00000117000,10.367164611816406,27,61.0,0.008367626886145405
GFI1B,PNN,PNN,ENSG00000100941,10.366622924804688,27,47.0,0.0064471879286694105
NFE2,CTSB,CTSB,ENSG00000164733,10.346173286437988,26,31.0,0.004252400548696845
GFI1B,OGFOD1,OGFOD1,ENSG00000087263,10.33113956451416,27,48.0,0.006584362139917695
GATA1,PRPF19,PRPF19,ENSG00000110107,10.328238487243652,26,23.0,0.0031550068587105624
KLF1,NFE2L3,NFE2L3,ENSG00000050344,10.325810432434082,26,44.0,0.006035665294924554
TAL1,YOD1,YOD1,ENSG00000180667,10.30458927154541,36,62.0,0.00850480109739369
NFE2,ZNF160,ZNF160,ENSG00000170949,10.302048683166504,26,32.0,0.0043895747599451305
GATA1,LINC02506,LINC02506,ENSG00000251129,10.29116439819336,26,24.0,0.0032921810699588477
GFI1B,MRPL45,MRPL45,ENSG00000278845,10.280741691589355,27,49.0,0.006721536351165981
KLF1,GPR146,GPR146,ENSG00000164849,10.271724700927734,30,45.0,0.006172839506172839
KLF1,CCHCR1,CCHCR1,ENSG00000204536,10.268245697021484,27,46.0,0.006310013717421125
KLF1,STAT3,STAT3,ENSG00000168610,10.263346672058105,25,47.0,0.0064471879286694105
GFI1B,NOP14,NOP14,ENSG00000087269,10.247099876403809,32,50.0,0.006858710562414266
TAL1,SRP19,SRP19,ENSG00000153037,10.231612205505371,28,63.0,0.008641975308641974
NFE2,COX15,COX15,ENSG00000014919,10.22563648223877,28,33.0,0.004526748971193415
NFE2,CLK3,CLK3,ENSG00000179335,10.216691970825195,25,34.0,0.004663923182441701
KLF1,PFDN6,PFDN6,ENSG00000204220,10.215088844299316,25,48.0,0.006584362139917695
NFE2,ZMYM4,ZMYM4,ENSG00000146463,10.193354606628418,26,35.0,0.004801097393689987
GATA1,DPP9,DPP9,ENSG00000142002,10.186394691467285,25,25.0,0.003429355281207133
GATA1,GLRX2,GLRX2,ENSG00000023572,10.17977237701416,28,26.0,0.0035665294924554186
NFE2,WDR36,WDR36,ENSG00000134987,10.160669326782227,25,36.0,0.0049382716049382715
GFI1B,HBA2,HBA2,ENSG00000188536,10.145827293395996,25,51.0,0.0069958847736625515
GATA1,C9orf72,C9orf72,ENSG00000147894,10.14126205444336,28,27.0,0.003703703703703704
KLF1,C5,C5,ENSG00000106804,10.128701210021973,29,49.0,0.006721536351165981
GFI1B,NUCKS1,NUCKS1,ENSG00000069275,10.119170188903809,30,52.0,0.007133058984910837
TAL1,LRRC37A2,LRRC37A2,ENSG00000238083,10.111030578613281,26,64.0,0.008779149519890261
NFE2,RNF103,RNF103,ENSG00000239305,10.108962059020996,29,37.0,0.005075445816186557
KLF1,RBM5-AS1,RBM5-AS1,ENSG00000281691,10.107946395874023,28,50.0,0.006858710562414266
NFE2,CEP76,CEP76,ENSG00000101624,10.1038818359375,27,38.0,0.005212620027434842
GFI1B,KLHL15,KLHL15,ENSG00000174010,10.092166900634766,29,53.0,0.007270233196159122
TAL1,PSTPIP2,PSTPIP2,ENSG00000152229,10.088547706604004,29,65.0,0.008916323731138546
NFE2,TGM2,TGM2,ENSG00000198959,10.08258056640625,35,39.0,0.005349794238683128
NFE2,ADCK1,ADCK1,ENSG00000063761,10.081253051757812,28,40.0,0.0054869684499314125
KLF1,HIST1H2BB,HIST1H2BB,ENSG00000276410,10.057709693908691,26,51.0,0.0069958847736625515
GFI1B,INPP5F,INPP5F,ENSG00000198825,10.038594245910645,28,54.0,0.007407407407407408
KLF1,CLK1,CLK1,ENSG00000013441,10.036422729492188,27,52.0,0.007133058984910837
KLF1,ZNF337,ZNF337,ENSG00000130684,10.032123565673828,25,53.0,0.007270233196159122
GATA1,FIG4,FIG4,ENSG00000112367,10.016082763671875,29,28.0,0.003840877914951989
NFE2,PLAG1,PLAG1,ENSG00000181690,10.000113487243652,25,41.0,0.005624142661179698
GATA1,EIF4EBP3,EIF4EBP3,ENSG00000243056,9.997883796691895,25,29.0,0.003978052126200274
NFE2,STK19,STK19,ENSG00000204344,9.981588363647461,25,42.0,0.005761316872427984
TAL1,HIST1H2BK,HIST1H2BK,ENSG00000197903,9.973231315612793,31,66.0,0.00905349794238683
KLF1,TRMT44,TRMT44,ENSG00000155275,9.969472885131836,28,54.0,0.007407407407407408
NFE2,TSPAN5,TSPAN5,ENSG00000168785,9.96562671661377,25,43.0,0.005898491083676269
TAL1,GPN2,GPN2,ENSG00000142751,9.963783264160156,28,67.0,0.009190672153635117
GATA1,VPS29,VPS29,ENSG00000111237,9.955119132995605,25,30.0,0.00411522633744856
GATA1,COLQ,COLQ,ENSG00000206561,9.944999694824219,26,31.0,0.004252400548696845
GFI1B,NMNAT3,NMNAT3,ENSG00000163864,9.93649673461914,26,55.0,0.0075445816186556925
NFE2,SLC2A13,SLC2A13,ENSG00000151229,9.936275482177734,25,44.0,0.006035665294924554
TAL1,OGDH,OGDH,ENSG00000105953,9.9347505569458,27,68.0,0.009327846364883402
GFI1B,NEDD4,NEDD4,ENSG00000069869,9.929182052612305,25,56.0,0.007681755829903978
NFE2,IRAK2,IRAK2,ENSG00000134070,9.92905044555664,25,45.0,0.006172839506172839
GFI1B,MED14,MED14,ENSG00000180182,9.928966522216797,28,57.0,0.007818930041152264
TAL1,FAM27C,FAM27C,ENSG00000231527,9.927590370178223,25,69.0,0.009465020576131687
GFI1B,MMAB,MMAB,ENSG00000139428,9.926909446716309,28,58.0,0.007956104252400549
GFI1B,AP3M1,AP3M1,ENSG00000185009,9.926539421081543,28,59.0,0.008093278463648833
GFI1B,RPL27,RPL27,ENSG00000131469,9.91632080078125,28,60.0,0.00823045267489712
GFI1B,OGG1,OGG1,ENSG00000114026,9.899259567260742,25,61.0,0.008367626886145405
TAL1,MED1,MED1,ENSG00000125686,9.892518997192383,26,70.0,0.009602194787379973
TAL1,AC003102.1,AC003102.1,ENSG00000260793,9.889278411865234,25,71.0,0.009739368998628258
GFI1B,KLHDC3,KLHDC3,ENSG00000124702,9.879729270935059,31,62.0,0.00850480109739369
KLF1,SNHG5,SNHG5,ENSG00000203875,9.852258682250977,25,55.0,0.0075445816186556925
GFI1B,CD151,CD151,ENSG00000177697,9.850870132446289,25,63.0,0.008641975308641974
GATA1,AFF4,AFF4,ENSG00000072364,9.8485107421875,25,32.0,0.0043895747599451305
KLF1,NOL8,NOL8,ENSG00000198000,9.838631629943848,27,56.0,0.007681755829903978
GFI1B,POLA1,POLA1,ENSG00000101868,9.83846664428711,26,64.0,0.008779149519890261
KLF1,TRMO,TRMO,ENSG00000136932,9.834221839904785,26,57.0,0.007818930041152264
GATA1,GULP1,GULP1,ENSG00000144366,9.833231925964355,26,33.0,0.004526748971193415
TAL1,POLE,POLE,ENSG00000177084,9.82172966003418,29,72.0,0.009876543209876543
NFE2,EIF3B,EIF3B,ENSG00000106263,9.817551612854004,30,46.0,0.006310013717421125
NFE2,NME7,NME7,ENSG00000143156,9.80740737915039,29,47.0,0.0064471879286694105
NFE2,OR2AT4,OR2AT4,ENSG00000171561,9.79927921295166,28,48.0,0.006584362139917695
GFI1B,MIER1,MIER1,ENSG00000198160,9.789237022399902,33,65.0,0.008916323731138546
NFE2,PIGS,PIGS,ENSG00000087111,9.784619331359863,29,49.0,0.006721536351165981
KLF1,FAM174C,FAM174C,ENSG00000228300,9.7843599319458,27,58.0,0.007956104252400549
KLF1,PCBP1,PCBP1,ENSG00000169564,9.783519744873047,35,59.0,0.008093278463648833
NFE2,CAT,CAT,ENSG00000121691,9.78239631652832,27,50.0,0.006858710562414266
GFI1B,EPDR1,EPDR1,ENSG00000086289,9.776823997497559,27,66.0,0.00905349794238683
NFE2,CFAP161,CFAP161,ENSG00000156206,9.772181510925293,27,51.0,0.0069958847736625515
GATA1,TFE3,TFE3,ENSG00000068323,9.766233444213867,25,34.0,0.004663923182441701
NFE2,AGPAT4,AGPAT4,ENSG00000026652,9.760939598083496,28,52.0,0.007133058984910837
KLF1,NSUN2,NSUN2,ENSG00000037474,9.75654125213623,29,60.0,0.00823045267489712
GFI1B,SEH1L,SEH1L,ENSG00000085415,9.75273323059082,26,67.0,0.009190672153635117
GFI1B,ENOSF1,ENOSF1,ENSG00000132199,9.751167297363281,30,68.0,0.009327846364883402
TAL1,BCLAF3,BCLAF3,ENSG00000173681,9.747549057006836,29,73.0,0.010013717421124828
GFI1B,VPS54,VPS54,ENSG00000143952,9.744691848754883,25,69.0,0.009465020576131687
TAL1,DNAJB14,DNAJB14,ENSG00000164031,9.73989486694336,28,74.0,0.010150891632373114
NFE2,TRHDE,TRHDE,ENSG00000072657,9.735909461975098,27,53.0,0.007270233196159122
NFE2,BRAF,BRAF,ENSG00000157764,9.73392105102539,26,54.0,0.007407407407407408
GATA1,ATXN7L1,ATXN7L1,ENSG00000146776,9.732917785644531,25,35.0,0.004801097393689987
GFI1B,STX10,STX10,ENSG00000104915,9.732489585876465,27,70.0,0.009602194787379973
KLF1,GLRX5,GLRX5,ENSG00000182512,9.728446006774902,26,61.0,0.008367626886145405
KLF1,ZFAND2A,ZFAND2A,ENSG00000178381,9.728169441223145,26,62.0,0.00850480109739369
GATA1,PPTC7,PPTC7,ENSG00000196850,9.724335670471191,27,36.0,0.0049382716049382715
KLF1,TLE4,TLE4,ENSG00000106829,9.72213077545166,27,63.0,0.008641975308641974
TAL1,MTFR1,MTFR1,ENSG00000066855,9.719095230102539,26,75.0,0.0102880658436214
GFI1B,AUP1,AUP1,ENSG00000115307,9.715808868408203,28,71.0,0.009739368998628258
NFE2,SLC35A4,SLC35A4,ENSG00000176087,9.679237365722656,25,55.0,0.0075445816186556925
GFI1B,C1orf50,C1orf50,ENSG00000164008,9.677597999572754,33,72.0,0.009876543209876543
TAL1,MAST3,MAST3,ENSG00000099308,9.67215347290039,27,76.0,0.010425240054869684
KLF1,CTDNEP1,CTDNEP1,ENSG00000175826,9.665386199951172,28,64.0,0.008779149519890261
GFI1B,ARAP1,ARAP1,ENSG00000186635,9.662647247314453,26,73.0,0.010013717421124828
GFI1B,ACBD6,ACBD6,ENSG00000230124,9.66205883026123,31,74.0,0.010150891632373114
GFI1B,CD99L2,CD99L2,ENSG00000102181,9.64751148223877,26,75.0,0.0102880658436214
GFI1B,SFI1,SFI1,ENSG00000198089,9.645686149597168,25,76.0,0.010425240054869684
GFI1B,RPS29,RPS29,ENSG00000213741,9.639830589294434,29,77.0,0.01056241426611797
GFI1B,CCDC69,CCDC69,ENSG00000198624,9.639098167419434,27,78.0,0.010699588477366255
NFE2,UBE2O,UBE2O,ENSG00000175931,9.630325317382812,29,56.0,0.007681755829903978
TAL1,OTUD1,OTUD1,ENSG00000165312,9.629413604736328,26,77.0,0.01056241426611797
GFI1B,ZRANB3,ZRANB3,ENSG00000121988,9.624005317687988,27,79.0,0.01083676268861454
GFI1B,OIP5-AS1,OIP5-AS1,ENSG00000247556,9.616129875183105,30,80.0,0.010973936899862825
NFE2,CAPN5,CAPN5,ENSG00000149260,9.61280632019043,25,57.0,0.007818930041152264
GFI1B,POLR2M,POLR2M,ENSG00000255529,9.612722396850586,30,81.0,0.011111111111111112
GFI1B,LPCAT3,LPCAT3,ENSG00000111684,9.599575996398926,28,82.0,0.011248285322359396
KLF1,PRRC1,PRRC1,ENSG00000164244,9.585713386535645,27,65.0,0.008916323731138546
GFI1B,RAF1,RAF1,ENSG00000132155,9.57729434967041,25,83.0,0.011385459533607681
TAL1,PSMD5,PSMD5,ENSG00000095261,9.569451332092285,27,78.0,0.010699588477366255
GFI1B,POLD3,POLD3,ENSG00000077514,9.56081485748291,26,84.0,0.011522633744855968
TAL1,PPP1R15A,PPP1R15A,ENSG00000087074,9.550434112548828,30,79.0,0.01083676268861454
KLF1,SPATA33,SPATA33,ENSG00000167523,9.550338745117188,28,66.0,0.00905349794238683
KLF1,ZBTB6,ZBTB6,ENSG00000186130,9.543604850769043,25,67.0,0.009190672153635117
GFI1B,MCM7,MCM7,ENSG00000166508,9.539507865905762,25,85.0,0.011659807956104253
GATA1,VAMP5,VAMP5,ENSG00000168899,9.532075881958008,25,37.0,0.005075445816186557
GATA1,SMIM26,SMIM26,ENSG00000232388,9.522810935974121,30,38.0,0.005212620027434842
NFE2,RPAIN,RPAIN,ENSG00000129197,9.517553329467773,29,58.0,0.007956104252400549
NFE2,CTSL,CTSL,ENSG00000135047,9.51684856414795,26,59.0,0.008093278463648833
NFE2,CDC42EP1,CDC42EP1,ENSG00000128283,9.51571273803711,31,60.0,0.00823045267489712
KLF1,JKAMP,JKAMP,ENSG00000050130,9.51430892944336,28,68.0,0.009327846364883402
TAL1,HSPA1B,HSPA1B,ENSG00000204388,9.513450622558594,27,80.0,0.010973936899862825
TAL1,ZCCHC4,ZCCHC4,ENSG00000168228,9.508774757385254,25,81.0,0.011111111111111112
GFI1B,TMEM168,TMEM168,ENSG00000146802,9.507275581359863,25,86.0,0.011796982167352537
GFI1B,CDC6,CDC6,ENSG00000094804,9.500140190124512,27,87.0,0.011934156378600824
GFI1B,DIS3,DIS3,ENSG00000083520,9.499159812927246,27,88.0,0.012071330589849109
NFE2,FAM199X,FAM199X,ENSG00000123575,9.498218536376953,25,61.0,0.008367626886145405
KLF1,TANGO6,TANGO6,ENSG00000103047,9.498029708862305,27,69.0,0.009465020576131687
GFI1B,STON2,STON2,ENSG00000140022,9.495331764221191,27,89.0,0.012208504801097394
GATA1,ATXN7L3B,ATXN7L3B,ENSG00000253719,9.494536399841309,25,39.0,0.005349794238683128
GFI1B,SUSD1,SUSD1,ENSG00000106868,9.492643356323242,25,90.0,0.012345679012345678
GFI1B,ZNF611,ZNF611,ENSG00000213020,9.487265586853027,26,91.0,0.012482853223593965
GFI1B,NAPEPLD,NAPEPLD,ENSG00000161048,9.482916831970215,26,92.0,0.01262002743484225
GFI1B,ECHS1,ECHS1,ENSG00000127884,9.482065200805664,25,93.0,0.012757201646090535
NFE2,ZMYND8,ZMYND8,ENSG00000101040,9.477425575256348,31,62.0,0.00850480109739369
GFI1B,HDAC6,HDAC6,ENSG00000094631,9.474645614624023,32,94.0,0.012894375857338821
NFE2,DPF2,DPF2,ENSG00000133884,9.473916053771973,25,63.0,0.008641975308641974
NFE2,DDX56,DDX56,ENSG00000136271,9.469846725463867,25,64.0,0.008779149519890261
KLF1,HIST1H2BN,HIST1H2BN,ENSG00000233822,9.460890769958496,25,70.0,0.009602194787379973
TAL1,PREP,PREP,ENSG00000085377,9.457623481750488,25,82.0,0.011248285322359396
KLF1,CLK2,CLK2,ENSG00000176444,9.449862480163574,27,71.0,0.009739368998628258
GFI1B,ITGB1BP1,ITGB1BP1,ENSG00000119185,9.448284149169922,25,95.0,0.013031550068587106
KLF1,DYRK1B,DYRK1B,ENSG00000105204,9.442530632019043,27,72.0,0.009876543209876543
KLF1,RHOT2,RHOT2,ENSG00000140983,9.437897682189941,25,73.0,0.010013717421124828
GFI1B,HBB,HBB,ENSG00000244734,9.42273235321045,30,96.0,0.01316872427983539
KLF1,GTF2IRD2B,GTF2IRD2B,ENSG00000174428,9.41247272491455,27,74.0,0.010150891632373114
KLF1,OGFRL1,OGFRL1,ENSG00000119900,9.410780906677246,29,75.0,0.0102880658436214
GFI1B,TCHP,TCHP,ENSG00000139437,9.405210494995117,25,97.0,0.013305898491083675
TAL1,PACRGL,PACRGL,ENSG00000163138,9.404523849487305,28,83.0,0.011385459533607681
NFE2,MFAP3,MFAP3,ENSG00000037749,9.399850845336914,25,65.0,0.008916323731138546
GFI1B,RBM12B,RBM12B,ENSG00000183808,9.388092041015625,28,98.0,0.013443072702331962
GFI1B,LINC01133,LINC01133,ENSG00000224259,9.38416576385498,27,99.0,0.013580246913580247
NFE2,NRXN3,NRXN3,ENSG00000021645,9.380670547485352,25,66.0,0.00905349794238683
NFE2,ZNF844,ZNF844,ENSG00000223547,9.379864692687988,25,67.0,0.009190672153635117
TAL1,SNHG8,SNHG8,ENSG00000269893,9.37934684753418,26,84.0,0.011522633744855968
GFI1B,ACSF3,ACSF3,ENSG00000176715,9.374799728393555,27,100.0,0.013717421124828532
GFI1B,MMUT,MMUT,ENSG00000146085,9.373624801635742,31,101.0,0.013854595336076818
GFI1B,EFTUD2,EFTUD2,ENSG00000108883,9.369802474975586,25,102.0,0.013991769547325103
TAL1,KHDC4,KHDC4,ENSG00000132680,9.36479377746582,25,85.0,0.011659807956104253
KLF1,RGS12,RGS12,ENSG00000159788,9.356962203979492,28,76.0,0.010425240054869684
KLF1,C9orf153,C9orf153,ENSG00000187753,9.349135398864746,25,77.0,0.01056241426611797
GFI1B,WIPF2,WIPF2,ENSG00000171475,9.33688735961914,26,103.0,0.014128943758573388
GFI1B,OVOL2,OVOL2,ENSG00000125850,9.332555770874023,28,104.0,0.014266117969821674
GATA1,AC097382.3,AC097382.3,ENSG00000287104,9.328658103942871,25,40.0,0.0054869684499314125
TAL1,AL137009.1,AL137009.1,ENSG00000253194,9.321548461914062,25,86.0,0.011796982167352537
NFE2,OAZ2,OAZ2,ENSG00000180304,9.321479797363281,25,68.0,0.009327846364883402
NFE2,FAM222B,FAM222B,ENSG00000173065,9.319514274597168,27,69.0,0.009465020576131687
GFI1B,CRKL,CRKL,ENSG00000099942,9.316904067993164,27,105.0,0.01440329218106996
KLF1,GDE1,GDE1,ENSG00000006007,9.310091972351074,26,78.0,0.010699588477366255
TAL1,ITM2B,ITM2B,ENSG00000136156,9.306604385375977,33,87.0,0.011934156378600824
NFE2,YIPF2,YIPF2,ENSG00000130733,9.29104232788086,26,70.0,0.009602194787379973
GFI1B,PARP1,PARP1,ENSG00000143799,9.284052848815918,27,106.0,0.014540466392318244
NFE2,RSPRY1,RSPRY1,ENSG00000159579,9.282919883728027,25,71.0,0.009739368998628258
NFE2,TMEM131L,TMEM131L,ENSG00000121210,9.282388687133789,30,72.0,0.009876543209876543
GFI1B,DBNL,DBNL,ENSG00000136279,9.279290199279785,26,107.0,0.014677640603566529
GFI1B,SAMD1,SAMD1,ENSG00000141858,9.278325080871582,27,108.0,0.014814814814814815
GFI1B,ST3GAL3,ST3GAL3,ENSG00000126091,9.266340255737305,30,109.0,0.0149519890260631
TAL1,NINJ2,NINJ2,ENSG00000171840,9.262419700622559,25,88.0,0.012071330589849109
GATA1,ATG13,ATG13,ENSG00000175224,9.252229690551758,27,41.0,0.005624142661179698
NFE2,SORBS1,SORBS1,ENSG00000095637,9.25207805633545,26,73.0,0.010013717421124828
KLF1,BRPF1,BRPF1,ENSG00000156983,9.239994049072266,26,79.0,0.01083676268861454
GFI1B,MCM5,MCM5,ENSG00000100297,9.238319396972656,25,110.0,0.015089163237311385
TAL1,C12orf60,C12orf60,ENSG00000182993,9.237968444824219,29,89.0,0.012208504801097394
NFE2,HBM,HBM,ENSG00000206177,9.237556457519531,25,74.0,0.010150891632373114
GFI1B,HNRNPA2B1,HNRNPA2B1,ENSG00000122566,9.237128257751465,31,111.0,0.015226337448559672
GATA1,PDE12,PDE12,ENSG00000174840,9.23112678527832,30,42.0,0.005761316872427984
TAL1,EXOSC4,EXOSC4,ENSG00000178896,9.227678298950195,25,90.0,0.012345679012345678
GATA1,ZCCHC10,ZCCHC10,ENSG00000155329,9.222576141357422,25,43.0,0.005898491083676269
TAL1,HSF1,HSF1,ENSG00000185122,9.217612266540527,25,91.0,0.012482853223593965
GFI1B,DARS,DARS,ENSG00000115866,9.214927673339844,28,112.0,0.015363511659807956
GFI1B,CEBPZOS,CEBPZOS,ENSG00000218739,9.213218688964844,25,113.0,0.015500685871056241
GFI1B,MRPL54,MRPL54,ENSG00000183617,9.211071968078613,25,114.0,0.015637860082304528
NFE2,FAM214B,FAM214B,ENSG00000005238,9.21002197265625,35,75.0,0.0102880658436214
TAL1,TSPYL1,TSPYL1,ENSG00000189241,9.209145545959473,25,92.0,0.01262002743484225
GFI1B,DCBLD2,DCBLD2,ENSG00000057019,9.207514762878418,26,115.0,0.01577503429355281
TAL1,USP15,USP15,ENSG00000135655,9.207132339477539,25,93.0,0.012757201646090535
KLF1,NHEJ1,NHEJ1,ENSG00000187736,9.193711280822754,32,80.0,0.010973936899862825
KLF1,TRIM11,TRIM11,ENSG00000154370,9.193629264831543,25,81.0,0.011111111111111112
GATA1,AC103794.1,AC103794.1,ENSG00000254878,9.192988395690918,25,44.0,0.006035665294924554
KLF1,RTCA-AS1,RTCA-AS1,ENSG00000224616,9.187554359436035,25,82.0,0.011248285322359396
GATA1,PPM1L,PPM1L,ENSG00000163590,9.18185806274414,26,45.0,0.006172839506172839
TAL1,LAMTOR1,LAMTOR1,ENSG00000149357,9.17349910736084,25,94.0,0.012894375857338821
GATA1,AC008892.1,AC008892.1,ENSG00000249236,9.171656608581543,26,46.0,0.006310013717421125
KLF1,RBCK1,RBCK1,ENSG00000125826,9.165858268737793,25,83.0,0.011385459533607681
NFE2,RFT1,RFT1,ENSG00000163933,9.164127349853516,25,76.0,0.010425240054869684
GATA1,RPS17,RPS17,ENSG00000182774,9.158217430114746,30,47.0,0.0064471879286694105
NFE2,RHD,RHD,ENSG00000187010,9.154305458068848,32,77.0,0.01056241426611797
KLF1,TBC1D15,TBC1D15,ENSG00000121749,9.154058456420898,30,84.0,0.011522633744855968
KLF1,LMAN1,LMAN1,ENSG00000074695,9.149821281433105,27,85.0,0.011659807956104253
GFI1B,TMEM106C,TMEM106C,ENSG00000134291,9.146658897399902,29,116.0,0.015912208504801097
GFI1B,ZFYVE27,ZFYVE27,ENSG00000155256,9.139392852783203,30,117.0,0.016049382716049384
GFI1B,RCN2,RCN2,ENSG00000117906,9.139139175415039,25,118.0,0.016186556927297667
KLF1,GRSF1,GRSF1,ENSG00000132463,9.138816833496094,25,86.0,0.011796982167352537
KLF1,MAVS,MAVS,ENSG00000088888,9.136979103088379,25,87.0,0.011934156378600824
KLF1,SEC31A,SEC31A,ENSG00000138674,9.135893821716309,28,88.0,0.012071330589849109
NFE2,SLC35A1,SLC35A1,ENSG00000164414,9.133310317993164,25,78.0,0.010699588477366255
NFE2,PILRB,PILRB,ENSG00000121716,9.133103370666504,26,79.0,0.01083676268861454
GATA1,AL158801.3,AL158801.3,ENSG00000258455,9.132403373718262,26,48.0,0.006584362139917695
GFI1B,DIAPH3,DIAPH3,ENSG00000139734,9.131119728088379,31,119.0,0.016323731138545954
GFI1B,MAGOHB,MAGOHB,ENSG00000111196,9.125509262084961,25,120.0,0.01646090534979424
GATA1,TRIM23,TRIM23,ENSG00000113595,9.123126983642578,25,49.0,0.006721536351165981
NFE2,CCNI,CCNI,ENSG00000118816,9.12213134765625,25,80.0,0.010973936899862825
GFI1B,CNOT6,CNOT6,ENSG00000113300,9.112947463989258,27,121.0,0.016598079561042523
KLF1,YBX3,YBX3,ENSG00000060138,9.111170768737793,25,89.0,0.012208504801097394
GFI1B,RPL10A,RPL10A,ENSG00000198755,9.108681678771973,31,122.0,0.01673525377229081
NFE2,ACSL6,ACSL6,ENSG00000164398,9.104996681213379,26,81.0,0.011111111111111112
KLF1,LIG3,LIG3,ENSG00000005156,9.101431846618652,30,90.0,0.012345679012345678
NFE2,CMTR1,CMTR1,ENSG00000137200,9.09716510772705,27,82.0,0.011248285322359396
GFI1B,ELMO1,ELMO1,ENSG00000155849,9.09197998046875,26,123.0,0.016872427983539096
GFI1B,DEK,DEK,ENSG00000124795,9.091219902038574,40,124.0,0.01700960219478738
KLF1,ZNF480,ZNF480,ENSG00000198464,9.084753036499023,25,91.0,0.012482853223593965
GATA1,PPCDC,PPCDC,ENSG00000138621,9.084370613098145,25,50.0,0.006858710562414266
NFE2,PTK2B,PTK2B,ENSG00000120899,9.079565048217773,26,83.0,0.011385459533607681
GFI1B,CENPP,CENPP,ENSG00000188312,9.07602310180664,28,125.0,0.017146776406035666
TAL1,C18orf32,C18orf32,ENSG00000177576,9.074603080749512,25,95.0,0.013031550068587106
NFE2,SLC25A39,SLC25A39,ENSG00000013306,9.069076538085938,27,84.0,0.011522633744855968
KLF1,DNA2,DNA2,ENSG00000138346,9.066850662231445,29,92.0,0.01262002743484225
GATA1,AC097534.1,AC097534.1,ENSG00000248774,9.066828727722168,28,51.0,0.0069958847736625515
KLF1,CD70,CD70,ENSG00000125726,9.0599946975708,28,93.0,0.012757201646090535
TAL1,DNAJC2,DNAJC2,ENSG00000105821,9.059864044189453,25,96.0,0.01316872427983539
KLF1,SLC1A5,SLC1A5,ENSG00000105281,9.050246238708496,26,94.0,0.012894375857338821
GFI1B,PRKCSH,PRKCSH,ENSG00000130175,9.047837257385254,25,126.0,0.01728395061728395
GFI1B,PSPC1,PSPC1,ENSG00000121390,9.043697357177734,33,127.0,0.017421124828532236
NFE2,SENP2,SENP2,ENSG00000163904,9.03276252746582,25,85.0,0.011659807956104253
GFI1B,DDHD2,DDHD2,ENSG00000085788,9.032264709472656,27,128.0,0.017558299039780522
NFE2,MAIP1,MAIP1,ENSG00000162972,9.030978202819824,26,86.0,0.011796982167352537
TAL1,NATD1,NATD1,ENSG00000274180,9.021819114685059,26,97.0,0.013305898491083675
NFE2,CARNMT1,CARNMT1,ENSG00000156017,9.015363693237305,25,87.0,0.011934156378600824
TAL1,NFAT5,NFAT5,ENSG00000102908,9.01340389251709,27,98.0,0.013443072702331962
GATA1,ATG4B,ATG4B,ENSG00000168397,9.007299423217773,25,52.0,0.007133058984910837
KLF1,MAP1LC3B,MAP1LC3B,ENSG00000140941,9.004622459411621,25,95.0,0.013031550068587106
NFE2,FAM229A,FAM229A,ENSG00000225828,8.996355056762695,27,88.0,0.012071330589849109
GFI1B,TADA2A,TADA2A,ENSG00000276234,8.99300765991211,28,129.0,0.017695473251028805
TAL1,CCDC84,CCDC84,ENSG00000186166,8.986580848693848,29,99.0,0.013580246913580247
NFE2,NXF1,NXF1,ENSG00000162231,8.986490249633789,25,89.0,0.012208504801097394
NFE2,ING4,ING4,ENSG00000111653,8.975886344909668,27,90.0,0.012345679012345678
TAL1,PPP1R9B,PPP1R9B,ENSG00000108819,8.973723411560059,25,100.0,0.013717421124828532
KLF1,PDPR,PDPR,ENSG00000090857,8.973209381103516,25,96.0,0.01316872427983539
GFI1B,ZNF787,ZNF787,ENSG00000142409,8.972879409790039,26,130.0,0.01783264746227709
GFI1B,NAA20,NAA20,ENSG00000173418,8.972150802612305,27,131.0,0.017969821673525378
GATA1,PDCD6IP,PDCD6IP,ENSG00000170248,8.969648361206055,25,53.0,0.007270233196159122
GFI1B,ATP2A2,ATP2A2,ENSG00000174437,8.968629837036133,27,132.0,0.01810699588477366
TAL1,USP12,USP12,ENSG00000152484,8.967845916748047,26,101.0,0.013854595336076818
NFE2,RNF11,RNF11,ENSG00000123091,8.967589378356934,25,91.0,0.012482853223593965
GATA1,CLPB,CLPB,ENSG00000162129,8.960796356201172,25,54.0,0.007407407407407408
GATA1,DHX40,DHX40,ENSG00000108406,8.955451011657715,26,55.0,0.0075445816186556925
GFI1B,EXOSC6,EXOSC6,ENSG00000223496,8.953701972961426,28,133.0,0.018244170096021948
TAL1,ECPAS,ECPAS,ENSG00000136813,8.952341079711914,26,102.0,0.013991769547325103
KLF1,RMRP,RMRP,ENSG00000269900,8.952219009399414,27,97.0,0.013305898491083675
GFI1B,TCTEX1D2,TCTEX1D2,ENSG00000213123,8.948355674743652,25,134.0,0.018381344307270234
GATA1,SLC25A6,SLC25A6,ENSG00000169100,8.9429292678833,29,56.0,0.007681755829903978
GFI1B,FXN,FXN,ENSG00000165060,8.935563087463379,25,135.0,0.018518518518518517
GFI1B,SLC35B1,SLC35B1,ENSG00000121073,8.929476737976074,25,136.0,0.018655692729766804
GFI1B,AC109460.2,AC109460.2,ENSG00000260853,8.928948402404785,30,137.0,0.01879286694101509
TAL1,NUDCD3,NUDCD3,ENSG00000015676,8.924166679382324,26,103.0,0.014128943758573388
NFE2,AC114811.2,AC114811.2,ENSG00000260641,8.92024040222168,28,92.0,0.01262002743484225
GFI1B,FEN1,FEN1,ENSG00000168496,8.915960311889648,27,138.0,0.018930041152263374
KLF1,DUSP28,DUSP28,ENSG00000188542,8.909466743469238,29,98.0,0.013443072702331962
KLF1,MGRN1,MGRN1,ENSG00000102858,8.909156799316406,27,99.0,0.013580246913580247
GATA1,DNAJB1,DNAJB1,ENSG00000132002,8.9080810546875,26,57.0,0.007818930041152264
KLF1,ASNS,ASNS,ENSG00000070669,8.907482147216797,27,100.0,0.013717421124828532
GATA1,PIGT,PIGT,ENSG00000124155,8.896382331848145,25,58.0,0.007956104252400549
GFI1B,DTL,DTL,ENSG00000143476,8.893739700317383,27,139.0,0.01906721536351166
GATA1,TOMM6,TOMM6,ENSG00000214736,8.8936128616333,25,59.0,0.008093278463648833
GFI1B,MRPL20,MRPL20,ENSG00000242485,8.8884916305542,32,140.0,0.019204389574759947
KLF1,AC015971.1,AC015971.1,ENSG00000228363,8.887847900390625,25,101.0,0.013854595336076818
GFI1B,NUFIP2,NUFIP2,ENSG00000108256,8.881463050842285,33,141.0,0.01934156378600823
TAL1,IFT74,IFT74,ENSG00000096872,8.876445770263672,25,104.0,0.014266117969821674
GATA1,ITPKC,ITPKC,ENSG00000086544,8.87242603302002,32,60.0,0.00823045267489712
GATA1,RRAGA,RRAGA,ENSG00000155876,8.869101524353027,29,61.0,0.008367626886145405
GFI1B,FANCD2,FANCD2,ENSG00000144554,8.868221282958984,35,142.0,0.019478737997256516
NFE2,ORMDL2,ORMDL2,ENSG00000123353,8.866535186767578,34,93.0,0.012757201646090535
NFE2,TUBGCP2,TUBGCP2,ENSG00000130640,8.8613862991333,33,94.0,0.012894375857338821
GFI1B,FUS,FUS,ENSG00000089280,8.85905647277832,25,143.0,0.0196159122085048
NFE2,RIPOR3,RIPOR3,ENSG00000042062,8.849762916564941,27,95.0,0.013031550068587106
KLF1,COX14,COX14,ENSG00000178449,8.849496841430664,26,102.0,0.013991769547325103
GFI1B,IPO5,IPO5,ENSG00000065150,8.848902702331543,25,144.0,0.019753086419753086
NFE2,THUMPD1,THUMPD1,ENSG00000066654,8.848569869995117,28,96.0,0.01316872427983539
GATA1,HDAC1,HDAC1,ENSG00000116478,8.843345642089844,27,62.0,0.00850480109739369
KLF1,ALG2,ALG2,ENSG00000119523,8.842503547668457,25,103.0,0.014128943758573388
TAL1,SF3B3,SF3B3,ENSG00000189091,8.839927673339844,28,105.0,0.01440329218106996
GFI1B,ISG20L2,ISG20L2,ENSG00000143319,8.83662223815918,25,145.0,0.019890260631001373
NFE2,DCAF11,DCAF11,ENSG00000100897,8.83633041381836,28,97.0,0.013305898491083675
GFI1B,POC1B,POC1B,ENSG00000139323,8.83492374420166,25,146.0,0.020027434842249656
KLF1,ARCN1,ARCN1,ENSG00000095139,8.83425235748291,25,104.0,0.014266117969821674
TAL1,IPMK,IPMK,ENSG00000151151,8.833284378051758,28,106.0,0.014540466392318244
GFI1B,ZDHHC14,ZDHHC14,ENSG00000175048,8.82969856262207,30,147.0,0.020164609053497942
NFE2,AACS,AACS,ENSG00000081760,8.825902938842773,25,98.0,0.013443072702331962
KLF1,B3GLCT,B3GLCT,ENSG00000187676,8.822925567626953,27,105.0,0.01440329218106996
TAL1,PLEK2,PLEK2,ENSG00000100558,8.822741508483887,31,107.0,0.014677640603566529
KLF1,C5orf66,C5orf66,ENSG00000224186,8.81838607788086,30,106.0,0.014540466392318244
NFE2,GUK1,GUK1,ENSG00000143774,8.81413745880127,29,99.0,0.013580246913580247
GATA1,HEATR5B,HEATR5B,ENSG00000008869,8.812736511230469,29,63.0,0.008641975308641974
GFI1B,CTDSPL2,CTDSPL2,ENSG00000137770,8.80963134765625,28,148.0,0.02030178326474623
TAL1,INO80D,INO80D,ENSG00000114933,8.808731079101562,27,108.0,0.014814814814814815
KLF1,TMEM250,TMEM250,ENSG00000238227,8.80492877960205,25,107.0,0.014677640603566529
GFI1B,KIF1BP,KIF1BP,ENSG00000198954,8.80453872680664,26,149.0,0.020438957475994512
NFE2,TMEM135,TMEM135,ENSG00000166575,8.80345630645752,25,100.0,0.013717421124828532
KLF1,SCAND1,SCAND1,ENSG00000171222,8.801620483398438,25,108.0,0.014814814814814815
TAL1,MOB2,MOB2,ENSG00000182208,8.801440238952637,26,109.0,0.0149519890260631
NFE2,ACOT8,ACOT8,ENSG00000101473,8.7999906539917,27,101.0,0.013854595336076818
GFI1B,PTGES2,PTGES2,ENSG00000148334,8.799704551696777,25,150.0,0.0205761316872428
NFE2,UBE2R2,UBE2R2,ENSG00000107341,8.798287391662598,27,102.0,0.013991769547325103
GFI1B,RIF1,RIF1,ENSG00000080345,8.794831275939941,30,151.0,0.020713305898491085
TAL1,ZFP36,ZFP36,ENSG00000128016,8.794169425964355,25,110.0,0.015089163237311385
NFE2,CTSD,CTSD,ENSG00000117984,8.786433219909668,31,103.0,0.014128943758573388
GFI1B,HACE1,HACE1,ENSG00000085382,8.783361434936523,26,152.0,0.020850480109739368
GFI1B,STRN4,STRN4,ENSG00000090372,8.783345222473145,32,153.0,0.020987654320987655
TAL1,IDS,IDS,ENSG00000010404,8.7808256149292,27,111.0,0.015226337448559672
GFI1B,AMZ1,AMZ1,ENSG00000174945,8.778853416442871,31,154.0,0.02112482853223594
GFI1B,EIF3E,EIF3E,ENSG00000104408,8.778688430786133,29,155.0,0.021262002743484224
NFE2,HK1,HK1,ENSG00000156515,8.77828598022461,26,104.0,0.014266117969821674
GFI1B,AK6,AK6,ENSG00000085231,8.775646209716797,25,156.0,0.02139917695473251
TAL1,SPAST,SPAST,ENSG00000021574,8.774149894714355,25,112.0,0.015363511659807956
GFI1B,HNRNPH1,HNRNPH1,ENSG00000169045,8.772257804870605,35,157.0,0.021536351165980797
TAL1,KIAA0556,KIAA0556,ENSG00000047578,8.771501541137695,29,113.0,0.015500685871056241
NFE2,TANGO2,TANGO2,ENSG00000183597,8.769845962524414,27,105.0,0.01440329218106996
NFE2,TM9SF3,TM9SF3,ENSG00000077147,8.767535209655762,38,106.0,0.014540466392318244
KLF1,PIM3,PIM3,ENSG00000198355,8.767387390136719,25,109.0,0.0149519890260631
GFI1B,NDFIP2,NDFIP2,ENSG00000102471,8.764050483703613,25,158.0,0.02167352537722908
KLF1,MRPL2,MRPL2,ENSG00000112651,8.76283073425293,25,110.0,0.015089163237311385
NFE2,SNX1,SNX1,ENSG00000028528,8.760540008544922,30,107.0,0.014677640603566529
TAL1,MOGS,MOGS,ENSG00000115275,8.760244369506836,38,114.0,0.015637860082304528
GFI1B,ATRN,ATRN,ENSG00000088812,8.75736141204834,25,159.0,0.021810699588477367
NFE2,TNS1,TNS1,ENSG00000079308,8.753655433654785,31,108.0,0.014814814814814815
KLF1,FAM89B,FAM89B,ENSG00000176973,8.748098373413086,29,111.0,0.015226337448559672
NFE2,GIPC2,GIPC2,ENSG00000137960,8.745964050292969,25,109.0,0.0149519890260631
GFI1B,RFC4,RFC4,ENSG00000163918,8.74533748626709,29,160.0,0.02194787379972565
NFE2,DNASE1,DNASE1,ENSG00000213918,8.736991882324219,25,110.0,0.015089163237311385
GATA1,NOL12,NOL12,ENSG00000273899,8.7365083694458,32,64.0,0.008779149519890261
GATA1,SQLE,SQLE,ENSG00000104549,8.736200332641602,28,65.0,0.008916323731138546
GFI1B,ZNF672,ZNF672,ENSG00000171161,8.730534553527832,25,161.0,0.022085048010973937
TAL1,OGT,OGT,ENSG00000147162,8.727781295776367,34,115.0,0.01577503429355281
GFI1B,ZFP91,ZFP91,ENSG00000186660,8.725728988647461,25,162.0,0.022222222222222223
GATA1,MED15,MED15,ENSG00000099917,8.722731590270996,26,66.0,0.00905349794238683
TAL1,COX7B,COX7B,ENSG00000131174,8.720661163330078,25,116.0,0.015912208504801097
NFE2,RUNDC3A-AS1,RUNDC3A-AS1,ENSG00000267750,8.719304084777832,26,111.0,0.015226337448559672
GFI1B,ARMC10,ARMC10,ENSG00000170632,8.718612670898438,27,163.0,0.022359396433470506
GFI1B,MTHFD2,MTHFD2,ENSG00000065911,8.71745777130127,26,164.0,0.022496570644718793
KLF1,REST,REST,ENSG00000084093,8.716575622558594,26,112.0,0.015363511659807956
GFI1B,UBA2,UBA2,ENSG00000126261,8.716287612915039,28,165.0,0.02263374485596708
NFE2,REPIN1,REPIN1,ENSG00000214022,8.712742805480957,25,112.0,0.015363511659807956
TAL1,TAB3,TAB3,ENSG00000157625,8.712279319763184,28,117.0,0.016049382716049384
GATA1,AC100835.2,AC100835.2,ENSG00000275527,8.701556205749512,27,67.0,0.009190672153635117
GATA1,SLC25A17,SLC25A17,ENSG00000100372,8.70107364654541,30,68.0,0.009327846364883402
TAL1,ZSWIM6,ZSWIM6,ENSG00000130449,8.700907707214355,25,118.0,0.016186556927297667
KLF1,SLC39A9,SLC39A9,ENSG00000029364,8.699726104736328,25,113.0,0.015500685871056241
GATA1,DNAJC16,DNAJC16,ENSG00000116138,8.698357582092285,29,69.0,0.009465020576131687
GFI1B,WDR5,WDR5,ENSG00000196363,8.69832706451416,32,166.0,0.022770919067215362
GATA1,ZKSCAN1,ZKSCAN1,ENSG00000106261,8.695667266845703,25,70.0,0.009602194787379973
GATA1,CCDC174,CCDC174,ENSG00000154781,8.694859504699707,27,71.0,0.009739368998628258
GFI1B,CLSPN,CLSPN,ENSG00000092853,8.694084167480469,27,167.0,0.02290809327846365
GFI1B,PAGR1,PAGR1,ENSG00000280789,8.693795204162598,25,168.0,0.023045267489711935
KLF1,AC104316.1,AC104316.1,ENSG00000253607,8.692670822143555,26,114.0,0.015637860082304528
NFE2,GAB1,GAB1,ENSG00000109458,8.69223403930664,37,113.0,0.015500685871056241
KLF1,MSRB1,MSRB1,ENSG00000198736,8.688735961914062,25,115.0,0.01577503429355281
GATA1,PRPF31,PRPF31,ENSG00000105618,8.684845924377441,31,72.0,0.009876543209876543
NFE2,TXNDC12,TXNDC12,ENSG00000117862,8.68311595916748,31,114.0,0.015637860082304528
GFI1B,NASP,NASP,ENSG00000132780,8.680771827697754,26,169.0,0.02318244170096022
GFI1B,ITGB3BP,ITGB3BP,ENSG00000142856,8.678594589233398,28,170.0,0.023319615912208505
GFI1B,MTERF3,MTERF3,ENSG00000156469,8.676682472229004,28,171.0,0.02345679012345679
GFI1B,HAUS8,HAUS8,ENSG00000131351,8.673441886901855,27,172.0,0.023593964334705075
GFI1B,RUFY2,RUFY2,ENSG00000204130,8.672514915466309,26,173.0,0.02373113854595336
GFI1B,RRM2B,RRM2B,ENSG00000048392,8.672001838684082,28,174.0,0.023868312757201648
NFE2,DYSF,DYSF,ENSG00000135636,8.66800308227539,25,115.0,0.01577503429355281
TAL1,CYHR1,CYHR1,ENSG00000187954,8.66727066040039,30,119.0,0.016323731138545954
GFI1B,TEX10,TEX10,ENSG00000136891,8.667030334472656,27,175.0,0.02400548696844993
NFE2,MAK,MAK,ENSG00000111837,8.666842460632324,25,116.0,0.015912208504801097
GFI1B,RPS14,RPS14,ENSG00000164587,8.666438102722168,25,176.0,0.024142661179698217
GATA1,PNMA1,PNMA1,ENSG00000176903,8.66387939453125,25,73.0,0.010013717421124828
TAL1,CUL3,CUL3,ENSG00000036257,8.662810325622559,27,120.0,0.01646090534979424
GFI1B,FUCA2,FUCA2,ENSG00000001036,8.660761833190918,25,177.0,0.0242798353909465
KLF1,ST6GAL1,ST6GAL1,ENSG00000073849,8.659820556640625,25,116.0,0.015912208504801097
NFE2,C8orf76,C8orf76,ENSG00000189376,8.657326698303223,25,117.0,0.016049382716049384
NFE2,MANF,MANF,ENSG00000145050,8.654763221740723,25,118.0,0.016186556927297667
GATA1,FBXO38,FBXO38,ENSG00000145868,8.653942108154297,28,74.0,0.010150891632373114
GFI1B,HELLS,HELLS,ENSG00000119969,8.651034355163574,26,178.0,0.024417009602194787
NFE2,FARP2,FARP2,ENSG00000006607,8.648445129394531,26,119.0,0.016323731138545954
GATA1,CASTOR3,CASTOR3,ENSG00000239521,8.644876480102539,27,75.0,0.0102880658436214
GFI1B,PMM1,PMM1,ENSG00000100417,8.64387321472168,25,179.0,0.024554183813443074
GATA1,SBDS,SBDS,ENSG00000126524,8.64384937286377,25,76.0,0.010425240054869684
TAL1,LRRC8D,LRRC8D,ENSG00000171492,8.643109321594238,30,121.0,0.016598079561042523
TAL1,SF3B6,SF3B6,ENSG00000115128,8.636872291564941,29,122.0,0.01673525377229081
KLF1,SLC25A37,SLC25A37,ENSG00000147454,8.636632919311523,31,117.0,0.016049382716049384
NFE2,SWT1,SWT1,ENSG00000116668,8.632241249084473,31,120.0,0.01646090534979424
KLF1,MRPS21,MRPS21,ENSG00000266472,8.630104064941406,25,118.0,0.016186556927297667
GFI1B,ING2,ING2,ENSG00000168556,8.627798080444336,26,180.0,0.024691358024691357
GFI1B,TMEM258,TMEM258,ENSG00000134825,8.625858306884766,29,181.0,0.024828532235939643
NFE2,POLL,POLL,ENSG00000166169,8.624953269958496,27,121.0,0.016598079561042523
GFI1B,PGP,PGP,ENSG00000184207,8.622300148010254,25,182.0,0.02496570644718793
TAL1,NEDD4L,NEDD4L,ENSG00000049759,8.621659278869629,25,123.0,0.016872427983539096
GFI1B,CMSS1,CMSS1,ENSG00000184220,8.61657428741455,25,183.0,0.025102880658436213
GFI1B,CDC14A,CDC14A,ENSG00000079335,8.613860130310059,27,184.0,0.0252400548696845
GFI1B,LAP3,LAP3,ENSG00000002549,8.613812446594238,25,185.0,0.025377229080932786
KLF1,GORASP2,GORASP2,ENSG00000115806,8.611629486083984,27,119.0,0.016323731138545954
GATA1,UBE2D2,UBE2D2,ENSG00000131508,8.61152172088623,44,77.0,0.01056241426611797
GATA1,ASCC2,ASCC2,ENSG00000100325,8.611226081848145,25,78.0,0.010699588477366255
NFE2,RHAG,RHAG,ENSG00000112077,8.610754013061523,25,122.0,0.01673525377229081
NFE2,SLC14A1,SLC14A1,ENSG00000141469,8.601171493530273,29,123.0,0.016872427983539096
KLF1,TMEM33,TMEM33,ENSG00000109133,8.597809791564941,30,120.0,0.01646090534979424
NFE2,KLHDC2,KLHDC2,ENSG00000165516,8.596487998962402,31,124.0,0.01700960219478738
GFI1B,RPL39,RPL39,ENSG00000198918,8.596028327941895,29,186.0,0.02551440329218107
TAL1,AC068282.1,AC068282.1,ENSG00000286145,8.592459678649902,27,124.0,0.01700960219478738
TAL1,GSN,GSN,ENSG00000148180,8.588133811950684,25,125.0,0.017146776406035666
GFI1B,VDAC1,VDAC1,ENSG00000213585,8.588095664978027,25,187.0,0.025651577503429356
NFE2,YBEY,YBEY,ENSG00000182362,8.587203979492188,25,125.0,0.017146776406035666
GFI1B,RAP1GDS1,RAP1GDS1,ENSG00000138698,8.587179183959961,25,188.0,0.025788751714677642
GFI1B,NUP50,NUP50,ENSG00000093000,8.581727027893066,33,189.0,0.025925925925925925
GATA1,RBMXL1,RBMXL1,ENSG00000213516,8.579550743103027,28,79.0,0.01083676268861454
GFI1B,TNPO2,TNPO2,ENSG00000105576,8.578655242919922,27,190.0,0.02606310013717421
KLF1,RFLNB,RFLNB,ENSG00000183688,8.575481414794922,25,121.0,0.016598079561042523
NFE2,PBXIP1,PBXIP1,ENSG00000163346,8.573413848876953,27,126.0,0.01728395061728395
GFI1B,BRIP1,BRIP1,ENSG00000136492,8.571162223815918,26,191.0,0.0262002743484225
KLF1,NSFL1C,NSFL1C,ENSG00000088833,8.571032524108887,25,122.0,0.01673525377229081
GFI1B,FBXO5,FBXO5,ENSG00000112029,8.570282936096191,25,192.0,0.02633744855967078
GFI1B,ARSB,ARSB,ENSG00000113273,8.569502830505371,25,193.0,0.026474622770919068
KLF1,HSPH1,HSPH1,ENSG00000120694,8.567617416381836,27,123.0,0.016872427983539096
KLF1,TXNDC17,TXNDC17,ENSG00000129235,8.565215110778809,25,124.0,0.01700960219478738
NFE2,LAMP2,LAMP2,ENSG00000005893,8.562978744506836,25,127.0,0.017421124828532236
NFE2,PFKFB3,PFKFB3,ENSG00000170525,8.561897277832031,25,128.0,0.017558299039780522
NFE2,SNX17,SNX17,ENSG00000115234,8.559534072875977,33,129.0,0.017695473251028805
KLF1,GPX4,GPX4,ENSG00000167468,8.558843612670898,25,125.0,0.017146776406035666
GFI1B,FANCL,FANCL,ENSG00000115392,8.557592391967773,28,194.0,0.02661179698216735
KLF1,FBXL17,FBXL17,ENSG00000145743,8.553505897521973,33,126.0,0.01728395061728395
GFI1B,AL365356.1,AL365356.1,ENSG00000226647,8.552063941955566,25,195.0,0.026748971193415638
GFI1B,CENPU,CENPU,ENSG00000151725,8.551687240600586,28,196.0,0.026886145404663924
GFI1B,ANKRD36,ANKRD36,ENSG00000135976,8.548552513122559,26,197.0,0.027023319615912207
GFI1B,TOPORS,TOPORS,ENSG00000197579,8.545181274414062,28,198.0,0.027160493827160494
NFE2,ANKRD61,ANKRD61,ENSG00000157999,8.544288635253906,30,130.0,0.01783264746227709
GATA1,STK40,STK40,ENSG00000196182,8.543231964111328,26,80.0,0.010973936899862825
NFE2,FAM117A,FAM117A,ENSG00000121104,8.540919303894043,27,131.0,0.017969821673525378
KLF1,NDUFV2-AS1,NDUFV2-AS1,ENSG00000266053,8.533132553100586,25,127.0,0.017421124828532236
GFI1B,SLC22A4,SLC22A4,ENSG00000197208,8.527803421020508,28,199.0,0.02729766803840878
NFE2,SLC35F6,SLC35F6,ENSG00000213699,8.526514053344727,25,132.0,0.01810699588477366
KLF1,REXO1,REXO1,ENSG00000079313,8.526359558105469,26,128.0,0.017558299039780522
NFE2,FCHO2,FCHO2,ENSG00000157107,8.525996208190918,25,133.0,0.018244170096021948
GATA1,CIAO1,CIAO1,ENSG00000144021,8.520349502563477,26,81.0,0.011111111111111112
NFE2,SEPHS1,SEPHS1,ENSG00000086475,8.516146659851074,25,134.0,0.018381344307270234
GFI1B,DERL2,DERL2,ENSG00000072849,8.510810852050781,28,200.0,0.027434842249657063
GFI1B,EXOC6,EXOC6,ENSG00000138190,8.506465911865234,27,201.0,0.02757201646090535
GFI1B,PCNA,PCNA,ENSG00000132646,8.504430770874023,30,202.0,0.027709190672153636
GFI1B,TAMM41,TAMM41,ENSG00000144559,8.502022743225098,26,203.0,0.02784636488340192
NFE2,TRAPPC2,TRAPPC2,ENSG00000196459,8.49964427947998,29,135.0,0.018518518518518517
KLF1,AC018362.1,AC018362.1,ENSG00000261684,8.498010635375977,30,129.0,0.017695473251028805
NFE2,TKT,TKT,ENSG00000163931,8.496541023254395,29,136.0,0.018655692729766804
GFI1B,PIGG,PIGG,ENSG00000174227,8.494309425354004,27,204.0,0.027983539094650206
GATA1,PGK1,PGK1,ENSG00000102144,8.494012832641602,25,82.0,0.011248285322359396
GFI1B,SPATA5,SPATA5,ENSG00000145375,8.490254402160645,26,205.0,0.028120713305898493
TAL1,FYTTD1,FYTTD1,ENSG00000122068,8.489418029785156,27,126.0,0.01728395061728395
NFE2,ABHD16A,ABHD16A,ENSG00000204427,8.488442420959473,26,137.0,0.01879286694101509
GFI1B,TSPAN13,TSPAN13,ENSG00000106537,8.484048843383789,28,206.0,0.028257887517146776
GATA1,KCTD5,KCTD5,ENSG00000167977,8.483353614807129,25,83.0,0.011385459533607681
NFE2,ALG13-AS1,ALG13-AS1,ENSG00000229487,8.483345031738281,27,138.0,0.018930041152263374
NFE2,AC093019.2,AC093019.2,ENSG00000241073,8.481754302978516,28,139.0,0.01906721536351166
TAL1,ERCC6L2,ERCC6L2,ENSG00000182150,8.479275703430176,26,127.0,0.017421124828532236
GFI1B,RALY,RALY,ENSG00000125970,8.476085662841797,31,207.0,0.028395061728395062
KLF1,USF1,USF1,ENSG00000158773,8.473698616027832,25,130.0,0.01783264746227709
GFI1B,BMI1,BMI1,ENSG00000168283,8.47298526763916,27,208.0,0.02853223593964335
GFI1B,AC008124.1,AC008124.1,ENSG00000273015,8.466500282287598,29,209.0,0.028669410150891632
GATA1,CNOT9,CNOT9,ENSG00000144580,8.465335845947266,25,84.0,0.011522633744855968
TAL1,FOXO3,FOXO3,ENSG00000118689,8.46242618560791,25,128.0,0.017558299039780522
GFI1B,TMA16,TMA16,ENSG00000198498,8.461612701416016,27,210.0,0.02880658436213992
KLF1,ERCC6,ERCC6,ENSG00000225830,8.458786964416504,30,131.0,0.017969821673525378
GATA1,PPP6R1,PPP6R1,ENSG00000105063,8.456046104431152,29,85.0,0.011659807956104253
NFE2,EPB41L4A-AS1,EPB41L4A-AS1,ENSG00000224032,8.455514907836914,28,140.0,0.019204389574759947
TAL1,ATG2A,ATG2A,ENSG00000110046,8.455503463745117,26,129.0,0.017695473251028805
GFI1B,SLC25A5,SLC25A5,ENSG00000005022,8.454253196716309,25,211.0,0.0289437585733882
KLF1,CDKN1A,CDKN1A,ENSG00000124762,8.45423412322998,25,132.0,0.01810699588477366
TAL1,MED16,MED16,ENSG00000175221,8.454035758972168,28,130.0,0.01783264746227709
NFE2,THAP11,THAP11,ENSG00000168286,8.450149536132812,27,141.0,0.01934156378600823
GFI1B,SRSF2,SRSF2,ENSG00000161547,8.448899269104004,26,212.0,0.029080932784636488
NFE2,FOXO4,FOXO4,ENSG00000184481,8.448355674743652,29,142.0,0.019478737997256516
TAL1,SAFB2,SAFB2,ENSG00000130254,8.446518898010254,26,131.0,0.017969821673525378
GFI1B,METAP1,METAP1,ENSG00000164024,8.446446418762207,26,213.0,0.029218106995884775
GATA1,PMAIP1,PMAIP1,ENSG00000141682,8.442168235778809,25,86.0,0.011796982167352537
GATA1,KAT6B,KAT6B,ENSG00000156650,8.442144393920898,27,87.0,0.011934156378600824
GFI1B,RAD54B,RAD54B,ENSG00000197275,8.440812110900879,25,214.0,0.029355281207133058
KLF1,CHAC1,CHAC1,ENSG00000128965,8.43906021118164,26,133.0,0.018244170096021948
NFE2,SPTA1,SPTA1,ENSG00000163554,8.438421249389648,26,143.0,0.0196159122085048
TAL1,C14orf93,C14orf93,ENSG00000100802,8.437254905700684,29,132.0,0.01810699588477366
NFE2,DEDD2,DEDD2,ENSG00000160570,8.436959266662598,26,144.0,0.019753086419753086
NFE2,RENBP,RENBP,ENSG00000102032,8.431469917297363,27,145.0,0.019890260631001373
TAL1,PPT1,PPT1,ENSG00000131238,8.428065299987793,26,133.0,0.018244170096021948
GFI1B,PES1,PES1,ENSG00000100029,8.427526473999023,27,215.0,0.029492455418381344
GFI1B,ARVCF,ARVCF,ENSG00000099889,8.42231273651123,25,216.0,0.02962962962962963
NFE2,SLC25A37,SLC25A37,ENSG00000147454,8.422115325927734,31,146.0,0.020027434842249656
TAL1,ANGEL2,ANGEL2,ENSG00000174606,8.419794082641602,25,134.0,0.018381344307270234
GATA1,PYROXD2,PYROXD2,ENSG00000119943,8.413960456848145,32,88.0,0.012071330589849109
NFE2,AC079804.3,AC079804.3,ENSG00000287860,8.41376781463623,25,147.0,0.020164609053497942
KLF1,ZNF598,ZNF598,ENSG00000167962,8.407841682434082,27,134.0,0.018381344307270234
GATA1,DCTN1,DCTN1,ENSG00000204843,8.407580375671387,28,89.0,0.012208504801097394
KLF1,KLHDC4,KLHDC4,ENSG00000104731,8.404794692993164,26,135.0,0.018518518518518517
GATA1,NUP62,NUP62,ENSG00000213024,8.403331756591797,25,90.0,0.012345679012345678
GFI1B,S100A6,S100A6,ENSG00000197956,8.402477264404297,26,217.0,0.029766803840877914
GFI1B,ZNF567,ZNF567,ENSG00000189042,8.40143871307373,25,218.0,0.0299039780521262
KLF1,HIST1H2BM,HIST1H2BM,ENSG00000273703,8.398996353149414,25,136.0,0.018655692729766804
GFI1B,MPG,MPG,ENSG00000103152,8.396256446838379,25,219.0,0.030041152263374487
GATA1,CIZ1,CIZ1,ENSG00000148337,8.396251678466797,26,91.0,0.012482853223593965
GATA1,SWT1,SWT1,ENSG00000116668,8.394183158874512,31,92.0,0.01262002743484225
GFI1B,DHX15,DHX15,ENSG00000109606,8.38852596282959,37,220.0,0.03017832647462277
GATA1,FLT3LG,FLT3LG,ENSG00000090554,8.383814811706543,25,93.0,0.012757201646090535
GATA1,PPP1R11,PPP1R11,ENSG00000204619,8.38176441192627,25,94.0,0.012894375857338821
GFI1B,SMC6,SMC6,ENSG00000163029,8.38167953491211,29,221.0,0.030315500685871057
NFE2,USP42,USP42,ENSG00000106346,8.381036758422852,26,148.0,0.02030178326474623
KLF1,MTA1,MTA1,ENSG00000182979,8.379776000976562,25,137.0,0.01879286694101509
NFE2,GK,GK,ENSG00000198814,8.37954044342041,30,149.0,0.020438957475994512
KLF1,ELL2,ELL2,ENSG00000118985,8.379149436950684,31,138.0,0.018930041152263374
NFE2,DCP1A,DCP1A,ENSG00000272886,8.378999710083008,25,150.0,0.0205761316872428
TAL1,AL157938.2,AL157938.2,ENSG00000236986,8.378029823303223,25,135.0,0.018518518518518517
GFI1B,SETX,SETX,ENSG00000107290,8.377463340759277,27,222.0,0.030452674897119343
KLF1,NDUFS6,NDUFS6,ENSG00000145494,8.375943183898926,26,139.0,0.01906721536351166
GATA1,C12orf60,C12orf60,ENSG00000182993,8.374835968017578,29,95.0,0.013031550068587106
KLF1,C11orf54,C11orf54,ENSG00000182919,8.373720169067383,25,140.0,0.019204389574759947
GFI1B,VRK1,VRK1,ENSG00000100749,8.3720064163208,31,223.0,0.030589849108367626
KLF1,UBN2,UBN2,ENSG00000157741,8.369855880737305,25,141.0,0.01934156378600823
TAL1,RAD9A,RAD9A,ENSG00000172613,8.367513656616211,27,136.0,0.018655692729766804
NFE2,ARHGAP42,ARHGAP42,ENSG00000165895,8.366326332092285,25,151.0,0.020713305898491085
NFE2,UCHL3,UCHL3,ENSG00000118939,8.364045143127441,25,152.0,0.020850480109739368
GFI1B,PBX3,PBX3,ENSG00000167081,8.358051300048828,27,224.0,0.030727023319615913
TAL1,DDI2,DDI2,ENSG00000197312,8.355045318603516,25,137.0,0.01879286694101509
KLF1,XRCC3,XRCC3,ENSG00000126215,8.352356910705566,26,142.0,0.019478737997256516
NFE2,NAXD,NAXD,ENSG00000213995,8.349739074707031,27,153.0,0.020987654320987655
GFI1B,MROH1,MROH1,ENSG00000179832,8.348474502563477,27,225.0,0.030864197530864196
GFI1B,GATC,GATC,ENSG00000257218,8.347700119018555,27,226.0,0.031001371742112482
GFI1B,ARL2,ARL2,ENSG00000213465,8.347516059875488,26,227.0,0.03113854595336077
NFE2,TSC1,TSC1,ENSG00000165699,8.345077514648438,26,154.0,0.02112482853223594
GFI1B,CMPK2,CMPK2,ENSG00000134326,8.342954635620117,28,228.0,0.031275720164609055
KLF1,MED18,MED18,ENSG00000130772,8.342409133911133,32,143.0,0.0196159122085048
GFI1B,SNHG7,SNHG7,ENSG00000233016,8.341203689575195,25,229.0,0.03141289437585734
NFE2,TXNIP,TXNIP,ENSG00000265972,8.34097671508789,25,155.0,0.021262002743484224
GFI1B,ZNF337-AS1,ZNF337-AS1,ENSG00000213742,8.340614318847656,28,230.0,0.03155006858710562
NFE2,ERLIN2,ERLIN2,ENSG00000147475,8.337137222290039,27,156.0,0.02139917695473251
GFI1B,ATAD2,ATAD2,ENSG00000156802,8.331977844238281,28,231.0,0.03168724279835391
KLF1,CENPJ,CENPJ,ENSG00000151849,8.325848579406738,27,144.0,0.019753086419753086
GFI1B,MSRB2,MSRB2,ENSG00000148450,8.324109077453613,25,232.0,0.031824417009602195
GFI1B,MTMR6,MTMR6,ENSG00000139505,8.317715644836426,27,233.0,0.03196159122085048
GFI1B,ZNF331,ZNF331,ENSG00000130844,8.3176908493042,28,234.0,0.03209876543209877
NFE2,KIAA0355,KIAA0355,ENSG00000166398,8.315702438354492,25,157.0,0.021536351165980797
GFI1B,PRIM1,PRIM1,ENSG00000198056,8.31109619140625,29,235.0,0.03223593964334705
GFI1B,KIAA1841,KIAA1841,ENSG00000162929,8.308612823486328,26,236.0,0.032373113854595334
GFI1B,MCPH1,MCPH1,ENSG00000147316,8.307300567626953,28,237.0,0.03251028806584362
NFE2,CCAR2,CCAR2,ENSG00000158941,8.306251525878906,26,158.0,0.02167352537722908
NFE2,MRPS23,MRPS23,ENSG00000181610,8.30610179901123,25,159.0,0.021810699588477367
KLF1,ZNF844,ZNF844,ENSG00000223547,8.30447006225586,25,145.0,0.019890260631001373
KLF1,MED17,MED17,ENSG00000042429,8.301002502441406,27,146.0,0.020027434842249656
GFI1B,RPA3,RPA3,ENSG00000106399,8.29741382598877,27,238.0,0.03264746227709191
KLF1,ATF3,ATF3,ENSG00000162772,8.297120094299316,25,147.0,0.020164609053497942
NFE2,PGS1,PGS1,ENSG00000087157,8.297003746032715,25,160.0,0.02194787379972565
GFI1B,GGNBP2,GGNBP2,ENSG00000278311,8.295519828796387,28,239.0,0.032784636488340194
GFI1B,BMPR2,BMPR2,ENSG00000204217,8.291994094848633,25,240.0,0.03292181069958848
GFI1B,MRPS24,MRPS24,ENSG00000062582,8.291227340698242,25,241.0,0.03305898491083676
KLF1,GNS,GNS,ENSG00000135677,8.290754318237305,27,148.0,0.02030178326474623
TAL1,SMCR8,SMCR8,ENSG00000176994,8.290698051452637,25,138.0,0.018930041152263374
NFE2,UBL7,UBL7,ENSG00000138629,8.289437294006348,25,161.0,0.022085048010973937
GATA1,ADCK1,ADCK1,ENSG00000063761,8.286429405212402,28,96.0,0.01316872427983539
GFI1B,LIN37,LIN37,ENSG00000267796,8.281611442565918,28,242.0,0.033196159122085046
GATA1,MCOLN1,MCOLN1,ENSG00000090674,8.279400825500488,27,97.0,0.013305898491083675
KLF1,UTP23,UTP23,ENSG00000147679,8.277297019958496,26,149.0,0.020438957475994512
NFE2,GOLGA2,GOLGA2,ENSG00000167110,8.2761869430542,29,162.0,0.022222222222222223
GFI1B,RPL8,RPL8,ENSG00000161016,8.26840591430664,29,243.0,0.03333333333333333
NFE2,BTK,BTK,ENSG00000010671,8.263982772827148,28,163.0,0.022359396433470506
GFI1B,PDXDC1,PDXDC1,ENSG00000179889,8.262935638427734,27,244.0,0.03347050754458162
GATA1,EBNA1BP2,EBNA1BP2,ENSG00000117395,8.262785911560059,27,98.0,0.013443072702331962
NFE2,AKR1C1,AKR1C1,ENSG00000187134,8.258482933044434,25,164.0,0.022496570644718793
NFE2,CLUAP1,CLUAP1,ENSG00000103351,8.256410598754883,29,165.0,0.02263374485596708
KLF1,ZNF490,ZNF490,ENSG00000188033,8.255085945129395,27,150.0,0.0205761316872428
NFE2,SECISBP2,SECISBP2,ENSG00000187742,8.250065803527832,30,166.0,0.022770919067215362
GFI1B,ARL6IP6,ARL6IP6,ENSG00000177917,8.248842239379883,26,245.0,0.033607681755829906
NFE2,ZNF212,ZNF212,ENSG00000170260,8.248011589050293,27,167.0,0.02290809327846365
GATA1,TM7SF2,TM7SF2,ENSG00000149809,8.243317604064941,25,99.0,0.013580246913580247
KLF1,EIF2AK1,EIF2AK1,ENSG00000086232,8.241802215576172,26,151.0,0.020713305898491085
GFI1B,SIL1,SIL1,ENSG00000120725,8.241252899169922,26,246.0,0.03374485596707819
KLF1,PFKFB2,PFKFB2,ENSG00000123836,8.239067077636719,27,152.0,0.020850480109739368
TAL1,TOMM22,TOMM22,ENSG00000100216,8.232535362243652,29,139.0,0.01906721536351166
KLF1,B3GALNT2,B3GALNT2,ENSG00000162885,8.231112480163574,26,153.0,0.020987654320987655
TAL1,TBCK,TBCK,ENSG00000145348,8.230698585510254,25,140.0,0.019204389574759947
NFE2,TSNAX,TSNAX,ENSG00000116918,8.228675842285156,25,168.0,0.023045267489711935
NFE2,AC087071.2,AC087071.2,ENSG00000240571,8.226902961730957,26,169.0,0.02318244170096022
TAL1,RC3H2,RC3H2,ENSG00000056586,8.226369857788086,29,141.0,0.01934156378600823
TAL1,G6PD,G6PD,ENSG00000160211,8.225465774536133,25,142.0,0.019478737997256516
KLF1,BEX1,BEX1,ENSG00000133169,8.22140884399414,28,154.0,0.02112482853223594
NFE2,HDAC5,HDAC5,ENSG00000108840,8.220827102661133,28,170.0,0.023319615912208505
GFI1B,TMEM106B,TMEM106B,ENSG00000106460,8.219552993774414,28,247.0,0.03388203017832647
NFE2,BECN1,BECN1,ENSG00000126581,8.217958450317383,27,171.0,0.02345679012345679
GFI1B,IFT80,IFT80,ENSG00000068885,8.215222358703613,26,248.0,0.03401920438957476
GFI1B,LNPK,LNPK,ENSG00000144320,8.214118003845215,25,249.0,0.034156378600823045
TAL1,FNBP1L,FNBP1L,ENSG00000137942,8.213932991027832,25,143.0,0.0196159122085048
GFI1B,ZBTB1,ZBTB1,ENSG00000126804,8.213778495788574,26,250.0,0.03429355281207133
TAL1,VIRMA,VIRMA,ENSG00000164944,8.212630271911621,27,144.0,0.019753086419753086
GFI1B,AASS,AASS,ENSG00000008311,8.212372779846191,25,251.0,0.03443072702331962
GFI1B,WDR76,WDR76,ENSG00000092470,8.209932327270508,27,252.0,0.0345679012345679
TAL1,ABCG2,ABCG2,ENSG00000118777,8.205039024353027,27,145.0,0.019890260631001373
KLF1,AC027243.3,AC027243.3,ENSG00000287503,8.204184532165527,28,155.0,0.021262002743484224
GATA1,PIAS4,PIAS4,ENSG00000105229,8.203119277954102,25,100.0,0.013717421124828532
NFE2,UQCC1,UQCC1,ENSG00000101019,8.200199127197266,25,172.0,0.023593964334705075
TAL1,OR2AT4,OR2AT4,ENSG00000171561,8.199049949645996,28,146.0,0.020027434842249656
NFE2,RFX3-AS1,RFX3-AS1,ENSG00000232104,8.191960334777832,28,173.0,0.02373113854595336
GFI1B,B3GLCT,B3GLCT,ENSG00000187676,8.191643714904785,27,253.0,0.034705075445816184
GFI1B,ARV1,ARV1,ENSG00000173409,8.19129467010498,25,254.0,0.03484224965706447
GFI1B,GBGT1,GBGT1,ENSG00000148288,8.190900802612305,29,255.0,0.03497942386831276
TAL1,COPB1,COPB1,ENSG00000129083,8.188685417175293,28,147.0,0.020164609053497942
GFI1B,SLC43A3,SLC43A3,ENSG00000134802,8.188146591186523,27,256.0,0.035116598079561044
KLF1,RAB18,RAB18,ENSG00000099246,8.187477111816406,28,156.0,0.02139917695473251
GFI1B,HEMGN,HEMGN,ENSG00000136929,8.185754776000977,34,257.0,0.03525377229080933
GFI1B,REPS2,REPS2,ENSG00000169891,8.185100555419922,27,258.0,0.03539094650205761
GFI1B,ANKRD11,ANKRD11,ENSG00000167522,8.181432723999023,28,259.0,0.0355281207133059
NFE2,SPA17,SPA17,ENSG00000064199,8.18015193939209,27,174.0,0.023868312757201648
TAL1,ZBTB11,ZBTB11,ENSG00000066422,8.17932415008545,25,148.0,0.02030178326474623
KLF1,MRPL40,MRPL40,ENSG00000185608,8.175568580627441,25,157.0,0.021536351165980797
GATA1,CASP8,CASP8,ENSG00000064012,8.175050735473633,27,101.0,0.013854595336076818
GFI1B,DLST,DLST,ENSG00000119689,8.173125267028809,27,260.0,0.03566529492455418
KLF1,VPS51,VPS51,ENSG00000149823,8.171488761901855,29,158.0,0.02167352537722908
GFI1B,CARHSP1,CARHSP1,ENSG00000153048,8.162918090820312,29,261.0,0.03580246913580247
NFE2,HDDC2,HDDC2,ENSG00000111906,8.157501220703125,29,175.0,0.02400548696844993
NFE2,KRCC1,KRCC1,ENSG00000172086,8.156679153442383,25,176.0,0.024142661179698217
GFI1B,ATP13A3,ATP13A3,ENSG00000133657,8.155950546264648,28,262.0,0.035939643347050756
GATA1,AL031599.1,AL031599.1,ENSG00000224228,8.154139518737793,26,102.0,0.013991769547325103
NFE2,RNF139,RNF139,ENSG00000170881,8.153944969177246,26,177.0,0.0242798353909465
NFE2,HBS1L,HBS1L,ENSG00000112339,8.15383529663086,30,178.0,0.024417009602194787
NFE2,AC002463.1,AC002463.1,ENSG00000223646,8.151856422424316,26,179.0,0.024554183813443074
KLF1,MED21,MED21,ENSG00000152944,8.150955200195312,26,159.0,0.021810699588477367
NFE2,ATXN3,ATXN3,ENSG00000066427,8.149866104125977,26,180.0,0.024691358024691357
TAL1,DNTTIP1,DNTTIP1,ENSG00000101457,8.149608612060547,27,149.0,0.020438957475994512
GFI1B,COPS3,COPS3,ENSG00000141030,8.148695945739746,25,263.0,0.03607681755829904
KLF1,SRA1,SRA1,ENSG00000213523,8.148449897766113,32,160.0,0.02194787379972565
NFE2,MRPS27,MRPS27,ENSG00000113048,8.147616386413574,28,181.0,0.024828532235939643
NFE2,RHCE,RHCE,ENSG00000188672,8.146069526672363,30,182.0,0.02496570644718793
TAL1,HIST1H2BG,HIST1H2BG,ENSG00000273802,8.13803482055664,25,150.0,0.0205761316872428
TAL1,PET100,PET100,ENSG00000229833,8.137316703796387,30,151.0,0.020713305898491085
GFI1B,PIGL,PIGL,ENSG00000108474,8.135772705078125,25,264.0,0.03621399176954732
GFI1B,RNF168,RNF168,ENSG00000163961,8.132180213928223,27,265.0,0.03635116598079561
GFI1B,CD2BP2,CD2BP2,ENSG00000169217,8.12797737121582,28,266.0,0.036488340192043896
GATA1,PCYT1A,PCYT1A,ENSG00000161217,8.126761436462402,25,103.0,0.014128943758573388
NFE2,ZNF143,ZNF143,ENSG00000166478,8.124383926391602,25,183.0,0.025102880658436213
GFI1B,MYCBP,MYCBP,ENSG00000214114,8.124274253845215,32,267.0,0.03662551440329218
GFI1B,EI24,EI24,ENSG00000149547,8.12416934967041,29,268.0,0.03676268861454047
TAL1,BANP,BANP,ENSG00000172530,8.123979568481445,31,152.0,0.020850480109739368
GFI1B,EIF2D,EIF2D,ENSG00000143486,8.123907089233398,27,269.0,0.03689986282578875
GFI1B,EEFSEC,EEFSEC,ENSG00000132394,8.123526573181152,35,270.0,0.037037037037037035
KLF1,UPK3BL1,UPK3BL1,ENSG00000267368,8.123504638671875,25,161.0,0.022085048010973937
TAL1,CHP1,CHP1,ENSG00000187446,8.120952606201172,27,153.0,0.020987654320987655
NFE2,TAF5L,TAF5L,ENSG00000135801,8.118507385253906,27,184.0,0.0252400548696845
NFE2,CR1,CR1,ENSG00000203710,8.118173599243164,25,185.0,0.025377229080932786
GFI1B,NVL,NVL,ENSG00000143748,8.117697715759277,38,271.0,0.03717421124828532
GATA1,LATS2,LATS2,ENSG00000150457,8.116950988769531,28,104.0,0.014266117969821674
GFI1B,KPNA3,KPNA3,ENSG00000102753,8.116902351379395,26,272.0,0.03731138545953361
KLF1,RFX5,RFX5,ENSG00000143390,8.11473560333252,25,162.0,0.022222222222222223
GFI1B,AC092650.1,AC092650.1,ENSG00000230773,8.111881256103516,28,273.0,0.037448559670781895
GATA1,TAF10,TAF10,ENSG00000166337,8.110769271850586,29,105.0,0.01440329218106996
GFI1B,CHD6,CHD6,ENSG00000124177,8.109310150146484,25,274.0,0.03758573388203018
GATA1,ZNF490,ZNF490,ENSG00000188033,8.106175422668457,27,106.0,0.014540466392318244
NFE2,SIRT2,SIRT2,ENSG00000068903,8.102995872497559,25,186.0,0.02551440329218107
KLF1,ISOC2,ISOC2,ENSG00000063241,8.101758003234863,28,163.0,0.022359396433470506
TAL1,MFN2,MFN2,ENSG00000116688,8.09952163696289,25,154.0,0.02112482853223594
GFI1B,G3BP2,G3BP2,ENSG00000138757,8.095247268676758,27,275.0,0.03772290809327846
NFE2,RAB11A,RAB11A,ENSG00000103769,8.093687057495117,30,187.0,0.025651577503429356
KLF1,ARID4A,ARID4A,ENSG00000032219,8.09269905090332,27,164.0,0.022496570644718793
KLF1,UNC119B,UNC119B,ENSG00000175970,8.08945369720459,27,165.0,0.02263374485596708
GFI1B,RACK1,RACK1,ENSG00000204628,8.086901664733887,35,276.0,0.03786008230452675
KLF1,ANKRD52,ANKRD52,ENSG00000139645,8.085548400878906,28,166.0,0.022770919067215362
GFI1B,PPP2R5E,PPP2R5E,ENSG00000154001,8.085143089294434,25,277.0,0.037997256515775034
GFI1B,SLC30A9,SLC30A9,ENSG00000014824,8.079604148864746,25,278.0,0.03813443072702332
NFE2,UBASH3B,UBASH3B,ENSG00000154127,8.078876495361328,26,188.0,0.025788751714677642
GFI1B,PHF6,PHF6,ENSG00000156531,8.078863143920898,27,279.0,0.03827160493827161
KLF1,ATP5MPL,ATP5MPL,ENSG00000156411,8.078015327453613,25,167.0,0.02290809327846365
TAL1,SLC24A1,SLC24A1,ENSG00000074621,8.07276439666748,28,155.0,0.021262002743484224
TAL1,USP9X,USP9X,ENSG00000124486,8.068009376525879,25,156.0,0.02139917695473251
KLF1,ZFAND5,ZFAND5,ENSG00000107372,8.067873001098633,30,168.0,0.023045267489711935
GFI1B,E2F3,E2F3,ENSG00000112242,8.06784725189209,25,280.0,0.038408779149519894
NFE2,FOXP1,FOXP1,ENSG00000114861,8.065180778503418,30,189.0,0.025925925925925925
GATA1,HSPG2,HSPG2,ENSG00000142798,8.063579559326172,28,107.0,0.014677640603566529
TAL1,SLC12A7,SLC12A7,ENSG00000113504,8.062411308288574,28,157.0,0.021536351165980797
GFI1B,RESF1,RESF1,ENSG00000174718,8.062017440795898,25,281.0,0.03854595336076817
NFE2,NBEAL1,NBEAL1,ENSG00000144426,8.058761596679688,27,190.0,0.02606310013717421
NFE2,LGALS3,LGALS3,ENSG00000131981,8.055686950683594,25,191.0,0.0262002743484225
GATA1,OXSM,OXSM,ENSG00000151093,8.052096366882324,25,108.0,0.014814814814814815
KLF1,RASGEF1B,RASGEF1B,ENSG00000138670,8.05117416381836,28,169.0,0.02318244170096022
GATA1,BAG6,BAG6,ENSG00000204463,8.049309730529785,25,109.0,0.0149519890260631
GFI1B,RHOT1,RHOT1,ENSG00000126858,8.04700756072998,31,282.0,0.03868312757201646
TAL1,MTMR4,MTMR4,ENSG00000108389,8.04521656036377,30,158.0,0.02167352537722908
GFI1B,VRK2,VRK2,ENSG00000028116,8.043800354003906,29,283.0,0.038820301783264746
GFI1B,DNAJA4,DNAJA4,ENSG00000140403,8.040155410766602,32,284.0,0.03895747599451303
GFI1B,PPM1D,PPM1D,ENSG00000170836,8.039092063903809,25,285.0,0.03909465020576132
NFE2,KANSL3,KANSL3,ENSG00000114982,8.037670135498047,25,192.0,0.02633744855967078
GFI1B,GCA,GCA,ENSG00000115271,8.035829544067383,27,286.0,0.0392318244170096
GATA1,ZNF107,ZNF107,ENSG00000196247,8.034436225891113,29,110.0,0.015089163237311385
GFI1B,HEXB,HEXB,ENSG00000049860,8.03442096710205,30,287.0,0.039368998628257885
GATA1,SETD1B,SETD1B,ENSG00000139718,8.033799171447754,25,111.0,0.015226337448559672
NFE2,CCNL2,CCNL2,ENSG00000221978,8.032925605773926,29,193.0,0.026474622770919068
TAL1,NUDT4,NUDT4,ENSG00000173598,8.029924392700195,30,159.0,0.021810699588477367
GATA1,CCDC82,CCDC82,ENSG00000149231,8.02800178527832,28,112.0,0.015363511659807956
KLF1,RPAP2,RPAP2,ENSG00000122484,8.027909278869629,26,170.0,0.023319615912208505
GATA1,STK38,STK38,ENSG00000112079,8.02718734741211,27,113.0,0.015500685871056241
GFI1B,CHAF1A,CHAF1A,ENSG00000167670,8.02483081817627,29,288.0,0.03950617283950617
KLF1,SNCA,SNCA,ENSG00000145335,8.024006843566895,25,171.0,0.02345679012345679
GFI1B,FAM49B,FAM49B,ENSG00000153310,8.023578643798828,25,289.0,0.03964334705075446
KLF1,MED31,MED31,ENSG00000108590,8.02347183227539,26,172.0,0.023593964334705075
NFE2,AC007381.1,AC007381.1,ENSG00000228590,8.02233600616455,30,194.0,0.02661179698216735
GATA1,WBP1,WBP1,ENSG00000239779,8.018721580505371,25,114.0,0.015637860082304528
NFE2,SNIP1,SNIP1,ENSG00000163877,8.016818046569824,25,195.0,0.026748971193415638
KLF1,STX5,STX5,ENSG00000162236,8.015397071838379,26,173.0,0.02373113854595336
TAL1,NHEJ1,NHEJ1,ENSG00000187736,8.012146949768066,32,160.0,0.02194787379972565
KLF1,HIST1H4H,HIST1H4H,ENSG00000158406,8.007944107055664,25,174.0,0.023868312757201648
GFI1B,SP3,SP3,ENSG00000172845,8.00613784790039,26,290.0,0.039780521262002745
GFI1B,EXO1,EXO1,ENSG00000174371,8.005526542663574,27,291.0,0.03991769547325103
GFI1B,UPF3B,UPF3B,ENSG00000125351,8.00531005859375,32,292.0,0.04005486968449931
KLF1,AL691403.1,AL691403.1,ENSG00000258740,8.000630378723145,31,175.0,0.02400548696844993
KLF1,NDC1,NDC1,ENSG00000058804,7.998223781585693,25,176.0,0.024142661179698217
GATA1,UTP20,UTP20,ENSG00000120800,7.997524738311768,27,115.0,0.01577503429355281
GFI1B,THYN1,THYN1,ENSG00000151500,7.9972357749938965,27,293.0,0.0401920438957476
KLF1,ACTG1,ACTG1,ENSG00000184009,7.995906352996826,27,177.0,0.0242798353909465
GFI1B,RPS19BP1,RPS19BP1,ENSG00000187051,7.99464750289917,26,294.0,0.040329218106995884
TAL1,TRAPPC2L,TRAPPC2L,ENSG00000167515,7.994646072387695,27,161.0,0.022085048010973937
NFE2,DGLUCY,DGLUCY,ENSG00000133943,7.991395473480225,25,196.0,0.026886145404663924
GATA1,PSMA5,PSMA5,ENSG00000143106,7.990731716156006,25,116.0,0.015912208504801097
NFE2,SNHG17,SNHG17,ENSG00000196756,7.988779067993164,30,197.0,0.027023319615912207
TAL1,RNF114,RNF114,ENSG00000124226,7.9859819412231445,25,162.0,0.022222222222222223
KLF1,ARHGEF7,ARHGEF7,ENSG00000102606,7.985626220703125,25,178.0,0.024417009602194787
GFI1B,MRPS18B,MRPS18B,ENSG00000204568,7.985193252563477,30,295.0,0.04046639231824417
TAL1,MAPK8,MAPK8,ENSG00000107643,7.985111713409424,26,163.0,0.022359396433470506
GFI1B,CNNM2,CNNM2,ENSG00000148842,7.984752178192139,25,296.0,0.04060356652949246
NFE2,ANKUB1,ANKUB1,ENSG00000206199,7.9842915534973145,25,198.0,0.027160493827160494
NFE2,DPH3,DPH3,ENSG00000154813,7.98276948928833,25,199.0,0.02729766803840878
NFE2,SDSL,SDSL,ENSG00000139410,7.981966018676758,27,200.0,0.027434842249657063
GFI1B,SNRNP48,SNRNP48,ENSG00000168566,7.980929851531982,25,297.0,0.040740740740740744
GFI1B,ATP5F1C,ATP5F1C,ENSG00000165629,7.979959487915039,26,298.0,0.040877914951989024
GFI1B,LMNA,LMNA,ENSG00000160789,7.9787774085998535,29,299.0,0.04101508916323731
KLF1,IBA57,IBA57,ENSG00000181873,7.978489875793457,27,179.0,0.024554183813443074
TAL1,BMP2K,BMP2K,ENSG00000138756,7.977180480957031,26,164.0,0.022496570644718793
KLF1,ZNHIT2,ZNHIT2,ENSG00000174276,7.9766340255737305,29,180.0,0.024691358024691357
TAL1,TIMM10B,TIMM10B,ENSG00000132286,7.976596832275391,31,165.0,0.02263374485596708
GFI1B,GOLIM4,GOLIM4,ENSG00000173905,7.974270343780518,29,300.0,0.0411522633744856
GATA1,PEX1,PEX1,ENSG00000127980,7.973696231842041,27,117.0,0.016049382716049384
NFE2,RAP1GAP,RAP1GAP,ENSG00000076864,7.972484588623047,25,201.0,0.02757201646090535
GFI1B,HASPIN,HASPIN,ENSG00000177602,7.971408367156982,25,301.0,0.04128943758573388
GATA1,CYB5R1,CYB5R1,ENSG00000159348,7.970897197723389,29,118.0,0.016186556927297667
GFI1B,HSPB11,HSPB11,ENSG00000081870,7.9704742431640625,32,302.0,0.04142661179698217
NFE2,SLC25A38,SLC25A38,ENSG00000144659,7.970442295074463,28,202.0,0.027709190672153636
GFI1B,HPRT1,HPRT1,ENSG00000165704,7.969088077545166,25,303.0,0.04156378600823045
NFE2,CLIP1,CLIP1,ENSG00000130779,7.96838903427124,28,203.0,0.02784636488340192
NFE2,MAPK8IP3,MAPK8IP3,ENSG00000138834,7.968240737915039,25,204.0,0.027983539094650206
GFI1B,CES2,CES2,ENSG00000172831,7.9678568840026855,25,304.0,0.041700960219478736
NFE2,LY9,LY9,ENSG00000122224,7.966949462890625,25,205.0,0.028120713305898493
GFI1B,SPG21,SPG21,ENSG00000090487,7.963923931121826,28,305.0,0.04183813443072702
TAL1,RAB21,RAB21,ENSG00000080371,7.959181785583496,28,166.0,0.022770919067215362
TAL1,FTX,FTX,ENSG00000230590,7.958425521850586,26,167.0,0.02290809327846365
GFI1B,MCM6,MCM6,ENSG00000076003,7.958308696746826,27,306.0,0.04197530864197531
TAL1,CLEC2D,CLEC2D,ENSG00000069493,7.9562273025512695,25,168.0,0.023045267489711935
KLF1,TUT7,TUT7,ENSG00000083223,7.955570220947266,25,181.0,0.024828532235939643
NFE2,SARS,SARS,ENSG00000031698,7.955208778381348,31,206.0,0.028257887517146776
GFI1B,CLNS1A,CLNS1A,ENSG00000074201,7.952132225036621,25,307.0,0.042112482853223596
KLF1,RAB11B,RAB11B,ENSG00000185236,7.951848983764648,25,182.0,0.02496570644718793
GFI1B,C11orf80,C11orf80,ENSG00000173715,7.951781272888184,25,308.0,0.04224965706447188
KLF1,EIF3B,EIF3B,ENSG00000106263,7.949758052825928,30,183.0,0.025102880658436213
NFE2,ABCC4,ABCC4,ENSG00000125257,7.948840618133545,27,207.0,0.028395061728395062
NFE2,ZNF791,ZNF791,ENSG00000173875,7.948140621185303,26,208.0,0.02853223593964335
GFI1B,TMCO3,TMCO3,ENSG00000150403,7.9468278884887695,31,309.0,0.04238683127572016
TAL1,POLR2A,POLR2A,ENSG00000181222,7.946469783782959,29,169.0,0.02318244170096022
KLF1,C3orf62,C3orf62,ENSG00000188315,7.946412086486816,25,184.0,0.0252400548696845
GATA1,SPATA33,SPATA33,ENSG00000167523,7.945067882537842,28,119.0,0.016323731138545954
GFI1B,RNASEH1,RNASEH1,ENSG00000171865,7.944308280944824,25,310.0,0.04252400548696845
GFI1B,ISOC1,ISOC1,ENSG00000066583,7.944014072418213,25,311.0,0.042661179698216735
TAL1,RC3H1,RC3H1,ENSG00000135870,7.9423723220825195,30,170.0,0.023319615912208505
GFI1B,MGAT1,MGAT1,ENSG00000131446,7.940108776092529,26,312.0,0.04279835390946502
KLF1,AMD1,AMD1,ENSG00000123505,7.933342456817627,27,185.0,0.025377229080932786
KLF1,HIGD2A,HIGD2A,ENSG00000146066,7.932880401611328,25,186.0,0.02551440329218107
GFI1B,TAF15,TAF15,ENSG00000270647,7.932807922363281,28,313.0,0.04293552812071331
NFE2,WDR19,WDR19,ENSG00000157796,7.932229995727539,27,209.0,0.028669410150891632
GFI1B,C16orf95,C16orf95,ENSG00000260456,7.927003860473633,28,314.0,0.043072702331961595
GFI1B,NSMCE3,NSMCE3,ENSG00000185115,7.926843643188477,26,315.0,0.043209876543209874
KLF1,GNL3L,GNL3L,ENSG00000130119,7.923792839050293,28,187.0,0.025651577503429356
KLF1,PRPSAP2,PRPSAP2,ENSG00000141127,7.9200639724731445,25,188.0,0.025788751714677642
GFI1B,FUBP3,FUBP3,ENSG00000107164,7.919302463531494,27,316.0,0.04334705075445816
GFI1B,ZFX,ZFX,ENSG00000005889,7.919190883636475,29,317.0,0.04348422496570645
KLF1,CFLAR-AS1,CFLAR-AS1,ENSG00000226312,7.918970584869385,26,189.0,0.025925925925925925
TAL1,LRP10,LRP10,ENSG00000197324,7.91838264465332,29,171.0,0.02345679012345679
NFE2,ATOX1,ATOX1,ENSG00000177556,7.918360710144043,25,210.0,0.02880658436213992
GFI1B,RPL27A,RPL27A,ENSG00000166441,7.918056488037109,27,318.0,0.043621399176954734
GATA1,ZNF263,ZNF263,ENSG00000006194,7.917734622955322,28,120.0,0.01646090534979424
TAL1,TREML2,TREML2,ENSG00000112195,7.9170241355896,27,172.0,0.023593964334705075
KLF1,CBX4,CBX4,ENSG00000141582,7.9152607917785645,33,190.0,0.02606310013717421
GATA1,ENTPD1-AS1,ENTPD1-AS1,ENSG00000226688,7.915121555328369,31,121.0,0.016598079561042523
GFI1B,LSM2,LSM2,ENSG00000204392,7.911422252655029,32,319.0,0.04375857338820302
KLF1,LAMP1,LAMP1,ENSG00000185896,7.909676551818848,25,191.0,0.0262002743484225
GFI1B,PAXIP1,PAXIP1,ENSG00000157212,7.909527778625488,25,320.0,0.0438957475994513
TAL1,BCL2L1,BCL2L1,ENSG00000171552,7.909298896789551,25,173.0,0.02373113854595336
KLF1,SCO1,SCO1,ENSG00000133028,7.906338691711426,29,192.0,0.02633744855967078
GFI1B,KIAA1586,KIAA1586,ENSG00000168116,7.905965328216553,27,321.0,0.044032921810699586
GFI1B,AC023509.6,AC023509.6,ENSG00000285692,7.904724597930908,26,322.0,0.04417009602194787
KLF1,OXLD1,OXLD1,ENSG00000204237,7.904065132141113,31,193.0,0.026474622770919068
KLF1,CCDC97,CCDC97,ENSG00000142039,7.9028215408325195,27,194.0,0.02661179698216735
TAL1,CDK9,CDK9,ENSG00000136807,7.902465343475342,30,174.0,0.023868312757201648
GFI1B,PIK3C2A,PIK3C2A,ENSG00000011405,7.9020891189575195,29,323.0,0.04430727023319616
TAL1,AKR1C3,AKR1C3,ENSG00000196139,7.901800155639648,26,175.0,0.02400548696844993
NFE2,MRPL12,MRPL12,ENSG00000262814,7.9010515213012695,25,211.0,0.0289437585733882
GATA1,ZNF586,ZNF586,ENSG00000083828,7.900750160217285,26,122.0,0.01673525377229081
KLF1,RBM7,RBM7,ENSG00000076053,7.899072647094727,26,195.0,0.026748971193415638
NFE2,OSBP2,OSBP2,ENSG00000184792,7.898396015167236,30,212.0,0.029080932784636488
GFI1B,RIOK1,RIOK1,ENSG00000124784,7.898315906524658,29,324.0,0.044444444444444446
GATA1,CLASRP,CLASRP,ENSG00000104859,7.898066997528076,25,123.0,0.016872427983539096
NFE2,S100A10,S100A10,ENSG00000197747,7.895177364349365,28,213.0,0.029218106995884775
GFI1B,MSH2,MSH2,ENSG00000095002,7.893519878387451,25,325.0,0.04458161865569273
GFI1B,TUBG1,TUBG1,ENSG00000131462,7.8918914794921875,25,326.0,0.04471879286694101
KLF1,ATP6V1D,ATP6V1D,ENSG00000100554,7.8854498863220215,25,196.0,0.026886145404663924
KLF1,HIST1H3I,HIST1H3I,ENSG00000275379,7.882417678833008,25,197.0,0.027023319615912207
TAL1,PLD6,PLD6,ENSG00000179598,7.878953456878662,28,176.0,0.024142661179698217
GFI1B,PDS5B,PDS5B,ENSG00000083642,7.878890037536621,27,327.0,0.0448559670781893
KLF1,TTC9C,TTC9C,ENSG00000162222,7.878021240234375,25,198.0,0.027160493827160494
GATA1,BCAP31,BCAP31,ENSG00000185825,7.877652168273926,25,124.0,0.01700960219478738
GFI1B,CEP44,CEP44,ENSG00000164118,7.875911712646484,28,328.0,0.044993141289437585
GFI1B,CMIP,CMIP,ENSG00000153815,7.875704288482666,25,329.0,0.04513031550068587
NFE2,NPHP3,NPHP3,ENSG00000113971,7.873917102813721,27,214.0,0.029355281207133058
NFE2,RHBDD1,RHBDD1,ENSG00000144468,7.873106956481934,27,215.0,0.029492455418381344
GFI1B,EIF4EBP1,EIF4EBP1,ENSG00000187840,7.868927478790283,29,330.0,0.04526748971193416
TAL1,BEST1,BEST1,ENSG00000167995,7.868550777435303,27,177.0,0.0242798353909465
NFE2,RNF13,RNF13,ENSG00000082996,7.868393421173096,29,216.0,0.02962962962962963
GFI1B,PPWD1,PPWD1,ENSG00000113593,7.868208408355713,27,331.0,0.045404663923182445
GFI1B,BTG3,BTG3,ENSG00000154640,7.866803169250488,28,332.0,0.045541838134430725
KLF1,RAB13,RAB13,ENSG00000143545,7.866025924682617,25,199.0,0.02729766803840878
GFI1B,EIF3J-DT,EIF3J-DT,ENSG00000179523,7.86588716506958,25,333.0,0.04567901234567901
KLF1,MRPS23,MRPS23,ENSG00000181610,7.863418102264404,25,200.0,0.027434842249657063
GATA1,MAP2K7,MAP2K7,ENSG00000076984,7.8608245849609375,30,125.0,0.017146776406035666
GATA1,ATG101,ATG101,ENSG00000123395,7.859319686889648,25,126.0,0.01728395061728395
KLF1,PKIG,PKIG,ENSG00000168734,7.858940124511719,27,201.0,0.02757201646090535
GATA1,RNF213-AS1,RNF213-AS1,ENSG00000263069,7.8566179275512695,27,127.0,0.017421124828532236
GATA1,RHOG,RHOG,ENSG00000177105,7.856151580810547,25,128.0,0.017558299039780522
TAL1,MARK3,MARK3,ENSG00000075413,7.854924201965332,25,178.0,0.024417009602194787
TAL1,NRIP3,NRIP3,ENSG00000175352,7.854763984680176,26,179.0,0.024554183813443074
KLF1,PROSER3,PROSER3,ENSG00000167595,7.853339672088623,27,202.0,0.027709190672153636
NFE2,SMIM27,SMIM27,ENSG00000235453,7.852478504180908,25,217.0,0.029766803840877914
GATA1,IGSF6,IGSF6,ENSG00000140749,7.852101802825928,27,129.0,0.017695473251028805
GATA1,EFR3A,EFR3A,ENSG00000132294,7.850497245788574,25,130.0,0.01783264746227709
KLF1,NENF,NENF,ENSG00000117691,7.850164890289307,29,203.0,0.02784636488340192
GFI1B,SLC20A2,SLC20A2,ENSG00000168575,7.848267555236816,26,334.0,0.0458161865569273
GFI1B,PSMA4,PSMA4,ENSG00000041357,7.847886085510254,36,335.0,0.045953360768175584
GATA1,MGAT4B,MGAT4B,ENSG00000161013,7.84767484664917,32,131.0,0.017969821673525378
KLF1,GK,GK,ENSG00000198814,7.847336769104004,30,204.0,0.027983539094650206
GATA1,TSPOAP1-AS1,TSPOAP1-AS1,ENSG00000265148,7.845091819763184,25,132.0,0.01810699588477366
NFE2,TRIM10,TRIM10,ENSG00000204613,7.843325138092041,31,218.0,0.0299039780521262
NFE2,TAL1,TAL1,ENSG00000162367,7.834812164306641,26,219.0,0.030041152263374487
GATA1,AMBRA1,AMBRA1,ENSG00000110497,7.834476470947266,27,133.0,0.018244170096021948
GFI1B,TOB2,TOB2,ENSG00000183864,7.833625316619873,32,336.0,0.04609053497942387
GFI1B,ABCD3,ABCD3,ENSG00000117528,7.832632064819336,25,337.0,0.04622770919067215
TAL1,MAFK,MAFK,ENSG00000198517,7.832037925720215,25,180.0,0.024691358024691357
GATA1,GRIPAP1,GRIPAP1,ENSG00000068400,7.830798149108887,28,134.0,0.018381344307270234
GATA1,ABCA7,ABCA7,ENSG00000064687,7.82825231552124,25,135.0,0.018518518518518517
GATA1,HPS5,HPS5,ENSG00000110756,7.8282270431518555,26,136.0,0.018655692729766804
GFI1B,CDK14,CDK14,ENSG00000058091,7.827347755432129,25,338.0,0.04636488340192044
GATA1,HOXB2,HOXB2,ENSG00000173917,7.8251729011535645,30,137.0,0.01879286694101509
GATA1,AC006387.1,AC006387.1,ENSG00000243193,7.8249430656433105,25,138.0,0.018930041152263374
NFE2,NR1H2,NR1H2,ENSG00000131408,7.824508190155029,25,220.0,0.03017832647462277
GFI1B,PBK,PBK,ENSG00000168078,7.8222246170043945,25,339.0,0.046502057613168724
TAL1,KLHDC8A,KLHDC8A,ENSG00000162873,7.822198390960693,25,181.0,0.024828532235939643
GFI1B,SWI5,SWI5,ENSG00000175854,7.8212432861328125,25,340.0,0.04663923182441701
GFI1B,HLA-B,HLA-B,ENSG00000234745,7.820263385772705,29,341.0,0.0467764060356653
GATA1,DPM3,DPM3,ENSG00000179085,7.820046424865723,25,139.0,0.01906721536351166
KLF1,WDR19,WDR19,ENSG00000157796,7.819917678833008,27,205.0,0.028120713305898493
GFI1B,CBFA2T3,CBFA2T3,ENSG00000129993,7.81663179397583,27,342.0,0.04691358024691358
GATA1,PURPL,PURPL,ENSG00000250337,7.8148956298828125,32,140.0,0.019204389574759947
NFE2,TRAK2,TRAK2,ENSG00000115993,7.8139166831970215,26,221.0,0.030315500685871057
GFI1B,H2AFX,H2AFX,ENSG00000188486,7.813426494598389,27,343.0,0.04705075445816186
GFI1B,ZNF627,ZNF627,ENSG00000198551,7.8082427978515625,25,344.0,0.04718792866941015
KLF1,SLC25A39,SLC25A39,ENSG00000013306,7.80706787109375,27,206.0,0.028257887517146776
GATA1,GATAD1,GATAD1,ENSG00000157259,7.80681848526001,25,141.0,0.01934156378600823
TAL1,OIP5,OIP5,ENSG00000104147,7.805938720703125,27,182.0,0.02496570644718793
GFI1B,TRAPPC11,TRAPPC11,ENSG00000168538,7.804972171783447,26,345.0,0.047325102880658436
NFE2,ST3GAL1,ST3GAL1,ENSG00000008513,7.8029913902282715,25,222.0,0.030452674897119343
TAL1,MMGT1,MMGT1,ENSG00000169446,7.80197811126709,27,183.0,0.025102880658436213
NFE2,IFRD2,IFRD2,ENSG00000214706,7.80174446105957,26,223.0,0.030589849108367626
GFI1B,SLF1,SLF1,ENSG00000133302,7.7999796867370605,25,346.0,0.04746227709190672
TAL1,CGRRF1,CGRRF1,ENSG00000100532,7.7997355461120605,26,184.0,0.0252400548696845
NFE2,GNPDA1,GNPDA1,ENSG00000113552,7.797536849975586,25,224.0,0.030727023319615913
TAL1,BSDC1,BSDC1,ENSG00000160058,7.796319484710693,25,185.0,0.025377229080932786
GFI1B,TXN2,TXN2,ENSG00000100348,7.795314311981201,25,347.0,0.04759945130315501
GFI1B,LAMTOR5-AS1,LAMTOR5-AS1,ENSG00000224699,7.793750286102295,25,348.0,0.047736625514403296
KLF1,BAG4,BAG4,ENSG00000156735,7.791999340057373,26,207.0,0.028395061728395062
GATA1,IFT52,IFT52,ENSG00000101052,7.789886951446533,27,142.0,0.019478737997256516
KLF1,STX4,STX4,ENSG00000103496,7.786394119262695,25,208.0,0.02853223593964335
GATA1,SCPEP1,SCPEP1,ENSG00000121064,7.785737991333008,27,143.0,0.0196159122085048
GFI1B,STMN1,STMN1,ENSG00000117632,7.783300876617432,28,349.0,0.047873799725651575
GFI1B,SFXN1,SFXN1,ENSG00000164466,7.779537200927734,27,350.0,0.04801097393689986
GFI1B,CDKN2B-AS1,CDKN2B-AS1,ENSG00000240498,7.778936862945557,32,351.0,0.04814814814814815
KLF1,PTPRF,PTPRF,ENSG00000142949,7.77617883682251,27,209.0,0.028669410150891632
KLF1,CIRBP,CIRBP,ENSG00000099622,7.775675296783447,29,210.0,0.02880658436213992
NFE2,TIMM23,TIMM23,ENSG00000265354,7.774521827697754,26,225.0,0.030864197530864196
GFI1B,MCMBP,MCMBP,ENSG00000197771,7.773715972900391,26,352.0,0.048285322359396435
TAL1,PITPNA-AS1,PITPNA-AS1,ENSG00000236618,7.771480560302734,26,186.0,0.02551440329218107
NFE2,AC100810.1,AC100810.1,ENSG00000253982,7.770392894744873,25,226.0,0.031001371742112482
KLF1,SNX1,SNX1,ENSG00000028528,7.767085075378418,30,211.0,0.0289437585733882
NFE2,SP140L,SP140L,ENSG00000185404,7.766961574554443,26,227.0,0.03113854595336077
KLF1,KLHDC2,KLHDC2,ENSG00000165516,7.7664690017700195,31,212.0,0.029080932784636488
GATA1,ARID3B,ARID3B,ENSG00000179361,7.766018867492676,25,144.0,0.019753086419753086
TAL1,TENT4B,TENT4B,ENSG00000121274,7.765227794647217,29,187.0,0.025651577503429356
GFI1B,PA2G4,PA2G4,ENSG00000170515,7.764340400695801,25,353.0,0.04842249657064472
GFI1B,CBFA2T2,CBFA2T2,ENSG00000078699,7.763545036315918,25,354.0,0.048559670781893
NFE2,TMEM250,TMEM250,ENSG00000238227,7.762735843658447,25,228.0,0.031275720164609055
GATA1,GRN,GRN,ENSG00000030582,7.7623610496521,25,145.0,0.019890260631001373
GFI1B,RRM2,RRM2,ENSG00000171848,7.754668712615967,25,355.0,0.04869684499314129
KLF1,DOHH,DOHH,ENSG00000129932,7.753574848175049,26,213.0,0.029218106995884775
GFI1B,TP53RK,TP53RK,ENSG00000172315,7.753051280975342,27,356.0,0.048834019204389574
GATA1,GSDMD,GSDMD,ENSG00000104518,7.752769470214844,28,146.0,0.020027434842249656
GATA1,RAB2A,RAB2A,ENSG00000104388,7.752466201782227,30,147.0,0.020164609053497942
NFE2,OSBPL11,OSBPL11,ENSG00000144909,7.752319812774658,26,229.0,0.03141289437585734
NFE2,FDX2,FDX2,ENSG00000267673,7.752033233642578,27,230.0,0.03155006858710562
KLF1,PPP2R5B,PPP2R5B,ENSG00000068971,7.751848220825195,27,214.0,0.029355281207133058
TAL1,NUBP1,NUBP1,ENSG00000103274,7.751258850097656,25,188.0,0.025788751714677642
GFI1B,NPM1,NPM1,ENSG00000181163,7.749296188354492,28,357.0,0.04897119341563786
GFI1B,CLTB,CLTB,ENSG00000175416,7.746208667755127,28,358.0,0.04910836762688615
GFI1B,PWP1,PWP1,ENSG00000136045,7.745622634887695,34,359.0,0.049245541838134434
NFE2,ANKRD12,ANKRD12,ENSG00000101745,7.7434306144714355,25,231.0,0.03168724279835391
GFI1B,RIPK1,RIPK1,ENSG00000137275,7.743340492248535,34,360.0,0.04938271604938271
TAL1,NOC2L,NOC2L,ENSG00000188976,7.742805004119873,30,189.0,0.025925925925925925
KLF1,UNC50,UNC50,ENSG00000115446,7.742222785949707,27,215.0,0.029492455418381344
GFI1B,NBPF12,NBPF12,ENSG00000268043,7.742093086242676,25,361.0,0.049519890260631
NFE2,MGST3,MGST3,ENSG00000143198,7.739408493041992,29,232.0,0.031824417009602195
GFI1B,MTMR14,MTMR14,ENSG00000163719,7.735054969787598,27,362.0,0.049657064471879286
NFE2,PSMB6,PSMB6,ENSG00000142507,7.735018730163574,29,233.0,0.03196159122085048
GFI1B,AKAP8,AKAP8,ENSG00000105127,7.731682300567627,28,363.0,0.04979423868312757
GATA1,ATP5MD,ATP5MD,ENSG00000173915,7.730401039123535,25,148.0,0.02030178326474623
KLF1,TAL1,TAL1,ENSG00000162367,7.730370044708252,26,216.0,0.02962962962962963
KLF1,NAA30,NAA30,ENSG00000139977,7.72662878036499,25,217.0,0.029766803840877914
NFE2,WASHC3,WASHC3,ENSG00000120860,7.725651741027832,29,234.0,0.03209876543209877
NFE2,PTPN2,PTPN2,ENSG00000175354,7.7222580909729,30,235.0,0.03223593964334705
KLF1,CTU1,CTU1,ENSG00000142544,7.719794750213623,25,218.0,0.0299039780521262
KLF1,TXLNG,TXLNG,ENSG00000086712,7.719459056854248,26,219.0,0.030041152263374487
NFE2,YPEL2,YPEL2,ENSG00000175155,7.718944072723389,25,236.0,0.032373113854595334
GFI1B,WDR62,WDR62,ENSG00000075702,7.7188520431518555,25,364.0,0.04993141289437586
NFE2,ZDHHC17,ZDHHC17,ENSG00000186908,7.718125820159912,25,237.0,0.03251028806584362
NFE2,NDUFAB1,NDUFAB1,ENSG00000004779,7.710568904876709,29,238.0,0.03264746227709191
KLF1,COG7,COG7,ENSG00000168434,7.708644390106201,25,220.0,0.03017832647462277
GATA1,IFIH1,IFIH1,ENSG00000115267,7.708230495452881,25,149.0,0.020438957475994512
NFE2,PPP1CC,PPP1CC,ENSG00000186298,7.705080986022949,27,239.0,0.032784636488340194
TAL1,HGS,HGS,ENSG00000185359,7.70365571975708,26,190.0,0.02606310013717421
GATA1,PPP2CB,PPP2CB,ENSG00000104695,7.702032089233398,26,150.0,0.0205761316872428
NFE2,SCARB2,SCARB2,ENSG00000138760,7.701206684112549,30,240.0,0.03292181069958848
NFE2,AC018450.1,AC018450.1,ENSG00000241679,7.700881481170654,27,241.0,0.03305898491083676
GATA1,IRS2,IRS2,ENSG00000185950,7.696264743804932,31,151.0,0.020713305898491085
KLF1,AL359513.1,AL359513.1,ENSG00000278238,7.693814754486084,27,221.0,0.030315500685871057
NFE2,MFSD12,MFSD12,ENSG00000161091,7.691710948944092,29,242.0,0.033196159122085046
GATA1,PCSK7,PCSK7,ENSG00000160613,7.6912760734558105,29,152.0,0.020850480109739368
KLF1,FUNDC1,FUNDC1,ENSG00000069509,7.691230773925781,27,222.0,0.030452674897119343
GATA1,KXD1,KXD1,ENSG00000105700,7.689416885375977,26,153.0,0.020987654320987655
GATA1,NOL10,NOL10,ENSG00000115761,7.684980392456055,25,154.0,0.02112482853223594
NFE2,GOLGA3,GOLGA3,ENSG00000090615,7.683775901794434,26,243.0,0.03333333333333333
TAL1,PPP1CB,PPP1CB,ENSG00000213639,7.682864665985107,25,191.0,0.0262002743484225
GATA1,FPGT,FPGT,ENSG00000254685,7.682520866394043,25,155.0,0.021262002743484224
NFE2,AP000692.2,AP000692.2,ENSG00000273199,7.682418346405029,34,244.0,0.03347050754458162
GATA1,ATP5ME,ATP5ME,ENSG00000169020,7.682340145111084,29,156.0,0.02139917695473251
KLF1,POLR3E,POLR3E,ENSG00000058600,7.681408882141113,28,223.0,0.030589849108367626
NFE2,CETN3,CETN3,ENSG00000153140,7.679616451263428,29,245.0,0.033607681755829906
NFE2,OSM,OSM,ENSG00000099985,7.679025650024414,26,246.0,0.03374485596707819
KLF1,FBXO11,FBXO11,ENSG00000138081,7.677399158477783,25,224.0,0.030727023319615913
KLF1,FASTKD5,FASTKD5,ENSG00000215251,7.673633098602295,27,225.0,0.030864197530864196
TAL1,SEPTIN2,SEPTIN2,ENSG00000168385,7.673608303070068,26,192.0,0.02633744855967078
TAL1,SPSB3,SPSB3,ENSG00000162032,7.670109748840332,25,193.0,0.026474622770919068
GATA1,LINC00486,LINC00486,ENSG00000230876,7.666967391967773,25,157.0,0.021536351165980797
TAL1,SERF2,SERF2,ENSG00000140264,7.665095329284668,25,194.0,0.02661179698216735
NFE2,EDF1,EDF1,ENSG00000107223,7.664646625518799,26,247.0,0.03388203017832647
KLF1,ELK3,ELK3,ENSG00000111145,7.661083221435547,25,226.0,0.031001371742112482
NFE2,VCPKMT,VCPKMT,ENSG00000100483,7.65966796875,26,248.0,0.03401920438957476
GATA1,PPP1R12C,PPP1R12C,ENSG00000125503,7.657517910003662,28,158.0,0.02167352537722908
NFE2,SLC11A2,SLC11A2,ENSG00000110911,7.654592990875244,26,249.0,0.034156378600823045
TAL1,CERT1,CERT1,ENSG00000113163,7.653216361999512,25,195.0,0.026748971193415638
GATA1,UBE4A,UBE4A,ENSG00000110344,7.652507781982422,29,159.0,0.021810699588477367
TAL1,NRBP1,NRBP1,ENSG00000115216,7.651817321777344,28,196.0,0.026886145404663924
NFE2,TEC,TEC,ENSG00000135605,7.6505818367004395,27,250.0,0.03429355281207133
NFE2,PIK3R1,PIK3R1,ENSG00000145675,7.650096893310547,28,251.0,0.03443072702331962
KLF1,TMC6,TMC6,ENSG00000141524,7.6496734619140625,27,227.0,0.03113854595336077
KLF1,FRMD8,FRMD8,ENSG00000126391,7.649439811706543,28,228.0,0.031275720164609055
NFE2,SCAMP2,SCAMP2,ENSG00000140497,7.646332740783691,27,252.0,0.0345679012345679
GATA1,ERLEC1,ERLEC1,ENSG00000068912,7.64503288269043,28,160.0,0.02194787379972565
KLF1,OSBP2,OSBP2,ENSG00000184792,7.643073558807373,30,229.0,0.03141289437585734
TAL1,AMDHD2,AMDHD2,ENSG00000162066,7.642209529876709,25,197.0,0.027023319615912207
KLF1,ELF1,ELF1,ENSG00000120690,7.639942169189453,27,230.0,0.03155006858710562
NFE2,ANKH,ANKH,ENSG00000154122,7.638438701629639,35,253.0,0.034705075445816184
NFE2,AC025263.1,AC025263.1,ENSG00000247131,7.638340950012207,25,254.0,0.03484224965706447
NFE2,AL137789.2,AL137789.2,ENSG00000285239,7.637311935424805,25,255.0,0.03497942386831276
GATA1,VAMP7,VAMP7,ENSG00000124333,7.637264251708984,25,161.0,0.022085048010973937
KLF1,SEC62-AS1,SEC62-AS1,ENSG00000240373,7.6371989250183105,25,231.0,0.03168724279835391
TAL1,PPP1R3B,PPP1R3B,ENSG00000173281,7.637017250061035,30,198.0,0.027160493827160494
KLF1,TXNDC11,TXNDC11,ENSG00000153066,7.6365966796875,28,232.0,0.031824417009602195
TAL1,AL731577.2,AL731577.2,ENSG00000249456,7.636453628540039,27,199.0,0.02729766803840878
NFE2,HMGXB3,HMGXB3,ENSG00000113716,7.635580539703369,26,256.0,0.035116598079561044
NFE2,TSFM,TSFM,ENSG00000123297,7.63116455078125,25,257.0,0.03525377229080933
NFE2,MVD,MVD,ENSG00000167508,7.623330593109131,25,258.0,0.03539094650205761
KLF1,HARS,HARS,ENSG00000170445,7.621801853179932,28,233.0,0.03196159122085048
GATA1,USP7,USP7,ENSG00000187555,7.620825290679932,29,162.0,0.022222222222222223
GATA1,ELL,ELL,ENSG00000105656,7.62068510055542,31,163.0,0.022359396433470506
NFE2,TESC,TESC,ENSG00000088992,7.615360736846924,27,259.0,0.0355281207133059
KLF1,ANK1,ANK1,ENSG00000029534,7.615120887756348,25,234.0,0.03209876543209877
TAL1,MAP2K3,MAP2K3,ENSG00000034152,7.6150288581848145,30,200.0,0.027434842249657063
TAL1,BACH1,BACH1,ENSG00000156273,7.614442348480225,27,201.0,0.02757201646090535
KLF1,ALDH3B1,ALDH3B1,ENSG00000006534,7.613399505615234,27,235.0,0.03223593964334705
KLF1,PTPN2,PTPN2,ENSG00000175354,7.61188268661499,30,236.0,0.032373113854595334
TAL1,FBXO34,FBXO34,ENSG00000178974,7.602328777313232,26,202.0,0.027709190672153636
KLF1,SLC2A1-AS1,SLC2A1-AS1,ENSG00000227533,7.595296859741211,25,237.0,0.03251028806584362
NFE2,NFKBIZ,NFKBIZ,ENSG00000144802,7.592862129211426,25,260.0,0.03566529492455418
KLF1,GSTP1,GSTP1,ENSG00000084207,7.59250020980835,30,238.0,0.03264746227709191
NFE2,FUCA1,FUCA1,ENSG00000179163,7.59089469909668,25,261.0,0.03580246913580247
KLF1,RALGDS,RALGDS,ENSG00000160271,7.588875770568848,25,239.0,0.032784636488340194
KLF1,STXBP4,STXBP4,ENSG00000166263,7.588006973266602,25,240.0,0.03292181069958848
TAL1,HERC1,HERC1,ENSG00000103657,7.580920696258545,25,203.0,0.02784636488340192
NFE2,CEP164,CEP164,ENSG00000110274,7.5784196853637695,31,262.0,0.035939643347050756
NFE2,AC127526.1,AC127526.1,ENSG00000254757,7.576588153839111,28,263.0,0.03607681755829904
NFE2,RAB1B,RAB1B,ENSG00000174903,7.573208332061768,33,264.0,0.03621399176954732
NFE2,SPAG9,SPAG9,ENSG00000008294,7.572107791900635,27,265.0,0.03635116598079561
TAL1,VPS26A,VPS26A,ENSG00000122958,7.569459915161133,29,204.0,0.027983539094650206
GATA1,TP53INP2,TP53INP2,ENSG00000078804,7.568415641784668,25,164.0,0.022496570644718793
NFE2,RBM10,RBM10,ENSG00000182872,7.566575050354004,27,266.0,0.036488340192043896
GATA1,ZC3HC1,ZC3HC1,ENSG00000091732,7.5642242431640625,27,165.0,0.02263374485596708
GATA1,AC092490.1,AC092490.1,ENSG00000249790,7.564140319824219,25,166.0,0.022770919067215362
NFE2,INTS10,INTS10,ENSG00000104613,7.563770294189453,27,267.0,0.03662551440329218
KLF1,DNAJA3,DNAJA3,ENSG00000103423,7.56299352645874,27,241.0,0.03305898491083676
KLF1,RAE1,RAE1,ENSG00000101146,7.5617241859436035,29,242.0,0.033196159122085046
GATA1,GKAP1,GKAP1,ENSG00000165113,7.556665897369385,26,167.0,0.02290809327846365
NFE2,MED13,MED13,ENSG00000108510,7.556455135345459,27,268.0,0.03676268861454047
NFE2,GCH1,GCH1,ENSG00000131979,7.556441307067871,25,269.0,0.03689986282578875
NFE2,MTMR3,MTMR3,ENSG00000100330,7.555383205413818,28,270.0,0.037037037037037035
GATA1,MVP,MVP,ENSG00000013364,7.555210113525391,25,168.0,0.023045267489711935
TAL1,ABCC4,ABCC4,ENSG00000125257,7.5532331466674805,27,205.0,0.028120713305898493
NFE2,TAF13,TAF13,ENSG00000197780,7.55075740814209,25,271.0,0.03717421124828532
NFE2,MAT2B,MAT2B,ENSG00000038274,7.547638893127441,33,272.0,0.03731138545953361
TAL1,MKRN2,MKRN2,ENSG00000075975,7.544121742248535,25,206.0,0.028257887517146776
NFE2,CD46,CD46,ENSG00000117335,7.543362140655518,29,273.0,0.037448559670781895
KLF1,GATB,GATB,ENSG00000059691,7.542588710784912,27,243.0,0.03333333333333333
KLF1,MRPS2,MRPS2,ENSG00000122140,7.542016506195068,28,244.0,0.03347050754458162
GATA1,MTX1,MTX1,ENSG00000173171,7.541049480438232,25,169.0,0.02318244170096022
GATA1,FAM200B,FAM200B,ENSG00000237765,7.540928840637207,25,170.0,0.023319615912208505
GATA1,ANKRD61,ANKRD61,ENSG00000157999,7.540629863739014,30,171.0,0.02345679012345679
TAL1,TP53BP1,TP53BP1,ENSG00000067369,7.539750576019287,25,207.0,0.028395061728395062
NFE2,CDK8,CDK8,ENSG00000132964,7.537450313568115,25,274.0,0.03758573388203018
NFE2,IMPDH2,IMPDH2,ENSG00000178035,7.537389755249023,29,275.0,0.03772290809327846
TAL1,NUCB1,NUCB1,ENSG00000104805,7.537031173706055,30,208.0,0.02853223593964335
NFE2,BCL11A,BCL11A,ENSG00000119866,7.535792827606201,29,276.0,0.03786008230452675
TAL1,GPLD1,GPLD1,ENSG00000112293,7.532179355621338,29,209.0,0.028669410150891632
KLF1,TRIM52-AS1,TRIM52-AS1,ENSG00000248275,7.531678676605225,25,245.0,0.033607681755829906
GATA1,LINC01133,LINC01133,ENSG00000224259,7.529228687286377,27,172.0,0.023593964334705075
GATA1,SLC30A6,SLC30A6,ENSG00000152683,7.52775764465332,27,173.0,0.02373113854595336
KLF1,INTS1,INTS1,ENSG00000164880,7.527585029602051,26,246.0,0.03374485596707819
NFE2,DDB1,DDB1,ENSG00000167986,7.526671886444092,25,277.0,0.037997256515775034
KLF1,MTFR2,MTFR2,ENSG00000146410,7.526274681091309,28,247.0,0.03388203017832647
GATA1,CBWD2,CBWD2,ENSG00000136682,7.525500774383545,26,174.0,0.023868312757201648
GATA1,MTHFD1,MTHFD1,ENSG00000100714,7.524707794189453,26,175.0,0.02400548696844993
TAL1,RNPC3,RNPC3,ENSG00000185946,7.524372577667236,27,210.0,0.02880658436213992
GATA1,NCBP2,NCBP2,ENSG00000114503,7.523349761962891,29,176.0,0.024142661179698217
GATA1,BAG5,BAG5,ENSG00000166170,7.5215020179748535,25,177.0,0.0242798353909465
NFE2,CYB5R3,CYB5R3,ENSG00000100243,7.521047115325928,25,278.0,0.03813443072702332
NFE2,CHMP2A,CHMP2A,ENSG00000130724,7.5202741622924805,25,279.0,0.03827160493827161
NFE2,GYPA,GYPA,ENSG00000170180,7.5201616287231445,29,280.0,0.038408779149519894
GATA1,RWDD1,RWDD1,ENSG00000111832,7.515557289123535,26,178.0,0.024417009602194787
GATA1,GSTO1,GSTO1,ENSG00000148834,7.51493501663208,26,179.0,0.024554183813443074
KLF1,MAP3K20,MAP3K20,ENSG00000091436,7.512201309204102,28,248.0,0.03401920438957476
NFE2,TIMM9,TIMM9,ENSG00000100575,7.511395454406738,31,281.0,0.03854595336076817
NFE2,NSUN3,NSUN3,ENSG00000178694,7.509201526641846,27,282.0,0.03868312757201646
TAL1,SNX17,SNX17,ENSG00000115234,7.505702495574951,33,211.0,0.0289437585733882
NFE2,RANBP2,RANBP2,ENSG00000153201,7.504696369171143,27,283.0,0.038820301783264746
GATA1,TRAPPC8,TRAPPC8,ENSG00000153339,7.504475116729736,28,180.0,0.024691358024691357
KLF1,PEX19,PEX19,ENSG00000162735,7.504158020019531,26,249.0,0.034156378600823045
KLF1,TCF25,TCF25,ENSG00000141002,7.504144668579102,25,250.0,0.03429355281207133
KLF1,GPN1,GPN1,ENSG00000198522,7.503440856933594,26,251.0,0.03443072702331962
GATA1,PPA1,PPA1,ENSG00000180817,7.502984046936035,26,181.0,0.024828532235939643
NFE2,DKC1,DKC1,ENSG00000130826,7.50132417678833,26,284.0,0.03895747599451303
NFE2,KBTBD2,KBTBD2,ENSG00000170852,7.501321315765381,33,285.0,0.03909465020576132
TAL1,CNST,CNST,ENSG00000162852,7.50048303604126,27,212.0,0.029080932784636488
GATA1,E4F1,E4F1,ENSG00000167967,7.499403476715088,25,182.0,0.02496570644718793
TAL1,DUSP5,DUSP5,ENSG00000138166,7.499371528625488,25,213.0,0.029218106995884775
NFE2,ZBTB4,ZBTB4,ENSG00000174282,7.499088764190674,31,286.0,0.0392318244170096
GATA1,NTMT1,NTMT1,ENSG00000148335,7.4974164962768555,26,183.0,0.025102880658436213
TAL1,C6orf62,C6orf62,ENSG00000112308,7.497203350067139,28,214.0,0.029355281207133058
NFE2,LAPTM5,LAPTM5,ENSG00000162511,7.496548175811768,25,287.0,0.039368998628257885
NFE2,TTTY10,TTTY10,ENSG00000229236,7.4922003746032715,27,288.0,0.03950617283950617
GATA1,TUBB1,TUBB1,ENSG00000101162,7.491989612579346,30,184.0,0.0252400548696845
TAL1,ZNF24,ZNF24,ENSG00000172466,7.490155220031738,25,215.0,0.029492455418381344
NFE2,NUDT16,NUDT16,ENSG00000198585,7.490014553070068,26,289.0,0.03964334705075446
GATA1,LYSMD3,LYSMD3,ENSG00000176018,7.48762321472168,30,185.0,0.025377229080932786
KLF1,SLC12A7,SLC12A7,ENSG00000113504,7.487087726593018,28,252.0,0.0345679012345679
TAL1,MBNL1,MBNL1,ENSG00000152601,7.486258506774902,25,216.0,0.02962962962962963
TAL1,RYBP,RYBP,ENSG00000163602,7.482489109039307,26,217.0,0.029766803840877914
TAL1,UBIAD1,UBIAD1,ENSG00000120942,7.476282119750977,25,218.0,0.0299039780521262
KLF1,BANP,BANP,ENSG00000172530,7.4755682945251465,31,253.0,0.034705075445816184
TAL1,BAG2,BAG2,ENSG00000112208,7.47218656539917,30,219.0,0.030041152263374487
NFE2,PROS1,PROS1,ENSG00000184500,7.469143390655518,27,290.0,0.039780521262002745
NFE2,IL16,IL16,ENSG00000172349,7.468812942504883,26,291.0,0.03991769547325103
KLF1,WDR74,WDR74,ENSG00000133316,7.468273639678955,25,254.0,0.03484224965706447
NFE2,VPS53,VPS53,ENSG00000141252,7.465006351470947,26,292.0,0.04005486968449931
KLF1,TJAP1,TJAP1,ENSG00000137221,7.4645562171936035,25,255.0,0.03497942386831276
NFE2,TBC1D14,TBC1D14,ENSG00000132405,7.464014530181885,26,293.0,0.0401920438957476
KLF1,ACACA,ACACA,ENSG00000278540,7.462512493133545,27,256.0,0.035116598079561044
GATA1,SRGAP2,SRGAP2,ENSG00000266028,7.455938816070557,25,186.0,0.02551440329218107
NFE2,TANGO6,TANGO6,ENSG00000103047,7.455580234527588,27,294.0,0.040329218106995884
KLF1,THAP11,THAP11,ENSG00000168286,7.4551310539245605,27,257.0,0.03525377229080933
NFE2,AAR2,AAR2,ENSG00000131043,7.45377779006958,25,295.0,0.04046639231824417
GATA1,CISD2,CISD2,ENSG00000145354,7.4537353515625,25,187.0,0.025651577503429356
KLF1,BTBD7,BTBD7,ENSG00000011114,7.45315408706665,25,258.0,0.03539094650205761
NFE2,FBXW5,FBXW5,ENSG00000159069,7.452996253967285,26,296.0,0.04060356652949246
TAL1,HMBOX1,HMBOX1,ENSG00000147421,7.452506065368652,25,220.0,0.03017832647462277
TAL1,ARRDC3,ARRDC3,ENSG00000113369,7.452464580535889,25,221.0,0.030315500685871057
KLF1,CRNKL1,CRNKL1,ENSG00000101343,7.452095985412598,25,259.0,0.0355281207133059
TAL1,SIRT1,SIRT1,ENSG00000096717,7.4480156898498535,25,222.0,0.030452674897119343
KLF1,RIC8A,RIC8A,ENSG00000177963,7.447642803192139,25,260.0,0.03566529492455418
KLF1,ATG12,ATG12,ENSG00000145782,7.447630882263184,29,261.0,0.03580246913580247
KLF1,RNF19A,RNF19A,ENSG00000034677,7.4459452629089355,25,262.0,0.035939643347050756
NFE2,STK16,STK16,ENSG00000115661,7.445749282836914,25,297.0,0.040740740740740744
NFE2,C12orf49,C12orf49,ENSG00000111412,7.445725917816162,25,298.0,0.040877914951989024
NFE2,DIP2A,DIP2A,ENSG00000160305,7.445590496063232,27,299.0,0.04101508916323731
KLF1,RBM23,RBM23,ENSG00000100461,7.443780422210693,27,263.0,0.03607681755829904
TAL1,ABCE1,ABCE1,ENSG00000164163,7.441939353942871,29,223.0,0.030589849108367626
NFE2,AL606489.1,AL606489.1,ENSG00000226330,7.4416890144348145,26,300.0,0.0411522633744856
NFE2,ASPH,ASPH,ENSG00000198363,7.439325332641602,27,301.0,0.04128943758573388
GATA1,SECISBP2L,SECISBP2L,ENSG00000138593,7.438812255859375,26,188.0,0.025788751714677642
NFE2,NCBP2AS2,NCBP2AS2,ENSG00000270170,7.438746452331543,26,302.0,0.04142661179698217
GATA1,MOGS,MOGS,ENSG00000115275,7.43698263168335,38,189.0,0.025925925925925925
TAL1,EXOC2,EXOC2,ENSG00000112685,7.436289310455322,26,224.0,0.030727023319615913
GATA1,CYP51A1,CYP51A1,ENSG00000001630,7.435781955718994,25,190.0,0.02606310013717421
GATA1,ATP1B3,ATP1B3,ENSG00000069849,7.433998107910156,28,191.0,0.0262002743484225
KLF1,NUP35,NUP35,ENSG00000163002,7.433897495269775,31,264.0,0.03621399176954732
NFE2,SOD2,SOD2,ENSG00000112096,7.431380748748779,27,303.0,0.04156378600823045
KLF1,EML4,EML4,ENSG00000143924,7.4311370849609375,27,265.0,0.03635116598079561
TAL1,HNRNPH2,HNRNPH2,ENSG00000126945,7.428596019744873,30,225.0,0.030864197530864196
NFE2,NUTM2A-AS1,NUTM2A-AS1,ENSG00000223482,7.4280242919921875,28,304.0,0.041700960219478736
GATA1,PARP9,PARP9,ENSG00000138496,7.422638893127441,26,192.0,0.02633744855967078
KLF1,YPEL5,YPEL5,ENSG00000119801,7.422006130218506,28,266.0,0.036488340192043896
GATA1,ITSN1,ITSN1,ENSG00000205726,7.421157360076904,26,193.0,0.026474622770919068
NFE2,COMT,COMT,ENSG00000093010,7.420616626739502,28,305.0,0.04183813443072702
KLF1,AC109460.2,AC109460.2,ENSG00000260853,7.420442581176758,30,267.0,0.03662551440329218
KLF1,RAD51-AS1,RAD51-AS1,ENSG00000245849,7.419482231140137,25,268.0,0.03676268861454047
GATA1,HMBS,HMBS,ENSG00000256269,7.418157577514648,26,194.0,0.02661179698216735
NFE2,CCRL2,CCRL2,ENSG00000121797,7.417055130004883,26,306.0,0.04197530864197531
TAL1,AL049779.4,AL049779.4,ENSG00000286861,7.412693023681641,25,226.0,0.031001371742112482
GATA1,HERPUD2,HERPUD2,ENSG00000122557,7.411403179168701,29,195.0,0.026748971193415638
NFE2,C1orf109,C1orf109,ENSG00000116922,7.41129207611084,28,307.0,0.042112482853223596
TAL1,TPRG1L,TPRG1L,ENSG00000158109,7.410226821899414,25,227.0,0.03113854595336077
KLF1,USP20,USP20,ENSG00000136878,7.410120964050293,29,269.0,0.03689986282578875
NFE2,HMOX1,HMOX1,ENSG00000100292,7.409639358520508,27,308.0,0.04224965706447188
NFE2,SEC24D,SEC24D,ENSG00000150961,7.409425258636475,25,309.0,0.04238683127572016
TAL1,EPB41,EPB41,ENSG00000159023,7.408650875091553,32,228.0,0.031275720164609055
TAL1,KIAA0232,KIAA0232,ENSG00000170871,7.406933784484863,27,229.0,0.03141289437585734
TAL1,MR1,MR1,ENSG00000153029,7.405357360839844,29,230.0,0.03155006858710562
KLF1,TIMM8B,TIMM8B,ENSG00000150779,7.404621124267578,28,270.0,0.037037037037037035
KLF1,CYTH3,CYTH3,ENSG00000008256,7.403598785400391,28,271.0,0.03717421124828532
KLF1,AP4B1,AP4B1,ENSG00000134262,7.394941329956055,25,272.0,0.03731138545953361
TAL1,VMP1,VMP1,ENSG00000062716,7.394741058349609,29,231.0,0.03168724279835391
GATA1,TMEM41B,TMEM41B,ENSG00000166471,7.3921217918396,27,196.0,0.026886145404663924
GATA1,APEX2,APEX2,ENSG00000169188,7.388274669647217,25,197.0,0.027023319615912207
GATA1,CUTC,CUTC,ENSG00000119929,7.387945175170898,25,198.0,0.027160493827160494
NFE2,NAA60,NAA60,ENSG00000122390,7.386761665344238,25,310.0,0.04252400548696845
NFE2,PNPLA6,PNPLA6,ENSG00000032444,7.3864569664001465,25,311.0,0.042661179698216735
KLF1,VPS4A,VPS4A,ENSG00000132612,7.385638236999512,25,273.0,0.037448559670781895
TAL1,ERCC6,ERCC6,ENSG00000225830,7.384609222412109,30,232.0,0.031824417009602195
TAL1,MAP3K2,MAP3K2,ENSG00000169967,7.383462905883789,25,233.0,0.03196159122085048
KLF1,DOT1L,DOT1L,ENSG00000104885,7.381011009216309,30,274.0,0.03758573388203018
TAL1,MXI1,MXI1,ENSG00000119950,7.380256652832031,27,234.0,0.03209876543209877
GATA1,C20orf27,C20orf27,ENSG00000101220,7.3733344078063965,27,199.0,0.02729766803840878
KLF1,FAM126B,FAM126B,ENSG00000155744,7.372412204742432,28,275.0,0.03772290809327846
NFE2,NHLRC4,NHLRC4,ENSG00000257108,7.369651794433594,28,312.0,0.04279835390946502
NFE2,MT2A,MT2A,ENSG00000125148,7.368122577667236,28,313.0,0.04293552812071331
NFE2,DDX41,DDX41,ENSG00000183258,7.366574287414551,25,314.0,0.043072702331961595
KLF1,ZMYM2,ZMYM2,ENSG00000121741,7.365634918212891,29,276.0,0.03786008230452675
TAL1,TFPT,TFPT,ENSG00000105619,7.3646721839904785,27,235.0,0.03223593964334705
KLF1,HIST1H2AC,HIST1H2AC,ENSG00000180573,7.364275932312012,30,277.0,0.037997256515775034
NFE2,SYNGR2,SYNGR2,ENSG00000108639,7.363809585571289,26,315.0,0.043209876543209874
NFE2,SLC4A1,SLC4A1,ENSG00000004939,7.363543510437012,25,316.0,0.04334705075445816
TAL1,SAMD4B,SAMD4B,ENSG00000179134,7.362404823303223,27,236.0,0.032373113854595334
KLF1,GPANK1,GPANK1,ENSG00000204438,7.362133979797363,30,278.0,0.03813443072702332
NFE2,UBE2D3,UBE2D3,ENSG00000109332,7.359737396240234,26,317.0,0.04348422496570645
NFE2,HMGCL,HMGCL,ENSG00000117305,7.3576836585998535,26,318.0,0.043621399176954734
TAL1,FBXO25,FBXO25,ENSG00000147364,7.356663227081299,25,237.0,0.03251028806584362
KLF1,BMERB1,BMERB1,ENSG00000166780,7.35427188873291,28,279.0,0.03827160493827161
KLF1,ITPRIP,ITPRIP,ENSG00000148841,7.353747844696045,26,280.0,0.038408779149519894
NFE2,FAS,FAS,ENSG00000026103,7.353641033172607,25,319.0,0.04375857338820302
KLF1,HBD,HBD,ENSG00000223609,7.351595401763916,29,281.0,0.03854595336076817
TAL1,ZNF330,ZNF330,ENSG00000109445,7.347358226776123,26,238.0,0.03264746227709191
NFE2,EPSTI1,EPSTI1,ENSG00000133106,7.345225811004639,27,320.0,0.0438957475994513
KLF1,UBA1,UBA1,ENSG00000130985,7.344324111938477,27,282.0,0.03868312757201646
KLF1,PKN2-AS1,PKN2-AS1,ENSG00000237505,7.343244552612305,27,283.0,0.038820301783264746
NFE2,FAM160A2,FAM160A2,ENSG00000051009,7.342825889587402,29,321.0,0.044032921810699586
GATA1,PRKAR1A,PRKAR1A,ENSG00000108946,7.341954231262207,27,200.0,0.027434842249657063
GATA1,PCSK6,PCSK6,ENSG00000140479,7.341080665588379,28,201.0,0.02757201646090535
NFE2,TRIP12,TRIP12,ENSG00000153827,7.339207649230957,26,322.0,0.04417009602194787
TAL1,PRMT2,PRMT2,ENSG00000160310,7.338156700134277,27,239.0,0.032784636488340194
NFE2,SNX15,SNX15,ENSG00000110025,7.337703704833984,26,323.0,0.04430727023319616
KLF1,BIRC2,BIRC2,ENSG00000110330,7.337302207946777,28,284.0,0.03895747599451303
GATA1,PPP1R21,PPP1R21,ENSG00000162869,7.334129810333252,29,202.0,0.027709190672153636
GATA1,ARIH1,ARIH1,ENSG00000166233,7.331319808959961,26,203.0,0.02784636488340192
TAL1,FNTB,FNTB,ENSG00000257365,7.330645561218262,26,240.0,0.03292181069958848
GATA1,ETFRF1,ETFRF1,ENSG00000205707,7.329793930053711,25,204.0,0.027983539094650206
KLF1,SLC35E2B,SLC35E2B,ENSG00000189339,7.327836513519287,25,285.0,0.03909465020576132
NFE2,AC003102.1,AC003102.1,ENSG00000260793,7.327600002288818,25,324.0,0.044444444444444446
NFE2,PSMD4,PSMD4,ENSG00000159352,7.327237129211426,27,325.0,0.04458161865569273
TAL1,ASH1L,ASH1L,ENSG00000116539,7.325825214385986,28,241.0,0.03305898491083676
NFE2,Z83843.1,Z83843.1,ENSG00000271533,7.32371187210083,28,326.0,0.04471879286694101
TAL1,MAD2L2,MAD2L2,ENSG00000116670,7.323580741882324,27,242.0,0.033196159122085046
NFE2,CCR5AS,CCR5AS,ENSG00000223552,7.3211350440979,27,327.0,0.0448559670781893
NFE2,TSPO2,TSPO2,ENSG00000112212,7.320174694061279,28,328.0,0.044993141289437585
KLF1,ATE1,ATE1,ENSG00000107669,7.316893100738525,28,286.0,0.0392318244170096
NFE2,AC092802.1,AC092802.1,ENSG00000226026,7.316211223602295,27,329.0,0.04513031550068587
KLF1,PHF11,PHF11,ENSG00000136147,7.313600540161133,25,287.0,0.039368998628257885
TAL1,ABITRAM,ABITRAM,ENSG00000119328,7.312510967254639,26,243.0,0.03333333333333333
TAL1,FBXO33,FBXO33,ENSG00000165355,7.311922073364258,29,244.0,0.03347050754458162
NFE2,SNX8,SNX8,ENSG00000106266,7.309366226196289,26,330.0,0.04526748971193416
NFE2,LINC01004,LINC01004,ENSG00000228393,7.308496952056885,25,331.0,0.045404663923182445
KLF1,GLUL,GLUL,ENSG00000135821,7.308009624481201,28,288.0,0.03950617283950617
KLF1,SEC16A,SEC16A,ENSG00000148396,7.305466651916504,25,289.0,0.03964334705075446
GATA1,HEXA,HEXA,ENSG00000213614,7.304251194000244,25,205.0,0.028120713305898493
GATA1,EMC8,EMC8,ENSG00000131148,7.301999568939209,30,206.0,0.028257887517146776
TAL1,C12orf4,C12orf4,ENSG00000047621,7.301948070526123,27,245.0,0.033607681755829906
TAL1,FHDC1,FHDC1,ENSG00000137460,7.300439834594727,25,246.0,0.03374485596707819
NFE2,MAPK1,MAPK1,ENSG00000100030,7.299039840698242,26,332.0,0.045541838134430725
GATA1,EXOC7,EXOC7,ENSG00000182473,7.298648834228516,25,207.0,0.028395061728395062
NFE2,UTP3,UTP3,ENSG00000132467,7.297473907470703,27,333.0,0.04567901234567901
NFE2,OXNAD1,OXNAD1,ENSG00000154814,7.293646812438965,25,334.0,0.0458161865569273
NFE2,MBD5,MBD5,ENSG00000204406,7.29298734664917,28,335.0,0.045953360768175584
TAL1,SYF2,SYF2,ENSG00000117614,7.292850017547607,25,247.0,0.03388203017832647
KLF1,CLCN5,CLCN5,ENSG00000171365,7.291850566864014,26,290.0,0.039780521262002745
NFE2,POLR2F,POLR2F,ENSG00000100142,7.291496753692627,31,336.0,0.04609053497942387
TAL1,MFSD8,MFSD8,ENSG00000164073,7.286832809448242,28,248.0,0.03401920438957476
KLF1,AC026704.1,AC026704.1,ENSG00000251307,7.286784648895264,25,291.0,0.03991769547325103
KLF1,ANKRD18B,ANKRD18B,ENSG00000230453,7.283788681030273,33,292.0,0.04005486968449931
TAL1,PPIB,PPIB,ENSG00000166794,7.283545970916748,25,249.0,0.034156378600823045
GATA1,TTN-AS1,TTN-AS1,ENSG00000237298,7.283452033996582,27,208.0,0.02853223593964335
GATA1,NADK,NADK,ENSG00000008130,7.2829155921936035,25,209.0,0.028669410150891632
NFE2,GPX4,GPX4,ENSG00000167468,7.2823262214660645,25,337.0,0.04622770919067215
KLF1,ZSWIM8,ZSWIM8,ENSG00000214655,7.2816596031188965,28,293.0,0.0401920438957476
GATA1,RNF31,RNF31,ENSG00000092098,7.280905723571777,26,210.0,0.02880658436213992
KLF1,GNPTAB,GNPTAB,ENSG00000111670,7.279435634613037,27,294.0,0.040329218106995884
GATA1,PEX10,PEX10,ENSG00000157911,7.279235363006592,25,211.0,0.0289437585733882
GATA1,MED9,MED9,ENSG00000141026,7.2782697677612305,25,212.0,0.029080932784636488
NFE2,LINC00278,LINC00278,ENSG00000231535,7.277895927429199,25,338.0,0.04636488340192044
NFE2,GATA1,GATA1,ENSG00000102145,7.277855396270752,28,339.0,0.046502057613168724
GATA1,IFT57,IFT57,ENSG00000114446,7.277796268463135,25,213.0,0.029218106995884775
GATA1,SNTB2,SNTB2,ENSG00000168807,7.277739524841309,27,214.0,0.029355281207133058
TAL1,SLC13A4,SLC13A4,ENSG00000164707,7.275967121124268,29,250.0,0.03429355281207133
NFE2,BTG2,BTG2,ENSG00000159388,7.275777339935303,26,340.0,0.04663923182441701
KLF1,IP6K2,IP6K2,ENSG00000068745,7.275280952453613,26,295.0,0.04046639231824417
GATA1,BRAP,BRAP,ENSG00000089234,7.275134086608887,31,215.0,0.029492455418381344
KLF1,DHX16,DHX16,ENSG00000204560,7.274542808532715,27,296.0,0.04060356652949246
GATA1,TRAM1,TRAM1,ENSG00000067167,7.270698547363281,29,216.0,0.02962962962962963
KLF1,OAT,OAT,ENSG00000065154,7.270500659942627,33,297.0,0.040740740740740744
KLF1,CLIP1,CLIP1,ENSG00000130779,7.269808769226074,28,298.0,0.040877914951989024
GATA1,HDDC3,HDDC3,ENSG00000184508,7.2688889503479,25,217.0,0.029766803840877914
TAL1,SUCLG1,SUCLG1,ENSG00000163541,7.268238067626953,25,251.0,0.03443072702331962
KLF1,BPTF,BPTF,ENSG00000171634,7.266278266906738,26,299.0,0.04101508916323731
NFE2,MRPS35,MRPS35,ENSG00000061794,7.265285491943359,26,341.0,0.0467764060356653
NFE2,MYCBP2,MYCBP2,ENSG00000005810,7.2642693519592285,26,342.0,0.04691358024691358
NFE2,NACC2,NACC2,ENSG00000148411,7.261878967285156,25,343.0,0.04705075445816186
GATA1,ATRAID,ATRAID,ENSG00000138085,7.261448860168457,28,218.0,0.0299039780521262
NFE2,NFIX,NFIX,ENSG00000008441,7.2608466148376465,28,344.0,0.04718792866941015
NFE2,SELENOT,SELENOT,ENSG00000198843,7.260797023773193,25,345.0,0.047325102880658436
NFE2,R3HCC1,R3HCC1,ENSG00000104679,7.257874488830566,25,346.0,0.04746227709190672
TAL1,TESK2,TESK2,ENSG00000070759,7.256048202514648,25,252.0,0.0345679012345679
KLF1,MPP1,MPP1,ENSG00000130830,7.255574703216553,25,300.0,0.0411522633744856
KLF1,EPOR,EPOR,ENSG00000187266,7.252406120300293,25,301.0,0.04128943758573388
GATA1,ZNF350,ZNF350,ENSG00000256683,7.250429153442383,25,219.0,0.030041152263374487
KLF1,UBE2D2,UBE2D2,ENSG00000131508,7.248286247253418,44,302.0,0.04142661179698217
NFE2,UBE2K,UBE2K,ENSG00000078140,7.247889995574951,25,347.0,0.04759945130315501
KLF1,LDLR,LDLR,ENSG00000130164,7.247755527496338,25,303.0,0.04156378600823045
TAL1,ZNF805,ZNF805,ENSG00000204524,7.241726398468018,25,253.0,0.034705075445816184
KLF1,PELI2,PELI2,ENSG00000139946,7.241486072540283,27,304.0,0.041700960219478736
TAL1,KDM6B,KDM6B,ENSG00000132510,7.240499019622803,25,254.0,0.03484224965706447
NFE2,HIRA,HIRA,ENSG00000100084,7.238680362701416,28,348.0,0.047736625514403296
GATA1,PNKP,PNKP,ENSG00000039650,7.238361358642578,26,220.0,0.03017832647462277
TAL1,PDHX,PDHX,ENSG00000110435,7.236015796661377,26,255.0,0.03497942386831276
NFE2,GGA2,GGA2,ENSG00000103365,7.2351250648498535,35,349.0,0.047873799725651575
NFE2,CMAS,CMAS,ENSG00000111726,7.234846591949463,33,350.0,0.04801097393689986
NFE2,DZIP3,DZIP3,ENSG00000198919,7.2348313331604,25,351.0,0.04814814814814815
NFE2,ZNFX1,ZNFX1,ENSG00000124201,7.231834888458252,29,352.0,0.048285322359396435
TAL1,PSMG4,PSMG4,ENSG00000180822,7.229961395263672,27,256.0,0.035116598079561044
KLF1,GTF3C5,GTF3C5,ENSG00000148308,7.22941780090332,27,305.0,0.04183813443072702
TAL1,ATP6V0C,ATP6V0C,ENSG00000185883,7.228408336639404,25,257.0,0.03525377229080933
NFE2,ITPKC,ITPKC,ENSG00000086544,7.227801322937012,32,353.0,0.04842249657064472
NFE2,ABI1,ABI1,ENSG00000136754,7.227513790130615,25,354.0,0.048559670781893
TAL1,GABARAP,GABARAP,ENSG00000170296,7.227429389953613,25,258.0,0.03539094650205761
KLF1,DDX3X,DDX3X,ENSG00000215301,7.22617769241333,25,306.0,0.04197530864197531
KLF1,RRP36,RRP36,ENSG00000124541,7.2239766120910645,25,307.0,0.042112482853223596
NFE2,GBE1,GBE1,ENSG00000114480,7.223865509033203,27,355.0,0.04869684499314129
KLF1,RPS6KA1,RPS6KA1,ENSG00000117676,7.22098445892334,25,308.0,0.04224965706447188
NFE2,SLC22A23,SLC22A23,ENSG00000137266,7.218908309936523,26,356.0,0.048834019204389574
NFE2,ZNF524,ZNF524,ENSG00000171443,7.2179765701293945,27,357.0,0.04897119341563786
KLF1,MBD5,MBD5,ENSG00000204406,7.214913368225098,28,309.0,0.04238683127572016
NFE2,SUGT1,SUGT1,ENSG00000165416,7.214552402496338,28,358.0,0.04910836762688615
TAL1,NUP214,NUP214,ENSG00000126883,7.214536666870117,25,259.0,0.0355281207133059
NFE2,OSBPL2,OSBPL2,ENSG00000130703,7.213752746582031,26,359.0,0.049245541838134434
TAL1,TBK1,TBK1,ENSG00000183735,7.212868690490723,28,260.0,0.03566529492455418
KLF1,MAST3,MAST3,ENSG00000099308,7.210633754730225,27,310.0,0.04252400548696845
TAL1,GMPR,GMPR,ENSG00000137198,7.209569454193115,28,261.0,0.03580246913580247
NFE2,THRAP3,THRAP3,ENSG00000054118,7.20628023147583,27,360.0,0.04938271604938271
KLF1,MCM3AP-AS1,MCM3AP-AS1,ENSG00000215424,7.205611705780029,25,311.0,0.042661179698216735
GATA1,BLOC1S1,BLOC1S1,ENSG00000135441,7.204253673553467,25,221.0,0.030315500685871057
TAL1,PAPOLA,PAPOLA,ENSG00000090060,7.204239368438721,27,262.0,0.035939643347050756
GATA1,TOR1B,TOR1B,ENSG00000136816,7.203019142150879,25,222.0,0.030452674897119343
KLF1,SPNS1,SPNS1,ENSG00000169682,7.201295852661133,25,312.0,0.04279835390946502
TAL1,C19orf25,C19orf25,ENSG00000119559,7.20115327835083,25,263.0,0.03607681755829904
NFE2,CDYL,CDYL,ENSG00000153046,7.200782299041748,30,361.0,0.049519890260631
TAL1,SKP1,SKP1,ENSG00000113558,7.200012683868408,27,264.0,0.03621399176954732
TAL1,PAPOLG,PAPOLG,ENSG00000115421,7.199479103088379,26,265.0,0.03635116598079561
NFE2,PRKCI,PRKCI,ENSG00000163558,7.198094367980957,25,362.0,0.049657064471879286
KLF1,OSBPL3,OSBPL3,ENSG00000070882,7.197869300842285,25,313.0,0.04293552812071331
NFE2,SOCS4,SOCS4,ENSG00000180008,7.196022987365723,29,363.0,0.04979423868312757
NFE2,CRB1,CRB1,ENSG00000134376,7.1958794593811035,25,364.0,0.04993141289437586
KLF1,YLPM1,YLPM1,ENSG00000119596,7.192508697509766,25,314.0,0.043072702331961595
KLF1,UBXN2A,UBXN2A,ENSG00000173960,7.19209623336792,25,315.0,0.043209876543209874
KLF1,EGLN2,EGLN2,ENSG00000269858,7.191417217254639,25,316.0,0.04334705075445816
GATA1,RANBP10,RANBP10,ENSG00000141084,7.190257549285889,31,223.0,0.030589849108367626
KLF1,AHSA1,AHSA1,ENSG00000100591,7.187433242797852,32,317.0,0.04348422496570645
GATA1,TTLL11,TTLL11,ENSG00000175764,7.185331344604492,29,224.0,0.030727023319615913
TAL1,IFI27L2,IFI27L2,ENSG00000119632,7.181239128112793,26,266.0,0.036488340192043896
KLF1,AKT1S1,AKT1S1,ENSG00000204673,7.178364276885986,26,318.0,0.043621399176954734
GATA1,SEC14L1,SEC14L1,ENSG00000129657,7.178206443786621,27,225.0,0.030864197530864196
KLF1,FZD5,FZD5,ENSG00000163251,7.174411296844482,25,319.0,0.04375857338820302
TAL1,SPATA5L1,SPATA5L1,ENSG00000171763,7.1742634773254395,25,267.0,0.03662551440329218
TAL1,KSR1,KSR1,ENSG00000141068,7.173757076263428,25,268.0,0.03676268861454047
GATA1,MRPS15,MRPS15,ENSG00000116898,7.172177314758301,25,226.0,0.031001371742112482
KLF1,TMEM50B,TMEM50B,ENSG00000142188,7.170005798339844,34,320.0,0.0438957475994513
GATA1,JMJD1C,JMJD1C,ENSG00000171988,7.168126583099365,25,227.0,0.03113854595336077
GATA1,SMIM4,SMIM4,ENSG00000168273,7.167985916137695,25,228.0,0.031275720164609055
TAL1,NPIPB4,NPIPB4,ENSG00000185864,7.166740894317627,26,269.0,0.03689986282578875
GATA1,CHCHD5,CHCHD5,ENSG00000125611,7.166082382202148,26,229.0,0.03141289437585734
KLF1,CANT1,CANT1,ENSG00000171302,7.165729522705078,28,321.0,0.044032921810699586
KLF1,ERG28,ERG28,ENSG00000133935,7.16558837890625,27,322.0,0.04417009602194787
GATA1,R3HCC1,R3HCC1,ENSG00000104679,7.163907051086426,25,230.0,0.03155006858710562
TAL1,MT2A,MT2A,ENSG00000125148,7.162582874298096,28,270.0,0.037037037037037035
TAL1,TUFT1,TUFT1,ENSG00000143367,7.158811569213867,27,271.0,0.03717421124828532
TAL1,CDK5RAP1,CDK5RAP1,ENSG00000101391,7.157748699188232,27,272.0,0.03731138545953361
TAL1,NDUFV3,NDUFV3,ENSG00000160194,7.157657623291016,26,273.0,0.037448559670781895
KLF1,DDX5,DDX5,ENSG00000108654,7.1576032638549805,28,323.0,0.04430727023319616
GATA1,LEPROTL1,LEPROTL1,ENSG00000104660,7.156877040863037,27,231.0,0.03168724279835391
TAL1,THUMPD3-AS1,THUMPD3-AS1,ENSG00000206573,7.1561970710754395,29,274.0,0.03758573388203018
KLF1,SGMS1,SGMS1,ENSG00000198964,7.154173851013184,28,324.0,0.044444444444444446
TAL1,MOB1B,MOB1B,ENSG00000173542,7.14968729019165,26,275.0,0.03772290809327846
KLF1,RAB2B,RAB2B,ENSG00000129472,7.146121025085449,25,325.0,0.04458161865569273
GATA1,TMEM86B,TMEM86B,ENSG00000180089,7.1444091796875,27,232.0,0.031824417009602195
KLF1,FOS,FOS,ENSG00000170345,7.143289089202881,26,326.0,0.04471879286694101
GATA1,TAGLN2,TAGLN2,ENSG00000158710,7.142678260803223,26,233.0,0.03196159122085048
TAL1,ERGIC3,ERGIC3,ENSG00000125991,7.142520427703857,27,276.0,0.03786008230452675
KLF1,AC083862.3,AC083862.3,ENSG00000287733,7.1346354484558105,29,327.0,0.0448559670781893
KLF1,TPT1-AS1,TPT1-AS1,ENSG00000170919,7.134208679199219,27,328.0,0.044993141289437585
TAL1,ZNF708,ZNF708,ENSG00000182141,7.134115219116211,29,277.0,0.037997256515775034
GATA1,PLEKHM3,PLEKHM3,ENSG00000178385,7.13338041305542,28,234.0,0.03209876543209877
KLF1,RNF213,RNF213,ENSG00000173821,7.133218288421631,25,329.0,0.04513031550068587
KLF1,STXBP1,STXBP1,ENSG00000136854,7.126736640930176,25,330.0,0.04526748971193416
GATA1,FOXO1,FOXO1,ENSG00000150907,7.125827789306641,25,235.0,0.03223593964334705
KLF1,PITPNA-AS1,PITPNA-AS1,ENSG00000236618,7.125462532043457,26,331.0,0.045404663923182445
TAL1,RNF14,RNF14,ENSG00000013561,7.124704837799072,25,278.0,0.03813443072702332
KLF1,CAMSAP1,CAMSAP1,ENSG00000130559,7.124558448791504,25,332.0,0.045541838134430725
TAL1,AC069547.2,AC069547.2,ENSG00000286401,7.12235689163208,27,279.0,0.03827160493827161
KLF1,ZNF160,ZNF160,ENSG00000170949,7.121346950531006,26,333.0,0.04567901234567901
TAL1,INO80C,INO80C,ENSG00000153391,7.120415687561035,25,280.0,0.038408779149519894
KLF1,GGA3,GGA3,ENSG00000125447,7.1202850341796875,26,334.0,0.0458161865569273
TAL1,GADD45GIP1,GADD45GIP1,ENSG00000179271,7.120104789733887,25,281.0,0.03854595336076817
KLF1,YIPF5,YIPF5,ENSG00000145817,7.1139726638793945,37,335.0,0.045953360768175584
TAL1,CLIP4,CLIP4,ENSG00000115295,7.112817287445068,26,282.0,0.03868312757201646
GATA1,EIF4EBP2,EIF4EBP2,ENSG00000148730,7.111727714538574,25,236.0,0.032373113854595334
GATA1,RPS15,RPS15,ENSG00000115268,7.1106791496276855,27,237.0,0.03251028806584362
GATA1,RAD54L,RAD54L,ENSG00000085999,7.110266208648682,27,238.0,0.03264746227709191
KLF1,MTRF1L,MTRF1L,ENSG00000112031,7.109730243682861,25,336.0,0.04609053497942387
GATA1,AC025211.1,AC025211.1,ENSG00000264458,7.104452610015869,25,239.0,0.032784636488340194
KLF1,PRKY,PRKY,ENSG00000099725,7.103717803955078,27,337.0,0.04622770919067215
KLF1,ARID3A,ARID3A,ENSG00000116017,7.101647853851318,25,338.0,0.04636488340192044
GATA1,FBXL15,FBXL15,ENSG00000107872,7.100404739379883,27,240.0,0.03292181069958848
KLF1,IFT20,IFT20,ENSG00000109083,7.097222328186035,25,339.0,0.046502057613168724
GATA1,CHMP4A,CHMP4A,ENSG00000254505,7.096709251403809,25,241.0,0.03305898491083676
KLF1,MYO18A,MYO18A,ENSG00000196535,7.095595836639404,28,340.0,0.04663923182441701
KLF1,JTB,JTB,ENSG00000143543,7.093654632568359,27,341.0,0.0467764060356653
KLF1,EIF1AD,EIF1AD,ENSG00000175376,7.09222412109375,26,342.0,0.04691358024691358
KLF1,PDK4,PDK4,ENSG00000004799,7.0921549797058105,25,343.0,0.04705075445816186
KLF1,HACL1,HACL1,ENSG00000131373,7.090697288513184,26,344.0,0.04718792866941015
GATA1,RGS16,RGS16,ENSG00000143333,7.090443134307861,27,242.0,0.033196159122085046
KLF1,SLC22A5,SLC22A5,ENSG00000197375,7.088369369506836,26,345.0,0.047325102880658436
KLF1,OSGEP,OSGEP,ENSG00000092094,7.088172912597656,26,346.0,0.04746227709190672
TAL1,ARFRP1,ARFRP1,ENSG00000101246,7.084306716918945,25,283.0,0.038820301783264746
GATA1,ANKRD49,ANKRD49,ENSG00000168876,7.08382511138916,25,243.0,0.03333333333333333
KLF1,TMED2,TMED2,ENSG00000086598,7.080544948577881,25,347.0,0.04759945130315501
TAL1,FNTA,FNTA,ENSG00000168522,7.078221321105957,27,284.0,0.03895747599451303
GATA1,JUN,JUN,ENSG00000177606,7.077554225921631,27,244.0,0.03347050754458162
GATA1,FAM3A,FAM3A,ENSG00000071889,7.076054096221924,25,245.0,0.033607681755829906
KLF1,SF3A2,SF3A2,ENSG00000104897,7.0723395347595215,25,348.0,0.047736625514403296
GATA1,CCNG2,CCNG2,ENSG00000138764,7.070797920227051,26,246.0,0.03374485596707819
GATA1,SPG7,SPG7,ENSG00000197912,7.070649147033691,25,247.0,0.03388203017832647
GATA1,RNF40,RNF40,ENSG00000103549,7.065158843994141,28,248.0,0.03401920438957476
GATA1,ZNF264,ZNF264,ENSG00000083844,7.064026832580566,25,249.0,0.034156378600823045
GATA1,DNAJC5,DNAJC5,ENSG00000101152,7.061879634857178,25,250.0,0.03429355281207133
GATA1,ACADS,ACADS,ENSG00000122971,7.058803081512451,25,251.0,0.03443072702331962
TAL1,TECPR2,TECPR2,ENSG00000196663,7.05809211730957,27,285.0,0.03909465020576132
KLF1,AASDH,AASDH,ENSG00000157426,7.055599689483643,27,349.0,0.047873799725651575
TAL1,CDKN1A,CDKN1A,ENSG00000124762,7.053290843963623,25,286.0,0.0392318244170096
TAL1,FAM193B,FAM193B,ENSG00000146067,7.048513412475586,27,287.0,0.039368998628257885
KLF1,ZNF621,ZNF621,ENSG00000172888,7.044477939605713,29,350.0,0.04801097393689986
KLF1,CHMP1B,CHMP1B,ENSG00000255112,7.039958477020264,26,351.0,0.04814814814814815
GATA1,ZDHHC3,ZDHHC3,ENSG00000163812,7.039723873138428,25,252.0,0.0345679012345679
GATA1,BTG1,BTG1,ENSG00000133639,7.0396857261657715,25,253.0,0.034705075445816184
KLF1,PAIP2B,PAIP2B,ENSG00000124374,7.039216041564941,28,352.0,0.048285322359396435
TAL1,VPS37B,VPS37B,ENSG00000139722,7.038200855255127,25,288.0,0.03950617283950617
GATA1,SEC11C,SEC11C,ENSG00000166562,7.03809118270874,31,254.0,0.03484224965706447
KLF1,WDR18,WDR18,ENSG00000065268,7.037253379821777,28,353.0,0.04842249657064472
TAL1,LIG3,LIG3,ENSG00000005156,7.033535957336426,30,289.0,0.03964334705075446
KLF1,AP000692.2,AP000692.2,ENSG00000273199,7.032454013824463,34,354.0,0.048559670781893
KLF1,NIPAL3,NIPAL3,ENSG00000001461,7.032008647918701,27,355.0,0.04869684499314129
KLF1,RPL36AL,RPL36AL,ENSG00000165502,7.029911041259766,26,356.0,0.048834019204389574
KLF1,HIST3H2A,HIST3H2A,ENSG00000181218,7.028586387634277,25,357.0,0.04897119341563786
GATA1,APOC1,APOC1,ENSG00000130208,7.028555870056152,27,255.0,0.03497942386831276
GATA1,YIPF5,YIPF5,ENSG00000145817,7.0285162925720215,37,256.0,0.035116598079561044
GATA1,DNAJB2,DNAJB2,ENSG00000135924,7.026249408721924,27,257.0,0.03525377229080933
GATA1,UBE2L6,UBE2L6,ENSG00000156587,7.024610996246338,26,258.0,0.03539094650205761
TAL1,XPNPEP1,XPNPEP1,ENSG00000108039,7.024278163909912,25,290.0,0.039780521262002745
TAL1,ANAPC1,ANAPC1,ENSG00000153107,7.023833274841309,29,291.0,0.03991769547325103
TAL1,SUDS3,SUDS3,ENSG00000111707,7.022581100463867,31,292.0,0.04005486968449931
GATA1,CEBPB,CEBPB,ENSG00000172216,7.022245407104492,27,259.0,0.0355281207133059
KLF1,GPR137,GPR137,ENSG00000173264,7.020831108093262,27,358.0,0.04910836762688615
TAL1,SLC25A37,SLC25A37,ENSG00000147454,7.019753932952881,31,293.0,0.0401920438957476
GATA1,MYH11,MYH11,ENSG00000133392,7.019259452819824,27,260.0,0.03566529492455418
TAL1,EIF3I,EIF3I,ENSG00000084623,7.018784999847412,29,294.0,0.040329218106995884
GATA1,NDUFA13,NDUFA13,ENSG00000186010,7.016178607940674,26,261.0,0.03580246913580247
TAL1,LIN52,LIN52,ENSG00000205659,7.014585971832275,27,295.0,0.04046639231824417
TAL1,YTHDC1,YTHDC1,ENSG00000083896,7.011726379394531,25,296.0,0.04060356652949246
GATA1,UBC,UBC,ENSG00000150991,7.00706672668457,27,262.0,0.035939643347050756
TAL1,SENP2,SENP2,ENSG00000163904,7.007021903991699,25,297.0,0.040740740740740744
TAL1,LYPLAL1,LYPLAL1,ENSG00000143353,7.00607967376709,31,298.0,0.040877914951989024
KLF1,AL035658.1,AL035658.1,ENSG00000232754,7.00322151184082,25,359.0,0.049245541838134434
KLF1,ASH1L,ASH1L,ENSG00000116539,7.001582145690918,28,360.0,0.04938271604938271
TAL1,SLC25A53,SLC25A53,ENSG00000269743,7.001011371612549,26,299.0,0.04101508916323731
KLF1,SF3B1,SF3B1,ENSG00000115524,7.000903606414795,29,361.0,0.049519890260631
TAL1,AL354733.3,AL354733.3,ENSG00000235298,6.998869895935059,29,300.0,0.0411522633744856
KLF1,LINC00513,LINC00513,ENSG00000233559,6.99843168258667,26,362.0,0.049657064471879286
GATA1,IMPA1,IMPA1,ENSG00000133731,6.998383522033691,29,263.0,0.03607681755829904
KLF1,ANKZF1,ANKZF1,ENSG00000163516,6.996670246124268,25,363.0,0.04979423868312757
GATA1,BET1L,BET1L,ENSG00000177951,6.995790958404541,26,264.0,0.03621399176954732
GATA1,MAP1LC3A,MAP1LC3A,ENSG00000101460,6.995689868927002,28,265.0,0.03635116598079561
TAL1,ZNF451,ZNF451,ENSG00000112200,6.995267391204834,27,301.0,0.04128943758573388
GATA1,NAA16,NAA16,ENSG00000172766,6.992584228515625,26,266.0,0.036488340192043896
KLF1,MKNK1,MKNK1,ENSG00000079277,6.991221904754639,25,364.0,0.04993141289437586
TAL1,MACO1,MACO1,ENSG00000204178,6.989680767059326,28,302.0,0.04142661179698217
TAL1,PSMD3,PSMD3,ENSG00000108344,6.9858198165893555,26,303.0,0.04156378600823045
GATA1,RBM48,RBM48,ENSG00000127993,6.984912872314453,30,267.0,0.03662551440329218
GATA1,GOLGA1,GOLGA1,ENSG00000136935,6.983107089996338,33,268.0,0.03676268861454047
TAL1,MFSD11,MFSD11,ENSG00000092931,6.981096267700195,27,304.0,0.041700960219478736
TAL1,NAPG,NAPG,ENSG00000134265,6.980688095092773,25,305.0,0.04183813443072702
GATA1,TIMM10B,TIMM10B,ENSG00000132286,6.9782490730285645,31,269.0,0.03689986282578875
GATA1,NECAP1,NECAP1,ENSG00000089818,6.9782490730285645,25,270.0,0.037037037037037035
GATA1,CCDC150,CCDC150,ENSG00000144395,6.974625587463379,27,271.0,0.03717421124828532
GATA1,ACIN1,ACIN1,ENSG00000100813,6.972591400146484,26,272.0,0.03731138545953361
GATA1,SEMA7A,SEMA7A,ENSG00000138623,6.968398571014404,25,273.0,0.037448559670781895
TAL1,TEX2,TEX2,ENSG00000136478,6.962795734405518,25,306.0,0.04197530864197531
GATA1,ZER1,ZER1,ENSG00000160445,6.961696624755859,26,274.0,0.03758573388203018
TAL1,NCOA1,NCOA1,ENSG00000084676,6.95938777923584,25,307.0,0.042112482853223596
TAL1,ASNSD1,ASNSD1,ENSG00000138381,6.947373390197754,25,308.0,0.04224965706447188
TAL1,KLHL21,KLHL21,ENSG00000162413,6.945180416107178,27,309.0,0.04238683127572016
GATA1,KLHL2,KLHL2,ENSG00000109466,6.945004940032959,26,275.0,0.03772290809327846
GATA1,CREBRF,CREBRF,ENSG00000164463,6.944103240966797,25,276.0,0.03786008230452675
TAL1,RTL8A,RTL8A,ENSG00000203950,6.942376613616943,25,310.0,0.04252400548696845
GATA1,TMEM167B,TMEM167B,ENSG00000215717,6.933293342590332,32,277.0,0.037997256515775034
TAL1,KDM7A-DT,KDM7A-DT,ENSG00000260231,6.9275593757629395,28,311.0,0.042661179698216735
GATA1,RPS9,RPS9,ENSG00000170889,6.926654815673828,27,278.0,0.03813443072702332
GATA1,CEP250,CEP250,ENSG00000126001,6.925449371337891,27,279.0,0.03827160493827161
GATA1,NDUFB8,NDUFB8,ENSG00000166136,6.921171188354492,25,280.0,0.038408779149519894
TAL1,RANBP10,RANBP10,ENSG00000141084,6.912480354309082,31,312.0,0.04279835390946502
GATA1,UBE2A,UBE2A,ENSG00000077721,6.912024021148682,25,281.0,0.03854595336076817
GATA1,PRPF18,PRPF18,ENSG00000165630,6.9094672203063965,25,282.0,0.03868312757201646
GATA1,CDC42SE1,CDC42SE1,ENSG00000197622,6.908727169036865,25,283.0,0.038820301783264746
TAL1,NUMBL,NUMBL,ENSG00000105245,6.90477991104126,25,313.0,0.04293552812071331
GATA1,TMEM179B,TMEM179B,ENSG00000185475,6.895397186279297,26,284.0,0.03895747599451303
TAL1,KDM3A,KDM3A,ENSG00000115548,6.893261909484863,25,314.0,0.043072702331961595
GATA1,RAB30-DT,RAB30-DT,ENSG00000246067,6.890782833099365,31,285.0,0.03909465020576132
TAL1,SMIM29,SMIM29,ENSG00000186577,6.890445232391357,29,315.0,0.043209876543209874
GATA1,HMGA2,HMGA2,ENSG00000149948,6.889754295349121,25,286.0,0.0392318244170096
GATA1,CCDC59,CCDC59,ENSG00000133773,6.887846946716309,27,287.0,0.039368998628257885
GATA1,MRPL13,MRPL13,ENSG00000172172,6.887309551239014,28,288.0,0.03950617283950617
TAL1,FAM214B,FAM214B,ENSG00000005238,6.885024547576904,35,316.0,0.04334705075445816
GATA1,TMEM50A,TMEM50A,ENSG00000183726,6.882452964782715,25,289.0,0.03964334705075446
GATA1,RUVBL2,RUVBL2,ENSG00000183207,6.881213665008545,31,290.0,0.039780521262002745
GATA1,NDUFB5,NDUFB5,ENSG00000136521,6.881075382232666,26,291.0,0.03991769547325103
TAL1,AC021660.4,AC021660.4,ENSG00000286602,6.880922794342041,25,317.0,0.04348422496570645
GATA1,KDM7A,KDM7A,ENSG00000006459,6.879127502441406,26,292.0,0.04005486968449931
TAL1,ODR4,ODR4,ENSG00000157181,6.877456188201904,25,318.0,0.043621399176954734
GATA1,RBMX2,RBMX2,ENSG00000134597,6.867706775665283,27,293.0,0.0401920438957476
GATA1,TRNAU1AP,TRNAU1AP,ENSG00000180098,6.865565299987793,25,294.0,0.040329218106995884
TAL1,PDPK1,PDPK1,ENSG00000140992,6.86318826675415,25,319.0,0.04375857338820302
TAL1,SLC22A23,SLC22A23,ENSG00000137266,6.8585076332092285,26,320.0,0.0438957475994513
GATA1,POLR2K,POLR2K,ENSG00000147669,6.857088565826416,27,295.0,0.04046639231824417
GATA1,ZFAS1,ZFAS1,ENSG00000177410,6.8564043045043945,25,296.0,0.04060356652949246
TAL1,PSMD10,PSMD10,ENSG00000101843,6.855050563812256,27,321.0,0.044032921810699586
GATA1,MCRS1,MCRS1,ENSG00000187778,6.854255676269531,26,297.0,0.040740740740740744
GATA1,SLC38A9,SLC38A9,ENSG00000177058,6.853360652923584,25,298.0,0.040877914951989024
GATA1,PURA,PURA,ENSG00000185129,6.852661609649658,25,299.0,0.04101508916323731
GATA1,CDV3,CDV3,ENSG00000091527,6.850152969360352,34,300.0,0.0411522633744856
GATA1,TMEM158,TMEM158,ENSG00000249992,6.848278045654297,33,301.0,0.04128943758573388
GATA1,MBTD1,MBTD1,ENSG00000011258,6.846792221069336,25,302.0,0.04142661179698217
GATA1,COX5B,COX5B,ENSG00000135940,6.84600830078125,25,303.0,0.04156378600823045
TAL1,PAIP2,PAIP2,ENSG00000120727,6.839865207672119,27,322.0,0.04417009602194787
TAL1,AC010642.2,AC010642.2,ENSG00000283103,6.839157581329346,25,323.0,0.04430727023319616
TAL1,DNAJB4,DNAJB4,ENSG00000162616,6.836610317230225,28,324.0,0.044444444444444446
TAL1,COPS2,COPS2,ENSG00000166200,6.8361496925354,26,325.0,0.04458161865569273
TAL1,ZNF800,ZNF800,ENSG00000048405,6.835832118988037,28,326.0,0.04471879286694101
TAL1,MRPL46,MRPL46,ENSG00000259494,6.831061363220215,27,327.0,0.0448559670781893
TAL1,MFSD12,MFSD12,ENSG00000161091,6.823868274688721,29,328.0,0.044993141289437585
TAL1,PRR5,PRR5,ENSG00000186654,6.823769569396973,26,329.0,0.04513031550068587
TAL1,CBLB,CBLB,ENSG00000114423,6.822182655334473,30,330.0,0.04526748971193416
TAL1,YRDC,YRDC,ENSG00000196449,6.819766998291016,26,331.0,0.045404663923182445
TAL1,UBQLN1,UBQLN1,ENSG00000135018,6.817584037780762,25,332.0,0.045541838134430725
TAL1,ZNF581,ZNF581,ENSG00000171425,6.814540386199951,25,333.0,0.04567901234567901
GATA1,APOO,APOO,ENSG00000184831,6.812434673309326,28,304.0,0.041700960219478736
TAL1,ZNF507,ZNF507,ENSG00000168813,6.810715675354004,26,334.0,0.0458161865569273
TAL1,TRIM25,TRIM25,ENSG00000121060,6.8103742599487305,25,335.0,0.045953360768175584
GATA1,BABAM2,BABAM2,ENSG00000158019,6.804903984069824,27,305.0,0.04183813443072702
GATA1,LTO1,LTO1,ENSG00000149716,6.803264617919922,26,306.0,0.04197530864197531
GATA1,CLCN7,CLCN7,ENSG00000103249,6.796468734741211,25,307.0,0.042112482853223596
TAL1,STAM2,STAM2,ENSG00000115145,6.795226097106934,27,336.0,0.04609053497942387
TAL1,SPRED2,SPRED2,ENSG00000198369,6.792143821716309,27,337.0,0.04622770919067215
GATA1,PRKCA,PRKCA,ENSG00000154229,6.7891740798950195,26,308.0,0.04224965706447188
GATA1,ADRM1,ADRM1,ENSG00000130706,6.788947582244873,26,309.0,0.04238683127572016
GATA1,MARK2,MARK2,ENSG00000072518,6.788053035736084,25,310.0,0.04252400548696845
TAL1,LSG1,LSG1,ENSG00000041802,6.786608695983887,25,338.0,0.04636488340192044
TAL1,PCF11,PCF11,ENSG00000165494,6.785581588745117,25,339.0,0.046502057613168724
GATA1,PPP1R35,PPP1R35,ENSG00000160813,6.781824588775635,26,311.0,0.042661179698216735
GATA1,JRK,JRK,ENSG00000234616,6.777102947235107,25,312.0,0.04279835390946502
TAL1,NFU1,NFU1,ENSG00000169599,6.7770490646362305,28,340.0,0.04663923182441701
GATA1,RANBP3,RANBP3,ENSG00000031823,6.776270866394043,28,313.0,0.04293552812071331
GATA1,SEC22C,SEC22C,ENSG00000093183,6.776156425476074,25,314.0,0.043072702331961595
TAL1,FXR1,FXR1,ENSG00000114416,6.775934219360352,25,341.0,0.0467764060356653
TAL1,AC005480.1,AC005480.1,ENSG00000258891,6.77568244934082,25,342.0,0.04691358024691358
GATA1,PRDX3,PRDX3,ENSG00000165672,6.775393486022949,30,315.0,0.043209876543209874
TAL1,FXN,FXN,ENSG00000165060,6.7743659019470215,25,343.0,0.04705075445816186
TAL1,BCAS3,BCAS3,ENSG00000141376,6.771942615509033,29,344.0,0.04718792866941015
TAL1,ZFPL1,ZFPL1,ENSG00000162300,6.771892070770264,27,345.0,0.047325102880658436
GATA1,EXOSC3,EXOSC3,ENSG00000107371,6.7710771560668945,27,316.0,0.04334705075445816
GATA1,SAMM50,SAMM50,ENSG00000100347,6.770716190338135,26,317.0,0.04348422496570645
TAL1,SRA1,SRA1,ENSG00000213523,6.769744396209717,32,346.0,0.04746227709190672
GATA1,TOB2,TOB2,ENSG00000183864,6.768597602844238,32,318.0,0.043621399176954734
GATA1,RBM42,RBM42,ENSG00000126254,6.75985860824585,25,319.0,0.04375857338820302
TAL1,UBFD1,UBFD1,ENSG00000103353,6.759684085845947,27,347.0,0.04759945130315501
TAL1,ATP6V1H,ATP6V1H,ENSG00000047249,6.7588043212890625,26,348.0,0.047736625514403296
GATA1,C5orf22,C5orf22,ENSG00000082213,6.757437229156494,25,320.0,0.0438957475994513
TAL1,ZFAND4,ZFAND4,ENSG00000172671,6.754856586456299,32,349.0,0.047873799725651575
GATA1,ZBTB48,ZBTB48,ENSG00000204859,6.753746032714844,27,321.0,0.044032921810699586
GATA1,PTRHD1,PTRHD1,ENSG00000184924,6.750185489654541,25,322.0,0.04417009602194787
TAL1,C1orf198,C1orf198,ENSG00000119280,6.748895168304443,33,350.0,0.04801097393689986
GATA1,ALKBH1,ALKBH1,ENSG00000100601,6.74885368347168,25,323.0,0.04430727023319616
TAL1,KDM4B,KDM4B,ENSG00000127663,6.7462687492370605,25,351.0,0.04814814814814815
TAL1,FAM160A2,FAM160A2,ENSG00000051009,6.745514869689941,29,352.0,0.048285322359396435
GATA1,PYM1,PYM1,ENSG00000170473,6.745162487030029,31,324.0,0.044444444444444446
GATA1,AC006001.2,AC006001.2,ENSG00000226824,6.74491024017334,25,325.0,0.04458161865569273
GATA1,POLR2J,POLR2J,ENSG00000005075,6.74482536315918,26,326.0,0.04471879286694101
TAL1,INTS9,INTS9,ENSG00000104299,6.744086742401123,26,353.0,0.04842249657064472
TAL1,EMC3,EMC3,ENSG00000125037,6.743127822875977,25,354.0,0.048559670781893
TAL1,NARF,NARF,ENSG00000141562,6.739102363586426,36,355.0,0.04869684499314129
TAL1,CR1,CR1,ENSG00000203710,6.739073276519775,25,356.0,0.048834019204389574
TAL1,SAR1A,SAR1A,ENSG00000079332,6.738900661468506,32,357.0,0.04897119341563786
GATA1,TRAPPC4,TRAPPC4,ENSG00000196655,6.73808479309082,25,327.0,0.0448559670781893
TAL1,WASHC5,WASHC5,ENSG00000164961,6.735851764678955,27,358.0,0.04910836762688615
GATA1,AL359513.1,AL359513.1,ENSG00000278238,6.734724044799805,27,328.0,0.044993141289437585
TAL1,PSEN1,PSEN1,ENSG00000080815,6.733118057250977,25,359.0,0.049245541838134434
TAL1,UBE2D2,UBE2D2,ENSG00000131508,6.729304313659668,44,360.0,0.04938271604938271
TAL1,AREL1,AREL1,ENSG00000119682,6.729062557220459,25,361.0,0.049519890260631
GATA1,SLC4A1AP,SLC4A1AP,ENSG00000163798,6.728335857391357,25,329.0,0.04513031550068587
GATA1,EIF2A,EIF2A,ENSG00000144895,6.727850914001465,27,330.0,0.04526748971193416
GATA1,HSPB11,HSPB11,ENSG00000081870,6.7232747077941895,32,331.0,0.045404663923182445
GATA1,DEDD,DEDD,ENSG00000158796,6.72260046005249,27,332.0,0.045541838134430725
TAL1,FLII,FLII,ENSG00000177731,6.721490383148193,28,362.0,0.049657064471879286
TAL1,PLEKHB2,PLEKHB2,ENSG00000115762,6.7191243171691895,25,363.0,0.04979423868312757
TAL1,EP300,EP300,ENSG00000100393,6.718001365661621,26,364.0,0.04993141289437586
GATA1,SLC25A26,SLC25A26,ENSG00000144741,6.717787742614746,25,333.0,0.04567901234567901
GATA1,GNE,GNE,ENSG00000159921,6.716094017028809,28,334.0,0.0458161865569273
GATA1,KMT2B,KMT2B,ENSG00000272333,6.715047836303711,25,335.0,0.045953360768175584
GATA1,ATP5PF,ATP5PF,ENSG00000154723,6.714852333068848,28,336.0,0.04609053497942387
GATA1,DNTTIP2,DNTTIP2,ENSG00000067334,6.708729267120361,26,337.0,0.04622770919067215
GATA1,CSNK1E,CSNK1E,ENSG00000213923,6.7056756019592285,29,338.0,0.04636488340192044
GATA1,CTSA,CTSA,ENSG00000064601,6.7016448974609375,25,339.0,0.046502057613168724
GATA1,SLC40A1,SLC40A1,ENSG00000138449,6.698795795440674,26,340.0,0.04663923182441701
GATA1,LRRC37A3,LRRC37A3,ENSG00000176809,6.6904616355896,26,341.0,0.0467764060356653
GATA1,BRWD3,BRWD3,ENSG00000165288,6.674761772155762,25,342.0,0.04691358024691358
GATA1,TATDN3,TATDN3,ENSG00000203705,6.672972202301025,26,343.0,0.04705075445816186
GATA1,WDR60,WDR60,ENSG00000126870,6.671123504638672,25,344.0,0.04718792866941015
GATA1,HSPA5,HSPA5,ENSG00000044574,6.664968013763428,27,345.0,0.047325102880658436
GATA1,PGBD2,PGBD2,ENSG00000185220,6.6637773513793945,27,346.0,0.04746227709190672
GATA1,OTUD5,OTUD5,ENSG00000068308,6.663110733032227,26,347.0,0.04759945130315501
GATA1,INF2,INF2,ENSG00000203485,6.662817478179932,28,348.0,0.047736625514403296
GATA1,GTF3C6,GTF3C6,ENSG00000155115,6.660109996795654,27,349.0,0.047873799725651575
GATA1,S100A4,S100A4,ENSG00000196154,6.6522979736328125,27,350.0,0.04801097393689986
GATA1,PLGRKT,PLGRKT,ENSG00000107020,6.644678115844727,28,351.0,0.04814814814814815
GATA1,FAM91A1,FAM91A1,ENSG00000176853,6.64237117767334,27,352.0,0.048285322359396435
GATA1,PPP2R1A,PPP2R1A,ENSG00000105568,6.6391777992248535,26,353.0,0.04842249657064472
GATA1,MEGF9,MEGF9,ENSG00000106780,6.631803512573242,25,354.0,0.048559670781893
GATA1,AC127035.1,AC127035.1,ENSG00000285658,6.627261161804199,29,355.0,0.04869684499314129
GATA1,ZNF830,ZNF830,ENSG00000198783,6.626443386077881,25,356.0,0.048834019204389574
GATA1,MINK1,MINK1,ENSG00000141503,6.623089790344238,27,357.0,0.04897119341563786
GATA1,WDR46,WDR46,ENSG00000227057,6.617802619934082,30,358.0,0.04910836762688615
GATA1,CHCHD2,CHCHD2,ENSG00000106153,6.615699291229248,30,359.0,0.049245541838134434
GATA1,SPECC1,SPECC1,ENSG00000128487,6.615021705627441,26,360.0,0.04938271604938271
GATA1,NUCB1-AS1,NUCB1-AS1,ENSG00000235191,6.609861850738525,26,361.0,0.049519890260631
GATA1,DDX27,DDX27,ENSG00000124228,6.6048359870910645,26,362.0,0.049657064471879286
GATA1,LAMTOR5,LAMTOR5,ENSG00000134248,6.60351037979126,27,363.0,0.04979423868312757
GATA1,KAT8,KAT8,ENSG00000103510,6.602603912353516,25,364.0,0.04993141289437586
