TF,target,target_symbol,target_gene_id,signed_association_day14_frozen,absolute_association_day14_frozen,frozen_day14_E0,signed_association_day7,absolute_association_day7,rank_fraction_day7,bootstrap_top5_frequency_day7,bootstrap_sign_consistency_day7,E0_timepoint_day7,power_matched_bootstrap_top5_frequency_day7,power_matched_bootstrap_sign_consistency_day7,E0_timepoint_power_matched_day7,state_unadjusted_signed_association_day7,state_unadjusted_absolute_association_day7,state_unadjusted_rank_fraction_day7,state_unadjusted_bootstrap_top5_frequency_day7,state_unadjusted_bootstrap_sign_consistency_day7,state_unadjusted_E0_timepoint_day7,signed_association_day9,absolute_association_day9,rank_fraction_day9,bootstrap_top5_frequency_day9,bootstrap_sign_consistency_day9,E0_timepoint_day9,power_matched_bootstrap_top5_frequency_day9,power_matched_bootstrap_sign_consistency_day9,E0_timepoint_power_matched_day9,state_unadjusted_signed_association_day9,state_unadjusted_absolute_association_day9,state_unadjusted_rank_fraction_day9,state_unadjusted_bootstrap_top5_frequency_day9,state_unadjusted_bootstrap_sign_consistency_day9,state_unadjusted_E0_timepoint_day9,signed_association_day11,absolute_association_day11,rank_fraction_day11,bootstrap_top5_frequency_day11,bootstrap_sign_consistency_day11,E0_timepoint_day11,power_matched_bootstrap_top5_frequency_day11,power_matched_bootstrap_sign_consistency_day11,E0_timepoint_power_matched_day11,state_unadjusted_signed_association_day11,state_unadjusted_absolute_association_day11,state_unadjusted_rank_fraction_day11,state_unadjusted_bootstrap_top5_frequency_day11,state_unadjusted_bootstrap_sign_consistency_day11,state_unadjusted_E0_timepoint_day11,signed_association_day14,absolute_association_day14,rank_fraction_day14,bootstrap_top5_frequency_day14,bootstrap_sign_consistency_day14,E0_timepoint_day14,power_matched_bootstrap_top5_frequency_day14,power_matched_bootstrap_sign_consistency_day14,E0_timepoint_power_matched_day14,state_unadjusted_signed_association_day14,state_unadjusted_absolute_association_day14,state_unadjusted_rank_fraction_day14,state_unadjusted_bootstrap_top5_frequency_day14,state_unadjusted_bootstrap_sign_consistency_day14,state_unadjusted_E0_timepoint_day14,discovery_pattern,power_matched_discovery_pattern,discovery_class,any_preterminal_E0,preterminal_E0_omitted_by_day14,power_matched_preterminal_E0,power_robust_preterminal_omission,state_unadjusted_preterminal_E0,state_unadjusted_preterminal_omission,state_unadjusted_only_preterminal_omission,effective_guides_used,effective_guide_names,E1_supported,E1_direction_concordant,discovery_anchor_timepoint,signed_association,feature_index,effective_guides_used_time_resolved,effective_guide_names_time_resolved,strict_time_resolved_testable,strict_time_resolved_unresolved_reason,interaction_f_stat,interaction_p_value,model_df_numerator,model_df_denominator,effect_day 7,effect_se_day 7,effect_p_value_day 7,effect_day 9,effect_se_day 9,effect_p_value_day 9,effect_day 11,effect_se_day 11,effect_p_value_day 11,effect_day 14,effect_se_day 14,effect_p_value_day 14,effect_difference_day 7_vs_day 9,effect_difference_se_day 7_vs_day 9,effect_difference_p_value_day 7_vs_day 9,effect_difference_day 7_vs_day 11,effect_difference_se_day 7_vs_day 11,effect_difference_p_value_day 7_vs_day 11,effect_difference_day 7_vs_day 14,effect_difference_se_day 7_vs_day 14,effect_difference_p_value_day 7_vs_day 14,effect_difference_day 9_vs_day 11,effect_difference_se_day 9_vs_day 11,effect_difference_p_value_day 9_vs_day 11,effect_difference_day 9_vs_day 14,effect_difference_se_day 9_vs_day 14,effect_difference_p_value_day 9_vs_day 14,effect_difference_day 11_vs_day 14,effect_difference_se_day 11_vs_day 14,effect_difference_p_value_day 11_vs_day 14,consistent_effective_guides_day 7,effective_guide_direction_consistent_day 7,leave_one_effective_guide_out_direction_consistent_day 7,consistent_effective_guides_day 9,effective_guide_direction_consistent_day 9,leave_one_effective_guide_out_direction_consistent_day 9,consistent_effective_guides_day 11,effective_guide_direction_consistent_day 11,leave_one_effective_guide_out_direction_consistent_day 11,consistent_effective_guides_day 14,effective_guide_direction_consistent_day 14,leave_one_effective_guide_out_direction_consistent_day 14,effect_fdr_edge_time_day 7,effect_fdr_edge_time_day 9,effect_fdr_edge_time_day 11,effect_fdr_edge_time_day 14,interaction_fdr,effect_fdr_within_timepoint_day 7,strict_total_support_day 7,strict_direction_concordant_day 7,negligible_effect_supported_day 7,effect_fdr_within_timepoint_day 9,strict_total_support_day 9,strict_direction_concordant_day 9,negligible_effect_supported_day 9,effect_fdr_within_timepoint_day 11,strict_total_support_day 11,strict_direction_concordant_day 11,negligible_effect_supported_day 11,effect_fdr_within_timepoint_day 14,strict_total_support_day 14,strict_direction_concordant_day 14,negligible_effect_supported_day 14,effect_difference_fdr_edge_pair_day 7_vs_day 9,effect_difference_fdr_edge_pair_day 7_vs_day 11,effect_difference_fdr_edge_pair_day 7_vs_day 14,effect_difference_fdr_edge_pair_day 9_vs_day 11,effect_difference_fdr_edge_pair_day 9_vs_day 14,effect_difference_fdr_edge_pair_day 11_vs_day 14,strict_any_timepoint_support,strict_support_pattern,strict_temporal_support_class,state_unadjusted_direction_concordant_day7,state_unadjusted_direction_concordant_day9,state_unadjusted_direction_concordant_day11,state_unadjusted_direction_concordant_day14
BCL11A,SSX2IP,SSX2IP,ENSG00000117155,0.1897966581943535,0.1897966581943535,True,0.0719498765019199,0.0719498765019199,0.14515022636850047,0.04,0.98,False,0.03,1.0,False,0.09133701963847432,0.09133701963847432,0.11606530388256277,0.05,1.0,False,0.07455872145316589,0.07455872145316589,0.13854595336076816,0.02,1.0,False,0.05,0.98,False,0.09060485492644446,0.09060485492644446,0.1279835390946502,0.0,1.0,False,0.029271549131181848,0.029271549131181848,0.5890260631001372,0.0,0.86,False,0.0,0.75,False,0.0846830414527335,0.0846830414527335,0.28669410150891633,0.0,1.0,False,0.1897966581943535,0.1897966581943535,0.0043895747599451305,0.98,1.0,True,0.92,1.0,True,0.277883470068358,0.277883470068358,0.009739368998628258,0.99,1.0,True,0001,0001,day14_only_discovery,False,False,False,False,False,False,False,2,BCL11A_686;BCL11A_752,False,False,day 14,0.1897966581943535,1391,2,BCL11A_686;BCL11A_752,True,not_applicable,3.814432369311472,0.015173749039271048,3.0,52.0,0.01590267150595968,0.049177236307187816,0.7477084420723186,-0.09399159620950007,0.047244157432503396,0.05191909245382629,-0.10375760982369499,0.07583140684235583,0.17711181847265933,-0.2748923959897807,0.07104462491201168,0.0003058988298034851,0.10989426771545975,0.06819392188692595,0.11312547152629476,0.11966028132965467,0.0903814296993795,0.19131107975346748,0.2907950674957404,0.08640450971854086,0.0014423779792048317,0.009766013614194921,0.0893443488710845,0.9133792814356531,0.18090079978028067,0.08531910184944282,0.03877209318688365,0.17113478616608574,0.10391217923121102,0.1056059533097449,1.0,False,False,2.0,True,True,2.0,True,True,2.0,True,True,0.9446801025180657,0.38112037097973583,0.6350076895463573,0.014595744164909148,0.22374416492452182,0.9524932568200137,False,False,True,0.550507202526285,False,True,False,0.7209993983463685,False,True,False,0.0055227140083440015,True,True,False,0.6792284080576761,0.7761661452766134,0.0869330968519243,0.995962820386824,0.46207447405544155,0.6629265100172232,True,0001,localized_support_no_detected_heterogeneity,False,True,True,True
BCL11A,CABIN1,CABIN1,ENSG00000099991,0.0772435469607646,0.0772435469607646,False,0.1597191818798652,0.1597191818798652,0.010975442447523666,0.98,1.0,True,0.86,1.0,True,0.19345038592936076,0.19345038592936076,0.012072986692276032,0.98,1.0,True,0.049720914865335815,0.049720914865335815,0.28161865569272976,0.0,1.0,False,0.02,0.98,False,0.024462635232431723,0.024462635232431723,0.6094650205761317,0.0,0.88,False,0.027531933723553347,0.027531933723553347,0.6112482853223594,0.0,0.8,False,0.0,0.78,False,-0.03269190303218311,0.03269190303218311,0.6563786008230452,0.0,0.83,False,0.07724354696076469,0.07724354696076469,0.21083676268861454,0.01,1.0,False,0.03,0.99,False,0.11807925345865754,0.11807925345865754,0.23319615912208505,0.0,1.0,False,1000,1000,early_only_discovery,True,True,True,True,True,True,False,2,BCL11A_686;BCL11A_752,False,False,day 7,0.19345038592936076,34703,2,BCL11A_686;BCL11A_752,True,not_applicable,2.961940578251518,0.0405556431719843,3.0,52.0,-0.03706454585954288,0.10414938949600791,0.7233711819431357,-0.007905071427485252,0.10005544278886883,0.9373303857615497,-0.01608297089240778,0.16059858829643917,0.9206151796314705,-0.509312881322947,0.15046096257502387,0.00136105051747749,-0.029159474432057627,0.14442363713765058,0.8407808541565698,-0.020981574967135097,0.19141317064193966,0.9131373906448218,0.47224833546340417,0.18299070083311308,0.012721001903709462,0.00817789946492253,0.18921680209348687,0.9656919118479643,0.5014078098954617,0.18069198347098672,0.0076531788850636925,0.49322991043053926,0.2200690978347753,0.029304660657873856,2.0,True,False,1.0,False,False,1.0,False,False,2.0,True,True,0.9419015592129285,0.9875574176512568,0.9875574176512568,0.04212693929696236,0.3431180753857922,0.9524932568200137,False,True,False,0.9930796156839258,False,True,False,0.9775845932888606,False,True,False,0.0168366989939808,True,True,False,0.9899936503197948,0.995962820386824,0.2854206885608066,0.9982838727405401,0.2150146655302042,0.4035800846159573,True,0001,localized_support_no_detected_heterogeneity,True,True,False,True
BCL11A,ID2,ID2,ENSG00000115738,-0.0750879206876799,0.0750879206876799,False,-0.1894282576664074,0.1894282576664074,0.00425298394841542,1.0,1.0,True,1.0,1.0,True,-0.22068999439043716,0.22068999439043716,0.006036493346138016,1.0,1.0,True,-0.1683321662012595,0.1683321662012595,0.008779149519890261,0.99,1.0,True,0.95,1.0,True,-0.2145291693249743,0.2145291693249743,0.00905349794238683,1.0,1.0,True,-0.11819634750776771,0.11819634750776771,0.07160493827160494,0.14,1.0,False,0.22,1.0,False,-0.21093269550584623,0.21093269550584623,0.03621399176954732,0.68,1.0,False,-0.07508792068767996,0.07508792068767996,0.22194787379972566,0.0,0.97,False,0.02,1.0,False,-0.13170400100783775,0.13170400100783775,0.18655692729766804,0.0,1.0,False,1100,1100,early_only_discovery,True,True,True,True,True,True,False,2,BCL11A_686;BCL11A_752,False,False,day 7,-0.22068999439043716,3513,2,BCL11A_686;BCL11A_752,True,not_applicable,2.882877516888211,0.0444727362194747,3.0,52.0,0.31442011494361216,0.09679469813081654,0.002036458732836436,0.09416351520467064,0.09298985263341333,0.31592976145332713,0.5424134104657106,0.14925763799109895,0.0006392957636968207,0.06593427368511703,0.13983589844739086,0.6392477132442731,0.22025659973894152,0.1342249093090393,0.10684307453611755,-0.2279932955220984,0.17789619468925646,0.20566532452912306,0.24848584125849513,0.1700684923224314,0.1500066299443924,-0.4482498952610399,0.17585492654874893,0.013794209849063663,0.02822924151955361,0.16793210290880342,0.8671573931451485,0.4764791367805935,0.2045285334452652,0.02374275691155622,2.0,True,True,2.0,True,True,2.0,True,True,2.0,True,True,0.05638774854030008,0.7726904554721191,0.024937201176611752,0.9310053163332209,0.34344263346368903,0.07773453905912796,False,True,False,0.9068685138589497,False,True,False,0.07764537639081387,True,True,False,0.8631993704678256,False,True,False,0.6629265100172232,0.7942595206908901,0.7290830207449266,0.29884969229755226,0.9930258923552598,0.370276146698511,True,0010,localized_support_no_detected_heterogeneity,True,True,True,True
BCL11A,SQSTM1,SQSTM1,ENSG00000161011,-0.0592574890882299,0.0592574890882299,False,-0.11519102204102696,0.11519102204102696,0.04184387433118398,0.49,1.0,False,0.33,1.0,False,-0.1597282334305821,0.1597282334305821,0.022774043078611608,0.93,1.0,True,-0.10469564655994502,0.10469564655994502,0.06035665294924554,0.22,1.0,False,0.21,1.0,False,-0.16576960411615335,0.16576960411615335,0.02400548696844993,0.88,1.0,True,-0.08781406266255032,0.08781406266255032,0.14622770919067216,0.02,0.99,False,0.02,1.0,False,-0.20644523505744977,0.20644523505744977,0.03950617283950617,0.67,1.0,False,-0.05925748908822998,0.05925748908822998,0.3381344307270233,0.0,1.0,False,0.0,0.99,False,-0.1107908837824469,0.1107908837824469,0.2598079561042524,0.0,1.0,False,0000,0000,never_selected,False,False,False,False,True,True,True,2,BCL11A_686;BCL11A_752,False,False,day 9,-0.16576960411615335,11144,2,BCL11A_686;BCL11A_752,True,not_applicable,2.263147946720676,0.09199384387355145,3.0,52.0,0.13577854809345408,0.06961067101884336,0.05651068383487857,0.07494827660659695,0.06687438635334121,0.26755122395018094,0.4016366918057725,0.10733980823212222,0.00045746007187972605,0.1503430229684439,0.1005640898873435,0.14095958215784368,0.06083027148685712,0.09652890276922031,0.5313385628902044,-0.2658581437123184,0.1279354522835731,0.04265655861693474,-0.014564474874989831,0.12230609835393876,0.905669120168607,-0.3266884151991755,0.1264674581916025,0.01264115180151559,-0.07539474636184695,0.12076969704775141,0.5351697220036353,0.25129366883732857,0.14708830886980268,0.0935155612846345,2.0,True,True,2.0,True,True,2.0,True,True,2.0,True,True,0.3952789193895171,0.7429879535019407,0.01971505342036497,0.5741370438967298,0.48578567357733093,0.41711753372042965,False,True,False,0.9068685138589497,False,True,False,0.06790740622570156,True,True,False,0.39652517131061504,False,True,False,0.9400912051720252,0.4782307326899984,0.9958155684457689,0.28519942267242027,0.9419796089962237,0.6445529151742213,True,0010,localized_support_no_detected_heterogeneity,True,True,True,True
BCL11A,ESR2,ESR2,ENSG00000140009,0.0584490166779278,0.0584490166779278,False,0.07245568244040519,0.07245568244040519,0.14322952394018384,0.01,1.0,False,0.05,1.0,False,0.07971794399092717,0.07971794399092717,0.15585128275483606,0.0,1.0,False,0.12839760624330082,0.12839760624330082,0.03223593964334705,0.75,1.0,True,0.51,1.0,False,0.17232688131454516,0.17232688131454516,0.020438957475994512,0.93,1.0,True,0.10904387007443538,0.10904387007443538,0.08902606310013718,0.17,1.0,False,0.12,1.0,False,0.13250229466020783,0.13250229466020783,0.1289437585733882,0.01,1.0,False,0.05844901667792784,0.05844901667792784,0.34458161865569276,0.01,0.99,False,0.01,0.97,False,0.07033006697779644,0.07033006697779644,0.4949245541838134,0.0,0.99,False,0100,0000,early_only_discovery,True,True,False,False,True,True,False,2,BCL11A_686;BCL11A_752,False,False,day 9,0.17232688131454516,24383,2,BCL11A_686;BCL11A_752,True,not_applicable,2.2883521240265794,0.08930534948550653,3.0,52.0,-0.12851593147260348,0.08196672632921138,0.12296942154677103,-0.36572263334302507,0.07874474479888942,2.3572835167699725e-05,-0.22930949392220504,0.1263928727710544,0.07540874096186913,-0.04440959705394512,0.11841444872885615,0.7091595606239612,0.2372067018704216,0.11366300655257215,0.041813936657950086,0.10079356244960155,0.15064429133706916,0.5064022354297076,-0.08410633441865836,0.1440157140484563,0.5617399079988485,-0.13641313942082003,0.14891572489419033,0.36387338758660376,-0.3213130362890799,0.14220659795241966,0.028071190165611496,-0.18489989686825992,0.17319682432157596,0.290645401539086,2.0,True,True,2.0,True,True,2.0,True,True,2.0,True,False,0.5440541327177986,0.002171952260968747,0.44807928957626175,0.9419015592129285,0.4830443194843592,0.5820622968921036,False,True,False,0.004499043969149547,True,True,False,0.585865977452831,False,True,False,0.8928696252714978,False,True,False,0.4767499263681139,0.9349953861997181,0.949152808522903,0.8996943475922936,0.3988406206126419,0.8528662220492289,True,0100,localized_support_no_detected_heterogeneity,True,True,True,True
BCL11A,KIF18A,KIF18A,ENSG00000121621,0.0515039820734488,0.0515039820734488,False,0.019277253655410147,0.019277253655410147,0.6622307586774592,0.0,0.78,False,0.0,0.72,False,0.0376439101903359,0.0376439101903359,0.4594594594594595,0.0,0.97,False,0.05252594698406192,0.05252594698406192,0.2573388203017833,0.0,0.98,False,0.01,0.9,False,0.12086236593261294,0.12086236593261294,0.06941015089163237,0.24,1.0,False,0.09908440021480525,0.09908440021480525,0.11152263374485596,0.12,1.0,False,0.06,1.0,False,0.22761794609760247,0.22761794609760247,0.025377229080932786,0.94,1.0,True,0.051503982073448876,0.051503982073448876,0.40987654320987654,0.0,0.93,False,0.0,0.92,False,0.20195949713959654,0.20195949713959654,0.050617283950617285,0.33,1.0,False,0000,0000,never_selected,False,False,False,False,True,True,True,2,BCL11A_686;BCL11A_752,False,False,day 11,0.22761794609760247,19418,2,BCL11A_686;BCL11A_752,True,not_applicable,3.6089992241805304,0.019191071718413152,3.0,52.0,-0.012985427074915238,0.08129922811730123,0.8737174113675188,0.021576047015492216,0.07810348487910843,0.7834514579415267,-0.4284769863347452,0.12536358905617218,0.0012338265040673117,-0.18143206614438193,0.11745013752197232,0.1284693977572355,-0.034561474090407454,0.11273738884119192,0.7603977864975869,0.41549155925982995,0.14941751555126925,0.007535226108870969,0.1684466390694667,0.1428429182577813,0.24366850865584752,0.4500530333502374,0.14770302573510788,0.0036265662692181373,0.20300811315987416,0.14104853474670104,0.1560644778380295,-0.24704492019036325,0.1717863913846933,0.15639887993465731,0.0,False,True,0.0,False,True,2.0,True,True,2.0,True,True,0.9762845914194839,0.9578505127521206,0.039720294203227195,0.5529903520856669,0.24901473652257275,0.9849594442794091,False,True,False,0.9930796156839258,False,False,False,0.11912490386489477,True,True,False,0.37489848105371093,False,True,False,0.9854533011065566,0.2150146655302042,0.826372544034298,0.1516696712407464,0.7378396157081734,0.7379007778435627,True,0010,localized_support_no_detected_heterogeneity,True,False,True,True
BCL11A,LAPTM5,LAPTM5,ENSG00000162511,0.0427276037641537,0.0427276037641537,False,-0.1787816689617344,0.1787816689617344,0.00589930031554397,1.0,1.0,True,0.92,1.0,True,-0.2254955400904867,0.2254955400904867,0.005487721223761833,1.0,1.0,True,-0.17846420022907106,0.17846420022907106,0.005349794238683128,1.0,1.0,True,0.95,1.0,True,-0.2707442874386905,0.2707442874386905,0.0017832647462277093,1.0,1.0,True,-0.12943782729208164,0.12943782729208164,0.05596707818930041,0.3,1.0,False,0.24,1.0,False,-0.28189573092654757,0.28189573092654757,0.0075445816186556925,1.0,1.0,True,0.04272760376415376,0.04272760376415376,0.5002743484224965,0.0,0.93,False,0.01,0.91,False,-0.020011945592669007,0.020011945592669007,0.8685871056241427,0.0,0.74,False,1100,1100,early_only_discovery,True,True,True,True,True,True,False,2,BCL11A_686;BCL11A_752,False,False,day 11,-0.28189573092654757,683,2,BCL11A_686;BCL11A_752,True,not_applicable,3.263559542249379,0.02857124398470651,3.0,52.0,-0.011563375438773395,0.09465741843357624,0.903242982691769,0.028825660837390535,0.09093658599876604,0.7525231148477046,0.23907643610022528,0.1459619479843458,0.10747278174183715,0.46047559780685926,0.13674824558552595,0.0014346187567598361,-0.04038903627616393,0.13126115014588327,0.7595398232547428,-0.25063981153899867,0.17396814973981303,0.1556576673997694,-0.47203897324563265,0.16631328730810555,0.006455049339099339,-0.21025077526283475,0.1719719539125373,0.2269980082024549,-0.43164993696946874,0.1642240705372702,0.011251033272847669,-0.22139916170663398,0.20001243193887772,0.27341992844059254,1.0,False,False,2.0,True,True,1.0,False,False,2.0,True,True,0.9868723119875219,0.9446801025180657,0.5240335387463908,0.0438091579207118,0.29728548184202175,0.997756962676744,False,False,False,0.9927742498208394,False,True,False,0.6465368318662738,False,True,False,0.0174240969002831,True,True,False,0.9854533011065566,0.7378396157081734,0.19668215260109886,0.8148750710930938,0.2595549064629799,0.8496408045237964,True,0001,localized_support_no_detected_heterogeneity,False,True,True,True
BCL11A,RAB11FIP1,RAB11FIP1,ENSG00000156675,0.0288985967097676,0.0288985967097676,False,0.1300658602803789,0.1300658602803789,0.02757579914940321,0.67,1.0,False,0.58,1.0,False,0.15818986975162802,0.15818986975162802,0.02359720126217588,0.73,1.0,True,0.061007942426765195,0.061007942426765195,0.20219478737997257,0.01,0.99,False,0.01,0.96,False,0.03560884948142497,0.03560884948142497,0.4725651577503429,0.0,0.97,False,0.010048009259249988,0.010048009259249988,0.8508916323731138,0.0,0.67,False,0.0,0.56,False,-0.08226167767139901,0.08226167767139901,0.2975308641975309,0.0,1.0,False,0.02889859670976763,0.02889859670976763,0.6502057613168725,0.0,0.84,False,0.0,0.82,False,0.050005310898190616,0.050005310898190616,0.6493827160493827,0.0,0.97,False,0000,0000,never_selected,False,False,False,False,True,True,True,2,BCL11A_686;BCL11A_752,False,False,day 7,0.15818986975162802,15172,2,BCL11A_686;BCL11A_752,True,not_applicable,5.158342250494519,0.0033856109550098497,3.0,52.0,-0.04940569669915324,0.12934693503541994,0.7040456264953422,-0.1633414457404514,0.12426251292474506,0.19445092212988643,0.01135982569161554,0.19945325908949185,0.9547994717594311,0.6953560811772705,0.18686297102398605,0.0004877714375769869,0.11393574904129815,0.17936499580862925,0.5280721468740586,-0.06076552239076878,0.23772301563895132,0.7992567041822366,-0.7447617778764238,0.2272628424159308,0.0018722027701488285,-0.17470127143206693,0.23499526522845607,0.46057048800093847,-0.8586975269177219,0.22440798127135203,0.000350353383986201,-0.683996255485655,0.2733118594231341,0.015509230511001936,1.0,False,True,2.0,True,True,1.0,False,False,2.0,True,True,0.9419015592129285,0.6593564263084474,0.9909590944032628,0.020687702876281095,0.08077100421237784,0.9524932568200137,False,True,False,0.8298544091083925,False,True,False,0.9857898719247296,False,False,False,0.007666619301210053,True,False,False,0.9394369469897553,0.9876376309629992,0.10310846703870032,0.9214616021214491,0.033836538867872135,0.3148884791200761,True,0001,localized_support_no_detected_heterogeneity,True,True,True,False
BCL11A,SH3BGRL3,SH3BGRL3,ENSG00000142669,-0.0229084141854016,0.0229084141854016,False,-0.21462195009192453,0.21462195009192453,0.002195088489504733,1.0,1.0,True,1.0,1.0,True,-0.275009915335171,0.275009915335171,0.001509123336534504,1.0,1.0,True,-0.1085432430467834,0.1085432430467834,0.0561042524005487,0.39,1.0,False,0.21,1.0,False,-0.1710977989537348,0.1710977989537348,0.02167352537722908,0.95,1.0,True,-0.06823240310353054,0.06823240310353054,0.24458161865569272,0.01,0.98,False,0.0,0.96,False,-0.15091445154179498,0.15091445154179498,0.09876543209876543,0.07,1.0,False,-0.02290841418540171,0.02290841418540171,0.7231824417009602,0.0,0.83,False,0.0,0.74,False,-0.12000585263827192,0.12000585263827192,0.22565157750342935,0.0,1.0,False,1000,1000,early_only_discovery,True,True,True,True,True,True,False,2,BCL11A_686;BCL11A_752,False,False,day 7,-0.275009915335171,593,2,BCL11A_686;BCL11A_752,True,not_applicable,2.458875005523465,0.0730790835986336,3.0,52.0,0.10875604303619368,0.07765184745888558,0.16728492835239378,0.03373644618254232,0.07459947694816112,0.6529811268817951,0.4067021538798523,0.11973932003687328,0.0013149867422435505,0.059037701619716505,0.1121808948754393,0.6009365785915065,0.07501959685365137,0.10767957733348166,0.4890978542034721,-0.29794611084365863,0.142714099431944,0.041740163706108474,0.04971834141647718,0.13643446261422515,0.7170281968889202,-0.37296570769730997,0.14107652789827227,0.0108137007618782,-0.025301255437174187,0.13472058170893408,0.8517601300332877,0.3476644522601358,0.16407942569971143,0.038896285634291705,2.0,True,True,2.0,True,True,2.0,True,True,2.0,True,False,0.6182369689593308,0.9364718923161826,0.04109525819034815,0.9175641119022007,0.42265651812889393,0.6496879775546456,False,True,False,0.9927742498208394,False,True,False,0.11912490386489477,True,True,False,0.8462717019663785,False,True,False,0.9324663468146843,0.4767499263681139,0.9821873492975115,0.25674860383925857,0.9911880584125248,0.46207447405544155,True,0010,localized_support_no_detected_heterogeneity,True,True,True,True
BCL11A,MLXIP,MLXIP,ENSG00000175727,-0.0063933321255247,0.0063933321255247,False,0.05376258287633689,0.05376258287633689,0.25312114144601455,0.02,0.99,False,0.02,0.94,False,0.064912636869406,0.064912636869406,0.23062148442859104,0.0,0.99,False,0.11244214630557596,0.11244214630557596,0.04993141289437586,0.31,1.0,False,0.3,1.0,False,0.14173456779133922,0.14173456779133922,0.043209876543209874,0.49,1.0,False,0.1906332098229971,0.1906332098229971,0.01083676268861454,0.91,1.0,True,0.93,1.0,True,0.236822716759639,0.236822716759639,0.02167352537722908,0.89,1.0,True,-0.00639333212552474,0.00639333212552474,0.9179698216735254,0.0,0.5800000000000001,False,0.0,0.65,False,-0.006376033500379225,0.006376033500379225,0.9585733882030179,0.0,0.69,False,0010,0010,day11_only_preterminal_discovery,True,True,True,True,True,True,False,2,BCL11A_686;BCL11A_752,False,False,day 11,0.236822716759639,22697,2,BCL11A_686;BCL11A_752,True,not_applicable,11.237196669880817,8.560078875293738e-06,3.0,52.0,-0.010169950861170314,0.04442720994939649,0.8198347221210567,-0.04685754138965213,0.04268084704933666,0.2773238730816732,-0.230268071068537,0.068506855722818,0.0014607689281782824,0.2955211764688504,0.06418242877712783,2.7023092214231628e-05,0.03668759052848182,0.06160707498929505,0.5540861332160385,0.2200981202073667,0.08165149272924993,0.00944358176429669,-0.30569112733002074,0.07805870321507295,0.00026343968132817923,0.18341052967888488,0.08071458347706363,0.02722938229858562,-0.34237871785850255,0.07707813482810774,4.6846441541850756e-05,-0.5257892475373874,0.09387530796092276,8.15456924695461e-07,1.0,False,False,2.0,True,True,2.0,True,True,2.0,True,True,0.9691940040302071,0.7518803727814888,0.04421457712524295,0.002292244520521489,0.0010396604888538578,0.9849594442794091,False,True,True,0.9068685138589497,False,True,True,0.11912490386489477,False,True,False,0.0007220570239642691,True,False,False,0.9474705950534867,0.24384751894866033,0.02778595375693006,0.398304249097559,0.009628745523063479,0.00046749468558588504,True,0001,late_onset_support_detected,True,True,True,True
BCL11A,SLC7A5,SLC7A5,ENSG00000103257,0.0040091834030164,0.0040091834030164,False,0.04410398904503165,0.04410398904503165,0.33845520647551103,0.0,0.96,False,0.0,0.87,False,0.024141946312905057,0.024141946312905057,0.6304019755796405,0.0,0.75,False,0.09208335165452511,0.09208335165452511,0.08532235939643347,0.14,1.0,False,0.23,1.0,False,0.15582408391904554,0.15582408391904554,0.031001371742112482,0.72,1.0,True,0.18643493150976967,0.18643493150976967,0.012208504801097394,0.93,1.0,True,0.87,1.0,True,0.25176829397907996,0.25176829397907996,0.015363511659807956,0.95,1.0,True,0.004009183403016465,0.004009183403016465,0.948559670781893,0.0,0.58,False,0.0,0.65,False,-0.02534138372744631,0.02534138372744631,0.8308641975308642,0.0,0.86,False,0010,0010,day11_only_preterminal_discovery,True,True,True,True,True,True,False,2,BCL11A_686;BCL11A_752,False,False,day 11,0.25176829397907996,27994,2,BCL11A_686;BCL11A_752,True,not_applicable,3.966184738729097,0.012768315566546794,3.0,52.0,0.0036750128915584656,0.07727320617038846,0.9622501410355906,-0.3240684011759322,0.07423571944596107,6.056560423483534e-05,-0.16265083259545404,0.11915545433494604,0.1781206075280669,0.02821373557138322,0.11163388511365757,0.8014697940375124,0.3277434140674907,0.10715451662674237,0.0035099519619404256,0.1663258454870125,0.14201820548654587,0.24687379812185567,-0.024538722679824754,0.13576918905782956,0.8572754065370051,-0.16141756858047818,0.14038861898112276,0.25549067250679414,-0.35228213674731546,0.1340636652759753,0.011271374773597888,-0.19086456816683728,0.16327935142980177,0.24775666462008297,2.0,True,False,2.0,True,True,2.0,True,True,1.0,False,False,0.9924769402832174,0.004433734096314521,0.6350076895463573,0.9655097916855411,0.20716218688855306,0.9986119631440229,False,False,False,0.008091564725774002,True,True,False,0.7209993983463685,False,True,False,0.9327745149297857,False,False,False,0.14886653400483837,0.8272147498287183,0.9911899118420067,0.834233368814723,0.2595549064629799,0.8286069743441518,True,0100,localized_support_no_detected_heterogeneity,False,True,True,True
BCL11A,ENO1,ENO1,ENSG00000074800,-0.0014704422193428,0.0014704422193428,False,-0.11498079862350313,0.11498079862350313,0.04211826039237207,0.42,1.0,False,0.5,1.0,False,-0.15448216491119823,0.15448216491119823,0.025792289751680613,0.75,1.0,True,-0.10268093617728195,0.10268093617728195,0.06323731138545953,0.23,1.0,False,0.25,1.0,False,-0.17268958430017425,0.17268958430017425,0.02030178326474623,0.91,1.0,True,-0.09703065107006512,0.09703065107006512,0.11591220850480109,0.03,1.0,False,0.04,1.0,False,-0.2148818782942995,0.2148818782942995,0.03305898491083676,0.76,1.0,True,-0.0014704422193429483,0.0014704422193429483,0.9803840877914952,0.0,0.51,False,0.0,0.6699999999999999,False,0.008127407773047646,0.008127407773047646,0.9465020576131687,0.0,0.64,False,0000,0000,never_selected,False,False,False,False,True,True,True,2,BCL11A_686;BCL11A_752,False,False,day 11,-0.2148818782942995,219,2,BCL11A_686;BCL11A_752,True,not_applicable,7.560829987533611,0.0002736313700749649,3.0,52.0,0.020487029343045988,0.08173118067593514,0.8030620318440486,-0.014691723389358872,0.07851845807028165,0.8523011981360238,0.25169913340605476,0.12602966085422432,0.051055228002412904,-0.5224466887265613,0.11807416420204511,4.9641990547205066e-05,0.03517875273240486,0.11333637612177713,0.7575032458576767,-0.23121210406300877,0.15021138874836737,0.12980813052449955,0.5429337180696073,0.14360185983020507,0.00040464610124428757,-0.26639085679541363,0.1484877896419951,0.07862398268658251,0.5077549653372024,0.14179794254412187,0.0007530492313597589,0.7741458221326161,0.17269911310438832,4.0846464929420106e-05,0.0,False,True,0.0,False,True,1.0,False,False,2.0,True,True,0.9661145786441487,0.9751011780858297,0.3782722562188948,0.0039012764335921157,0.018278575521007655,0.9807046385225309,False,True,False,0.9930796156839258,False,False,False,0.5799590709531628,False,True,False,0.0012754172955974225,True,False,False,0.9854533011065566,0.7058618078476331,0.03771678078574662,0.6016558026243264,0.056025287670761856,0.009095146190950877,True,0001,late_amplification_support_detected,True,False,True,True
BCL11A,TKT,TKT,ENSG00000163931,0.0012254057478598,0.0012254057478598,False,-0.008578501569710845,0.008578501569710845,0.8435999451227878,0.0,0.6599999999999999,False,0.0,0.56,False,-0.00528263402074999,0.00528263402074999,0.9091782137467417,0.0,0.5,False,-0.07359702641332032,0.07359702641332032,0.14252400548696845,0.02,1.0,False,0.1,0.98,False,-0.14330219576475375,0.14330219576475375,0.041700960219478736,0.55,1.0,False,-0.1386921379416462,0.1386921379416462,0.04526748971193416,0.38,1.0,False,0.47,1.0,False,-0.24736268478224113,0.24736268478224113,0.017421124828532236,0.97,1.0,True,0.001225405747859848,0.001225405747859848,0.9835390946502057,0.0,0.52,False,0.0,0.55,False,-0.02691258460288478,0.02691258460288478,0.8208504801097394,0.0,0.86,False,0000,0000,never_selected,False,False,False,False,True,True,True,2,BCL11A_686;BCL11A_752,False,False,day 11,-0.24736268478224113,6573,2,BCL11A_686;BCL11A_752,True,not_applicable,4.073959632606537,0.011300698598917953,3.0,52.0,0.002395957282469956,0.06793926149219814,0.9720025330961407,-0.0023017205064396985,0.06526867727449509,0.9720032079943771,0.10820512989931239,0.1047624910558681,0.30644871599999557,-0.34247844134395583,0.0981494632874848,0.0009949739988294962,0.0046976777889096545,0.09421116433452816,0.9604223781126123,-0.10580917261684243,0.1248636167357654,0.40065683959105186,0.34487439862642577,0.11936942822903446,0.005620723580632973,-0.11050685040575209,0.12343087039064839,0.3747559235394291,0.3401767208375161,0.11786991718323858,0.005668543155570779,0.4506835712432682,0.1435565974654323,0.002789582402162211,0.0,False,False,1.0,False,False,2.0,True,True,2.0,True,True,0.9943309999084899,0.9943309999084899,0.7689370727094983,0.03475100469128112,0.18995126764856107,0.9986119631440229,False,True,True,0.9946882850290802,False,False,True,0.796196179669227,False,True,False,0.013032208455256931,True,False,False,0.9982838727405401,0.9148531689997357,0.1868682915465111,0.9029286092852611,0.1868682915465111,0.13153701491607228,True,0001,localized_support_no_detected_heterogeneity,True,False,True,False
KLF1,SLC14A1,SLC14A1,ENSG00000141469,0.0974915790008932,0.0974915790008932,False,-0.1383323552559636,0.1383323552559636,0.002195088489504733,0.94,1.0,True,0.81,1.0,True,-0.21582759629578122,0.21582759629578122,0.002195088489504733,1.0,1.0,True,-0.03759656705764432,0.03759656705764432,0.20795610425240055,0.01,0.98,False,0.02,0.81,False,-0.07666330455177214,0.07666330455177214,0.08724279835390947,0.19,1.0,False,-0.008261409852687555,0.008261409852687555,0.827434842249657,0.0,0.53,False,0.0,0.62,False,-0.0062707556588119,0.0062707556588119,0.9157750342935528,0.0,0.6,False,0.09749157900089322,0.09749157900089322,0.01316872427983539,0.61,1.0,False,0.55,1.0,False,0.0922991762707041,0.0922991762707041,0.02112482853223594,0.45,1.0,False,1000,1000,early_only_discovery,True,True,True,True,True,True,False,3,KLF1_347;KLF1_395;KLF1_636,False,False,day 7,-0.21582759629578122,30499,3,KLF1_347;KLF1_395;KLF1_636,True,not_applicable,1.2712687730605996,0.29148226307855996,3.0,66.0,0.45024832812751964,0.10786407441178482,8.940404876990611e-05,0.3571398887871443,0.09894976536023914,0.000592117994487987,0.20389703445619775,0.1499248193080108,0.17845905341646176,0.14045829370265345,0.14117242947463415,0.3233985943563565,0.09310843934037531,0.14637525273610086,0.5269148342490014,0.24635129367132189,0.18469463986063794,0.18684421793516803,0.3097900344248662,0.1776634835650861,0.08586946535744645,0.1532428543309466,0.1796343717371095,0.39669921465267005,0.21668159508449086,0.1723969573647311,0.21322854596951368,0.0634387407535443,0.20592985769021024,0.7590068672950061,3.0,True,True,3.0,True,True,3.0,True,True,3.0,True,True,0.005563423728406126,0.023971807291998503,0.6355874408554314,0.7743769691939445,0.7323827240906614,0.013271534350732729,True,True,False,0.05650497433113933,True,True,False,0.7209993983463685,False,True,False,0.6234639567966699,False,True,False,0.9394369469897553,0.773038924602903,0.6246185429267612,0.9136866112284442,0.8013991418743873,0.9854533011065566,True,1100,localized_support_no_detected_heterogeneity,True,True,True,False
KLF1,SLC66A2,SLC66A2,ENSG00000122490,0.0957392470812049,0.0957392470812049,False,0.0858563160932532,0.0858563160932532,0.028398957332967486,0.49,1.0,False,0.3,0.98,False,0.14509748359840868,0.14509748359840868,0.013170530937028399,0.91,1.0,True,0.08818617338339772,0.08818617338339772,0.012071330589849109,0.71,1.0,True,0.49,1.0,False,0.11392300074726232,0.11392300074726232,0.02633744855967078,0.72,1.0,True,0.055277819287382665,0.055277819287382665,0.14650205761316873,0.07,0.94,False,0.09,0.94,False,0.05035778444687908,0.05035778444687908,0.4031550068587106,0.0,0.96,False,0.09573924708120496,0.09573924708120496,0.014266117969821674,0.62,1.0,False,0.62,1.0,False,0.10027282164746805,0.10027282164746805,0.01440329218106996,0.61,1.0,False,0100,0000,early_only_discovery,True,True,False,False,True,True,False,3,KLF1_347;KLF1_395;KLF1_636,False,False,day 7,0.14509748359840868,30841,3,KLF1_347;KLF1_395;KLF1_636,True,not_applicable,3.496727260262776,0.020271749419587405,3.0,66.0,-0.02072029465450916,0.055669007069380876,0.7109325368657664,-0.006540009659468217,0.05106830255941918,0.8984877678743737,0.011627633749456478,0.07737669721311244,0.8810074904958339,0.2504312679308933,0.07285955974945486,0.0010220056786687346,-0.014180284995040942,0.07554475411563101,0.8516821792346375,-0.03234792840396564,0.09532151708664977,0.7354190372317102,-0.27115156258540246,0.09169271396885996,0.004304226139506933,-0.018167643408924697,0.09270989590065375,0.8452417898056369,-0.25697127759036154,0.08897464230433723,0.0052357772538288525,-0.23880363418143682,0.10628108354027102,0.02799586593339156,3.0,True,True,2.0,False,False,1.0,False,False,3.0,True,True,0.9419015592129285,0.9847549354782917,0.9786123527769147,0.0352361183664885,0.2516590137022136,0.9524932568200137,False,True,True,0.9930796156839258,False,True,True,0.9697638180793057,False,False,False,0.01325630666700417,True,False,False,0.9911880584125248,0.9826262111624434,0.16331274505288992,0.990129794984946,0.1803986873569004,0.3988406206126419,True,0001,localized_support_no_detected_heterogeneity,True,True,False,False
KLF1,CD63,CD63,ENSG00000135404,-0.0934718029795446,0.0934718029795446,False,-0.04158690120249763,0.04158690120249763,0.2428316641514611,0.05,0.9,False,0.06,0.75,False,-0.10601737244812132,0.10601737244812132,0.039237206749897106,0.44,1.0,False,-0.011577027286400768,0.011577027286400768,0.6858710562414266,0.0,0.75,False,0.04,0.51,False,-0.0800395773551605,0.0800395773551605,0.07613168724279835,0.14,0.99,False,0.004382037730441315,0.004382037730441315,0.90480109739369,0.01,0.59,False,0.01,0.51,False,-0.1782044803079918,0.1782044803079918,0.01879286694101509,0.9,1.0,True,-0.09347180297954463,0.09347180297954463,0.015363511659807956,0.6,0.99,False,0.43,1.0,False,-0.09686319361108228,0.09686319361108228,0.01673525377229081,0.61,1.0,False,0000,0000,never_selected,False,False,False,False,True,True,True,3,KLF1_347;KLF1_395;KLF1_636,False,False,day 11,-0.1782044803079918,21879,3,KLF1_347;KLF1_395;KLF1_636,True,not_applicable,3.844383775567847,0.013412468287161595,3.0,66.0,0.13756939426220385,0.13863437591352684,0.3246666063966669,0.1490380353415211,0.1271770887787631,0.2454527421481307,0.4378573309413135,0.19269375713887824,0.026332809083325054,0.8214046338261781,0.18144457979304734,2.5645032398410427e-05,-0.011468641079317261,0.18813160844253263,0.9515747053722513,-0.3002879366791097,0.23738233764378952,0.21032069104533868,-0.6838352395639743,0.22834540880256082,0.003864387366416439,-0.2888192955997924,0.23087853072674025,0.21536627925531074,-0.6723665984846571,0.22157650472583254,0.003444914496309976,-0.3835473028848646,0.2646753097222567,0.15203794619630775,2.0,False,True,3.0,True,True,3.0,True,True,3.0,True,True,0.7743769691939445,0.7223014614755564,0.27219058363885706,0.0022841175522850888,0.2108124427252693,0.8047938094811373,False,True,False,0.9016033322612157,False,True,False,0.5195779954885281,False,True,False,0.0007220570239642691,True,True,False,0.9982838727405401,0.7990189098022225,0.15488464564597085,0.8032602397588858,0.1481683466071004,0.7300414162088946,True,0001,localized_support_no_detected_heterogeneity,True,True,True,True
KLF1,NCEH1,NCEH1,ENSG00000144959,0.0875266488727739,0.0875266488727739,False,0.002117925391972072,0.002117925391972072,0.9501989298943614,0.0,0.55,False,0.0,0.54,False,0.05955506536755743,0.05955506536755743,0.17835093977225958,0.02,1.0,False,0.07492066606465855,0.07492066606465855,0.022359396433470506,0.54,1.0,False,0.35,0.99,False,0.1517788429905615,0.1517788429905615,0.008779149519890261,1.0,1.0,True,-0.038001382476353214,0.038001382476353214,0.30685871056241426,0.03,0.91,False,0.03,0.9,False,0.05964592185532136,0.05964592185532136,0.3253772290809328,0.0,1.0,False,0.0875266488727739,0.0875266488727739,0.020438957475994512,0.59,1.0,False,0.55,1.0,False,0.08956618655020465,0.08956618655020465,0.024554183813443074,0.46,1.0,False,0000,0000,never_selected,False,False,False,False,True,True,True,3,KLF1_347;KLF1_395;KLF1_636,False,False,day 9,0.1517788429905615,7531,3,KLF1_347;KLF1_395;KLF1_636,True,not_applicable,1.09909321590075,0.35584200794611875,3.0,66.0,-0.2671360352366141,0.0804831208350551,0.0014727160793961912,-0.12847184591067998,0.0738316808957699,0.08650891737394902,-0.18946818098354593,0.11186687888754648,0.09503848631793378,-0.04061945500736816,0.10533625548585716,0.7010204393441257,-0.13866418932593413,0.10921835854491156,0.20868376409996206,-0.07766785425306819,0.13781049064345965,0.5749468947662799,-0.22651658022924595,0.13256417109887522,0.09219978939367492,0.06099633507286595,0.13403475555219166,0.6505462529978723,-0.08785239090331182,0.1286345358901588,0.4970218060111332,-0.14884872597617776,0.15365521570003007,0.3362220426379681,3.0,True,True,3.0,True,True,3.0,True,True,2.0,False,False,0.04421457712524295,0.477989278730789,0.5006955020940802,0.9419015592129285,0.7938395958392913,0.06346931232494553,True,True,False,0.6487876781381918,False,True,False,0.6364929855405221,False,True,False,0.8928696252714978,False,True,False,0.7965843281833133,0.9528043621386432,0.6438581457934432,0.9723622532222532,0.9342929379894017,0.8831402819050457,True,1000,localized_support_no_detected_heterogeneity,True,True,True,True
KLF1,ALAD,ALAD,ENSG00000148218,0.0809230446715958,0.0809230446715958,False,0.062194207375075146,0.062194207375075146,0.08931266291672384,0.09,1.0,False,0.12,0.99,False,0.09701170123086585,0.09701170123086585,0.050898614350391,0.29,1.0,False,0.04360469011383214,0.04360469011383214,0.15171467764060356,0.04,0.99,False,0.06,0.92,False,0.11438020453057554,0.11438020453057554,0.02606310013717421,0.72,1.0,True,0.03629641468225086,0.03629641468225086,0.3274348422496571,0.03,0.86,False,0.02,0.87,False,0.17365130518442082,0.17365130518442082,0.020438957475994512,0.77,1.0,True,0.08092304467159588,0.08092304467159588,0.026886145404663924,0.43,1.0,False,0.38,1.0,False,0.0962730701080974,0.0962730701080974,0.017146776406035666,0.57,1.0,False,0000,0000,never_selected,False,False,False,False,True,True,True,3,KLF1_347;KLF1_395;KLF1_636,False,False,day 11,0.17365130518442082,17054,3,KLF1_347;KLF1_395;KLF1_636,True,not_applicable,1.4924025211802865,0.22471691926934678,3.0,66.0,-0.4153411253296522,0.10713925078964351,0.0002464289701091497,-0.21406449998893048,0.09828484399759306,0.03298426685225513,-0.16628336987935138,0.14891735643242113,0.26820760331441046,-0.06910426290374544,0.1402237807958567,0.6237795276317821,-0.20127662534072174,0.14539164219238085,0.1709064960049299,-0.24905775545030084,0.18345353119138072,0.17921239952274706,-0.3462368624259068,0.1764696227696161,0.05397934280921225,-0.0477811301095791,0.17842726699260947,0.7896956995313805,-0.14496023708518505,0.17123848650439435,0.4003105967637214,-0.09717910697560594,0.20454605287686495,0.6362867174759215,3.0,True,True,3.0,True,True,3.0,True,True,2.0,False,True,0.012307630058535475,0.30602069801814485,0.7434136058673286,0.9245323573663423,0.6917553090872057,0.021948606937721597,True,True,False,0.4406698051461286,False,True,False,0.7854005762276488,False,True,False,0.8556154506325061,False,True,False,0.7563001652334536,0.7673972012771689,0.5295908287979914,0.9876376309629992,0.9148020093477447,0.9687510593137676,True,1000,localized_support_no_detected_heterogeneity,True,True,True,True
KLF1,KLF3,KLF3,ENSG00000109787,0.0799507495304627,0.0799507495304627,False,0.04642204283643688,0.04642204283643688,0.1919330498010701,0.07,0.97,False,0.03,0.92,False,0.06609030968204076,0.06609030968204076,0.13815338180820413,0.05,1.0,False,0.03459189853574635,0.03459189853574635,0.24842249657064472,0.02,0.94,False,0.05,0.86,False,0.08292321638930902,0.08292321638930902,0.06707818930041153,0.23,1.0,False,0.13207556543091017,0.13207556543091017,0.003017832647462277,0.87,1.0,True,0.89,1.0,True,0.2197758991854347,0.2197758991854347,0.0075445816186556925,0.99,1.0,True,0.07995074953046272,0.07995074953046272,0.028257887517146776,0.38,1.0,False,0.44,0.99,False,0.08314155952286176,0.08314155952286176,0.03251028806584362,0.35,0.99,False,0010,0010,day11_only_preterminal_discovery,True,True,True,True,True,True,False,3,KLF1_347;KLF1_395;KLF1_636,False,False,day 11,0.2197758991854347,8195,3,KLF1_347;KLF1_395;KLF1_636,True,not_applicable,1.8402561941046316,0.14842358769997557,3.0,66.0,-0.2876626304916075,0.0640098425729718,2.8878773997313873e-05,-0.09007626918844142,0.058719818789354054,0.12980939686035012,-0.1867662311763696,0.08896997572194919,0.03962735632667954,-0.12753774827728237,0.08377603975738573,0.13269470435584696,-0.1975863613031661,0.08686355429563772,0.02618157117344295,-0.10089639931523793,0.10960345125123053,0.3606335205217476,-0.16012488221432514,0.10543094794057253,0.13359761181075497,0.09668996198792816,0.10660053329425137,0.3676903256756155,0.037461479088840954,0.10230563012897015,0.7154077433771218,-0.059228482899087206,0.12220507934368073,0.6295189024397391,3.0,True,True,3.0,True,True,3.0,True,True,3.0,True,True,0.0024113776287757083,0.554545816622156,0.33604704136247365,0.5601267773125167,0.5832173916681394,0.009645510515102833,True,True,False,0.7028384197242142,False,True,False,0.5799590709531628,False,True,False,0.38206923495562833,False,True,False,0.3938517792162387,0.898513836410152,0.7087514960084847,0.9012925747354255,0.9821873492975115,0.9663392420446091,True,1000,localized_support_no_detected_heterogeneity,True,True,True,True
KLF1,HNRNPLL,HNRNPLL,ENSG00000143889,-0.0514076538935058,0.0514076538935058,False,-0.11243785196928342,0.11243785196928342,0.005762107284949925,0.66,1.0,False,0.42,1.0,False,-0.18785472278431162,0.18785472278431162,0.004527370009603512,1.0,1.0,True,-0.004947555006924957,0.004947555006924957,0.8622770919067215,0.0,0.53,False,0.0,0.6699999999999999,False,-0.042234669833032944,0.042234669833032944,0.303840877914952,0.0,0.95,False,-0.031318866363959,0.031318866363959,0.4002743484224966,0.01,0.89,False,0.01,0.8,False,-0.07070543435800195,0.07070543435800195,0.25102880658436216,0.02,0.99,False,-0.05140765389350584,0.05140765389350584,0.11906721536351166,0.09,0.98,False,0.12,0.98,False,-0.04314111990493387,0.04314111990493387,0.23251028806584362,0.05,0.92,False,0000,0000,never_selected,False,False,False,False,True,True,True,3,KLF1_347;KLF1_395;KLF1_636,False,False,day 7,-0.18785472278431162,3866,3,KLF1_347;KLF1_395;KLF1_636,True,not_applicable,2.3205480826431186,0.08327357625868269,3.0,66.0,0.1440572228148965,0.09054784649803235,0.11639941171238932,0.14374905008452363,0.08306461825881437,0.0882020168156941,0.24743462840977187,0.125856264923957,0.05350631696499321,0.4946339144234637,0.11850896179782047,8.9531145329889e-05,0.00030817273037287985,0.12287653686491072,0.998006483425692,-0.10337740559487536,0.15504422571008725,0.5072492598900518,-0.35057669160856725,0.14914183360757138,0.021739380366835686,-0.10368557832524825,0.1507963203367104,0.49412227175817414,-0.3508848643389401,0.1447207823115941,0.018072597205391477,-0.2471992860136919,0.17287039494085307,0.15744296840444755,3.0,True,True,3.0,True,True,2.0,False,True,3.0,True,True,0.532111596399494,0.48266654271357595,0.39009243910085084,0.005563423728406126,0.4635562411733336,0.5738362141983474,False,True,False,0.6487876781381918,False,True,False,0.5799590709531628,False,True,False,0.001993560169345528,True,True,False,0.9996403572873457,0.9349953861997181,0.36135338153720975,0.9334713589091115,0.3353470814778196,0.7391510541330731,True,0001,localized_support_no_detected_heterogeneity,True,True,True,True
KLF1,HES6,HES6,ENSG00000144485,0.048803589194279,0.048803589194279,False,0.07890362895997285,0.07890362895997285,0.04088352311702566,0.22,1.0,False,0.25,1.0,False,0.1433685232114424,0.1433685232114424,0.014405268212374811,0.91,1.0,True,0.08530852117938384,0.08530852117938384,0.013443072702331962,0.75,1.0,True,0.36,1.0,False,0.13953102610999152,0.13953102610999152,0.011796982167352537,0.95,1.0,True,0.06356753235554163,0.06356753235554163,0.0924554183813443,0.12,0.99,False,0.14,0.96,False,0.12581142532648615,0.12581142532648615,0.06502057613168724,0.25,1.0,False,0.04880358919427913,0.04880358919427913,0.1373113854595336,0.05,0.96,False,0.08,0.93,False,0.07539689203230332,0.07539689203230332,0.048285322359396435,0.3,1.0,False,0100,0000,early_only_discovery,True,True,False,False,True,True,False,3,KLF1_347;KLF1_395;KLF1_636,False,False,day 7,0.1433685232114424,5861,3,KLF1_347;KLF1_395;KLF1_636,True,not_applicable,1.400006426542989,0.25062852554558,3.0,66.0,-0.35836404207482114,0.10051158959784316,0.000681541758916398,-0.1479812584060664,0.09220491865273556,0.11328685286460334,-0.1473761587895063,0.13970529104332788,0.2953140887010499,-0.051973035325757866,0.13154950219769002,0.6940552904634814,-0.21038278366875474,0.13639767837922612,0.1277525098858318,-0.21098788328531484,0.1721050492838203,0.22458320683827107,-0.3063910067490633,0.16555316720602273,0.06868705403412194,-0.0006050996165601064,0.1673897110615181,0.9971266255389399,-0.09600822308030854,0.16064563035519394,0.552125421551538,-0.09540312346374843,0.19189278223518727,0.6207221608209763,3.0,True,True,2.0,False,True,3.0,True,True,2.0,False,False,0.026392457678617615,0.5319902826963446,0.7608428958236271,0.9419015592129285,0.7200639762827725,0.04138817226874126,True,True,False,0.6969343346361728,False,True,False,0.796196179669227,False,True,False,0.8928696252714978,False,True,False,0.7036203151686252,0.8101975634633577,0.5783475635294838,0.9996403572873457,0.9474705950534867,0.9656578665652241,True,1000,localized_support_no_detected_heterogeneity,True,True,True,True
KLF1,RUVBL1,RUVBL1,ENSG00000175792,-0.0478889398351349,0.0478889398351349,False,0.041056598596100946,0.041056598596100946,0.24845657840581697,0.09,0.95,False,0.11,0.91,False,0.05751912933239428,0.05751912933239428,0.19152147070928796,0.01,0.98,False,-0.041487916327675296,0.041487916327675296,0.17160493827160495,0.1,0.95,False,0.12,0.9,False,-0.059770293178134475,0.059770293178134475,0.1628257887517147,0.02,0.99,False,-0.12871891931217075,0.12871891931217075,0.0035665294924554186,0.86,1.0,True,0.8,1.0,True,-0.18169797179314814,0.18169797179314814,0.017146776406035666,0.87,1.0,True,-0.04788893983513494,0.04788893983513494,0.14362139917695474,0.09,0.91,False,0.15,0.98,False,-0.04265367259498719,0.04265367259498719,0.23772290809327845,0.05,0.9,False,0010,0010,day11_only_preterminal_discovery,True,True,True,True,True,True,False,3,KLF1_347;KLF1_395;KLF1_636,False,False,day 11,-0.18169797179314814,7100,3,KLF1_347;KLF1_395;KLF1_636,True,not_applicable,5.7425441212822586,0.0014907171015152243,3.0,66.0,-0.04025893509329939,0.08677681380082096,0.6442197821196158,-0.027690439846794073,0.07960523845520767,0.7290620893880314,0.07093656996264261,0.12061474777547951,0.5584554480110252,-0.523846812027136,0.11357343668997742,1.882560439773448e-05,-0.012568495246505319,0.11775911600777582,0.9153265070887793,-0.111195505055942,0.1485871218994597,0.45690626135905144,0.4835878769338366,0.1429305458430586,0.0012083179153964958,-0.09862700980943669,0.1445161284094374,0.4973341796262545,0.4961563721803419,0.13869361741292482,0.0006559953766155204,0.5947833819897785,0.1656708873113042,0.0006296649216977048,3.0,True,False,3.0,True,True,2.0,False,True,3.0,True,True,0.9319736100831693,0.9419015592129285,0.9019577963573542,0.00186303759076839,0.04568903011189885,0.9524932568200137,False,False,False,0.9927742498208394,False,False,False,0.8674479124802615,False,True,False,0.000584907150590076,True,False,False,0.9965627067753294,0.9200187463748499,0.07626674338439614,0.9342929379894017,0.053639601087919375,0.0531304632876716,True,0001,time_varying_support_candidate,True,False,True,False
KLF1,CDH1,CDH1,ENSG00000039068,0.0443972499757197,0.0443972499757197,False,0.08457408383425087,0.08457408383425087,0.029633694608313898,0.43,0.99,False,0.26,0.98,False,0.15069990816114853,0.15069990816114853,0.011112635478117711,0.95,1.0,True,0.015060561982524886,0.015060561982524886,0.6004115226337449,0.0,0.78,False,0.01,0.64,False,0.03178955960017581,0.03178955960017581,0.4294924554183813,0.0,0.85,False,-0.0029841282265763024,0.0029841282265763024,0.937037037037037,0.0,0.52,False,0.0,0.55,False,0.02171687393301915,0.02171687393301915,0.7176954732510288,0.0,0.65,False,0.04439724997571971,0.04439724997571971,0.17407407407407408,0.06,0.93,False,0.03,0.91,False,0.05897775534252934,0.05897775534252934,0.11069958847736626,0.12,0.99,False,0000,0000,never_selected,False,False,False,False,True,True,True,3,KLF1_347;KLF1_395;KLF1_636,False,False,day 7,0.15069990816114853,27656,3,KLF1_347;KLF1_395;KLF1_636,True,not_applicable,1.3977195938135756,0.25130455148790165,3.0,66.0,-0.35990434039349434,0.10029641605972967,0.0006331927407390825,-0.10885136848406268,0.09200752789752653,0.24102544022154063,-0.14924470143167748,0.13940621228149308,0.2882604190951147,-0.10096017725331569,0.13126788321287242,0.44456842027831406,-0.25105297190943165,0.13610568049953128,0.06959199035640375,-0.21065963896181686,0.17173660965880025,0.22431460884389887,-0.25894416314017865,0.16519875374110643,0.12178716188042288,0.040393332947614796,0.16703136595408305,0.8096610740737672,-0.007891191230746997,0.1603017228634877,0.9608869740543609,-0.04828452417836179,0.19148198136080855,0.8016992837636071,3.0,True,True,3.0,True,True,3.0,True,True,3.0,True,True,0.024880750047865125,0.7161395699212942,0.7569946815289831,0.8486792033911281,0.7200639762827725,0.040283119125114966,True,True,False,0.9003702514484283,False,True,False,0.796196179669227,False,True,False,0.7272915420959954,False,True,False,0.5813689962659458,0.8101975634633577,0.68945341063545,0.9880863570968909,0.9982838727405401,0.9880863570968909,True,1000,localized_support_no_detected_heterogeneity,True,True,True,True
KLF1,VCL,VCL,ENSG00000035403,-0.042419475049404,0.042419475049404,False,-0.0836148086134933,0.0836148086134933,0.031417204006036495,0.33,1.0,False,0.26,0.96,False,-0.15156868307151267,0.15156868307151267,0.01083824941692962,0.89,1.0,True,-0.05049408161886948,0.05049408161886948,0.10246913580246914,0.15,0.99,False,0.14,0.96,False,-0.08866553134688243,0.08866553134688243,0.0561042524005487,0.34,1.0,False,-0.049587298238654653,0.049587298238654653,0.18998628257887518,0.19,0.91,False,0.11,0.87,False,-0.12502090491299392,0.12502090491299392,0.06748971193415639,0.3,1.0,False,-0.042419475049404035,0.042419475049404035,0.19204389574759945,0.1,0.91,False,0.09,0.85,False,-0.06045950302197158,0.06045950302197158,0.10205761316872428,0.16,0.95,False,0000,0000,never_selected,False,False,False,False,True,True,True,3,KLF1_347;KLF1_395;KLF1_636,False,False,day 7,-0.15156868307151267,18216,3,KLF1_347;KLF1_395;KLF1_636,True,not_applicable,3.602289485401298,0.017877041069154442,3.0,66.0,0.1880237173369958,0.1106095888628309,0.09386091585245342,0.1504114337292684,0.10146837975716083,0.14300704606843254,0.11272926876443269,0.15374092546036325,0.4660074807302711,0.67779376543829,0.14476575697802713,1.460500789946026e-05,0.03761228360772739,0.1501010101196786,0.8029174142802074,0.07529444857256311,0.1893957584261418,0.6922441581949211,-0.4897700481012942,0.18218563483937394,0.009081695471593864,0.037682164964835715,0.18420668894465356,0.8385418619901941,-0.5273823317090216,0.17678505729830388,0.003995046478373549,-0.5650644966738573,0.21117148613113035,0.009390888162114058,3.0,True,True,3.0,True,True,2.0,False,False,3.0,True,True,0.5006955020940802,0.5749806395266512,0.859489431596009,0.0016260242128065757,0.2412497663473771,0.5387001520201095,False,True,False,0.7252350141954083,False,True,False,0.8541998559636355,False,True,False,0.0005273592041534841,True,True,False,0.9880863570968909,0.9781415459777569,0.24011788163324285,0.9899936503197948,0.1585361018348632,0.24376661505225472,True,0001,localized_support_no_detected_heterogeneity,True,True,True,True
KLF1,TKT,TKT,ENSG00000163931,-0.0317723030771548,0.0317723030771548,False,0.024160285758822165,0.024160285758822165,0.4918370146796543,0.03,0.72,False,0.0,0.71,False,0.01603301655062626,0.01603301655062626,0.7058581424063658,0.0,0.68,False,-0.005983943712575546,0.005983943712575546,0.8345679012345679,0.0,0.64,False,0.0,0.61,False,-0.07228015444231431,0.07228015444231431,0.1017832647462277,0.05,1.0,False,-0.04243805146129269,0.04243805146129269,0.2578875171467764,0.04,0.92,False,0.06,0.88,False,-0.16509748284975032,0.16509748284975032,0.02400548696844993,0.79,1.0,True,-0.03177230307715482,0.03177230307715482,0.3159122085048011,0.02,0.88,False,0.03,0.86,False,-0.039579137885477775,0.039579137885477775,0.2722908093278464,0.01,0.88,False,0000,0000,never_selected,False,False,False,False,True,True,True,3,KLF1_347;KLF1_395;KLF1_636,False,False,day 11,-0.16509748284975032,6573,3,KLF1_347;KLF1_395;KLF1_636,True,not_applicable,3.2928679068653564,0.025859206294923505,3.0,66.0,-0.03962126234372128,0.06190811392955867,0.5243874475868607,-0.046769720676591776,0.056791785222564346,0.4131727899538058,0.07855851630646711,0.08604869457420349,0.364589600304764,-0.2766690357274869,0.08102529869457044,0.0010966136966582202,0.0071484583328704976,0.08401143635887369,0.9324481375293522,-0.11817977865018839,0.106004681067582,0.26895601150567555,0.23704777338376562,0.10196917965179272,0.02317400545479836,-0.1253282369830589,0.10310036230145085,0.2284697390677631,0.22989931505089511,0.09894647996422222,0.023244043852749245,0.355227552033954,0.11819254150101399,0.0037463316998088557,3.0,True,False,3.0,True,True,3.0,True,True,3.0,True,True,0.8868121898430962,0.8295163384253018,0.807978348622351,0.03653438070680842,0.2808772326017707,0.9086661867393593,False,False,False,0.9453972277138268,False,False,False,0.8319525381072855,False,True,False,0.014087268257070983,True,False,False,0.9982838727405401,0.8444776295454348,0.36750346257127803,0.8157305041684283,0.36750346257127803,0.1516696712407464,True,0001,localized_support_no_detected_heterogeneity,True,False,True,False
KLF1,PTBP3,PTBP3,ENSG00000119314,0.0273317560160064,0.0273317560160064,False,-0.027683379005923783,0.027683379005923783,0.43160927424886814,0.02,0.8200000000000001,False,0.06,0.87,False,-0.07095108296561145,0.07095108296561145,0.11935793661681987,0.07,0.99,False,-0.06777573537185771,0.06777573537185771,0.03401920438957476,0.27,1.0,False,0.32,0.96,False,-0.1205261546737583,0.1205261546737583,0.021810699588477367,0.78,1.0,True,0.005569301953546266,0.005569301953546266,0.8847736625514403,0.0,0.54,False,0.0,0.55,False,-0.07255630003855938,0.07255630003855938,0.24046639231824418,0.01,1.0,False,0.027331756016006424,0.027331756016006424,0.3849108367626886,0.01,0.87,False,0.01,0.79,False,0.052686754729545544,0.052686754729545544,0.15020576131687244,0.05,0.97,False,0000,0000,never_selected,False,False,False,False,True,True,True,3,KLF1_347;KLF1_395;KLF1_636,False,False,day 9,-0.1205261546737583,17032,3,KLF1_347;KLF1_395;KLF1_636,True,not_applicable,10.723087548692256,7.882296154141954e-06,3.0,66.0,0.019412376160366576,0.04423845365815596,0.662230750056647,0.04212585557341339,0.040582414796080504,0.3030431322381654,0.0989234578332614,0.06148888967279921,0.11243303556475362,-0.31119926161884826,0.057899258981084445,1.0765787431741981e-06,-0.02271347941304681,0.06003310064244509,0.7063854060414014,-0.07951108167289482,0.0757490880160183,0.2977011279768217,0.3306116377792148,0.07286538940144012,2.47126893741734e-05,-0.05679760225984801,0.07367371270592248,0.4434969851868044,0.3533251171922616,0.0707054211587755,4.537436912228848e-06,0.41012271945210965,0.08445831956505151,7.690974253929455e-06,2.0,False,True,3.0,True,True,3.0,True,True,3.0,True,True,0.9376651810562664,0.7669397121200087,0.5319902826963446,0.00018558828398461017,0.0010396604888538578,0.9524932568200137,False,True,True,0.9068685138589497,False,True,True,0.6465368318662738,False,True,False,5.992955003669703e-05,True,False,False,0.9821873492975115,0.8578979442925232,0.006603230600779133,0.9200187463748499,0.0018186047144213222,0.0028023113463408415,True,0001,late_onset_support_detected,True,True,True,True
KLF1,METAP2,METAP2,ENSG00000111142,0.0231721586529608,0.0231721586529608,False,0.08276916419351188,0.08276916419351188,0.03347509946494718,0.45,1.0,False,0.15,0.96,False,0.14455302492175506,0.14455302492175506,0.013582110028810537,0.9,1.0,True,0.05862386294239765,0.05862386294239765,0.06255144032921811,0.23,0.98,False,0.26,0.98,False,0.08906919178426534,0.08906919178426534,0.05363511659807956,0.3,1.0,False,-0.006028567734906591,0.006028567734906591,0.8747599451303155,0.0,0.5800000000000001,False,0.0,0.64,False,-0.021235984439437472,0.021235984439437472,0.7229080932784636,0.0,0.77,False,0.02317215865296085,0.02317215865296085,0.457201646090535,0.0,0.87,False,0.02,0.76,False,0.04782603481204135,0.04782603481204135,0.18655692729766804,0.04,0.98,False,0000,0000,never_selected,False,False,False,False,True,True,True,3,KLF1_347;KLF1_395;KLF1_636,False,False,day 7,0.14455302492175506,22310,3,KLF1_347;KLF1_395;KLF1_636,True,not_applicable,1.9111788959499965,0.13631617512233357,3.0,66.0,-0.12527351952845278,0.07133966771849037,0.08372510004635704,-0.09371749036682264,0.065443878512073,0.15685478643631023,-0.05303047041817831,0.09915800835926554,0.5945800576742817,-0.3363312767286739,0.0933693100752374,0.0006058656348311488,-0.03155602916163013,0.09681037870439087,0.7454880829021739,-0.07224304911027447,0.12215424189098305,0.5562670430266695,0.2110577572002211,0.1175039414407468,0.07704327780902795,-0.04068701994864434,0.11880745707437365,0.7330916021771476,0.24261378636185124,0.11402074065111482,0.03709275680701907,0.2833008063104956,0.13619889384903977,0.041407702626927466,3.0,True,True,3.0,True,True,3.0,True,True,3.0,True,True,0.4685098792122848,0.5972044467379166,0.9143700225068665,0.023983303352130808,0.5569370335273323,0.4905997090435658,False,True,False,0.7584316285098731,False,True,False,0.8777187047804155,False,True,False,0.008894906463015547,True,True,False,0.9850567405753945,0.9474705950534867,0.6010334415779586,0.9826139013631341,0.45187771818398914,0.4767499263681139,True,0001,localized_support_no_detected_heterogeneity,True,True,False,True
KLF1,AKAP13,AKAP13,ENSG00000170776,-0.0225848646088952,0.0225848646088952,False,-0.08053667584319342,0.08053667584319342,0.038002469474550694,0.33,0.99,False,0.32,1.0,False,-0.15444770056414095,0.15444770056414095,0.010289477294553437,0.94,1.0,True,-0.04485208425239532,0.04485208425239532,0.14170096021947873,0.09,0.99,False,0.05,0.94,False,-0.0941340873649589,0.0941340873649589,0.0458161865569273,0.32,1.0,False,-0.016872724527753045,0.016872724527753045,0.6539094650205761,0.0,0.75,False,0.0,0.6599999999999999,False,-0.10225274937626076,0.10225274937626076,0.12112482853223594,0.04,1.0,False,-0.022584864608895198,0.022584864608895198,0.4683127572016461,0.01,0.78,False,0.06,0.8200000000000001,False,-0.022203137396497707,0.022203137396497707,0.5323731138545953,0.0,0.75,False,0000,0000,never_selected,False,False,False,False,True,True,True,3,KLF1_347;KLF1_395;KLF1_636,False,False,day 7,-0.15444770056414095,26191,3,KLF1_347;KLF1_395;KLF1_636,True,not_applicable,3.025643151295358,0.03562170326429134,3.0,66.0,0.154548525939704,0.08533167578062069,0.0746683532490478,0.1221288705084898,0.07827953229408056,0.12350385853206672,-0.02276375009395798,0.11860608958474099,0.8483884120332665,0.4443540315066413,0.11168204100192854,0.00017478399572325127,0.03241965543121419,0.11579801409225009,0.7803782083486539,0.17731227603366198,0.14611262566291996,0.2292517236591311,-0.2898055055669373,0.14055025141879124,0.04315510146680616,0.14489262060244779,0.142109428479477,0.3116483276982249,-0.32222516099815146,0.13638388269343424,0.021102133989387237,-0.46711778160059925,0.162911886518265,0.005551602716122248,3.0,True,True,3.0,True,True,2.0,False,False,3.0,True,True,0.4472703177564866,0.5440541327177986,0.9742384108480666,0.009729642428594322,0.32508278561060544,0.46615383149872835,False,True,False,0.7002391644619972,False,True,False,0.9598047219719297,False,False,False,0.0036486159107228704,True,True,False,0.9874199310427386,0.817110634438237,0.48194379956629413,0.8659178491608218,0.35686646847875125,0.18619936139094537,True,0001,localized_support_no_detected_heterogeneity,True,True,False,True
KLF1,HIPK2,HIPK2,ENSG00000064393,0.0196847605637561,0.0196847605637561,False,-0.06068751239869595,0.06068751239869595,0.09713266566058444,0.15,0.98,False,0.05,0.99,False,-0.1309641451768096,0.1309641451768096,0.0197557964055426,0.71,1.0,True,-0.0035709839371068546,0.0035709839371068546,0.902880658436214,0.0,0.61,False,0.0,0.6599999999999999,False,-0.053969691382611464,0.053969691382611464,0.2,0.01,1.0,False,0.0007774118149289026,0.0007774118149289026,0.9844993141289438,0.0,0.53,False,0.0,0.54,False,-0.019046642367456287,0.019046642367456287,0.7499314128943758,0.0,0.79,False,0.01968476056375611,0.01968476056375611,0.5304526748971193,0.01,0.71,False,0.0,0.73,False,0.01962288761095776,0.01962288761095776,0.5857338820301783,0.0,0.8,False,0000,0000,never_selected,False,False,False,False,True,True,True,3,KLF1_347;KLF1_395;KLF1_636,False,False,day 7,-0.1309641451768096,14363,3,KLF1_347;KLF1_395;KLF1_636,True,not_applicable,3.113655572872859,0.03205111082221111,3.0,66.0,0.17455795254368436,0.12083873815365975,0.15331443071481926,0.11571056351763342,0.11085215213625971,0.30037331944671203,0.3525687627939258,0.16795885082119708,0.03963350378235413,0.6743980351254893,0.15815366082571697,6.531791249799513e-05,0.05884738902605094,0.16398231694853313,0.7208421289923505,-0.1780108102502414,0.2069110345238888,0.39272420617650033,-0.499840082581805,0.19903412036920878,0.014483364460278819,-0.23685819927629234,0.2012420810924434,0.24343018157568178,-0.5586874716078559,0.19313409866156822,0.005168284511368026,-0.3218292723315636,0.23070057650936432,0.16769027412208454,3.0,True,True,3.0,True,True,3.0,True,True,3.0,True,True,0.593427222657898,0.764378580534871,0.33604704136247365,0.004654118991857146,0.3148550298417209,0.6167622928582073,False,True,False,0.9068685138589497,False,True,False,0.5799590709531628,False,True,False,0.0015866314744967544,True,True,False,0.9821873492975115,0.9119579938348295,0.3039231662659555,0.826372544034298,0.1803986873569004,0.7513724076929177,True,0001,localized_support_no_detected_heterogeneity,True,True,True,False
KLF1,CAST,CAST,ENSG00000153113,-0.0187821484028734,0.0187821484028734,False,0.07910757159174132,0.07910757159174132,0.04033475099464947,0.36,1.0,False,0.36,1.0,False,0.1339680900671471,0.1339680900671471,0.017835093977225956,0.83,1.0,True,0.01561142916110389,0.01561142916110389,0.5888888888888889,0.0,0.77,False,0.01,0.77,False,0.04721630475685259,0.04721630475685259,0.25761316872427986,0.0,0.94,False,-0.025684686786255632,0.025684686786255632,0.4890260631001372,0.05,0.76,False,0.01,0.8200000000000001,False,-0.036790019489604635,0.036790019489604635,0.5385459533607682,0.0,0.84,False,-0.018782148402873438,0.018782148402873438,0.551440329218107,0.02,0.65,False,0.01,0.8200000000000001,False,-0.006291457959599163,0.006291457959599163,0.8600823045267489,0.0,0.55,False,0000,0000,never_selected,False,False,False,False,True,True,True,3,KLF1_347;KLF1_395;KLF1_636,False,False,day 7,0.1339680900671471,10210,3,KLF1_347;KLF1_395;KLF1_636,True,not_applicable,1.2481044899084974,0.299465633982747,3.0,66.0,-0.1325647540370536,0.05455781459294275,0.017835127886426452,-0.10961390272174992,0.05004894337599116,0.03205311995276079,-0.06340867846093301,0.07583220399648863,0.40607597430099246,-0.250013655609738,0.07140523176890931,0.0008353481305635849,-0.022950851315303666,0.07403682776977331,0.7575434762036735,-0.06915607557612058,0.09341883266302885,0.461755625211037,0.11744890157268437,0.08986246300391268,0.19575327174163026,-0.04620522426081691,0.09085934126999946,0.6127733805658264,0.14039975288798803,0.08719864595866623,0.11214591792322653,0.18660497714880495,0.10415963847353121,0.07779300345485954,3.0,True,True,3.0,True,True,2.0,False,True,3.0,True,True,0.2200641782028152,0.3028717298028037,0.8271695710349283,0.03093379126273095,0.7417497380146161,0.2377663995141823,False,True,False,0.4364352319716255,False,True,False,0.8404297581517728,False,True,False,0.011605695111251193,True,True,False,0.9854533011065566,0.9227055813234613,0.7781840284125154,0.9629467591875446,0.6767168565903068,0.6016558026243264,True,0001,localized_support_no_detected_heterogeneity,True,True,False,False
KLF1,PAQR9,PAQR9,ENSG00000188582,0.0181250807250502,0.0181250807250502,False,0.030159827669963484,0.030159827669963484,0.39415557689669367,0.0,0.88,False,0.0,0.89,False,0.04841671994082518,0.04841671994082518,0.2638221978323501,0.0,0.97,False,0.05657550419380693,0.05657550419380693,0.06954732510288066,0.16,0.98,False,0.17,0.99,False,0.12237817445642492,0.12237817445642492,0.0205761316872428,0.81,1.0,True,0.04632974803544919,0.04632974803544919,0.21742112482853224,0.04,0.95,False,0.03,0.94,False,0.13874115958940922,0.13874115958940922,0.04567901234567901,0.35,1.0,False,0.018125080725050334,0.018125080725050334,0.5643347050754458,0.0,0.72,False,0.0,0.91,False,0.028501549661933172,0.028501549661933172,0.4253772290809328,0.0,0.94,False,0000,0000,never_selected,False,False,False,False,True,True,True,3,KLF1_347;KLF1_395;KLF1_636,False,False,day 9,0.12237817445642492,7270,3,KLF1_347;KLF1_395;KLF1_636,True,not_applicable,2.510690382111973,0.06621082791040339,3.0,66.0,0.703393766526496,0.17624193842120547,0.00016763009387760805,0.2825033726612694,0.1616766152077291,0.08523042684882305,-0.02563098623890636,0.2449660919670017,0.916986135961457,0.11730395910867597,0.2306653328081782,0.6127661603710046,0.4208903938652266,0.2391663621069903,0.08307163217492636,0.7290247527654024,0.30177741312439127,0.018477626513092666,0.58608980741782,0.290289022558504,0.04755391590108135,0.30813435890017576,0.29350930840198847,0.2976261100727808,0.16519941355259343,0.28168390735811594,0.5595597031647824,-0.14293494534758233,0.3364741921352857,0.6723626545406945,3.0,True,True,3.0,True,True,2.0,False,True,1.0,False,True,0.009429633912441447,0.47543987586650355,0.9875574176512568,0.9201390134099728,0.4095262318902729,0.018662817118373694,True,False,False,0.6487876781381918,False,False,False,0.9775845932888606,False,True,False,0.8471505840374327,False,False,False,0.6143810212903772,0.3366287593839791,0.4963562608353926,0.8578979442925232,0.9486951312539967,0.9741559490522318,True,1000,localized_support_no_detected_heterogeneity,False,False,True,False
KLF1,FNDC3B,FNDC3B,ENSG00000075420,-0.0141345272505449,0.0141345272505449,False,-0.029568649484330065,0.029568649484330065,0.40183838660996024,0.01,0.83,False,0.04,0.8200000000000001,False,-0.10544666324848402,0.10544666324848402,0.03978597887227329,0.37,1.0,False,-0.06958938367543693,0.06958938367543693,0.03113854595336077,0.43,1.0,False,0.26,0.97,False,-0.14141303635948835,0.14141303635948835,0.011385459533607681,0.96,1.0,True,-0.049585733473645845,0.049585733473645845,0.19012345679012346,0.11,0.94,False,0.09,0.9,False,-0.18042715613416732,0.18042715613416732,0.017558299039780522,0.84,1.0,True,-0.01413452725054495,0.01413452725054495,0.6515775034293553,0.01,0.6599999999999999,False,0.0,0.6699999999999999,False,-0.016876243744973204,0.016876243744973204,0.638957475994513,0.01,0.71,False,0000,0000,never_selected,False,False,False,False,True,True,True,3,KLF1_347;KLF1_395;KLF1_636,False,False,day 11,-0.18042715613416732,7527,3,KLF1_347;KLF1_395;KLF1_636,True,not_applicable,4.032911288999471,0.010734110295360965,3.0,66.0,0.1404199684659666,0.08928515704113427,0.12056715928777322,0.19894922883127067,0.08190628239801674,0.017871978544165754,0.060956028857103925,0.12410119967447579,0.6249285301721608,0.5824249831700963,0.11685635466913191,4.765044116079264e-06,-0.05852926036530407,0.12116302391457409,0.6306502607269919,0.07946393960886268,0.15288213443206544,0.6049610771908633,-0.4420050147041297,0.1470620511703069,0.003745582815762278,0.13799319997416676,0.14869346608680475,0.35676940786357453,-0.3834757543388256,0.14270265142183447,0.009107805490615994,-0.5214689543129923,0.17045971778459,0.0032056700129158237,3.0,True,True,3.0,True,True,2.0,False,False,3.0,True,True,0.5378738720574415,0.2200641782028152,0.9253926891871176,0.0005921952501471532,0.18995126764856107,0.5794162762894425,False,True,False,0.32496460272527944,False,True,False,0.8844044776740199,False,True,False,0.0001929120890630878,True,True,False,0.9668196144497649,0.9599331066394635,0.1516696712407464,0.8957439914253037,0.24011788163324285,0.14436320687378226,True,0001,localized_support_no_detected_heterogeneity,True,True,True,True
KLF1,BCL11A,BCL11A,ENSG00000119866,0.0097779124812794,0.0097779124812794,False,0.07607825813337171,0.07607825813337171,0.04595966524900535,0.24,1.0,False,0.33,0.99,False,0.14363796458681044,0.14363796458681044,0.014268075181780766,0.95,1.0,True,0.06563421488240093,0.06563421488240093,0.0401920438957476,0.28,1.0,False,0.31,0.99,False,0.12950079132058348,0.12950079132058348,0.01577503429355281,0.91,1.0,True,0.025738040694737004,0.025738040694737004,0.4883401920438957,0.0,0.79,False,0.01,0.84,False,0.14242805604513123,0.14242805604513123,0.041700960219478736,0.47,1.0,False,0.009777912481279407,0.009777912481279407,0.7561042524005487,0.0,0.68,False,0.0,0.63,False,0.03980751655810939,0.03980751655810939,0.2691358024691358,0.02,0.91,False,0000,0000,never_selected,False,False,False,False,True,True,True,3,KLF1_347;KLF1_395;KLF1_636,False,False,day 7,0.14363796458681044,4042,3,KLF1_347;KLF1_395;KLF1_636,True,not_applicable,1.4353505008432745,0.24039730274057525,3.0,66.0,-0.39774679785905537,0.10716147591459886,0.0004250115541432581,-0.15064708769780694,0.09830523235128197,0.1301930512178604,-0.16253540072269992,0.14894824806952273,0.27914350592709236,-0.08602435236998346,0.1402528690247451,0.5417518114372464,-0.24709971016124843,0.14542180245009567,0.09399213235464503,-0.23521139713635544,0.18349158706375407,0.20437489067046785,-0.3117224454890719,0.17650622988967687,0.08200859032217381,0.011888313024892988,0.17846428020928892,0.9470899663328514,-0.06462273532782348,0.17127400846979618,0.7071566570484048,-0.07651104835271647,0.20458848421319414,0.7096213998403796,3.0,True,True,3.0,True,True,3.0,True,True,2.0,False,False,0.018827236215247473,0.554545816622156,0.752147327672387,0.892833409120203,0.7051575041061867,0.02988502296502068,True,True,False,0.7028384197242142,False,True,False,0.796196179669227,False,True,False,0.8105043897874146,False,True,False,0.6460323545802047,0.7922239850714818,0.6106104614897421,0.9982838727405401,0.9821873492975115,0.9821873492975115,True,1000,localized_support_no_detected_heterogeneity,True,True,True,True
KLF1,MAST4,MAST4,ENSG00000069020,-0.0049227693888947,0.0049227693888947,False,-0.07201547388863572,0.07201547388863572,0.05638633557415283,0.25,1.0,False,0.4,1.0,False,-0.13068043402230814,0.13068043402230814,0.019892989436136644,0.81,1.0,True,-0.06765957911344286,0.06765957911344286,0.03484224965706447,0.33,1.0,False,0.22,1.0,False,-0.13425921235314323,0.13425921235314323,0.01440329218106996,0.97,1.0,True,-0.0437725841900156,0.0437725841900156,0.2438957475994513,0.03,0.92,False,0.02,0.99,False,-0.13347163922583039,0.13347163922583039,0.0532235939643347,0.33,1.0,False,-0.004922769388894762,0.004922769388894762,0.8737997256515775,0.0,0.53,False,0.0,0.53,False,0.0020165876411688275,0.0020165876411688275,0.9567901234567902,0.01,0.51,False,0000,0000,never_selected,False,False,False,False,True,True,True,3,KLF1_347;KLF1_395;KLF1_636,False,False,day 9,-0.13425921235314323,9928,3,KLF1_347;KLF1_395;KLF1_636,True,not_applicable,3.0039812773239714,0.03656054837642598,3.0,66.0,0.09656646317098545,0.08324319913209088,0.25020678663309437,0.17697928824756554,0.07636365552547793,0.023582140071530523,0.2191140875742377,0.11570322794274072,0.06264108461099346,0.4978297068874286,0.10894864414127942,2.200474600480571e-05,-0.08041282507658008,0.11296387956758025,0.4790691699917626,-0.12254762440325224,0.14253654674543914,0.39303202673632115,-0.4012632437164432,0.13711031056039544,0.004696425708990301,-0.04213479932667216,0.13863132705699552,0.7621341923247573,-0.3208504186398631,0.13304591292270868,0.018673580921627065,-0.27871561931319094,0.1589246488641487,0.08411415229027792,3.0,True,True,3.0,True,True,3.0,True,True,3.0,True,True,0.7258985167031793,0.2561442206143478,0.41765584530015604,0.0020994040505903965,0.3288019510170656,0.7534400260358262,False,True,False,0.3733840521134461,False,True,False,0.5799590709531628,False,True,False,0.0006532964591648984,True,True,False,0.928806017251152,0.9119579938348295,0.171165217773227,0.9854533011065566,0.3391203944288715,0.6171400917048468,True,0001,localized_support_no_detected_heterogeneity,True,True,True,False
KLF1,ELOVL6,ELOVL6,ENSG00000170522,0.0006118412957716,0.0006118412957716,False,-0.02721195502038577,0.02721195502038577,0.4392920839621347,0.02,0.84,False,0.02,0.9299999999999999,False,-0.019799450428774363,0.019799450428774363,0.6365756619563726,0.0,0.8,False,-0.06744452517480556,0.06744452517480556,0.03539094650205761,0.43,1.0,False,0.19,0.97,False,-0.11857473191986041,0.11857473191986041,0.02290809327846365,0.73,1.0,True,-0.030911236087487585,0.030911236087487585,0.40617283950617283,0.01,0.9,False,0.0,0.85,False,-0.14822843331538865,0.14822843331538865,0.03676268861454047,0.52,1.0,False,0.0006118412957716515,0.0006118412957716515,0.98559670781893,0.0,0.52,False,0.0,0.51,False,-0.010700600923275799,0.010700600923275799,0.7647462277091907,0.02,0.6699999999999999,False,0000,0000,never_selected,False,False,False,False,True,True,True,3,KLF1_347;KLF1_395;KLF1_636,False,False,day 9,-0.11857473191986041,8773,3,KLF1_347;KLF1_395;KLF1_636,True,not_applicable,2.5357097277075824,0.064243317483223,3.0,66.0,0.0480983638385416,0.07410444270275812,0.5185507360372624,0.12342285065035438,0.06798016167640769,0.07397902864994192,0.20409184937550548,0.1030008855378265,0.05170821077736367,0.3737575018987045,0.09698784575181228,0.00026607975484533236,-0.07532448681181278,0.1005622732929048,0.45649849556549843,-0.15599348553696388,0.12688834008632474,0.2232956845521718,-0.3256591380601629,0.1220578168404781,0.009589092916694054,-0.0806689987251511,0.12341185033507501,0.5156038959021829,-0.2503346512483501,0.11843962430338864,0.038332899394763226,-0.169665652523199,0.14147729374409793,0.23472128387588023,2.0,False,True,3.0,True,True,3.0,True,True,3.0,True,True,0.8839840269016991,0.4462121095996497,0.3806180143171232,0.013166020461976445,0.4010704306429249,0.908313054424438,False,True,False,0.6169110892439668,False,True,False,0.5799590709531628,False,True,False,0.004937257673241167,True,True,False,0.9200187463748499,0.8090401967442853,0.24384751894866033,0.9384833854568343,0.4611341372896451,0.8232308659744325,True,0001,localized_support_no_detected_heterogeneity,True,True,True,True
NFE2,RHCE,RHCE,ENSG00000188672,0.211384766030027,0.211384766030027,True,0.058410108452127525,0.058410108452127525,0.09740705172177254,0.14,0.98,False,0.04,0.96,False,0.06367938786155626,0.06367938786155626,0.0691452874193991,0.18,1.0,False,0.07268028291869018,0.07268028291869018,0.021810699588477367,0.47,1.0,False,0.28,0.99,False,0.11722836743939345,0.11722836743939345,0.007407407407407408,0.96,1.0,True,0.11375869563194187,0.11375869563194187,0.02194787379972565,0.52,1.0,False,0.55,1.0,False,0.21276434480733328,0.21276434480733328,0.0069958847736625515,0.99,1.0,True,0.21138476603002693,0.21138476603002693,0.0023319615912208505,1.0,1.0,True,1.0,1.0,True,0.21341237618330067,0.21341237618330067,0.0023319615912208505,1.0,1.0,True,0001,0001,day14_only_discovery,False,False,False,False,True,False,False,3,NFE2_288;NFE2_533;NFE2_682,False,False,day 11,0.21276434480733328,566,3,NFE2_288;NFE2_533;NFE2_682,True,not_applicable,1.2767909324950932,0.2896086072309148,3.0,66.0,0.28664377266029034,0.09383064773157526,0.0032460021269497042,0.3620216140801984,0.08425903917807566,5.830358886566482e-05,0.1030857543707975,0.12473303760934895,0.4115260552561547,0.1635832903246341,0.11514782881256082,0.16012951267709882,-0.07537784141990805,0.12611017459721258,0.5520760724928527,0.18355801828949284,0.1560849804593069,0.24381412451386433,0.12306048233565625,0.1485369076491556,0.4103823817014261,0.2589358597094009,0.15052546746138262,0.09007970793500435,0.1984383237555643,0.1426835945841683,0.16897038482794863,-0.060497535953836584,0.16975674699846857,0.7226944122981259,3.0,True,True,3.0,True,True,3.0,True,True,3.0,True,True,0.0741309203693129,0.004433734096314521,0.8294817003015713,0.6038159577709163,0.7316785729785412,0.08503252630597656,False,False,False,0.008091564725774002,True,False,False,0.8404297581517728,False,False,False,0.42362976027050303,False,False,False,0.9474705950534867,0.826372544034298,0.9170097198622331,0.639007910448668,0.7541573523278597,0.9821873492975115,True,0100,localized_support_no_detected_heterogeneity,False,False,False,False
NFE2,AC079804.3,AC079804.3,ENSG00000287860,0.1962997010649382,0.1962997010649382,True,0.03469678205930245,0.03469678205930245,0.3195225682535327,0.01,0.88,False,0.02,0.81,False,0.038894946384328326,0.038894946384328326,0.2640965838935382,0.03,0.96,False,0.05243662547404319,0.05243662547404319,0.08367626886145405,0.16,0.99,False,0.17,1.0,False,0.08864400261496837,0.08864400261496837,0.023593964334705075,0.56,1.0,False,0.17968994522617243,0.17968994522617243,0.0012345679012345679,0.99,1.0,True,1.0,1.0,True,0.24219320684153736,0.24219320684153736,0.0016460905349794238,1.0,1.0,True,0.19629970106493816,0.19629970106493816,0.0027434842249657062,1.0,1.0,True,1.0,1.0,True,0.19839426153617162,0.19839426153617162,0.002606310013717421,1.0,1.0,True,0011,0011,cross_time_discovery,True,False,True,False,True,False,False,3,NFE2_288;NFE2_533;NFE2_682,False,False,day 11,0.24219320684153736,13141,3,NFE2_288;NFE2_533;NFE2_682,True,not_applicable,0.44846284454849483,0.7192156652456765,3.0,66.0,-0.4014425427815335,0.11564484907129435,0.0009181887992205935,-0.22265311493684925,0.10384798681680431,0.03571849530875919,-0.3179548698938891,0.15373157552746092,0.04253921698136735,-0.3243304185425403,0.1419179511795562,0.025513037816775573,-0.17878942784468427,0.15542887596140423,0.2541722614254441,-0.08348767288764444,0.1923723691980682,0.665711160993012,-0.0771121242389932,0.18306948403195258,0.6749646678853498,0.09530175495703982,0.18552035381612067,0.6091775076313554,0.10167730360569106,0.17585536452694883,0.5651054886227412,0.006375548648651239,0.20922261393348068,0.975782138931898,3.0,True,True,3.0,True,True,3.0,True,True,3.0,True,True,0.03315406042591116,0.3179259487726271,0.3481401341733998,0.2683430460249811,0.9652234712301234,0.049124723397162985,True,True,False,0.4467123144733427,False,True,False,0.5799590709531628,False,True,False,0.14584749664363042,False,True,False,0.8335861533991612,0.9741559490522318,0.9750435714126805,0.9609189875520745,0.9492635366303214,0.9982838727405401,True,1000,localized_support_no_detected_heterogeneity,True,True,True,True
NFE2,SGMS1,SGMS1,ENSG00000198964,0.1748298017244999,0.1748298017244999,True,0.008023306965821767,0.008023306965821767,0.8147894086980382,0.0,0.59,False,0.01,0.52,False,0.017057041193189616,0.017057041193189616,0.6201124982850871,0.0,0.76,False,0.06153105911404525,0.06153105911404525,0.04348422496570645,0.34,1.0,False,0.24,0.98,False,0.08507626705285694,0.08507626705285694,0.028395061728395062,0.45,1.0,False,0.11240982803399557,0.11240982803399557,0.02345679012345679,0.59,1.0,False,0.56,1.0,False,0.17951949838006645,0.17951949838006645,0.018381344307270234,0.89,1.0,True,0.1748298017244999,0.1748298017244999,0.0049382716049382715,1.0,1.0,True,0.98,1.0,True,0.17574986179241617,0.17574986179241617,0.004526748971193415,0.99,1.0,True,0001,0001,day14_only_discovery,False,False,False,False,True,False,False,3,NFE2_288;NFE2_533;NFE2_682,True,True,day 11,0.17951949838006645,18017,3,NFE2_288;NFE2_533;NFE2_682,True,not_applicable,3.442994661259223,0.021613323136718862,3.0,66.0,-0.09729308533284045,0.04243800841148166,0.025066794154861377,-0.1153076117309989,0.038108932420587334,0.0035332863213993404,-0.20449403272270938,0.0564146345274978,0.0005632414666311227,-0.2892202011328585,0.05207940737754158,5.385952381966267e-07,0.01801452639815845,0.05703749019872698,0.7531231612519795,0.10720094738986893,0.07059458581792327,0.13365344744595936,0.1919271158000181,0.06718072067735593,0.005716132003372432,0.08918642099171048,0.06808011250804483,0.19472984518825143,0.17391258940185964,0.06453336658685044,0.008920983614013358,0.08472616841014916,0.07677809363136778,0.2738086967303463,3.0,True,True,3.0,True,True,3.0,True,True,3.0,True,True,0.26631599992759286,0.07867450875649198,0.022976812196005492,0.00011992720637178222,0.26013873613203964,0.2774812809273849,False,True,False,0.13746242846398207,False,True,False,0.07524905994191798,False,True,False,3.997573545726074e-05,True,True,False,0.9854533011065566,0.7087514960084847,0.1868682915465111,0.7781840284125154,0.23757675963432254,0.8500582931798822,True,0001,localized_support_no_detected_heterogeneity,True,True,True,True
NFE2,ACSL6,ACSL6,ENSG00000164398,0.1575918467570387,0.1575918467570387,True,-0.01629224824265173,0.01629224824265173,0.6417889971189463,0.0,0.6599999999999999,False,0.0,0.63,False,-0.009778605800168445,0.009778605800168445,0.7777472904376458,0.0,0.53,False,0.02839854650195594,0.02839854650195594,0.3307270233196159,0.03,0.85,False,0.03,0.87,False,0.051105135781642844,0.051105135781642844,0.15198902606310014,0.05,0.98,False,0.10780151450356347,0.10780151450356347,0.0289437585733882,0.39,1.0,False,0.49,1.0,False,0.151746273993436,0.151746273993436,0.038820301783264746,0.43,1.0,False,0.15759184675703877,0.15759184675703877,0.007681755829903978,0.98,1.0,True,0.98,1.0,True,0.15738139091959313,0.15738139091959313,0.007681755829903978,0.94,1.0,True,0001,0001,day14_only_discovery,False,False,False,False,False,False,False,3,NFE2_288;NFE2_533;NFE2_682,False,False,day 14,0.1575918467570387,10437,3,NFE2_288;NFE2_533;NFE2_682,True,not_applicable,2.0725384419399036,0.11227740829465226,3.0,66.0,0.35959171301048165,0.2319772843915784,0.1258959103127576,0.8838993978818039,0.20831341961839672,7.03211925465e-05,0.4629110098234868,0.3083771884566485,0.1380938835938926,0.055085631696940196,0.2846796998347414,0.8471613834757951,-0.5243076848713223,0.31178188091484943,0.09736333096642463,-0.10331929681300517,0.38588852125208195,0.7897314321362098,0.30450608131354145,0.3672274390234064,0.40997852867641976,0.4209883880583171,0.37214375065764255,0.26204284355966667,0.8288137661848638,0.3527563072307974,0.021798054917038377,0.4078253781265466,0.4196891967378071,0.33473185909997344,3.0,True,True,3.0,True,True,3.0,True,True,2.0,False,True,0.5474269688457092,0.004944690170638105,0.5685305460233456,0.9740168746330999,0.5088619945661136,0.5840171395064033,False,False,False,0.008540828476556727,True,False,False,0.6825334613106093,False,False,False,0.9428673968638903,False,False,False,0.6521006690221265,0.9876376309629992,0.9170097198622331,0.8404202618123955,0.36135338153720975,0.8831402819050457,True,0100,localized_support_no_detected_heterogeneity,True,False,False,False
NFE2,ACKR1,ACKR1,ENSG00000213088,0.1543335717316595,0.1543335717316595,True,0.00343274718620793,0.00343274718620793,0.9244066401426807,0.0,0.5,False,0.0,0.55,False,0.00506004568898897,0.00506004568898897,0.8821511867197146,0.0,0.57,False,0.02002979388571873,0.02002979388571873,0.48669410150891634,0.0,0.89,False,0.02,0.72,False,0.030683789103095344,0.030683789103095344,0.3750342935528121,0.01,0.93,False,0.10479249313083361,0.10479249313083361,0.033196159122085046,0.42,1.0,False,0.45,1.0,False,0.13376857928807992,0.13376857928807992,0.06213991769547325,0.3,1.0,False,0.1543335717316595,0.1543335717316595,0.008367626886145405,0.91,1.0,True,0.96,1.0,True,0.15716486998139365,0.15716486998139365,0.007818930041152264,0.95,1.0,True,0001,0001,day14_only_discovery,False,False,False,False,False,False,False,3,NFE2_288;NFE2_533;NFE2_682,False,False,day 14,0.1543335717316595,2262,3,NFE2_288;NFE2_533;NFE2_682,True,not_applicable,1.6590319741737054,0.184342988046738,3.0,66.0,0.5639775661973657,0.1333347421378314,7.367700109525439e-05,0.2914429280337517,0.11973334441567048,0.01764245222732498,0.16364170169007342,0.17724749650336613,0.3592459631210241,0.17344500053452755,0.16362677263377123,0.29300670733462086,0.272534638163614,0.1792044285890377,0.1330859764503643,0.4003358645072923,0.22179907231021678,0.07564449937012376,0.39053256566283817,0.21107314889276144,0.06875813723098778,0.1278012263436783,0.21389892188057516,0.5522286532951134,0.11799792749922416,0.20275550421013344,0.5625685720068111,-0.009803298844454134,0.24122685534420635,0.9677061134144711,3.0,True,True,3.0,True,True,3.0,True,True,3.0,True,True,0.005096772091098674,0.21918155339127013,0.8025629012281806,0.7596238329821456,0.6345451346852475,0.012304059182907483,True,False,False,0.32496460272527944,False,False,False,0.8295611529141906,False,False,False,0.5967331722546547,False,False,False,0.7087514960084847,0.5974925097552357,0.5783475635294838,0.9474705950534867,0.9492635366303214,0.9982838727405401,True,1000,localized_support_no_detected_heterogeneity,False,False,False,False
NFE2,HMOX1,HMOX1,ENSG00000100292,-0.1533903101048274,0.1533903101048274,True,0.07225855856485568,0.07225855856485568,0.04294141857593634,0.3,0.96,False,0.29,0.97,False,0.06853636713322661,0.06853636713322661,0.05007545616682672,0.16,0.98,False,-0.040617472582774594,0.040617472582774594,0.16858710562414267,0.05,0.97,False,0.01,0.91,False,-0.04254882043060128,0.04254882043060128,0.22085048010973937,0.03,0.99,False,-0.007740493279848736,0.007740493279848736,0.8624142661179698,0.0,0.56,False,0.0,0.56,False,0.008166887698903348,0.008166887698903348,0.9037037037037037,0.0,0.59,False,-0.15339031010482754,0.15339031010482754,0.008641975308641974,0.98,1.0,True,0.98,1.0,True,-0.15592343762804095,0.15592343762804095,0.007956104252400549,0.99,1.0,True,0001,0001,day14_only_discovery,False,False,False,False,False,False,False,3,NFE2_288;NFE2_533;NFE2_682,True,True,day 14,-0.1533903101048274,34925,3,NFE2_288;NFE2_533;NFE2_682,True,not_applicable,3.356331278660652,0.023969729671969392,3.0,66.0,0.48042941521354454,0.25683190758893115,0.06583548821350069,1.4510844621379397,0.23063263748986537,2.87997052467037e-08,1.4263011955728027,0.34141748738872485,8.836513910127236e-05,1.4539401548865634,0.31518099089815577,1.878277940675092e-05,-0.9706550469243952,0.34518696706466306,0.006477555923988286,-0.9458717803592581,0.4272335771572727,0.030292533445779674,-0.9735107396730189,0.4065731001668858,0.019494384133516424,0.024783266565137074,0.41201615765690774,0.9522169816498056,-0.0028556927486237393,0.39055149532305594,0.9941880172740978,-0.027638959313760814,0.4646557410797519,0.9527474193267192,3.0,True,True,3.0,True,True,3.0,True,True,3.0,True,True,0.42645436243993656,1.282546873653205e-05,0.005563423728406126,0.00186303759076839,0.26910553648530344,0.4456919735331868,False,True,False,1.282546873653205e-05,True,True,False,0.01999849237762816,True,True,False,0.000584907150590076,True,True,False,0.19668215260109886,0.41006396110777954,0.34269075266286764,0.9982838727405401,0.9996403572873457,0.9982838727405401,True,0111,localized_support_no_detected_heterogeneity,False,True,False,True
NFE2,ANKH,ANKH,ENSG00000154122,0.1492173912901664,0.1492173912901664,True,0.03726117853742681,0.03726117853742681,0.28755659212512,0.01,0.91,False,0.02,0.84,False,0.04305238697269298,0.04305238697269298,0.21813691864453286,0.01,0.97,False,0.02759516347395309,0.02759516347395309,0.345679012345679,0.01,0.9,False,0.01,0.88,False,0.07413770109119149,0.07413770109119149,0.04979423868312757,0.25,1.0,False,0.037489547556281144,0.037489547556281144,0.40548696844993143,0.0,0.88,False,0.01,0.84,False,0.11689593981637185,0.11689593981637185,0.09259259259259259,0.15,1.0,False,0.14921739129016648,0.14921739129016648,0.010013717421124828,0.96,1.0,True,0.96,1.0,True,0.15186857267191087,0.15186857267191087,0.009327846364883402,0.97,1.0,True,0001,0001,day14_only_discovery,False,False,False,False,False,False,False,3,NFE2_288;NFE2_533;NFE2_682,False,False,day 14,0.1492173912901664,9548,3,NFE2_288;NFE2_533;NFE2_682,True,not_applicable,1.9750012579332108,0.12625472228453835,3.0,66.0,0.18399868422896726,0.05981871998678301,0.003052521170201472,0.17623382379750036,0.053716647948200934,0.0016556888558341093,0.012741002652096822,0.07951954750647712,0.8731933835429775,0.27240084999321745,0.07340880506899344,0.000426290340951524,0.007764860431466899,0.08039749702352744,0.9233519247531349,0.17125768157687044,0.09950697310486346,0.0899245151854866,-0.0884021657642502,0.09469494137763974,0.3539405469617101,0.16349282114540353,0.09596268390591124,0.09313936930930865,-0.0961670261957171,0.09096334936911919,0.2942717539189575,-0.25965984734112063,0.10822296936090946,0.019257821742107134,3.0,True,True,3.0,True,True,2.0,False,False,3.0,True,True,0.07228681674985796,0.04861539145921692,0.9762429984158906,0.018827236215247473,0.5408305073747149,0.08503252630597656,False,False,False,0.10533334816163667,False,False,False,0.9673187068104626,False,False,False,0.007031159203842421,True,False,False,0.9966977752487107,0.638472022787299,0.8941655923243202,0.6440737440502984,0.85466752877332,0.34191025511347095,True,0001,localized_support_no_detected_heterogeneity,False,False,False,False
NFE2,NFIA,NFIA,ENSG00000162599,0.1483754542034812,0.1483754542034812,True,0.05014528024892719,0.05014528024892719,0.1539305803265194,0.18,0.94,False,0.07,0.71,False,0.06159506997866114,0.06159506997866114,0.0790231856221704,0.19,0.98,False,0.10397950508952467,0.10397950508952467,0.0027434842249657062,0.89,1.0,True,0.69,1.0,False,0.11770033998015951,0.11770033998015951,0.007270233196159122,0.9,1.0,True,0.035396610390497664,0.035396610390497664,0.4305898491083676,0.01,0.92,False,0.02,0.83,False,0.08057687343402593,0.08057687343402593,0.2326474622770919,0.02,1.0,False,0.1483754542034814,0.1483754542034814,0.0102880658436214,0.95,1.0,True,0.88,1.0,True,0.14656231374337608,0.14656231374337608,0.010425240054869684,0.95,1.0,True,0101,0001,cross_time_discovery,True,False,False,False,True,False,False,3,NFE2_288;NFE2_533;NFE2_682,False,False,day 14,0.1483754542034812,1200,3,NFE2_288;NFE2_533;NFE2_682,True,not_applicable,14.63408423390113,2.0815016096667902e-07,3.0,66.0,-0.008176804522620828,0.027346229802837286,0.7658716929099623,-0.04001260694986512,0.024556657169430837,0.10799257534644077,-0.2559314749627707,0.03635249668348354,1.3735368133764347e-09,-0.19687252000250874,0.03355896036244054,1.5742548366769627e-07,0.0318358024272443,0.036753852801666154,0.38952421347861965,0.24775467044014987,0.045489782364309755,8.164827343066854e-07,0.18869571547988792,0.04328995385811171,4.678087873383567e-05,0.21591886801290558,0.04386950451577544,6.0162237496679665e-06,0.15685991305264363,0.041584050210925996,0.00034858196769056677,-0.05905895496026195,0.04947431490915803,0.23685684896038486,2.0,False,False,3.0,True,True,3.0,True,True,3.0,True,True,0.9494635938379633,0.5240335387463908,9.175225913354584e-07,4.9487163807068755e-05,6.977530671855277e-05,0.9571605067611877,False,True,True,0.6967828112611246,False,True,True,9.175225913354584e-07,True,True,False,1.752670384833685e-05,False,True,False,0.9112596041863233,0.00046749468558588504,0.009628745523063479,0.0022964785513018295,0.033836538867872135,0.8254194344534163,True,0010,time_varying_support_candidate,True,True,True,True
NFE2,CD58,CD58,ENSG00000116815,0.1437980778346896,0.1437980778346896,True,0.05391307456327163,0.05391307456327163,0.12443407874879957,0.07,1.0,False,0.1,0.95,False,0.06164679848717706,0.06164679848717706,0.07847441349979421,0.13,1.0,False,0.09186329907732625,0.09186329907732625,0.006721536351165981,0.83,1.0,True,0.58,1.0,False,0.11498381995059342,0.11498381995059342,0.007818930041152264,0.92,1.0,True,0.1189108328278092,0.1189108328278092,0.018381344307270234,0.62,1.0,False,0.46,1.0,False,0.16747598964410718,0.16747598964410718,0.02496570644718793,0.69,1.0,False,0.14379807783468965,0.14379807783468965,0.011111111111111112,0.92,1.0,True,0.93,1.0,True,0.14593234481729891,0.14593234481729891,0.010699588477366255,0.94,1.0,True,0101,0001,cross_time_discovery,True,False,False,False,True,False,False,3,NFE2_288;NFE2_533;NFE2_682,True,True,day 14,0.1437980778346896,1758,3,NFE2_288;NFE2_533;NFE2_682,True,not_applicable,8.608081765771638,6.667930595908885e-05,3.0,66.0,-0.0009176289163221996,0.04217421420018703,0.982706600438254,-0.07373292263481457,0.037872047699850774,0.055804879700443864,-0.23375647309884728,0.056063961756137724,9.089251551652249e-05,-0.3011674078650635,0.051755682332279236,1.8992013907868303e-07,0.07281529371849237,0.056682945763104314,0.2034202905176631,0.2328388441825251,0.0701557706193648,0.0014739453422973965,0.30024977894874133,0.06676312602839278,2.854828399106114e-05,0.16002355046403272,0.06765692724897761,0.020967052667340842,0.22743448523024895,0.06413222786290504,0.000724242689581917,0.06741093476621624,0.07630084181366201,0.3801791835201205,1.0,False,False,3.0,True,True,3.0,True,True,3.0,True,True,0.9973924089128843,0.393951488928893,0.0055830988841413355,5.638517906869344e-05,0.005938903517422847,0.9986119631440229,False,True,True,0.5605663103743834,False,True,False,0.01999849237762816,False,True,False,1.9517946600701577e-05,True,True,False,0.7915040309526734,0.08817273032728307,0.007382033692656326,0.35686646847875125,0.055822398073929295,0.9056723658090952,True,0001,late_onset_support_detected,True,True,True,True
NFE2,PPIP5K2,PPIP5K2,ENSG00000145725,0.1411353145746861,0.1411353145746861,True,-0.015169356607767553,0.015169356607767553,0.6659349705034984,0.01,0.71,False,0.03,0.8200000000000001,False,-0.010286375636570077,0.010286375636570077,0.7651255316229936,0.0,0.6799999999999999,False,0.012723552933255718,0.012723552933255718,0.6648834019204389,0.0,0.61,False,0.01,0.68,False,0.028200359646282307,0.028200359646282307,0.4149519890260631,0.0,0.87,False,-0.0160364262292977,0.0160364262292977,0.712482853223594,0.0,0.6799999999999999,False,0.0,0.74,False,-0.001295692301656337,0.001295692301656337,0.9843621399176955,0.0,0.53,False,0.14113531457468603,0.14113531457468603,0.012208504801097394,0.89,1.0,True,0.92,1.0,True,0.14421448451660873,0.14421448451660873,0.011522633744855968,0.89,1.0,True,0001,0001,day14_only_discovery,False,False,False,False,False,False,False,3,NFE2_288;NFE2_533;NFE2_682,True,False,day 14,0.1411353145746861,10249,3,NFE2_288;NFE2_533;NFE2_682,True,not_applicable,8.863789167405573,5.1154234475196405e-05,3.0,66.0,0.013466375994137494,0.04848709011534033,0.7820868833896972,0.03676653172261642,0.04354095089854665,0.4014893067915113,-0.020486012778252866,0.06445593397400606,0.7516175122036322,0.3545880579960394,0.05950276681657823,1.0897176176067677e-07,-0.02330015572847893,0.06516757102273169,0.7218267901319709,0.03395238877239036,0.0806570848240535,0.6751611333813522,-0.3411216820019019,0.07675660992175994,3.452776706347361e-05,0.05725254450086929,0.07778420038549656,0.46431230968540477,-0.31782152627342297,0.07373190397635025,5.550406047029134e-05,-0.3750740707742923,0.08772198517640553,6.273047754293142e-05,2.0,False,False,2.0,False,True,2.0,False,False,3.0,True,True,0.9572772113684247,0.8240116190763576,0.9446801025180657,3.639656842806604e-05,0.0052570813276048,0.9707943882699456,False,False,True,0.9394981412090057,False,False,True,0.9246418013849471,False,True,False,1.3235115792024014e-05,True,False,False,0.9821873492975115,0.9751513890392879,0.008059137265707183,0.9228341020228686,0.01059334639832989,0.01142835245418496,True,0001,late_onset_support_detected,True,False,False,False
NFE2,CPLANE1,CPLANE1,ENSG00000197603,0.1359015500343776,0.1359015500343776,True,-0.005206068031529072,0.005206068031529072,0.8821511867197146,0.0,0.6,False,0.0,0.61,False,-0.0033046443344879137,0.0033046443344879137,0.9248182192344628,0.0,0.54,False,0.017439503403312167,0.017439503403312167,0.5467764060356652,0.01,0.86,False,0.02,0.73,False,0.027644073473980124,0.027644073473980124,0.42565157750342936,0.0,0.88,False,0.057563324395388644,0.057563324395388644,0.21001371742112482,0.04,0.96,False,0.01,0.98,False,0.10570905962917672,0.10570905962917672,0.12661179698216735,0.09,1.0,False,0.1359015500343777,0.1359015500343777,0.014814814814814815,0.84,1.0,True,0.9,1.0,True,0.13294003202306962,0.13294003202306962,0.01673525377229081,0.85,1.0,True,0001,0001,day14_only_discovery,False,False,False,False,False,False,False,3,NFE2_288;NFE2_533;NFE2_682,True,True,day 14,0.1359015500343776,9702,3,NFE2_288;NFE2_533;NFE2_682,True,not_applicable,8.672828186356647,6.233971833916792e-05,3.0,66.0,-0.1879186861846198,0.09100353855593768,0.04285897378960554,0.08898547960888128,0.08172032172754501,0.2801569321880887,-0.2637699317717284,0.12097484214064312,0.03280061953978872,-0.6081593832271719,0.11167843484309779,8.188618314082101e-07,-0.2769041657935011,0.1223104861120071,0.02686995606684988,0.07585124558710861,0.15138215370596217,0.6179973397140383,0.42024069704255207,0.14406150366668422,0.004824470013937837,0.3527554113806097,0.1459901483464107,0.018453165088792852,0.6971448628360531,0.13838455041028785,3.894641622732137e-06,0.3443894514554435,0.16464199111999817,0.04031253125033301,3.0,True,True,3.0,True,True,3.0,True,True,3.0,True,True,0.3481401341733998,0.752147327672387,0.30537719655162177,0.0001562856295373384,0.005938903517422847,0.3623553994727742,False,True,False,0.9068685138589497,False,False,False,0.5410077494463916,False,True,False,4.97272457618804e-05,True,True,False,0.39736030073162404,0.9649684130928174,0.17274785454945013,0.3366287593839791,0.0016431288025168845,0.4721066702357386,True,0001,time_varying_support_candidate,False,False,True,True
NFE2,RIPOR3,RIPOR3,ENSG00000042062,0.1357763569227049,0.1357763569227049,True,0.04844054079473773,0.04844054079473773,0.16861023460008231,0.05,0.92,False,0.05,0.98,False,0.054465192746389085,0.054465192746389085,0.1200439017697901,0.14,0.97,False,0.05589618120645994,0.05589618120645994,0.06556927297668039,0.17,0.99,False,0.1,0.98,False,0.08074466968269894,0.08074466968269894,0.0355281207133059,0.43,1.0,False,0.060832725537733015,0.060832725537733015,0.1860082304526749,0.08,0.97,False,0.05,0.94,False,0.13491706769151798,0.13491706769151798,0.060905349794238686,0.26,1.0,False,0.13577635692270498,0.13577635692270498,0.015089163237311385,0.87,1.0,True,0.84,1.0,True,0.1349078486190246,0.1349078486190246,0.015912208504801097,0.83,1.0,True,0001,0001,day14_only_discovery,False,False,False,False,False,False,False,3,NFE2_288;NFE2_533;NFE2_682,True,False,day 14,0.1357763569227049,33603,3,NFE2_288;NFE2_533;NFE2_682,True,not_applicable,6.643733788467097,0.0005458381128723356,3.0,66.0,0.0481985481956807,0.051632207045452565,0.3539657138253164,0.14211010795068085,0.04636523632170672,0.003151628099482282,-0.024773106104378037,0.0686368705636346,0.7193044969567304,0.3519798627877836,0.06336241603162016,5.352896246430975e-07,-0.09391155975500014,0.0693946679763812,0.18057804507400232,0.07297165430005874,0.085888909674961,0.3986160900914019,-0.3037813145921029,0.08173543032093607,0.0004181508175547935,0.16688321405505888,0.08282967547888163,0.04800533786483477,-0.20986975483710274,0.0785145267102326,0.009463042936745302,-0.37675296889216164,0.09341207505527989,0.00014522792993826897,2.0,False,True,3.0,True,True,2.0,False,False,3.0,True,True,0.8025629012281806,0.07322739375492746,0.9419015592129285,0.00011992720637178222,0.023458345470966403,0.8319188032396556,False,False,False,0.1275931860881312,False,False,False,0.9170421180098868,False,True,False,3.997573545726074e-05,True,False,False,0.768558712209625,0.913974553515918,0.03808973810817301,0.4984595703685434,0.24384751894866033,0.021166310661548435,True,0001,late_amplification_support_detected,False,False,True,False
NFE2,PRR5,PRR5,ENSG00000186654,0.1342859652715215,0.1342859652715215,True,0.04079695634637158,0.04079695634637158,0.24434078748799562,0.02,0.95,False,0.03,0.82,False,0.04596295640089597,0.04596295640089597,0.1868569076690904,0.05,0.93,False,-2.399289227057879e-05,2.399289227057879e-05,0.9994513031550069,0.0,0.54,False,0.01,0.52,False,0.003732290805710777,0.003732290805710777,0.915363511659808,0.0,0.57,False,0.024746504425372073,0.024746504425372073,0.5799725651577503,0.0,0.82,False,0.0,0.78,False,0.04494770077785683,0.04494770077785683,0.4941015089163237,0.0,0.94,False,0.13428596527152148,0.13428596527152148,0.01577503429355281,0.87,1.0,True,0.9,1.0,True,0.13183735205689165,0.13183735205689165,0.01700960219478738,0.79,1.0,True,0001,0001,day14_only_discovery,False,False,False,False,False,False,False,3,NFE2_288;NFE2_533;NFE2_682,False,False,day 14,0.1342859652715215,35171,3,NFE2_288;NFE2_533;NFE2_682,True,not_applicable,1.3182792404755195,0.27588773948713224,3.0,66.0,0.20740790458577324,0.06543109634692387,0.002312698707810212,0.14911319808246992,0.058756509134750966,0.013523513457457148,0.08759893536983324,0.08698031612026658,0.3175589899057523,0.3043914999860201,0.08029624502568991,0.0003276932856124536,0.05829470650330333,0.08794063756229255,0.5097114389042321,0.11980896921594,0.10884302348585295,0.2750038972832339,-0.09698359540024686,0.10357951213626208,0.35252186045592443,0.06151426271263667,0.10496619816914197,0.5598483248339435,-0.1552783019035502,0.09949781068409348,0.12339598143662296,-0.21679256461618684,0.11837678132812673,0.071557883500097,3.0,True,True,3.0,True,True,3.0,True,True,3.0,True,True,0.061795309472688874,0.18765625851952655,0.7738915631309953,0.015497282462946477,0.7213033658606824,0.0800154494944539,False,False,False,0.29686604831367724,False,False,False,0.8006379353018673,False,False,False,0.00583730972770984,True,False,False,0.9369059606182812,0.8503280238270976,0.8928326171926352,0.9487835168622458,0.6940279165527093,0.5865707215370122,True,0001,localized_support_no_detected_heterogeneity,False,False,False,False
NFE2,CA8,CA8,ENSG00000178538,0.1342370387221671,0.1342370387221671,True,0.011069589037391794,0.011069589037391794,0.751543421594183,0.0,0.7,False,0.0,0.53,False,0.015144092768640526,0.015144092768640526,0.6604472492797366,0.0,0.73,False,0.015282455206290698,0.015282455206290698,0.5979423868312758,0.0,0.73,False,0.01,0.68,False,0.02176177799570219,0.02176177799570219,0.5289437585733882,0.01,0.88,False,-0.03481452936496657,0.03481452936496657,0.4374485596707819,0.0,0.84,False,0.0,0.88,False,-0.014722110583172944,0.014722110583172944,0.8183813443072703,0.0,0.6699999999999999,False,0.13423703872216713,0.13423703872216713,0.015912208504801097,0.81,1.0,True,0.76,1.0,True,0.13553673692559715,0.13553673692559715,0.015226337448559672,0.88,1.0,True,0001,0001,day14_only_discovery,False,False,False,False,False,False,False,3,NFE2_288;NFE2_533;NFE2_682,True,False,day 14,0.1342370387221671,15377,3,NFE2_288;NFE2_533;NFE2_682,True,not_applicable,2.6019065099748935,0.05931581898502004,3.0,66.0,0.09909578291920412,0.08425128341968022,0.24374277765747884,0.11499785253566944,0.07565686012069495,0.1332893398585349,0.18603675178039075,0.11199878459206776,0.10144495776014087,0.4363728823418069,0.10339214952667589,7.6088736019047e-05,-0.015902069616465307,0.11323532682509319,0.888744954846385,-0.08694096886118663,0.14014994294670147,0.5371684973012774,-0.33727709942260276,0.133372468454362,0.013842288872480629,-0.07103889924472132,0.1351580120948174,0.6009284431875682,-0.32137502980613747,0.12811673219009648,0.014591119022160424,-0.2503361305614161,0.15242593064779658,0.1052749460669673,3.0,True,True,3.0,True,True,3.0,True,True,3.0,True,True,0.72043190406131,0.5619944316280261,0.5153249565306015,0.005147065889693508,0.39211547978507005,0.745572834351779,False,False,False,0.7122982322040105,False,False,False,0.6364929855405221,False,False,False,0.0017782226096658654,True,False,False,0.9952063201289499,0.9424256236303434,0.29908298544960843,0.9599331066394635,0.30458960958759884,0.6629265100172232,True,0001,localized_support_no_detected_heterogeneity,False,False,True,False
NFE2,DCAF11,DCAF11,ENSG00000100897,0.1267869571428407,0.1267869571428407,True,0.021533849010561792,0.021533849010561792,0.5376594868980655,0.01,0.78,False,0.01,0.83,False,0.023514280107712913,0.023514280107712913,0.4971875428728221,0.02,0.8,False,0.052710931800105935,0.052710931800105935,0.08189300411522633,0.13,1.0,False,0.11,0.92,False,0.07422930222160569,0.07422930222160569,0.04938271604938271,0.18,1.0,False,0.05358005728718328,0.05358005728718328,0.24375857338820303,0.04,0.96,False,0.04,0.96,False,0.11681794507597323,0.11681794507597323,0.09327846364883402,0.1,1.0,False,0.1267869571428408,0.1267869571428408,0.018381344307270234,0.84,1.0,True,0.79,1.0,True,0.12340529747365361,0.12340529747365361,0.020164609053497942,0.76,1.0,True,0001,0001,day14_only_discovery,False,False,False,False,False,False,False,3,NFE2_288;NFE2_533;NFE2_682,True,False,day 14,0.1267869571428407,23983,3,NFE2_288;NFE2_533;NFE2_682,True,not_applicable,5.489521022329827,0.0019855555613748107,3.0,66.0,0.027865176774071812,0.05998655888008128,0.6438013731184811,0.10011065596257106,0.053867365695844334,0.06756299367538962,0.11039024821189838,0.07974266282643074,0.1709200197837346,0.3980912422775557,0.07361477491595524,9.480723818192691e-07,-0.07224547918849925,0.08062307568731968,0.3734618216987211,-0.08252507143782657,0.09978616898610385,0.41120631965255966,-0.3702260655034839,0.09496063569816815,0.00022887184070693266,-0.010279592249327327,0.09623193524843844,0.9152550205698163,-0.2979805863149847,0.09121857361818687,0.0017283872345145686,-0.28770099406565736,0.10852662051578206,0.010038045163287079,2.0,False,True,3.0,True,True,3.0,True,True,3.0,True,True,0.931874904450504,0.430855176851172,0.6247146747355634,0.0001747068554635232,0.05644047297865419,0.9524932568200137,False,False,False,0.5977758910617254,False,False,False,0.7209993983463685,False,False,False,5.507063922219754e-05,True,False,False,0.9019795006739827,0.9170097198622331,0.025481064932038503,0.9965627067753294,0.10039675414397668,0.24803882229700683,True,0001,late_amplification_support_detected,False,False,False,False
NFE2,WRN,WRN,ENSG00000165392,0.1209234471591345,0.1209234471591345,True,0.009627845720300031,0.009627845720300031,0.7833722046920016,0.01,0.72,False,0.03,0.51,False,0.017335958049929715,0.017335958049929715,0.6155851282754836,0.03,0.82,False,0.019076347450235887,0.019076347450235887,0.5100137174211248,0.01,0.79,False,0.04,0.77,False,0.029671969853573982,0.029671969853573982,0.39163237311385457,0.01,0.79,False,-0.020784035162913186,0.020784035162913186,0.6359396433470508,0.0,0.75,False,0.0,0.77,False,0.012023092589271518,0.012023092589271518,0.8530864197530864,0.0,0.66,False,0.12092344715913453,0.12092344715913453,0.02139917695473251,0.71,1.0,True,0.73,1.0,True,0.12456026406070904,0.12456026406070904,0.019753086419753086,0.82,1.0,True,0001,0001,day14_only_discovery,False,False,False,False,False,False,False,3,NFE2_288;NFE2_533;NFE2_682,True,False,day 14,0.1209234471591345,15124,3,NFE2_288;NFE2_533;NFE2_682,True,not_applicable,11.28846258941721,4.549700066025598e-06,3.0,66.0,0.01331595394866979,0.04054036897910026,0.7436025520981291,0.035219081502271904,0.03640487005776215,0.3368620282396473,-0.07767512902880795,0.05389202239158519,0.15422500485365917,0.31159228055783683,0.04975064736372482,3.232176771137183e-08,-0.021903127553602117,0.05448702672090062,0.6889917566519101,0.09099108297747774,0.06743790917886403,0.1818649941936547,-0.29827632660916703,0.06417669693955348,1.655287427872396e-05,0.11289421053107986,0.06503587195830982,0.08725235018815598,-0.2763731990555649,0.061647720777269994,3.003534755178986e-05,-0.38926740958664474,0.07334491796003877,1.395895316403613e-06,1.0,False,True,2.0,False,True,3.0,True,True,3.0,True,True,0.9446801025180657,0.7850809764119822,0.593427222657898,1.3286732819197773e-05,0.0007597999110262748,0.9524932568200137,False,False,True,0.9068685138589497,False,False,True,0.7120563830746209,False,True,False,5.3977352077990955e-06,True,False,False,0.9772605412312295,0.7697555536448227,0.005307513608730051,0.6287882495659012,0.0075238545617233605,0.0006810317535832252,True,0001,late_onset_support_detected,False,False,True,False
NFE2,PHKB,PHKB,ENSG00000102893,0.1187340081822055,0.1187340081822055,True,0.013143298982734758,0.013143298982734758,0.7033886678556729,0.02,0.72,False,0.02,0.76,False,0.017581956752974724,0.017581956752974724,0.610920565235286,0.03,0.69,False,0.022253129501414247,0.022253129501414247,0.4444444444444444,0.0,0.81,False,0.01,0.79,False,0.01809377314634345,0.01809377314634345,0.6026063100137174,0.0,0.77,False,0.035997692648871,0.035997692648871,0.42194787379972565,0.02,0.89,False,0.0,0.89,False,0.05968091994407902,0.05968091994407902,0.37229080932784636,0.0,0.99,False,0.11873400818220563,0.11873400818220563,0.022770919067215362,0.77,1.0,True,0.78,1.0,True,0.12092509820594737,0.12092509820594737,0.021810699588477367,0.71,1.0,True,0001,0001,day14_only_discovery,False,False,False,False,False,False,False,3,NFE2_288;NFE2_533;NFE2_682,True,True,day 14,0.1187340081822055,27314,3,NFE2_288;NFE2_533;NFE2_682,True,not_applicable,5.04693984148149,0.00329373044624282,3.0,66.0,-0.12424359953502352,0.035854519692500676,0.0009360360623311988,-0.08315975199550962,0.032197021469189645,0.012023043990503796,-0.20008214889080145,0.047662925295621286,8.235323692165519e-05,-0.28365499676567524,0.04400023015421793,1.5414141733282934e-08,-0.04108384753951389,0.04818915618546744,0.39699007347623033,0.07583854935577793,0.0596431138532848,0.20799960977362592,0.1594113972306517,0.056758848085598654,0.006538762504447443,0.11692239689529182,0.0575187155560991,0.046101851963833734,0.2004952447701656,0.054522183055263,0.00047530032398534805,0.08357284787487378,0.06486736237400226,0.20211723308174043,3.0,True,True,3.0,True,True,3.0,True,True,3.0,True,True,0.03357165581944917,0.17507124546390268,0.005378604029770428,8.2373173422664e-06,0.08077100421237784,0.049124723397162985,False,True,False,0.2915943563724744,False,True,False,0.01999849237762816,False,True,False,2.9418990508094284e-06,True,True,False,0.9136866112284442,0.7958591274202317,0.1970478204347771,0.494366369372861,0.042333415522961666,0.7892251785939156,True,0001,localized_support_no_detected_heterogeneity,True,True,True,True
NFE2,SELENBP1,SELENBP1,ENSG00000143416,0.1089530420139348,0.1089530420139348,False,0.003452033681824519,0.003452033681824519,0.9237206749897106,0.0,0.55,False,0.0,0.62,False,0.007949865664316375,0.007949865664316375,0.8161613390039786,0.0,0.58,False,0.01931348478758784,0.01931348478758784,0.5043895747599452,0.02,0.81,False,0.04,0.78,False,0.04282508384586876,0.04282508384586876,0.21865569272976682,0.05,0.94,False,0.11214897436824095,0.11214897436824095,0.02373113854595336,0.55,1.0,False,0.47,1.0,False,0.1727657010892422,0.1727657010892422,0.0205761316872428,0.73,1.0,True,0.10895304201393488,0.10895304201393488,0.029492455418381344,0.63,1.0,False,0.54,1.0,False,0.09896476292928053,0.09896476292928053,0.03717421124828532,0.48,1.0,False,0000,0000,never_selected,False,False,False,False,True,True,True,3,NFE2_288;NFE2_533;NFE2_682,False,False,day 11,0.1727657010892422,1976,3,NFE2_288;NFE2_533;NFE2_682,True,not_applicable,1.3275149423185366,0.272917450792354,3.0,66.0,0.8219503265847533,0.21518126298940604,0.0002977609041267796,0.3874099487575196,0.1932307503671943,0.04907743800710581,0.30090468303787776,0.2860495287858138,0.29666695527433895,0.23749581233820005,0.2640678268070481,0.3717230501201065,0.4345403778272337,0.28920770879972196,0.1377327151297097,0.5210456435468755,0.35794875172334656,0.15023169592725027,0.5844545142465533,0.34063880151314685,0.090897103395349,0.08650526571964184,0.3451991538316036,0.8029055371752449,0.14991413641931955,0.3272154336856165,0.6483487759875083,0.06340887069967771,0.38930213212000675,0.8711119408408836,3.0,True,True,3.0,True,True,3.0,True,True,3.0,True,True,0.014335443888770364,0.3730723025746422,0.7609668478885925,0.8122854981139193,0.7207786772197857,0.023400503994904565,True,False,False,0.5427551212625178,False,False,False,0.796196179669227,False,False,False,0.6720189377002196,False,False,False,0.712858932303976,0.7290830207449266,0.6413307307177085,0.9880863570968909,0.9711694912999083,0.9944724532104793,True,1000,localized_support_no_detected_heterogeneity,False,False,False,False
NFE2,ALAD,ALAD,ENSG00000148218,0.0949689083972068,0.0949689083972068,False,0.04646388258764763,0.04646388258764763,0.18822883797503087,0.01,0.98,False,0.03,0.86,False,0.05391065625168974,0.05391065625168974,0.12333653450404719,0.1,0.98,False,0.06276881513798817,0.06276881513798817,0.03991769547325103,0.28,1.0,False,0.27,0.98,False,0.10274830578844181,0.10274830578844181,0.012894375857338821,0.76,1.0,True,0.04195944079918039,0.04195944079918039,0.35541838134430725,0.04,0.96,False,0.0,0.85,False,0.12616799324442207,0.12616799324442207,0.07489711934156379,0.17,1.0,False,0.0949689083972068,0.0949689083972068,0.04128943758573388,0.3,1.0,False,0.41,1.0,False,0.09882684102044634,0.09882684102044634,0.037448559670781895,0.48,1.0,False,0000,0000,never_selected,False,False,False,False,True,True,True,3,NFE2_288;NFE2_533;NFE2_682,False,False,day 9,0.10274830578844181,17054,3,NFE2_288;NFE2_533;NFE2_682,True,not_applicable,0.7658705895175709,0.5172349782295829,3.0,66.0,0.2266831107277766,0.0732515605929405,0.0028900447095234296,0.34776135024927685,0.06577921247557114,1.5104883364324586e-06,0.22194029797510095,0.09737638909326281,0.025895969456940365,0.21997342411578516,0.089893423559629,0.017073111458747056,-0.12107823952150025,0.09845149020308203,0.22312807226797854,0.0047428127526756465,0.12185217389174369,0.9690695342180439,0.006709686611991444,0.11595955643487126,0.9540331431522955,0.1258210522741759,0.11751198214117935,0.288200580898745,0.12778792613349169,0.11139000131599423,0.25543583618563925,0.0019668738593157974,0.13252542681354915,0.988203418258442,3.0,True,True,3.0,True,True,3.0,True,True,3.0,True,True,0.07102815029517284,0.00022958794455475172,0.2696749745342192,0.21760655784499694,0.8893512624385106,0.08503252630597656,False,False,False,0.0005045031043684412,True,False,False,0.5195779954885281,False,False,False,0.10828762357215488,False,False,False,0.8089527938942179,0.9982838727405401,0.9982838727405401,0.8528662220492289,0.834233368814723,0.9996403572873457,True,0100,localized_support_no_detected_heterogeneity,False,False,False,False
NFE2,MCM4,MCM4,ENSG00000104738,-0.0921961618785027,0.0921961618785027,False,-0.018885373774183162,0.018885373774183162,0.5891068733708328,0.0,0.72,False,0.0,0.6699999999999999,False,-0.015859558745089604,0.015859558745089604,0.6454932089449856,0.01,0.71,False,-0.05387313623999841,0.05387313623999841,0.07585733882030178,0.13,0.99,False,0.2,0.97,False,-0.0690959167532723,0.0690959167532723,0.06213991769547325,0.37,1.0,False,-0.17363117167821107,0.17363117167821107,0.0017832647462277093,1.0,1.0,True,1.0,1.0,True,-0.20838435723124854,0.20838435723124854,0.008093278463648833,0.99,1.0,True,-0.09219616187850277,0.09219616187850277,0.046502057613168724,0.3,1.0,False,0.36,1.0,False,-0.07843472837520575,0.07843472837520575,0.0700960219478738,0.15,1.0,False,0010,0010,day11_only_preterminal_discovery,True,True,True,True,True,True,False,3,NFE2_288;NFE2_533;NFE2_682,False,False,day 11,-0.20838435723124854,15274,3,NFE2_288;NFE2_533;NFE2_682,True,not_applicable,5.605695423441457,0.001740273287217573,3.0,66.0,0.02414291040888669,0.06669580844766272,0.7185193572427825,-0.04066985518575443,0.059892208706494206,0.4994800831473233,0.07961482985698912,0.08866155125868043,0.372469212841114,0.3644124461567479,0.08184828432195117,3.35426079806103e-05,0.06481276559464112,0.08964043467224804,0.4722157471237203,-0.055471919448102425,0.1109468410369711,0.6187475731935359,-0.34026953574786123,0.10558159172381458,0.0019734320112909107,-0.12028468504274355,0.10699508089317886,0.2649971988917392,-0.40508230134250234,0.10142099541115349,0.00016593311503941172,-0.2847976162997588,0.12066487607436793,0.021228021941577198,2.0,False,True,3.0,True,True,3.0,True,True,3.0,True,True,0.9419015592129285,0.8745811154453786,0.8122854981139193,0.0027577184161289453,0.05166678026050394,0.9524932568200137,False,True,False,0.9685129043321101,False,False,False,0.8319525381072855,False,True,False,0.0008786847894528502,True,True,False,0.9264599187423201,0.9653329207316824,0.10476179471859562,0.8425963954276121,0.022875234362299178,0.3574870249657202,True,0001,localized_support_no_detected_heterogeneity,True,False,True,True
NFE2,CA2,CA2,ENSG00000104267,0.0901343728551283,0.0901343728551283,False,0.04311232942829223,0.04311232942829223,0.22115516531760188,0.09,0.88,False,0.09,0.92,False,0.041646519915094285,0.041646519915094285,0.23405131019344216,0.03,0.94,False,0.06025000000026375,0.06025000000026375,0.047736625514403296,0.33,1.0,False,0.19,0.98,False,0.11226998715841977,0.11226998715841977,0.009327846364883402,0.87,1.0,True,0.019960351724256985,0.019960351724256985,0.6477366255144033,0.02,0.72,False,0.0,0.85,False,0.10057387954261861,0.10057387954261861,0.14320987654320988,0.03,1.0,False,0.09013437285512844,0.09013437285512844,0.04910836762688615,0.26,1.0,False,0.21,1.0,False,0.0948952538575524,0.0948952538575524,0.04197530864197531,0.39,1.0,False,0000,0000,never_selected,False,False,False,False,True,True,True,3,NFE2_288;NFE2_533;NFE2_682,False,False,day 9,0.11226998715841977,15599,3,NFE2_288;NFE2_533;NFE2_682,True,not_applicable,2.780753612378389,0.04781886327429852,3.0,66.0,0.023952724779013664,0.10101015936539366,0.8132890297850233,0.13323693799513103,0.0907061731013533,0.14661443752547756,0.022996766880172454,0.1342770652409143,0.8645405398492129,0.4502482126315741,0.1239584381023282,0.000549942803736788,-0.10928421321611738,0.13575957474047592,0.42371968317185765,0.0009559578988412113,0.1680279219199445,0.9954777975503184,-0.42629548785256044,0.15990230352246634,0.009643171595150365,0.1102401711149586,0.16204301925231285,0.4986851193110348,-0.3170112746364431,0.15360112048895153,0.042966429513216164,-0.42725144575140167,0.1827457923632757,0.0224303607835256,3.0,True,False,3.0,True,True,1.0,False,False,3.0,True,True,0.9677890340420727,0.5819298445291974,0.9762429984158906,0.022650529749046723,0.35690503538806045,0.981558390217468,False,False,False,0.735251772261409,False,False,False,0.9645123334125694,False,False,False,0.008349131656731236,True,False,False,0.9190798162615279,0.9996403572873457,0.24384751894866033,0.9342929379894017,0.48103198181276646,0.3622233793357734,True,0001,localized_support_no_detected_heterogeneity,False,False,False,False
NFE2,NME2,NME2,ENSG00000243678,-0.0722772249013726,0.0722772249013726,False,-0.06277107331969758,0.06277107331969758,0.07477020167375498,0.25,0.96,False,0.25,0.94,False,-0.06341723564554139,0.06341723564554139,0.07051721772533956,0.25,0.99,False,0.001350555279411889,0.001350555279411889,0.9603566529492455,0.0,0.54,False,0.0,0.5900000000000001,False,-0.02613896351693842,0.02613896351693842,0.45281207133058987,0.02,0.88,False,-0.1311717952754154,0.1311717952754154,0.010699588477366255,0.75,1.0,True,0.84,1.0,True,-0.2204664050024767,0.2204664050024767,0.004526748971193415,1.0,1.0,True,-0.07227722490137262,0.07227722490137262,0.0906721536351166,0.13,0.99,False,0.09,1.0,False,-0.06992934854463305,0.06992934854463305,0.097119341563786,0.06,1.0,False,0010,0010,day11_only_preterminal_discovery,True,True,True,True,True,True,False,3,NFE2_288;NFE2_533;NFE2_682,False,False,day 11,-0.2204664050024767,29456,3,NFE2_288;NFE2_533;NFE2_682,True,not_applicable,7.945322348875169,0.00013375433611188096,3.0,66.0,0.044474685204795784,0.11693471383128846,0.704916041611879,-0.03735270216050252,0.10500627323999598,0.7231856402529109,0.04721421676244108,0.15544624715670918,0.7622864907058281,0.7822661834110428,0.1435008575131035,8.010693720309371e-07,0.0818273873652983,0.1571624787236381,0.6043497011857031,-0.002739531557645297,0.19451802758076187,0.9888056998955075,-0.737791498206247,0.1851113810812327,0.00017073238941775509,-0.0845669189229436,0.18758958706404102,0.653605407383838,-0.8196188855715453,0.17781679765069647,1.9036284416759437e-05,-0.7350519666486017,0.21155621442562433,0.000909108034710231,3.0,True,True,3.0,True,True,2.0,False,True,3.0,True,True,0.9419015592129285,0.9419015592129285,0.9482595492357041,0.0001562856295373384,0.009927544058081831,0.9524932568200137,False,True,False,0.9927742498208394,False,False,False,0.9339684611792952,False,True,False,4.97272457618804e-05,True,True,False,0.9599331066394635,0.9996403572873457,0.022875234362299178,0.9731389422766711,0.005726524598632066,0.0639246491775194,True,0001,late_amplification_support_detected,True,False,True,True
NFE2,S100A6,S100A6,ENSG00000197956,-0.0720564820645992,0.0720564820645992,False,0.08786661434029641,0.08786661434029641,0.016325970640691453,0.45,1.0,False,0.35,1.0,False,0.08505254582490038,0.08505254582490038,0.018109480038414047,0.29,0.99,False,-0.00944365338793144,0.00944365338793144,0.7528120713305898,0.0,0.7,False,0.01,0.62,False,-0.05998974226757844,0.05998974226757844,0.1,0.08,1.0,False,-0.10938724034588135,0.10938724034588135,0.02757201646090535,0.49,1.0,False,0.58,1.0,False,-0.21905889452634428,0.21905889452634428,0.005349794238683128,1.0,1.0,True,-0.0720564820645992,0.0720564820645992,0.0916323731138546,0.15,0.98,False,0.13,0.98,False,-0.06972269619211369,0.06972269619211369,0.09766803840877915,0.16,0.98,False,0000,0000,never_selected,False,False,False,False,True,True,True,3,NFE2_288;NFE2_533;NFE2_682,False,False,day 11,-0.21905889452634428,2066,3,NFE2_288;NFE2_533;NFE2_682,True,not_applicable,12.962754312285474,9.387981406303798e-07,3.0,66.0,-0.030214092686508823,0.08675151432959019,0.7287360148771944,-0.07625910257981457,0.07790204396291889,0.33119904912481696,0.07113973866338061,0.11532244699510276,0.5394382539325553,0.697427595711366,0.10646040246712005,1.0099769562074942e-08,0.04604500989330575,0.11659568470607144,0.6941813877098432,-0.10135383134988943,0.14430901572464339,0.4849375778724262,-0.7276416883978749,0.13733041371793164,1.4443038686270995e-06,-0.1473988412431952,0.13916894493578244,0.29339872638721953,-0.7736866982911806,0.1319187088591369,1.584208202022234e-07,-0.6262878570479855,0.15694930415391928,0.00016802070900589914,2.0,False,True,3.0,True,True,3.0,True,True,3.0,True,True,0.9419015592129285,0.778833835977591,0.891674921920993,5.997018726636499e-06,0.00020903905264703121,0.9524932568200137,False,False,False,0.9068685138589497,False,False,False,0.8672557247339276,False,True,False,2.248882022488687e-06,True,True,False,0.9786373057670462,0.9306343366591737,0.0006810317535832252,0.8543558740345056,0.00014156581941341827,0.022875234362299178,True,0001,late_amplification_support_detected,True,False,True,True
NFE2,NASP,NASP,ENSG00000132780,-0.0684923768338829,0.0684923768338829,False,-0.03212328013123174,0.03212328013123174,0.36122924955412267,0.06,0.83,False,0.09,0.76,False,-0.03069905831402487,0.03069905831402487,0.3785155714089724,0.03,0.77,False,-0.06371133003726537,0.06371133003726537,0.03772290809327846,0.29,0.99,False,0.27,1.0,False,-0.08566701179087988,0.08566701179087988,0.027023319615912207,0.5,1.0,False,-0.18571970030900217,0.18571970030900217,0.0008230452674897119,1.0,1.0,True,0.99,1.0,True,-0.24141054376599502,0.24141054376599502,0.00205761316872428,1.0,1.0,True,-0.0684923768338829,0.0684923768338829,0.10589849108367627,0.08,1.0,False,0.04,1.0,False,-0.05531093071029983,0.05531093071029983,0.17229080932784638,0.04,1.0,False,0010,0010,day11_only_preterminal_discovery,True,True,True,True,True,True,False,3,NFE2_288;NFE2_533;NFE2_682,False,False,day 11,-0.24141054376599502,994,3,NFE2_288;NFE2_533;NFE2_682,True,not_applicable,3.87585252088112,0.012922109515023567,3.0,66.0,0.04409519987281016,0.05639629838993219,0.43708049464639187,-0.0250036518317132,0.05064334554238257,0.6231427340480602,0.004906221850915431,0.07496997812722421,0.9480195213028961,0.25853866944658643,0.0692088509422143,0.0003929656392137566,0.06909885170452336,0.07579769732525798,0.36528547518026494,0.03918897802189473,0.09381385874423215,0.6774995456865777,-0.2144434695737763,0.08927713884767983,0.01912822822026383,-0.02990987368262863,0.09047234974356332,0.7419962455555066,-0.28354232127829965,0.08575904323432484,0.0015319693873225343,-0.25363244759567105,0.10203118478748599,0.015464894905276607,2.0,False,True,3.0,True,True,2.0,False,False,3.0,True,True,0.8450829269825696,0.9239941095318628,0.9889356898256627,0.017914043832242963,0.20716218688855306,0.8781045727031271,False,True,False,0.9927742498208394,False,False,True,0.9835644176112243,False,True,False,0.006689421431027435,True,True,False,0.9009471498475858,0.9758424833247693,0.34191025511347095,0.9845790273750937,0.09029607800571643,0.3148884791200761,True,0001,localized_support_no_detected_heterogeneity,True,False,True,True
NFE2,DMTN,DMTN,ENSG00000158856,0.0651637976219838,0.0651637976219838,False,0.0537613049325593,0.0537613049325593,0.12566881602414598,0.1,1.0,False,0.03,0.84,False,0.05805944940889842,0.05805944940889842,0.09836740293593085,0.14,0.98,False,0.08414722498918419,0.08414722498918419,0.01056241426611797,0.65,1.0,False,0.43,0.98,False,0.11491733804697003,0.11491733804697003,0.007956104252400549,0.91,1.0,True,0.09685643589529672,0.09685643589529672,0.04567901234567901,0.33,1.0,False,0.31,0.99,False,0.15781008830887638,0.15781008830887638,0.032784636488340194,0.58,1.0,False,0.06516379762198375,0.06516379762198375,0.12139917695473251,0.08,0.98,False,0.06,0.99,False,0.0671170452493508,0.0671170452493508,0.1094650205761317,0.1,0.99,False,0000,0000,never_selected,False,False,False,False,True,True,True,3,NFE2_288;NFE2_533;NFE2_682,False,False,day 9,0.11491733804697003,14971,3,NFE2_288;NFE2_533;NFE2_682,True,not_applicable,0.957883582377628,0.41794159047299095,3.0,66.0,-0.30048571033964755,0.05582837020363616,1.0459881859230385e-06,-0.19623628532398574,0.05013335137249956,0.00021723353496865162,-0.22522317664861635,0.07421500723516211,0.003442194747909682,-0.1670085303993852,0.06851189638467438,0.01748434236260491,-0.1042494250156618,0.07503439104459199,0.16939441020459062,-0.0752625336910312,0.09286912413988521,0.42061428719119065,-0.13347717994026234,0.08837809041735743,0.13574070163786905,0.0289868913246306,0.08956126516945632,0.7472231086951705,-0.029227754924600544,0.08489542311610716,0.7317306450155407,-0.058214646249231145,0.10100369916562225,0.5663312893232382,3.0,True,True,3.0,True,True,3.0,True,True,3.0,True,True,0.00018558828398461017,0.011494019909628457,0.07754516513563428,0.21918155339127013,0.8296730533015096,0.0006015694307558576,True,True,False,0.02232492328600912,False,True,False,0.19161550763363897,False,True,False,0.1101843462096234,False,True,False,0.7547891007226228,0.9190798162615279,0.7119050203063813,0.9854533011065566,0.9826139013631341,0.9499557697984115,True,1000,localized_support_no_detected_heterogeneity,True,True,True,True
NFE2,NOP56,NOP56,ENSG00000101361,-0.0650896593397247,0.0650896593397247,False,-0.10430545904825658,0.10430545904825658,0.005076142131979695,0.68,0.99,False,0.65,1.0,False,-0.1004952079235483,0.1004952079235483,0.005762107284949925,0.61,1.0,False,-0.06991476089339975,0.06991476089339975,0.024691358024691357,0.34,1.0,False,0.28,0.99,False,-0.09082369903242621,0.09082369903242621,0.02167352537722908,0.59,1.0,False,-0.1723022843123669,0.1723022843123669,0.0019204389574759945,0.97,1.0,True,0.99,1.0,True,-0.22973842420116253,0.22973842420116253,0.0035665294924554186,1.0,1.0,True,-0.06508965933972477,0.06508965933972477,0.1215363511659808,0.08,1.0,False,0.09,1.0,False,-0.05800082103365821,0.05800082103365821,0.1569272976680384,0.03,1.0,False,0010,0010,day11_only_preterminal_discovery,True,True,True,True,True,True,False,3,NFE2_288;NFE2_533;NFE2_682,False,False,day 11,-0.22973842420116253,32935,3,NFE2_288;NFE2_533;NFE2_682,True,not_applicable,2.5941371318717943,0.05987392056598375,3.0,66.0,0.10194646218913014,0.08712698140229193,0.24617244706762148,0.024936593719640243,0.07823920986290667,0.7509434520486474,0.08008807766675918,0.11582157121125819,0.49169039812339266,0.38528983841153563,0.10692117108864652,0.0006032767389113835,0.0770098684694899,0.11710031959071358,0.5130565731813207,0.021858384522370954,0.14493359598836933,0.8805804370515373,-0.2833433762224055,0.13792479006778635,0.043907160981178535,-0.05515148394711895,0.13977127858689894,0.6944222798406885,-0.36035324469189545,0.1324896629437164,0.008338957699812742,-0.30520176074477645,0.15762859253578382,0.05712639897648391,3.0,True,True,3.0,True,True,1.0,False,True,3.0,True,True,0.7224695115955415,0.9446801025180657,0.8717290872164837,0.023983303352130808,0.39211547978507005,0.7502829771130568,False,True,False,0.9927742498208394,False,True,False,0.8541998559636355,False,True,False,0.008894906463015547,True,True,False,0.9384237054118715,0.9952063201289499,0.4836739036334404,0.9786373057670462,0.22892152370444843,0.5381024843660341,True,0001,localized_support_no_detected_heterogeneity,True,True,True,True
NFE2,TRAP1,TRAP1,ENSG00000126602,-0.0609726656900571,0.0609726656900571,False,-0.03445016279973103,0.03445016279973103,0.32322678007957195,0.03,0.89,False,0.01,0.79,False,-0.031369420211941425,0.031369420211941425,0.36836328714501304,0.05,0.88,False,-0.06611759454534052,0.06611759454534052,0.032784636488340194,0.36,1.0,False,0.2,0.98,False,-0.09045943639769215,0.09045943639769215,0.02194787379972565,0.53,1.0,False,-0.1236795313529692,0.1236795313529692,0.015500685871056241,0.63,1.0,False,0.68,1.0,False,-0.19872613060839456,0.19872613060839456,0.010425240054869684,0.93,1.0,True,-0.060972665690057215,0.060972665690057215,0.145679012345679,0.01,0.99,False,0.05,0.99,False,-0.057534898671368004,0.057534898671368004,0.1598079561042524,0.04,1.0,False,0000,0000,never_selected,False,False,False,False,True,True,True,3,NFE2_288;NFE2_533;NFE2_682,False,False,day 11,-0.19872613060839456,26684,3,NFE2_288;NFE2_533;NFE2_682,True,not_applicable,7.321105050068465,0.00026083562016698635,3.0,66.0,0.004627186311448555,0.18354694378280165,0.9799636687921913,-0.03584652529194774,0.16482342924301047,0.8285018205522271,0.0002155177622386777,0.2439966939952925,0.9992979078143706,1.1589095199959425,0.22524657532187692,2.5946441747385882e-06,0.040473711603396294,0.2466905823079441,0.8701800401206473,0.004411668549209877,0.30532583783990397,0.9885153160587083,-1.1542823336844938,0.29056066538029696,0.00017845501235787357,-0.036062043054186414,0.29445058924725914,0.9028971414525342,-1.19475604528789,0.2791106994037664,6.166707290656343e-05,-1.1586940022337038,0.33206988176416474,0.0008676759358712419,2.0,False,False,3.0,True,True,2.0,False,False,3.0,True,True,0.9971901721611464,0.9710089959548138,0.9995203997766182,0.0003381897187756833,0.018278575521007655,0.9986119631440229,False,True,False,0.9930796156839258,False,False,False,0.9995203997766182,False,True,False,0.00011182079411131464,True,True,False,0.994126156804054,0.9996403572873457,0.023450743919028107,0.9958155684457689,0.01142835245418496,0.06286068922453912,True,0001,late_amplification_support_detected,True,False,True,True
NFE2,FCHSD2,FCHSD2,ENSG00000137478,-0.0609259569996836,0.0609259569996836,False,-0.03909728279931713,0.03909728279931713,0.26574290026066677,0.05,0.87,False,0.02,0.81,False,-0.03833972587732818,0.03833972587732818,0.26999588420908216,0.06,0.91,False,-0.05726198648305916,0.05726198648305916,0.05925925925925926,0.17,1.0,False,0.13,0.9299999999999999,False,-0.07840460199685349,0.07840460199685349,0.04060356652949246,0.33,1.0,False,-0.13820364001932883,0.13820364001932883,0.008367626886145405,0.82,1.0,True,0.76,1.0,True,-0.19010748530578359,0.19010748530578359,0.013991769547325103,0.94,1.0,True,-0.0609259569996836,0.0609259569996836,0.14595336076817558,0.02,1.0,False,0.04,1.0,False,-0.05508990297716581,0.05508990297716581,0.17325102880658436,0.01,1.0,False,0010,0010,day11_only_preterminal_discovery,True,True,True,True,True,True,False,3,NFE2_288;NFE2_533;NFE2_682,False,False,day 11,-0.19010748530578359,20238,3,NFE2_288;NFE2_533;NFE2_682,True,not_applicable,6.965427617328859,0.0003836936172737982,3.0,66.0,0.061653069980740605,0.13045860182608174,0.638066740839802,0.0910951587500138,0.117150597466053,0.43958909710415695,0.04738865647166532,0.17342412187739614,0.7855120124414731,0.8845982362531295,0.16009720825086643,6.008013896237661e-07,-0.02944208876927319,0.1753388413246457,0.8671633291525472,0.014264413509075289,0.21701468346488,0.9477913449304238,-0.8229451662723889,0.2065201270582057,0.0001712218140890657,0.04370650227834848,0.2092849457930483,0.8352184585020123,-0.7935030775031157,0.19838190082861512,0.00016269234653868732,-0.8372095797814642,0.23602339320217228,0.0007223783787556451,3.0,True,True,3.0,True,True,1.0,False,False,3.0,True,True,0.9309865285172573,0.8456314380578167,0.9579589672494824,0.00012842730504597624,0.02013997612339985,0.9524932568200137,False,True,False,0.956461063998812,False,True,False,0.9395201867697475,False,True,False,4.224582402828166e-05,True,True,False,0.9930258923552598,0.9982838727405401,0.022875234362299178,0.9899936503197948,0.022875234362299178,0.055822398073929295,True,0001,late_amplification_support_detected,True,True,True,True
NFE2,TKT,TKT,ENSG00000163931,0.0595018221335295,0.0595018221335295,False,0.0014812424677916498,0.0014812424677916498,0.9662505144738647,0.02,0.52,False,0.05,0.56,False,0.0014267151702377634,0.0014267151702377634,0.9673480587186171,0.02,0.55,False,-0.0599170305198866,0.0599170305198866,0.049657064471879286,0.32,1.0,False,0.15,0.9299999999999999,False,-0.09939145067831229,0.09939145067831229,0.014814814814814815,0.77,1.0,True,-0.12062943797296807,0.12062943797296807,0.016872427983539096,0.65,1.0,False,0.58,1.0,False,-0.19869180935777467,0.19869180935777467,0.01056241426611797,0.95,1.0,True,0.05950182213352955,0.05950182213352955,0.1550068587105624,0.06,0.98,False,0.08,0.98,False,0.056660972549686474,0.056660972549686474,0.16419753086419753,0.02,0.98,False,0000,0000,never_selected,False,False,False,False,True,True,True,3,NFE2_288;NFE2_533;NFE2_682,False,False,day 11,-0.19869180935777467,6573,3,NFE2_288;NFE2_533;NFE2_682,True,not_applicable,5.7900047874796945,0.00141299584025546,3.0,66.0,0.045568609710585295,0.06454598792889857,0.48268107290670453,0.05015138344494466,0.057961690099880954,0.39003551440464995,0.17283885633865548,0.08580370416817035,0.04805096084599258,0.4220613615422872,0.07921005074841182,1.2875244490248789e-06,-0.004582773734359363,0.08675103501948636,0.9580295326046612,-0.12727024662807018,0.10737066734772775,0.24013522917085922,-0.3764927518317019,0.10217835728413083,0.00046408610375926957,-0.12268747289371082,0.10354628514926809,0.24032328297840996,-0.3719099780973425,0.098151870378514,0.00032956846264881246,-0.2492225052036317,0.11677545884536214,0.03654538151161309,1.0,False,False,2.0,False,True,3.0,True,True,3.0,True,True,0.8663778087239637,0.8200810466974501,0.3681138015132416,0.000208500928957241,0.04494672482336416,0.9069744517445677,False,True,False,0.9394981412090057,False,True,False,0.5799590709531628,False,True,False,6.615894861143224e-05,True,True,False,0.9982838727405401,0.8254792572458222,0.04179903604195848,0.8254792572458222,0.03302275995741101,0.44724851633143586,True,0001,late_amplification_support_detected,False,True,True,False
NFE2,CHD4,CHD4,ENSG00000111642,-0.0591644244320945,0.0591644244320945,False,0.011293799199555,0.011293799199555,0.7470160515845795,0.02,0.67,False,0.06,0.85,False,0.013161838297375874,0.013161838297375874,0.7040746330086431,0.0,0.63,False,-0.12261650218494088,0.12261650218494088,0.0010973936899862826,0.99,1.0,True,0.88,1.0,True,-0.14293547728911002,0.14293547728911002,0.0017832647462277093,0.99,1.0,True,-0.0527025372735599,0.0527025372735599,0.25130315500685874,0.04,0.95,False,0.04,0.96,False,-0.13335125932997952,0.13335125932997952,0.0626886145404664,0.2,1.0,False,-0.059164424432094596,0.059164424432094596,0.15651577503429356,0.05,0.98,False,0.05,0.99,False,-0.050565940889135096,0.050565940889135096,0.20727023319615911,0.02,0.97,False,0100,0100,early_only_discovery,True,True,True,True,True,True,False,3,NFE2_288;NFE2_533;NFE2_682,False,False,day 9,-0.14293547728911002,21103,3,NFE2_288;NFE2_533;NFE2_682,True,not_applicable,6.633002010386186,0.0005523252080714539,3.0,66.0,-0.04466634816260112,0.04823689978776621,0.35783060535953554,0.01510343517297364,0.04331628233744548,0.7284409150860296,0.12348886060838263,0.06412334541905892,0.058438630734331413,0.2748858076269115,0.05919573629183457,1.679978740700676e-05,-0.05976978333557476,0.0648313104654864,0.35992418330427395,-0.16815520877098375,0.08024089935230627,0.03995457831322824,-0.3195521557895126,0.07636055065455866,8.618454018091524e-05,-0.108385425435409,0.07738283881629855,0.16600612282759536,-0.25978237245393787,0.07335145200110023,0.0007352130400238839,-0.15139694701852888,0.0872693452643273,0.08743994476871692,3.0,True,True,3.0,True,False,3.0,True,True,3.0,True,True,0.8025629012281806,0.9419015592129285,0.40452855264801435,0.0017603541941773359,0.023458345470966403,0.8319188032396556,False,False,False,0.9927742498208394,False,True,True,0.5799590709531628,False,True,False,0.0005611128993940258,True,True,False,0.898307209348591,0.4696127562446299,0.014699048384898225,0.748007352774595,0.05590497382836795,0.6287882495659012,True,0001,late_amplification_support_detected,True,True,True,True
NFE2,DNMT1,DNMT1,ENSG00000130816,-0.0575762461240391,0.0575762461240391,False,-0.00883308604904586,0.00883308604904586,0.7966799286596241,0.02,0.53,False,0.03,0.69,False,-0.0056409528921360945,0.0056409528921360945,0.8684318836603101,0.01,0.5800000000000001,False,-0.03594809378408481,0.03594809378408481,0.22030178326474623,0.01,0.96,False,0.04,0.81,False,-0.03367668559484996,0.03367668559484996,0.3329218106995885,0.0,0.95,False,-0.17180022738463638,0.17180022738463638,0.00205761316872428,0.99,1.0,True,0.98,1.0,True,-0.19838395071887607,0.19838395071887607,0.010699588477366255,0.94,1.0,True,-0.05757624612403909,0.05757624612403909,0.16639231824417008,0.02,1.0,False,0.11,1.0,False,-0.04166607073709336,0.04166607073709336,0.29519890260631,0.0,0.97,False,0010,0010,day11_only_preterminal_discovery,True,True,True,True,True,True,False,3,NFE2_288;NFE2_533;NFE2_682,False,False,day 11,-0.19838395071887607,31263,3,NFE2_288;NFE2_533;NFE2_682,True,not_applicable,3.6517018527119665,0.0168568907967804,3.0,66.0,-0.039955859829821444,0.0610873610426037,0.5153346489417682,-0.013894280705672325,0.054855875684655525,0.8008337411517323,0.009916296819590699,0.08120600557059636,0.9031807017269344,0.2543429599419763,0.07496566593110884,0.0011735476690761643,-0.02606157912414912,0.08210257472381599,0.7519216221285521,-0.04987215664941214,0.10161732637636724,0.6252071265309952,-0.2942988197717978,0.09670324062638246,0.0033574103103496205,-0.023810577525263023,0.09799786955777208,0.8087818982670364,-0.26823724064764864,0.09289250866256651,0.005243624520229266,-0.24442666312238565,0.11051817230313907,0.030459026769450108,2.0,False,True,2.0,False,False,1.0,False,True,3.0,True,True,0.8829612782488562,0.9651906884787681,0.9868723119875219,0.03824048014355501,0.23459173025519395,0.908313054424438,False,False,False,0.9930796156839258,False,False,True,0.9762366176589906,False,True,False,0.014931997008435767,True,True,False,0.9854533011065566,0.9658239314277941,0.14787363213056348,0.9880863570968909,0.1803986873569004,0.41006396110777954,True,0001,localized_support_no_detected_heterogeneity,False,False,True,True
NFE2,PPP1R14B,PPP1R14B,ENSG00000173457,-0.0575066603743085,0.0575066603743085,False,-0.050662197041141686,0.050662197041141686,0.149677596378104,0.09,0.95,False,0.18,0.96,False,-0.04831284370464869,0.04831284370464869,0.16504321580463713,0.11,0.98,False,-0.046335861760122804,0.046335861760122804,0.1176954732510288,0.13,0.97,False,0.18,0.91,False,-0.07829805476521452,0.07829805476521452,0.040740740740740744,0.32,1.0,False,-0.1549722081113118,0.1549722081113118,0.0031550068587105624,0.93,1.0,True,0.96,1.0,True,-0.23834687449612288,0.23834687449612288,0.0023319615912208505,1.0,1.0,True,-0.057506660374308606,0.057506660374308606,0.16680384087791494,0.07,0.99,False,0.02,1.0,False,-0.05560410796649654,0.05560410796649654,0.17050754458161865,0.03,0.98,False,0010,0010,day11_only_preterminal_discovery,True,True,True,True,True,True,False,3,NFE2_288;NFE2_533;NFE2_682,False,False,day 11,-0.23834687449612288,19936,3,NFE2_288;NFE2_533;NFE2_682,True,not_applicable,4.004903604772994,0.011094639002394706,3.0,66.0,0.043229965293450974,0.19505333002646705,0.8252850647210518,-0.053574331972145166,0.17515605587132282,0.7606691633573607,-0.016152439092492553,0.25929261854421615,0.9505167783714568,0.9058689837354204,0.23936707246719216,0.00033471294580501024,0.09680429726559614,0.2621553841957318,0.7131137353160616,0.05938240438594353,0.3244664290584316,0.855346860737412,-0.8626390184419693,0.30877564174644323,0.006812428260653362,-0.03742189287965261,0.31290942130257826,0.9051685642605697,-0.9594433157075655,0.29660788811141214,0.0019038475931420459,-0.9220214228279129,0.3528870320839665,0.011110130167415397,1.0,False,True,3.0,True,True,3.0,True,False,3.0,True,True,0.9705817310451808,0.9479981364229794,0.989041278392159,0.015690403354227847,0.18995126764856107,0.9849594442794091,False,True,False,0.9927742498208394,False,False,False,0.985174876574295,False,False,False,0.005883901257835443,True,True,False,0.9821873492975115,0.9911880584125248,0.20300529716504592,0.9958155684457689,0.10310846703870032,0.25814145919420817,True,0001,localized_support_no_detected_heterogeneity,True,False,False,True
NFE2,PRKDC,PRKDC,ENSG00000253729,-0.0558848218395239,0.0558848218395239,False,-0.06202415785445355,0.06202415785445355,0.07861160653038826,0.17,0.98,False,0.26,0.95,False,-0.056758422504421424,0.056758422504421424,0.10481547537385101,0.2,0.97,False,-0.08292431886742936,0.08292431886742936,0.011111111111111112,0.68,1.0,False,0.36,0.98,False,-0.10876686302050066,0.10876686302050066,0.01056241426611797,0.85,1.0,True,-0.14394230909215108,0.14394230909215108,0.0054869684499314125,0.85,1.0,True,0.83,1.0,True,-0.1990205388562285,0.1990205388562285,0.010150891632373114,0.94,1.0,True,-0.055884821839523924,0.055884821839523924,0.1766803840877915,0.01,0.99,False,0.02,1.0,False,-0.03921597492941502,0.03921597492941502,0.3230452674897119,0.01,0.92,False,0010,0010,day11_only_preterminal_discovery,True,True,True,True,True,True,False,3,NFE2_288;NFE2_533;NFE2_682,False,False,day 11,-0.1990205388562285,15272,3,NFE2_288;NFE2_533;NFE2_682,True,not_applicable,4.456137976977211,0.00653248402310573,3.0,66.0,0.004375281279020723,0.06769690828449601,0.9486636040109654,-0.00999235154807274,0.06079118694454505,0.8699408960623543,-0.024955319886854815,0.08999235549607268,0.7824127357962126,0.329011352183123,0.08307682185657132,0.00018602066612888898,0.014367632827093463,0.09098593188733124,0.8750094773048378,0.02933060116587554,0.11261214605454858,0.7953223171701206,-0.3246360709041023,0.1071663646909232,0.0034972517687619775,0.014962968338782077,0.10860107024269215,0.8908344090201735,-0.33900370373119576,0.10294331809260429,0.0015947673446516889,-0.35396667206997784,0.12247604817889907,0.005207111897879294,1.0,False,False,3.0,True,True,3.0,True,True,3.0,True,True,0.9889356898256627,0.9762429984158906,0.9573149308899729,0.010065346695997849,0.13223331295256446,0.997756962676744,False,True,True,0.9930796156839258,False,False,True,0.9374918520392288,False,False,False,0.0037745050109991934,True,True,False,0.9944724532104793,0.9876376309629992,0.14886653400483837,0.9952063201289499,0.0933113506184521,0.1803986873569004,True,0001,localized_support_no_detected_heterogeneity,True,False,False,True
NFE2,LDHB,LDHB,ENSG00000111716,-0.0553370465838434,0.0553370465838434,False,-0.04246835265863611,0.04246835265863611,0.22705446563314582,0.09,0.9299999999999999,False,0.05,0.79,False,-0.044097666719472,0.044097666719472,0.206612704074633,0.07,0.95,False,-0.05466444422661134,0.05466444422661134,0.07187928669410151,0.18,0.99,False,0.19,0.96,False,-0.08755766198089483,0.08755766198089483,0.024554183813443074,0.55,1.0,False,-0.1048439847910171,0.1048439847910171,0.03264746227709191,0.4,1.0,False,0.42,1.0,False,-0.2052460990134528,0.2052460990134528,0.008641975308641974,0.97,1.0,True,-0.055337046583843495,0.055337046583843495,0.1805212620027435,0.04,1.0,False,0.01,0.98,False,-0.051689033428001206,0.051689033428001206,0.19753086419753085,0.0,0.99,False,0000,0000,never_selected,False,False,False,False,True,True,True,3,NFE2_288;NFE2_533;NFE2_682,False,False,day 11,-0.2052460990134528,21367,3,NFE2_288;NFE2_533;NFE2_682,True,not_applicable,8.397109300865832,8.310003124030091e-05,3.0,66.0,-0.02654082787653304,0.09584779547334173,0.7827176987807216,0.014276692289316172,0.08607041887874325,0.868764572634722,0.18880961895625353,0.12741451718153676,0.143138323488993,0.6658220099044736,0.1176232479690291,3.542391305699959e-07,-0.04081752016584921,0.12882125951511983,0.7523545431565644,-0.21535044683278656,0.15944045623901001,0.18141605822802023,-0.6923628377810066,0.1517301168518737,2.2510432620599778e-05,-0.17453292666693734,0.1537614262244158,0.26044344670002445,-0.6515453176151574,0.14575097073002988,3.1451352867710747e-05,-0.47701239094822,0.17340613498774438,0.007664270376141696,3.0,True,True,3.0,True,True,3.0,True,True,3.0,True,True,0.9573914814108895,0.9762429984158906,0.5749806395266512,9.014542446505039e-05,0.006938852608565127,0.9707943882699456,False,False,False,0.9930796156839258,False,True,False,0.6928724644249805,False,True,False,3.155089856276764e-05,True,True,False,0.9854533011065566,0.7697555536448227,0.0062221940650595805,0.8404202618123955,0.0076398195329566475,0.2150146655302042,True,0001,late_amplification_support_detected,False,True,True,True
NFE2,DPF3,DPF3,ENSG00000205683,0.0540929960755447,0.0540929960755447,False,0.08393433988491307,0.08393433988491307,0.020578954589106874,0.39,1.0,False,0.26,0.99,False,0.0847473149216015,0.0847473149216015,0.018658252160790232,0.45,1.0,False,0.08582918913400733,0.08582918913400733,0.008916323731138546,0.66,1.0,False,0.53,1.0,False,0.10240243002489788,0.10240243002489788,0.01316872427983539,0.86,1.0,True,0.11985187703938449,0.11985187703938449,0.017558299039780522,0.59,1.0,False,0.6,1.0,False,0.1478120813280102,0.1478120813280102,0.04279835390946502,0.4,1.0,False,0.05409299607554474,0.05409299607554474,0.18820301783264745,0.01,1.0,False,0.02,0.99,False,0.05366536972908099,0.05366536972908099,0.18285322359396433,0.03,0.98,False,0000,0000,never_selected,False,False,False,False,True,True,True,3,NFE2_288;NFE2_533;NFE2_682,False,False,day 9,0.10240243002489788,24490,3,NFE2_288;NFE2_533;NFE2_682,True,not_applicable,4.681886735983449,0.005022503661445303,3.0,66.0,0.24429642161446857,0.1009933781543007,0.018330926827945952,0.2834564893965465,0.09069110373162048,0.0026381990217489784,0.05239063208509662,0.13425475726921215,0.6976209111334073,0.6991821915005132,0.12393784440433173,3.819743269403e-07,-0.03916006778207793,0.13573702047369798,0.7738685268152231,0.19190578952937196,0.1680000067870018,0.25745801068316904,-0.45488576988604457,0.15987573833014787,0.005905007204843722,0.23106585731144988,0.16201609841455458,0.15852644319412842,-0.41572570210396664,0.15357560213670624,0.008635167266460153,-0.6467915594154166,0.1827154320932072,0.0007392623784689374,3.0,True,True,3.0,True,True,2.0,False,True,3.0,True,True,0.22121145387604974,0.0677814210203199,0.9419015592129285,9.278503650768014e-05,0.10822685309178912,0.2377663995141823,False,False,False,0.12016988065963809,False,False,False,0.9066357366480857,False,False,False,3.189485629951505e-05,True,False,False,0.9858310558808105,0.8373905718571591,0.18714479688678928,0.7403202038098785,0.23464237562015114,0.05590497382836795,True,0001,localized_support_no_detected_heterogeneity,False,False,False,False
NFE2,MCM6,MCM6,ENSG00000076003,-0.0503397057785943,0.0503397057785943,False,-0.022969582609157883,0.022969582609157883,0.5124159692687611,0.01,0.87,False,0.01,0.54,False,-0.020731915859333278,0.020731915859333278,0.5524763342022225,0.0,0.73,False,-0.06125022714392899,0.06125022714392899,0.04430727023319616,0.27,0.99,False,0.17,0.96,False,-0.07653949516580823,0.07653949516580823,0.043621399176954734,0.32,1.0,False,-0.15284449033686717,0.15284449033686717,0.004252400548696845,0.91,1.0,True,0.94,1.0,True,-0.1910942430401975,0.1910942430401975,0.013443072702331962,0.93,1.0,True,-0.050339705778594306,0.050339705778594306,0.21646090534979423,0.0,1.0,False,0.02,0.96,False,-0.04490544304962572,0.04490544304962572,0.26145404663923183,0.02,0.99,False,0010,0010,day11_only_preterminal_discovery,True,True,True,True,True,True,False,3,NFE2_288;NFE2_533;NFE2_682,False,False,day 11,-0.1910942430401975,4925,3,NFE2_288;NFE2_533;NFE2_682,True,not_applicable,14.629962072458644,2.0890810394776278e-07,3.0,66.0,-0.030476586538206663,0.0730099508168949,0.6777182972311313,0.014957502908497209,0.06556224916904181,0.8202411967484161,0.1072232408455402,0.0970552070273722,0.2732725217639499,0.6676972069302165,0.08959692298328079,2.5293423467867034e-10,-0.04543408944670387,0.09812676207023711,0.64487727015542,-0.13769982738374686,0.12145026195694882,0.2609816712352073,-0.6981737934684231,0.11557708045437624,7.874654679443027e-08,-0.09226573793704299,0.11712438570694665,0.43365803946529646,-0.6527397040217192,0.11102259735826518,1.4959969660810824e-07,-0.5604739660846763,0.1320883106834137,7.03080491230653e-05,2.0,False,True,2.0,False,False,2.0,False,True,3.0,True,True,0.9396260288050083,0.9691940040302071,0.7476518279161797,1.9309722144611632e-07,6.977530671855277e-05,0.9524932568200137,False,False,False,0.9930796156839258,False,True,True,0.7936784545144284,False,True,False,6.758402750614072e-08,True,True,False,0.9699286022425602,0.8404202618123955,0.0001309649568321306,0.9190798162615279,0.00014156581941341827,0.01251484790170768,True,0001,late_amplification_support_detected,False,True,True,True
NFE2,MICOS10,MICOS10,ENSG00000173436,-0.0494700122277943,0.0494700122277943,False,-0.0335940942333698,0.0335940942333698,0.33584853889422417,0.06,0.88,False,0.02,0.6699999999999999,False,-0.034329638783591646,0.034329638783591646,0.3240499382631362,0.04,0.84,False,0.022094876904626144,0.022094876904626144,0.4469135802469136,0.02,0.82,False,0.05,0.71,False,-0.003228211159014546,0.003228211159014546,0.9267489711934156,0.0,0.64,False,-0.10463904274369544,0.10463904274369544,0.033607681755829906,0.43,1.0,False,0.39,1.0,False,-0.17107152262994726,0.17107152262994726,0.021810699588477367,0.75,1.0,True,-0.04947001222779438,0.04947001222779438,0.22290809327846364,0.01,0.95,False,0.03,0.95,False,-0.04551258236559939,0.04551258236559939,0.2561042524005487,0.01,0.94,False,0000,0000,never_selected,False,False,False,False,True,True,True,3,NFE2_288;NFE2_533;NFE2_682,False,False,day 11,-0.17107152262994726,439,3,NFE2_288;NFE2_533;NFE2_682,True,not_applicable,2.627933487982043,0.057483988709570055,3.0,66.0,0.040096553426485784,0.05888252994296932,0.49828004480838917,0.02610832041213966,0.0528759580937998,0.6231110831035535,0.02860290226740719,0.07827503059470464,0.7159698434565022,0.2567478848777152,0.07225992404230085,0.0007087747678155457,0.013988233014346126,0.07913923980442283,0.86024235457272,0.011493651159078595,0.09794964393547648,0.906945051529383,-0.21665133145122942,0.0932129226828757,0.023198913021059277,-0.0024945818552675313,0.09446082446675566,0.9790110915188512,-0.23063956446557554,0.08953973177833605,0.01224611379314049,-0.22814498261030802,0.10652923090495413,0.0359198186724864,3.0,True,True,3.0,True,True,1.0,False,False,3.0,True,True,0.8736248554645774,0.9239941095318628,0.9419015592129285,0.027249585318030768,0.3859226578692744,0.908313054424438,False,True,False,0.9927742498208394,False,True,True,0.9170421180098868,False,True,False,0.010292642280451838,True,True,False,0.9916169590691177,0.9958155684457689,0.36750346257127803,0.9989823128303661,0.27730183097687616,0.4422020070406767,True,0001,localized_support_no_detected_heterogeneity,True,True,True,True
NFE2,FUT8,FUT8,ENSG00000033170,-0.0476355825751721,0.0476355825751721,False,-0.005875903223466574,0.005875903223466574,0.8643160927424887,0.0,0.6699999999999999,False,0.0,0.54,False,-0.004988678803445168,0.004988678803445168,0.8837975030868432,0.0,0.55,False,-0.07373880900741822,0.07373880900741822,0.02030178326474623,0.55,1.0,False,0.32,0.99,False,-0.10503922132239091,0.10503922132239091,0.011522633744855968,0.81,1.0,True,-0.02879575833226699,0.02879575833226699,0.5190672153635116,0.0,0.81,False,0.0,0.87,False,-0.10230283389468957,0.10230283389468957,0.13840877914951988,0.04,1.0,False,-0.04763558257517216,0.04763558257517216,0.24156378600823045,0.02,1.0,False,0.02,0.98,False,-0.04132313437677021,0.04132313437677021,0.2986282578875171,0.0,0.97,False,0000,0000,never_selected,False,False,False,False,True,True,True,3,NFE2_288;NFE2_533;NFE2_682,False,False,day 9,-0.10503922132239091,24407,3,NFE2_288;NFE2_533;NFE2_682,True,not_applicable,6.8953954642352215,0.00041418080272896305,3.0,66.0,0.054052704201237124,0.08557676034672249,0.529811496010626,0.15478265537766153,0.07684712593496051,0.048071288814855194,0.16059158683834607,0.1137607969770196,0.16274727882162177,0.6391953566696321,0.10501875867816213,6.56073309339948e-08,-0.10072995117642441,0.11501679301695053,0.3843233580972393,-0.10653888263710894,0.1423548412955704,0.4568754707588919,-0.585142652468395,0.135470740699763,5.380293201199975e-05,-0.005808931460684522,0.13728437527013176,0.9663768289458867,-0.4844127012919706,0.1301323189632988,0.000410270849080559,-0.4786037698312861,0.15482396004219995,0.0029182584731414205,2.0,False,True,3.0,True,True,3.0,True,True,3.0,True,True,0.8883943001822359,0.3681138015132416,0.6099028457382515,2.337370510075121e-05,0.02013997612339985,0.9094352262680906,False,True,False,0.5427551212625178,False,True,False,0.7209993983463685,False,True,False,8.765139412781705e-06,True,True,False,0.9094529066517406,0.9200187463748499,0.01051912934166317,0.9982838727405401,0.03780150719804323,0.13541165270760896,True,0001,late_amplification_support_detected,True,True,True,True
NFE2,PAK2,PAK2,ENSG00000180370,-0.0457209662099337,0.0457209662099337,False,-0.056635143369359445,0.056635143369359445,0.10769652901632597,0.11,0.99,False,0.12,1.0,False,-0.054023463879474626,0.054023463879474626,0.12278776238167101,0.11,0.99,False,-0.07340139093028762,0.07340139093028762,0.020850480109739368,0.43,0.99,False,0.28,0.97,False,-0.09496972144776035,0.09496972144776035,0.018381344307270234,0.72,1.0,True,-0.09136548860725027,0.09136548860725027,0.05898491083676269,0.23,1.0,False,0.24,1.0,False,-0.16364229659264634,0.16364229659264634,0.02853223593964335,0.66,1.0,False,-0.04572096620993368,0.04572096620993368,0.2606310013717421,0.0,0.97,False,0.02,0.95,False,-0.040351221820446447,0.040351221820446447,0.3113854595336077,0.0,0.9299999999999999,False,0000,0000,never_selected,False,False,False,False,True,True,True,3,NFE2_288;NFE2_533;NFE2_682,False,False,day 9,-0.09496972144776035,7812,3,NFE2_288;NFE2_533;NFE2_682,True,not_applicable,3.5384056496521747,0.01928958426596413,3.0,66.0,-0.05191727463287229,0.0797512369771249,0.5173129466209061,-0.030017016266174965,0.07161586073858332,0.6764754211026845,0.07123684189762067,0.10601668305346587,0.5039673571394514,0.32152665533805946,0.09786974730583348,0.001633429227858656,-0.021900258366697324,0.10718717884481184,0.8387338363584912,-0.12315411653049295,0.1326642260937008,0.35662715059146116,-0.37344392997093173,0.12624875142784275,0.004294096274679434,-0.10125385816379562,0.12793892525336925,0.43153205036352466,-0.3515436716042344,0.12127373560270938,0.005081261141583337,-0.25028981344043877,0.14428452627834604,0.08746274652011347,3.0,True,True,3.0,True,True,3.0,True,True,3.0,True,True,0.8834677387959565,0.9394710629866804,0.8769976578164457,0.048226772340755016,0.24901473652257275,0.908313054424438,False,False,False,0.9927742498208394,False,False,False,0.862100370215502,False,True,False,0.019484477218028255,True,True,False,0.9899936503197948,0.8957439914253037,0.16331274505288992,0.9190798162615279,0.1795213811043834,0.6287882495659012,True,0001,localized_support_no_detected_heterogeneity,False,False,True,True
NFE2,WDR43,WDR43,ENSG00000163811,-0.0414979398611337,0.0414979398611337,False,-0.023224022291155697,0.023224022291155697,0.5069282480449994,0.0,0.75,False,0.0,0.62,False,-0.02014590184300048,0.02014590184300048,0.5635889696803402,0.0,0.75,False,-0.05502254905662107,0.05502254905662107,0.06995884773662552,0.21,1.0,False,0.12,0.96,False,-0.09180979922049524,0.09180979922049524,0.020850480109739368,0.62,1.0,False,-0.15387430786601317,0.15387430786601317,0.003978052126200274,0.91,1.0,True,0.95,1.0,True,-0.21667903915696163,0.21667903915696163,0.005761316872427984,1.0,1.0,True,-0.04149793986113369,0.04149793986113369,0.30246913580246915,0.0,0.94,False,0.01,0.94,False,-0.03982046280236952,0.03982046280236952,0.3160493827160494,0.0,0.9299999999999999,False,0010,0010,day11_only_preterminal_discovery,True,True,True,True,True,True,False,3,NFE2_288;NFE2_533;NFE2_682,False,False,day 11,-0.21667903915696163,3776,3,NFE2_288;NFE2_533;NFE2_682,True,not_applicable,4.775438642807925,0.004506094241015553,3.0,66.0,0.0029014497519616513,0.09430306166802462,0.9755479779972315,-0.015334226546185282,0.08468326244991566,0.8568617338920448,0.15275969463033143,0.12536103738049928,0.2273498459695849,0.4891831736125394,0.1157275694452649,7.439150881468872e-05,0.018235676298146933,0.12674510791002755,0.8860361914970843,-0.14985824487836977,0.15687082945238157,0.34291349968789553,-0.4862817238605777,0.14928475397598998,0.0017775896610941107,-0.1680939211765167,0.15128332569148606,0.2705481507926608,-0.5045174001587247,0.14340197093788462,0.000791927886111879,-0.3364234789822079,0.17061142993018827,0.05281803119968988,1.0,False,False,2.0,False,True,2.0,False,True,3.0,True,True,0.996621753855325,0.9762429984158906,0.6986530056707658,0.005096772091098674,0.10033569843327966,0.9986119631440229,False,True,False,0.9930796156839258,False,False,False,0.7702964803127965,False,True,False,0.001774768853150431,True,True,False,0.9952063201289499,0.8849950462003126,0.10105786328603114,0.8468267377627815,0.058239393899750656,0.5252969455294219,True,0001,localized_support_no_detected_heterogeneity,True,False,True,True
NFE2,XRCC2,XRCC2,ENSG00000196584,-0.0364431048824147,0.0364431048824147,False,-0.04291768948697332,0.04291768948697332,0.22266428865413637,0.1,0.94,False,0.04,0.91,False,-0.04232972353890491,0.04232972353890491,0.2256825353272054,0.07,0.9299999999999999,False,-0.09300814454564331,0.09300814454564331,0.005898491083676269,0.85,1.0,True,0.64,1.0,False,-0.09954292426223611,0.09954292426223611,0.014677640603566529,0.86,1.0,True,-0.09739256661602616,0.09739256661602616,0.04458161865569273,0.3,1.0,False,0.28,1.0,False,-0.12893457610191356,0.12893457610191356,0.0691358024691358,0.18,1.0,False,-0.03644310488241471,0.03644310488241471,0.3643347050754458,0.01,0.86,False,0.01,0.92,False,-0.030426349596882993,0.030426349596882993,0.43580246913580245,0.0,0.94,False,0100,0000,early_only_discovery,True,True,False,False,True,True,False,3,NFE2_288;NFE2_533;NFE2_682,False,False,day 9,-0.09954292426223611,14628,3,NFE2_288;NFE2_533;NFE2_682,True,not_applicable,17.3625801749392,2.0367397148683615e-08,3.0,66.0,0.012762302971521526,0.09424462199648176,0.892694523375522,0.07990000217931481,0.08463078417450004,0.3485614520258591,-0.17794345424338442,0.1252833510602547,0.16021912951331577,0.9057963938404984,0.11565585299166085,5.295470360797007e-11,-0.06713769920779328,0.12666656388033315,0.5978664380426825,0.19070575721490596,0.1567736164925296,0.22814968602896654,-0.8930340908689769,0.14919224211227738,9.802766229949895e-08,0.25784345642269924,0.1511895753115202,0.09281669190095927,-0.8258963916611837,0.14331310463882735,2.3701090294088745e-07,-1.083739848083883,0.17050570191086187,2.222844029838654e-08,1.0,False,False,3.0,True,True,3.0,True,True,3.0,True,True,0.981971556089543,0.7972694648412264,0.6038159577709163,7.074748402024802e-08,1.3605421295320654e-05,0.99221288122271,False,True,False,0.9259609401540881,False,True,False,0.7158955084608356,False,False,False,2.3582494673416006e-08,True,True,False,0.9599331066394635,0.8157305041684283,0.0001309649568321306,0.6438581457934432,0.00018998793979741537,5.9394392477288835e-05,True,0001,late_amplification_support_detected,True,True,False,True
NFE2,HNRNPA1,HNRNPA1,ENSG00000135486,0.0347626875920561,0.0347626875920561,False,0.012555701566982463,0.012555701566982463,0.7182055151598299,0.02,0.71,False,0.02,0.69,False,0.011290045436195377,0.011290045436195377,0.7431746467279462,0.02,0.65,False,-0.04438816424513844,0.04438816424513844,0.13484224965706448,0.1,0.94,False,0.11,0.91,False,-0.05590616108254594,0.05590616108254594,0.12043895747599451,0.13,0.98,False,-0.12482013638605104,0.12482013638605104,0.014677640603566529,0.71,1.0,True,0.73,1.0,True,-0.19773232708296684,0.19773232708296684,0.01083676268861454,0.96,1.0,True,0.034762687592056155,0.034762687592056155,0.3850480109739369,0.0,0.85,False,0.0,0.89,False,0.041459781848995715,0.041459781848995715,0.29698216735253774,0.01,0.89,False,0010,0010,day11_only_preterminal_discovery,True,True,True,True,True,True,False,3,NFE2_288;NFE2_533;NFE2_682,False,False,day 11,-0.19773232708296684,21837,3,NFE2_288;NFE2_533;NFE2_682,True,not_applicable,6.1589782783559315,0.000934106350702477,3.0,66.0,-0.016220880486071367,0.04538216891051357,0.7219114856469765,0.03280414129663327,0.04075276085864886,0.4237359573169266,0.05084671874283671,0.06032843125737082,0.402366631416853,0.2779141485396509,0.05569244530635412,4.6580566056399905e-06,-0.04902502178270464,0.06099449788812596,0.4244202760453464,-0.06706759922890808,0.075492124575996,0.37754921804685715,-0.29413502902572225,0.07184142063756555,0.00011785541382178558,-0.01804257744620344,0.07280320827805284,0.8050379197733618,-0.24511000724301762,0.06901040488073859,0.0007117902788907798,-0.22706742979681416,0.08210461669222115,0.007361007573456552,2.0,False,True,3.0,True,True,3.0,True,True,3.0,True,True,0.9419015592129285,0.8357680017585727,0.8240116190763576,0.0005921952501471532,0.0356561738439574,0.9524932568200137,False,False,True,0.9523771761956212,False,True,True,0.8404297581517728,False,True,False,0.0001929120890630878,True,True,False,0.9190798162615279,0.9051216556543923,0.018894579943908665,0.9880863570968909,0.055822398073929295,0.21423723062103261,True,0001,late_onset_support_detected,True,True,True,False
NFE2,RNF217,RNF217,ENSG00000146373,0.0332992388168696,0.0332992388168696,False,0.04372305245315738,0.04372305245315738,0.2164906022774043,0.03,0.93,False,0.06,0.89,False,0.0423560655109317,0.0423560655109317,0.22527095623542323,0.04,0.95,False,0.0917244584309607,0.0917244584309607,0.006858710562414266,0.82,1.0,True,0.53,1.0,False,0.12419606468595303,0.12419606468595303,0.005624142661179698,0.96,1.0,True,0.0780454425915486,0.0780454425915486,0.09890260631001371,0.12,0.99,False,0.1,1.0,False,0.11750534476908354,0.11750534476908354,0.09135802469135802,0.15,1.0,False,0.03329923881686958,0.03329923881686958,0.403840877914952,0.0,0.87,False,0.01,0.85,False,0.03662918671568614,0.03662918671568614,0.353360768175583,0.0,0.88,False,0100,0000,early_only_discovery,True,True,False,False,True,True,False,3,NFE2_288;NFE2_533;NFE2_682,False,False,day 9,0.12419606468595303,12537,3,NFE2_288;NFE2_533;NFE2_682,True,not_applicable,7.030517145337016,0.0003574228668096321,3.0,66.0,-0.0871641303561097,0.10309900486603535,0.40091926070323064,0.07317802890634059,0.0925819367151676,0.43211717535768723,0.0026375432169815777,0.1370538556680359,0.9847040595691847,0.6271242055106635,0.12652184387580062,5.281874598819248e-06,-0.1603421592624503,0.1385670228095345,0.2513839146750103,-0.08980167357309128,0.17150266516250293,0.6022989404925284,-0.7142883358667732,0.16320901256394893,4.39427895835365e-05,0.07054048568935901,0.16539399734998284,0.6711317112739859,-0.5539461766043229,0.15677752384721405,0.0007548317201150549,-0.6244866622936819,0.18652489466880093,0.001347815392438549,3.0,True,True,2.0,False,True,1.0,False,False,3.0,True,True,0.8240116190763576,0.843912513872376,0.9973924089128843,0.0006415076785475014,0.02013997612339985,0.8578375602556788,False,True,False,0.956461063998812,False,False,False,0.9953766925380207,False,False,False,0.00020754660188301518,True,False,False,0.8318761927036898,0.9599331066394635,0.009520145981125097,0.9741559490522318,0.056025287670761856,0.08375262159525124,True,0001,late_amplification_support_detected,True,False,False,False
NFE2,TTC3,TTC3,ENSG00000182670,-0.0308285851217207,0.0308285851217207,False,-0.03359818769029889,0.03359818769029889,0.3355741528330361,0.02,0.83,False,0.03,0.88,False,-0.02990209284160907,0.02990209284160907,0.3912745232542187,0.0,0.84,False,-0.017705792044201214,0.017705792044201214,0.5395061728395062,0.0,0.76,False,0.01,0.77,False,-0.05904191881280236,0.05904191881280236,0.10342935528120713,0.09,0.99,False,-0.09610216830753943,0.09610216830753943,0.04759945130315501,0.24,1.0,False,0.31,1.0,False,-0.1770025124394325,0.1770025124394325,0.018930041152263374,0.78,1.0,True,-0.030828585121720722,0.030828585121720722,0.4334705075445816,0.0,0.9,False,0.0,0.86,False,-0.027490703262755937,0.027490703262755937,0.48148148148148145,0.0,0.86,False,0000,0000,never_selected,False,False,False,False,True,True,True,3,NFE2_288;NFE2_533;NFE2_682,False,False,day 11,-0.1770025124394325,34168,3,NFE2_288;NFE2_533;NFE2_682,True,not_applicable,6.053293890964839,0.0010512142621692069,3.0,66.0,-0.03851715282350173,0.16051252130704105,0.8111022560767339,-0.028022813901135805,0.1441387345003956,0.8464476892941385,0.08437970417659166,0.21337606465467435,0.6937856625755768,0.9181115165642862,0.19697901242896373,1.5772821329876134e-05,-0.010494338922365927,0.21573188053627768,0.961348889380858,-0.12289685700009338,0.2670086411782567,0.6468331763315125,-0.956628669387788,0.25409644002589477,0.0003570500933064588,-0.11240251807772746,0.25749819368471566,0.6638858832232968,-0.9461343304654221,0.24408339992892877,0.0002467362096460722,-0.8337318123876947,0.29039641234871616,0.0054941221987822525,3.0,True,True,2.0,False,True,3.0,True,True,3.0,True,True,0.9677890340420727,0.9740168746330999,0.9419015592129285,0.001685799143737161,0.037957358223190824,0.9815512809044534,False,False,False,0.9930796156839258,False,False,False,0.9064465774485707,False,True,False,0.0005403202383772952,True,True,False,0.9982838727405401,0.9699286022425602,0.0340727803326735,0.9741559490522318,0.02650212607080953,0.18582651284995164,True,0001,late_amplification_support_detected,False,False,True,True
NFE2,FNDC3B,FNDC3B,ENSG00000075420,-0.0234085308532761,0.0234085308532761,False,0.03302625155856844,0.03302625155856844,0.3455892440664014,0.03,0.89,False,0.04,0.72,False,0.026339650463882487,0.026339650463882487,0.4508162985320346,0.05,0.77,False,-0.07731940897785346,0.07731940897785346,0.017146776406035666,0.65,1.0,False,0.3,0.98,False,-0.1037246589335246,0.1037246589335246,0.012208504801097394,0.72,1.0,True,-0.033109498261948304,0.033109498261948304,0.4578875171467764,0.0,0.85,False,0.0,0.83,False,-0.10162320460325784,0.10162320460325784,0.14060356652949246,0.03,1.0,False,-0.023408530853276124,0.023408530853276124,0.5492455418381345,0.01,0.78,False,0.01,0.72,False,-0.024291200355426763,0.024291200355426763,0.5292181069958848,0.0,0.81,False,0000,0000,never_selected,False,False,False,False,True,True,True,3,NFE2_288;NFE2_533;NFE2_682,False,False,day 9,-0.1037246589335246,7527,3,NFE2_288;NFE2_533;NFE2_682,True,not_applicable,3.6428916580244493,0.017034349925646043,3.0,66.0,-0.01573652695936352,0.09296227832702558,0.8660952477775845,0.13152720218578523,0.08347925161987498,0.11990715754302102,0.09293109201112706,0.12357867753388233,0.45472492557392097,0.46230350904982714,0.11408217644887683,0.00013603972709589244,-0.14726372914514876,0.12494306960678431,0.2427708198652686,-0.10866761897049058,0.15464046925942326,0.4847068761253983,-0.47804003600919065,0.14716225118916884,0.0018268220366862253,0.03859611017465818,0.14913240758479587,0.7965916812280119,-0.3307763068640419,0.14136310846301825,0.022322745403497293,-0.36937241703870005,0.16818570844259012,0.03159498441143326,2.0,False,False,3.0,True,True,3.0,True,True,3.0,True,True,0.9762429984158906,0.5378738720574415,0.8508726242411951,0.007988970347257682,0.23461743815116612,0.9849594442794091,False,False,False,0.6979281316356,False,True,False,0.8541998559636355,False,True,False,0.0029314367000018112,True,True,False,0.8259978319354809,0.9306343366591737,0.10310846703870032,0.9876376309629992,0.3622233793357734,0.4158709278194565,True,0001,localized_support_no_detected_heterogeneity,True,True,True,True
NFE2,PRRC2C,PRRC2C,ENSG00000117523,-0.0226067347554703,0.0226067347554703,False,-0.021992849830980148,0.021992849830980148,0.5290163259706407,0.02,0.76,False,0.03,0.73,False,-0.018058901954411937,0.018058901954411937,0.6031005624914254,0.03,0.6799999999999999,False,-0.07043755537285147,0.07043755537285147,0.024417009602194787,0.49,0.98,False,0.41,0.98,False,-0.09826685647168082,0.09826685647168082,0.015637860082304528,0.8,1.0,True,-0.10707663947390825,0.10707663947390825,0.030315500685871057,0.4,1.0,False,0.48,1.0,False,-0.15420172741125204,0.15420172741125204,0.03621399176954732,0.51,1.0,False,-0.02260673475547039,0.02260673475547039,0.5617283950617284,0.0,0.77,False,0.01,0.78,False,-0.01802121600867403,0.01802121600867403,0.6340192043895747,0.0,0.77,False,0000,0000,never_selected,False,False,False,False,True,True,True,3,NFE2_288;NFE2_533;NFE2_682,False,False,day 9,-0.09826685647168082,2470,3,NFE2_288;NFE2_533;NFE2_682,True,not_applicable,6.620189354969148,0.0005601738367694058,3.0,66.0,0.00587251122831815,0.03843728737895511,0.8790366190002297,0.02551168311235343,0.034516322560485424,0.46245513737125327,0.03009890249701635,0.051096307316944825,0.5578304631505481,0.25202954228667807,0.04716977122222007,1.2169604695969107e-06,-0.01963917188403528,0.05166044506343179,0.7050482370455947,-0.0242263912686982,0.06393948453405024,0.7059815630518942,-0.24615703105835993,0.06084745169856304,0.00013928370044036709,-0.00458721938466292,0.06166205595442911,0.9409227751550541,-0.22651785917432465,0.05844966929124626,0.0002474300416054194,-0.22193063978966174,0.06954005995528224,0.002168558991173406,1.0,False,False,2.0,False,True,2.0,False,True,3.0,True,True,0.9776750138592556,0.8575483172021653,0.9019577963573542,0.00020323239842268408,0.023458345470966403,0.9858452703932518,False,True,True,0.956461063998812,False,True,True,0.8674479124802615,False,True,True,6.50343674952589e-05,True,True,False,0.9821873492975115,0.9821873492975115,0.02067589153203671,0.9982838727405401,0.02650212607080953,0.11072082084870079,True,0001,late_onset_support_detected,True,True,True,True
NFE2,CALM1,CALM1,ENSG00000198668,-0.020367388317599,0.020367388317599,False,-0.05823067396063887,0.05823067396063887,0.09946494718068322,0.2,0.97,False,0.23,0.99,False,-0.06156775806763803,0.06156775806763803,0.07916037865276444,0.23,0.98,False,0.006495458859971613,0.006495458859971613,0.8275720164609054,0.01,0.57,False,0.03,0.53,False,-0.015596708537253418,0.015596708537253418,0.6522633744855967,0.0,0.8200000000000001,False,-0.14137196550876965,0.14137196550876965,0.006858710562414266,0.89,1.0,True,0.76,1.0,True,-0.21487105317182334,0.21487105317182334,0.006310013717421125,0.99,1.0,True,-0.020367388317599003,0.020367388317599003,0.601920438957476,0.0,0.75,False,0.0,0.6799999999999999,False,-0.01655188039814542,0.01655188039814542,0.6603566529492455,0.0,0.81,False,0010,0010,day11_only_preterminal_discovery,True,True,True,True,True,True,False,3,NFE2_288;NFE2_533;NFE2_682,False,False,day 11,-0.21487105317182334,24700,3,NFE2_288;NFE2_533;NFE2_682,True,not_applicable,11.780367192735437,2.840191328866258e-06,3.0,66.0,0.12929558658039725,0.05985710514828397,0.03440366101171945,0.1656022354385973,0.05375111746221323,0.0030084036364586217,0.36320554402451855,0.07957057452066588,2.239259559948589e-05,0.6352295800668315,0.07345591087197265,1.8413238575894644e-12,-0.036306648858200063,0.08044908741041976,0.6532529859886662,-0.2339099574441213,0.09957082587927833,0.02181718225775633,-0.5059339934864343,0.09475570631241113,1.2343185305375132e-06,-0.19760330858592123,0.09602426234023093,0.0435580378509021,-0.46962734462823424,0.0910217197731829,2.4561022133272448e-06,-0.272024036042313,0.10829241511564894,0.014460538018834389,3.0,True,True,3.0,True,True,3.0,True,True,3.0,True,True,0.31469167681165655,0.07209376248087387,0.0020994040505903965,4.442621107689214e-09,0.0005420708021950458,0.33067115907667033,False,True,False,0.12560085182214745,False,True,False,0.009972169240304384,True,True,False,1.2300043368697622e-09,True,True,False,0.9731389422766711,0.36135338153720975,0.0006596198227192471,0.48360281359117896,0.0010937841856683997,0.3039231662659555,True,0011,late_amplification_support_detected,True,True,True,True
NFE2,SNHG1,SNHG1,ENSG00000255717,-0.0193525780017478,0.0193525780017478,False,-0.10360257690338374,0.10360257690338374,0.005213335162573741,0.69,1.0,False,0.64,1.0,False,-0.10467307766472432,0.10467307766472432,0.004390176979009466,0.79,1.0,True,-0.08061201557529227,0.08061201557529227,0.013305898491083675,0.57,1.0,False,0.41,1.0,False,-0.09085067697367619,0.09085067697367619,0.021536351165980797,0.68,1.0,False,-0.044849942872647305,0.044849942872647305,0.32400548696844994,0.01,0.9299999999999999,False,0.01,0.98,False,-0.08317844433984867,0.08317844433984867,0.2194787379972565,0.01,0.99,False,-0.019352578001747816,0.019352578001747816,0.6211248285322359,0.0,0.75,False,0.0,0.84,False,-0.012295629442849516,0.012295629442849516,0.7432098765432099,0.0,0.72,False,0000,0000,never_selected,False,False,False,False,True,True,True,3,NFE2_288;NFE2_533;NFE2_682,False,False,day 7,-0.10467307766472432,19895,3,NFE2_288;NFE2_533;NFE2_682,True,not_applicable,6.369108932552686,0.0007393652165153146,3.0,66.0,-0.04960730050937103,0.07032420888729399,0.4830383058638585,0.04689303085253078,0.06315047817588162,0.46038275822837116,-0.07330003814281015,0.09348493700139661,0.43579591575196147,0.3899852962679989,0.08630101317746651,2.6407776854271165e-05,-0.09650033136190181,0.09451707385158645,0.3109903862688639,0.02369273763343912,0.11698259614908044,0.840123764793279,-0.4395925967773699,0.11132546533062865,0.00019345904925344444,0.12019306899534093,0.11281585145713169,0.29058080704952416,-0.3430922654154681,0.10693852331737029,0.002061372514438539,-0.463285334410809,0.12722931392415954,0.0005340405423101087,2.0,False,True,3.0,True,True,3.0,True,True,3.0,True,True,0.8663778087239637,0.8560492205888711,0.8450829269825696,0.002292244520521489,0.029933088765589706,0.9069744517445677,False,False,False,0.956461063998812,False,True,False,0.8506184046702283,False,False,False,0.0007220570239642691,True,True,False,0.8652598918420952,0.9899936503197948,0.023857965212547856,0.8528662220492289,0.10799975212901523,0.04679057934034597,True,0001,late_amplification_support_detected,False,True,False,True
NFE2,SNRPF,SNRPF,ENSG00000139343,-0.0172476793236006,0.0172476793236006,False,-0.008574445258148678,0.008574445258148678,0.8028536150363561,0.01,0.65,False,0.0,0.5800000000000001,False,-0.009793202501443787,0.009793202501443787,0.7771985183152695,0.0,0.6699999999999999,False,-0.009720289667161968,0.009720289667161968,0.7454046639231824,0.0,0.6699999999999999,False,0.02,0.74,False,-0.03387774092790604,0.03387774092790604,0.3289437585733882,0.0,0.89,False,-0.11547623010440683,0.11547623010440683,0.020438957475994512,0.49,1.0,False,0.57,1.0,False,-0.16894922519067243,0.16894922519067243,0.0242798353909465,0.73,1.0,True,-0.01724767932360068,0.01724767932360068,0.6556927297668038,0.0,0.78,False,0.0,0.77,False,-0.009399028209625255,0.009399028209625255,0.8049382716049382,0.0,0.62,False,0000,0000,never_selected,False,False,False,False,True,True,True,3,NFE2_288;NFE2_533;NFE2_682,False,False,day 11,-0.16894922519067243,22315,3,NFE2_288;NFE2_533;NFE2_682,True,not_applicable,5.939711349960534,0.0011939575120584907,3.0,66.0,0.06298765499111957,0.060746611034691506,0.30357045186952764,0.019679047225273444,0.05454988538233193,0.719436034507915,0.0950585630455866,0.08075303221295858,0.24336274405353156,0.3936579065474322,0.07454750166892452,1.5466253749945851e-06,0.04330860776584612,0.08164460023434278,0.5975783427947817,-0.032070908054467044,0.10105049709816982,0.7519608947558004,-0.33067025155631263,0.09616382249722816,0.0010174267377782097,-0.07537951582031316,0.09745122988866114,0.4419822714714948,-0.37397885932215874,0.09237434709000034,0.00013784610344628713,-0.2985993435018456,0.10990169342037195,0.008404629529121311,2.0,False,True,3.0,True,True,3.0,True,True,3.0,True,True,0.7671963513968816,0.9419015592129285,0.7199475115220336,0.00022958794455475172,0.04197703252921431,0.8015318663021987,False,True,False,0.9927742498208394,False,True,True,0.7702964803127965,False,True,False,7.65293148515839e-05,True,True,False,0.9599331066394635,0.9854533011065566,0.06727216341976353,0.9200187463748499,0.02067589153203671,0.22993689524039737,True,0001,time_varying_support_candidate,True,True,True,True
NFE2,PEBP1,PEBP1,ENSG00000089220,-0.0164476075013012,0.0164476075013012,False,-0.04087881537602065,0.04087881537602065,0.24351762930443133,0.09,0.88,False,0.06,0.84,False,-0.03577825736659025,0.03577825736659025,0.30168747427630677,0.04,0.91,False,-0.02679322930092405,0.02679322930092405,0.3588477366255144,0.0,0.86,False,0.05,0.8,False,-0.06708736735614863,0.06708736735614863,0.0681755829903978,0.16,1.0,False,-0.09543825126823097,0.09543825126823097,0.04869684499314129,0.35,1.0,False,0.28,1.0,False,-0.20060486709136605,0.20060486709136605,0.009876543209876543,0.96,1.0,True,-0.016447607501301184,0.016447607501301184,0.6706447187928669,0.0,0.8200000000000001,False,0.0,0.72,False,-0.015140477325938066,0.015140477325938066,0.6909465020576132,0.0,0.6599999999999999,False,0000,0000,never_selected,False,False,False,False,True,True,True,3,NFE2_288;NFE2_533;NFE2_682,False,False,day 11,-0.20060486709136605,22605,3,NFE2_288;NFE2_533;NFE2_682,True,not_applicable,13.954432105516325,3.810144824765362e-07,3.0,66.0,0.023879840073451803,0.10792817394255189,0.8255756120673586,0.030511279639185936,0.09691848512715123,0.7538961381740902,0.10090208000682507,0.1434734738056643,0.4843546109069404,0.9929237960518587,0.13244814138704028,2.1063087512854084e-10,-0.006631439565734134,0.14505751786762225,0.963674709206612,-0.07702223993337327,0.17953586944239963,0.6693148591786889,-0.9690439559784069,0.1708537412158573,3.390952859134225e-07,-0.07039080036763914,0.17314107093698622,0.6856525966121328,-0.9624125164126728,0.16412100083847664,1.5894365952105346e-07,-0.8920217160450336,0.1952617418818803,2.208931573831988e-05,2.0,False,True,2.0,False,True,2.0,False,True,3.0,True,True,0.9707086692421145,0.944845441463963,0.8668422775240086,1.8760189944782038e-07,0.00010180706971773046,0.9849594442794091,False,True,False,0.9927742498208394,False,True,False,0.8541998559636355,False,True,False,6.758402750614072e-08,True,True,False,0.9982838727405401,0.9741559490522318,0.00024710798289836317,0.9767640641333724,0.00014156581941341827,0.0062221940650595805,True,0001,late_amplification_support_detected,True,True,True,True
NFE2,CHAF1A,CHAF1A,ENSG00000167670,-0.0151447103580316,0.0151447103580316,False,-0.04936259666034103,0.04936259666034103,0.1605158457950336,0.06,0.98,False,0.03,0.9,False,-0.04640622473293342,0.04640622473293342,0.18219234462889286,0.07,0.97,False,-0.02692424433805505,0.02692424433805505,0.35665294924554186,0.01,0.84,False,0.07,0.8200000000000001,False,-0.03162561474908362,0.03162561474908362,0.361042524005487,0.0,0.96,False,-0.1406417133211236,0.1406417133211236,0.0075445816186556925,0.82,1.0,True,0.83,1.0,True,-0.16527021873072795,0.16527021873072795,0.02633744855967078,0.76,1.0,True,-0.015144710358031653,0.015144710358031653,0.6969821673525377,0.0,0.69,False,0.0,0.83,False,-0.0048579428080625636,0.0048579428080625636,0.9004115226337449,0.0,0.63,False,0010,0010,day11_only_preterminal_discovery,True,True,True,True,True,True,False,3,NFE2_288;NFE2_533;NFE2_682,False,False,day 11,-0.16527021873072795,31060,3,NFE2_288;NFE2_533;NFE2_682,True,not_applicable,3.37009150487945,0.023578869244987255,3.0,66.0,-0.016576803122235154,0.06991428406905097,0.8133122290200129,-0.001512138202741757,0.06278236954447568,0.9808571662200402,0.044096495074778905,0.0929400066507378,0.6367366479154191,0.30147989677280657,0.08579795843002302,0.0008029628443175745,-0.015064664919493397,0.09396612710177561,0.8731185540508438,-0.06067329819701406,0.11630069627103329,0.6036302613859084,-0.3180566998950417,0.11067654127071333,0.005452062356659847,-0.04560863327752066,0.1121582398304213,0.6855841140458998,-0.30299203497554833,0.10631517105464801,0.0058280763730664716,-0.25738340169802765,0.12648768519899137,0.04588628141015174,2.0,False,False,1.0,False,False,2.0,False,True,3.0,True,True,0.9677890340420727,0.9973924089128843,0.9302134079989064,0.03000722685337845,0.2669607568754489,0.981558390217468,False,False,False,0.9965210449201319,False,False,True,0.888999909791114,False,True,False,0.011292193263245048,True,True,False,0.9944724532104793,0.9599331066394635,0.1851853044533277,0.9767640641333724,0.18714479688678928,0.494366369372861,True,0001,localized_support_no_detected_heterogeneity,False,False,True,True
NFE2,RPL22L1,RPL22L1,ENSG00000163584,-0.0117095201224743,0.0117095201224743,False,0.002833933836483899,0.002833933836483899,0.9368912059267389,0.01,0.5,False,0.01,0.54,False,-0.0013703823726255893,0.0013703823726255893,0.9685827959939635,0.0,0.54,False,-0.017182848972540337,0.017182848972540337,0.5525377229080933,0.0,0.77,False,0.01,0.7,False,-0.03416888332226089,0.03416888332226089,0.32400548696844994,0.0,0.95,False,-0.11813799529102346,0.11813799529102346,0.018930041152263374,0.55,1.0,False,0.59,1.0,False,-0.1720911591067867,0.1720911591067867,0.020987654320987655,0.76,1.0,True,-0.011709520122474329,0.011709520122474329,0.7622770919067215,0.0,0.61,False,0.0,0.74,False,-0.008016264522994428,0.008016264522994428,0.8340192043895748,0.0,0.65,False,0000,0000,never_selected,False,False,False,False,True,True,True,3,NFE2_288;NFE2_533;NFE2_682,False,False,day 11,-0.1720911591067867,7516,3,NFE2_288;NFE2_533;NFE2_682,True,not_applicable,2.67990560544273,0.05399435807332851,3.0,66.0,0.08539271770304141,0.06984577133194966,0.2258327143759678,0.02807167544645027,0.06272084575092657,0.6559324937061863,0.040097141376374275,0.0928489297795856,0.667255406038734,0.31455762354157724,0.08571388043297254,0.00048694873699466464,0.05732104225659114,0.09387404468044676,0.5435505761475639,0.045295576326667135,0.11618672701375754,0.6979015768977871,-0.22916490583853585,0.11056808342298835,0.04211761005349485,-0.012025465929924005,0.11204832998722447,0.9148575909904995,-0.286485948095127,0.10621098714629026,0.008863301914452228,-0.27446048216520297,0.12636373316775792,0.033454474570810876,2.0,False,True,2.0,False,True,2.0,False,True,3.0,True,True,0.6959919409603067,0.9368764811159178,0.9376651810562664,0.020687702876281095,0.3762880451655908,0.7126843833736041,False,True,False,0.9927742498208394,False,True,False,0.8965066241514743,False,True,False,0.007666619301210053,True,True,False,0.9446459804056667,0.9809958225876629,0.4773816094154944,0.9965627067753294,0.23682742715416352,0.429073709055392,True,0001,localized_support_no_detected_heterogeneity,True,True,True,True
NFE2,LMO2,LMO2,ENSG00000135363,0.0111439859326096,0.0111439859326096,False,0.09576669844394586,0.09576669844394586,0.00919193304980107,0.59,1.0,False,0.51,1.0,False,0.10180117920564376,0.10180117920564376,0.005076142131979695,0.73,1.0,True,0.01666752650781919,0.01666752650781919,0.5650205761316872,0.02,0.78,False,0.04,0.74,False,0.01269468632478982,0.01269468632478982,0.7145404663923183,0.0,0.72,False,0.0714470156906101,0.0714470156906101,0.12839506172839507,0.08,0.98,False,0.06,0.97,False,0.04225142100883537,0.04225142100883537,0.5183813443072702,0.0,0.92,False,0.011143985932609655,0.011143985932609655,0.7727023319615912,0.0,0.66,False,0.0,0.67,False,0.018936213584613754,0.018936213584613754,0.6186556927297668,0.0,0.76,False,0000,0000,never_selected,False,False,False,False,True,True,True,3,NFE2_288;NFE2_533;NFE2_682,False,False,day 7,0.10180117920564376,19474,3,NFE2_288;NFE2_533;NFE2_682,True,not_applicable,24.466964563366354,9.271224766997849e-11,3.0,66.0,0.03579039538180983,0.049281237805960026,0.47025460149879655,0.1080798938604681,0.04425408805569946,0.017281759837632353,0.12032226926865142,0.06551162799462945,0.07076437292037341,0.6548209990590805,0.06047733519633582,2.815712691477495e-16,-0.07228949847865826,0.0662349206184259,0.2790605340142312,-0.08453187388684158,0.08197813002377097,0.30623372011096783,-0.6190306036772707,0.07801377104164073,3.462681947733972e-11,-0.01224237540818332,0.07905819193574011,0.8774100266598331,-0.5467411051986124,0.07493952483230436,4.81383357264886e-10,-0.5344987297904291,0.0891587431212255,9.453405070861551e-08,2.0,False,True,3.0,True,True,2.0,False,True,3.0,True,True,0.8599299885722078,0.21918155339127013,0.43828757578849886,1.5047168623255734e-12,1.2386356288709126e-07,0.8968195342350216,False,False,True,0.32496460272527944,False,False,False,0.5799590709531628,False,False,False,3.7617921558139335e-13,True,False,False,0.850358225497967,0.8631397680764832,2.775685849303552e-07,0.9950149183669731,1.929384495917663e-06,0.0001309649568321306,True,0001,late_onset_support_detected,False,False,False,False
NFE2,RPS2,RPS2,ENSG00000140988,0.0110390910991624,0.0110390910991624,False,0.0846788894607038,0.0846788894607038,0.019069831252572368,0.4,1.0,False,0.34,1.0,False,0.08404523869479476,0.08404523869479476,0.019892989436136644,0.4,1.0,False,0.06711403264455229,0.06711403264455229,0.030864197530864196,0.47,0.99,False,0.33,0.99,False,0.035387127440666646,0.035387127440666646,0.3063100137174211,0.0,0.94,False,-0.07901764775308227,0.07901764775308227,0.0935528120713306,0.13,1.0,False,0.18,1.0,False,-0.18563889905942044,0.18563889905942044,0.015226337448559672,0.91,1.0,True,0.011039091099162493,0.011039091099162493,0.7753086419753087,0.0,0.67,False,0.01,0.77,False,0.01576242309165214,0.01576242309165214,0.6780521262002743,0.0,0.71,False,0000,0000,never_selected,False,False,False,False,True,True,True,3,NFE2_288;NFE2_533;NFE2_682,False,False,day 11,-0.18563889905942044,26562,3,NFE2_288;NFE2_533;NFE2_682,True,not_applicable,6.9209896057753175,0.00040276054308989174,3.0,66.0,0.003824998153952587,0.03996715721109995,0.9240460300890712,0.0002788941263620129,0.03589013128120121,0.9938233221128141,0.0191963536075172,0.05313002781151321,0.7190225734813908,0.2533538048969426,0.049047208859027885,2.4006831482102577e-06,0.003546104027590574,0.053716619205964856,0.9475654252815365,-0.015371355453564611,0.0664843854659795,0.8178727588310855,-0.24952880674299,0.06326928443089808,0.00019661588642623634,-0.018917459481155186,0.0641163113305345,0.7688825317461927,-0.2530749107705806,0.060776066179401254,9.26120448054244e-05,-0.2341574512894254,0.07230787337567929,0.001883154897632275,1.0,False,False,2.0,False,False,3.0,True,True,3.0,True,True,0.9875574176512568,0.9987995663683595,0.9419015592129285,0.00032073126860089043,0.02013997612339985,0.997756962676744,False,True,True,0.997380968204466,False,True,True,0.9170421180098868,False,True,True,0.00010691042286696347,True,True,False,0.9982838727405401,0.9897309497180249,0.02387989311504107,0.9854533011065566,0.015466211482505874,0.10310846703870032,True,0001,late_onset_support_detected,False,False,True,False
NFE2,EIF4A1,EIF4A1,ENSG00000161960,0.0087006048676393,0.0087006048676393,False,-0.03457902852847636,0.03457902852847636,0.32144327068184936,0.03,0.79,False,0.04,0.83,False,-0.03707021112239809,0.03707021112239809,0.2848127315132391,0.12,0.91,False,-0.03937342403910094,0.03937342403910094,0.1820301783264746,0.09,0.98,False,0.1,0.91,False,-0.07285999366940521,0.07285999366940521,0.05336076817558299,0.29,1.0,False,-0.10815433764975813,0.10815433764975813,0.028395061728395062,0.48,1.0,False,0.48,1.0,False,-0.19267805903360793,0.19267805903360793,0.012757201646090535,0.95,1.0,True,0.008700604867639383,0.008700604867639383,0.8190672153635117,0.0,0.65,False,0.0,0.68,False,0.009148215395398342,0.009148215395398342,0.8093278463648834,0.0,0.62,False,0000,0000,never_selected,False,False,False,False,True,True,True,3,NFE2_288;NFE2_533;NFE2_682,False,False,day 11,-0.19267805903360793,28335,3,NFE2_288;NFE2_533;NFE2_682,True,not_applicable,6.918553493141002,0.0004038334970651416,3.0,66.0,0.03136732750820988,0.04665507156336261,0.5037243920077079,-0.051419994779708975,0.041895815469154246,0.2240583422932212,0.11091944627442364,0.06202055444216506,0.0782961922586456,0.2635022507026121,0.05725453594847161,1.9530181664154942e-05,0.08278732228791885,0.06270530325584836,0.1913086180799627,-0.07955211876621376,0.07760956690960236,0.30909143792464155,-0.23213492319440218,0.07385646613030786,0.0025046676488088737,-0.16233944105413262,0.07484523049025227,0.03369012899871705,-0.31492224548232106,0.07094604457262048,3.5188348839789346e-05,-0.15258280442818842,0.08440752964036079,0.07521140967192286,2.0,False,True,3.0,True,True,3.0,True,True,3.0,True,True,0.8769976578164457,0.6952878270448849,0.4543049418351815,0.001897623469331709,0.02013997612339985,0.908313054424438,False,True,True,0.8659765145675977,False,False,True,0.5909814285737318,False,True,False,0.0005930073341661591,True,True,False,0.7761661452766134,0.8652598918420952,0.12154835701360242,0.4314058690953928,0.008059137265707183,0.5974925097552357,True,0001,time_varying_support_candidate,True,False,True,False
NFE2,ESF1,ESF1,ENSG00000089048,0.0071046408579339,0.0071046408579339,False,-0.07035483424161502,0.07035483424161502,0.04746878858553986,0.23,1.0,False,0.33,0.98,False,-0.06807070264713791,0.06807070264713791,0.051858965564549324,0.29,0.98,False,-0.044158853294894426,0.044158853294894426,0.1374485596707819,0.07,0.99,False,0.07,0.94,False,-0.07240775687137735,0.07240775687137735,0.05377229080932785,0.21,1.0,False,-0.1261122972015961,0.1261122972015961,0.013717421124828532,0.65,1.0,False,0.7,1.0,True,-0.18484349293798122,0.18484349293798122,0.015637860082304528,0.86,1.0,True,0.007104640857933953,0.007104640857933953,0.855281207133059,0.0,0.66,False,0.0,0.6,False,0.008436022142116842,0.008436022142116842,0.8255144032921811,0.0,0.62,False,0000,0010,never_selected,False,False,True,False,True,True,True,3,NFE2_288;NFE2_533;NFE2_682,False,False,day 11,-0.18484349293798122,33069,3,NFE2_288;NFE2_533;NFE2_682,True,not_applicable,5.111702893203635,0.003057468288206761,3.0,66.0,-0.05026513042596283,0.0692601867931366,0.47056174663080097,-0.03028196255424646,0.062194996342542684,0.6279511901921637,0.12376315758738271,0.0920704875534147,0.18347902742193403,0.33166256729822086,0.0849952582145325,0.00022627911356483881,-0.019983167871716372,0.09308700792628936,0.8306850257879623,-0.17402828801334555,0.11521262150017966,0.1356898882267784,-0.38192769772418367,0.10964108442356461,0.0008838857131127,-0.1540451201416292,0.11110892065163983,0.17028036521635972,-0.3619445298524673,0.10532051789183318,0.0010238527865782372,-0.20789940971083812,0.12530430398545192,0.10182941721030256,2.0,False,True,3.0,True,True,2.0,False,True,3.0,True,True,0.8599299885722078,0.9270086078416914,0.6412766007474268,0.011791803786856396,0.08012276592557262,0.8968195342350216,False,False,False,0.9927742498208394,False,False,False,0.7209993983463685,False,True,False,0.004400564456689162,True,True,False,0.9899936503197948,0.7119050203063813,0.06326096318135181,0.7554540302766182,0.06727216341976353,0.6593413637785018,True,0001,localized_support_no_detected_heterogeneity,False,False,True,False
NFE2,RSL1D1,RSL1D1,ENSG00000171490,-0.0063773624148992,0.0063773624148992,False,-0.03647523633492412,0.03647523633492412,0.2981204554808616,0.06,0.87,False,0.0,0.7,False,-0.03682138960625806,0.03682138960625806,0.2881053642474962,0.08,0.92,False,-0.009375259482586688,0.009375259482586688,0.754320987654321,0.0,0.65,False,0.05,0.69,False,-0.03819457621856457,0.03819457621856457,0.27146776406035666,0.01,0.96,False,-0.14153799881890508,0.14153799881890508,0.006721536351165981,0.82,1.0,True,0.8,1.0,True,-0.20301307651983994,0.20301307651983994,0.009190672153635117,0.97,1.0,True,-0.0063773624148992574,0.0063773624148992574,0.8676268861454046,0.0,0.5800000000000001,False,0.0,0.56,False,-0.005629003799226689,0.005629003799226689,0.8850480109739369,0.0,0.61,False,0010,0010,day11_only_preterminal_discovery,True,True,True,True,True,True,False,3,NFE2_288;NFE2_533;NFE2_682,False,False,day 11,-0.20301307651983994,26811,3,NFE2_288;NFE2_533;NFE2_682,True,not_applicable,4.483870998533078,0.006324409905903033,3.0,66.0,-0.05387917144270894,0.08586564864931404,0.5325081300035169,0.09602602715180499,0.07710654491366972,0.21739983381653355,0.1375050113862435,0.11414482838235675,0.23263900547038882,0.44039216939754555,0.10537327888682492,8.782477322124436e-05,-0.14990519859451393,0.11540506438840192,0.19848147830501936,-0.19138418282895242,0.14283539989934257,0.18487517022597488,-0.4942713408402545,0.13592806009550795,0.00054285477528096,-0.04147898423443849,0.1377478170969016,0.7642676353146908,-0.3443661422457406,0.13057161702255335,0.01040860447580241,-0.30288715801130206,0.15534661164569458,0.05545628691820516,3.0,True,True,3.0,True,True,3.0,True,True,3.0,True,True,0.8896779406914014,0.6897669629020401,0.7058966622442179,0.005563423728406126,0.12999094821979157,0.9094352262680906,False,False,False,0.859071938363113,False,True,False,0.7702964803127965,False,True,False,0.0019887101190437704,True,True,False,0.7829859892190134,0.7718538356934451,0.04679057934034597,0.9854533011065566,0.25131630850554965,0.5302258835145406,True,0001,late_amplification_support_detected,False,True,True,True
NFE2,CCDC138,CCDC138,ENSG00000163006,-0.0062147400109239,0.0062147400109239,False,-0.08685747206721654,0.08685747206721654,0.017286321854849775,0.43,1.0,False,0.42,1.0,False,-0.08347496902596052,0.08347496902596052,0.02071614761970092,0.41,1.0,False,-0.05419283375596146,0.05419283375596146,0.0737997256515775,0.17,0.97,False,0.19,0.97,False,-0.0799874504735137,0.0799874504735137,0.03717421124828532,0.36,1.0,False,-0.12744323596776488,0.12744323596776488,0.012894375857338821,0.74,1.0,True,0.62,1.0,False,-0.18475307016612968,0.18475307016612968,0.015912208504801097,0.87,1.0,True,-0.006214740010923937,0.006214740010923937,0.870644718792867,0.0,0.55,False,0.0,0.6,False,-0.0040206081955710985,0.0040206081955710985,0.9174211248285322,0.0,0.6,False,0010,0000,day11_only_preterminal_discovery,True,True,False,False,True,True,False,3,NFE2_288;NFE2_533;NFE2_682,False,False,day 11,-0.18475307016612968,4670,3,NFE2_288;NFE2_533;NFE2_682,True,not_applicable,9.21276138079368,3.5739047477782845e-05,3.0,66.0,-0.07190326058064893,0.12922645211232728,0.5798103673403255,-0.04455807239016206,0.11604413861156984,0.702231093734852,-0.05507350392484932,0.17178617329341375,0.7495314538603216,0.8702876900888257,0.15858512911957104,6.952398706993329e-07,-0.027345188190486872,0.1736828086819211,0.8753762022997521,-0.016829756655799607,0.21496503264562444,0.9378337172609849,-0.9421909506694746,0.20456959476767464,1.928844363311699e-05,0.010515431534687265,0.20730830046309298,0.9596989408483715,-0.9148457624789876,0.19650823210230214,1.608997897798873e-05,-0.925361194013675,0.23379420975008297,0.00018747875397088059,3.0,True,True,3.0,True,True,2.0,False,False,3.0,True,True,0.909579932361842,0.9419015592129285,0.9446801025180657,0.0001428985334237398,0.003978947285859824,0.9328393469980503,False,False,False,0.9927742498208394,False,False,False,0.9246418013849471,False,False,False,4.6442023362715435e-05,True,True,False,0.9944724532104793,0.9982838727405401,0.005726524598632066,0.9982838727405401,0.005307513608730051,0.023760686233811338,True,0001,late_amplification_support_detected,False,False,False,True
NFE2,S100A4,S100A4,ENSG00000196154,-0.0056212729067616,0.0056212729067616,False,0.014606203915571759,0.014606203915571759,0.6763616408286459,0.01,0.71,False,0.04,0.7,False,0.015289804412262947,0.015289804412262947,0.6578405816984497,0.0,0.6,False,-0.019856516015782585,0.019856516015782585,0.4906721536351166,0.0,0.78,False,0.03,0.6799999999999999,False,-0.05361573039702176,0.05361573039702176,0.13511659807956103,0.08,0.98,False,-0.09848743740944364,0.09848743740944364,0.04238683127572016,0.18,1.0,False,0.44,1.0,False,-0.18480520619082175,0.18480520619082175,0.01577503429355281,0.92,1.0,True,-0.005621272906761679,0.005621272906761679,0.8838134430727024,0.0,0.6599999999999999,False,0.0,0.55,False,-0.0067732510984541625,0.0067732510984541625,0.861042524005487,0.0,0.5900000000000001,False,0000,0000,never_selected,False,False,False,False,True,True,True,3,NFE2_288;NFE2_533;NFE2_682,False,False,day 11,-0.18480520619082175,2068,3,NFE2_288;NFE2_533;NFE2_682,True,not_applicable,6.131381768743609,0.0009633317985369039,3.0,66.0,0.07822586768556866,0.19345574974013796,0.6872550426845041,0.08603984172996053,0.17372144379957194,0.6220511902991684,0.46558688792986536,0.2571688876870158,0.07478086144728524,1.2361628639903635,0.23740654138516445,2.050115274617637e-06,-0.007813974044391863,0.26000820591536455,0.9761156394023376,-0.3873610202442967,0.3218088934471759,0.2330055256565454,-1.1579369963047947,0.30624662120582596,0.00033845853724550625,-0.3795470461999048,0.31034654312555965,0.2256869085248957,-1.1501230222604029,0.29417852730658917,0.00022067208453663563,-0.770575976060498,0.34999671810838845,0.03118953805709065,3.0,True,True,3.0,True,True,3.0,True,True,3.0,True,True,0.9419015592129285,0.9239941095318628,0.4472703177564866,0.00028831094809359615,0.03575031341236954,0.9524932568200137,False,True,False,0.9927742498208394,False,True,False,0.585865977452831,False,True,False,9.444668989272977e-05,True,True,False,0.9982838727405401,0.8217212026673418,0.03349485968592565,0.8127161988928858,0.025270106137795303,0.4125913482110135,True,0001,late_amplification_support_detected,False,True,True,True
NFE2,NUDT4,NUDT4,ENSG00000173598,0.004738556876488,0.004738556876488,False,0.05948458282695269,0.05948458282695269,0.09068459322266428,0.21,1.0,False,0.14,0.96,False,0.06199606904614696,0.06199606904614696,0.0769652901632597,0.19,0.99,False,0.05184584366303903,0.05184584366303903,0.08765432098765433,0.11,0.99,False,0.13,0.92,False,0.08700337246837009,0.08700337246837009,0.025377229080932786,0.56,1.0,False,0.1306472412855347,0.1306472412855347,0.010973936899862825,0.73,1.0,True,0.78,1.0,True,0.2191346561485278,0.2191346561485278,0.005212620027434842,1.0,1.0,True,0.004738556876488041,0.004738556876488041,0.9026063100137174,0.0,0.51,False,0.0,0.56,False,0.0018332958196928808,0.0018332958196928808,0.9631001371742113,0.0,0.51,False,0010,0010,day11_only_preterminal_discovery,True,True,True,True,True,True,False,3,NFE2_288;NFE2_533;NFE2_682,False,False,day 11,0.2191346561485278,22286,3,NFE2_288;NFE2_533;NFE2_682,True,not_applicable,4.610003035255864,0.005460114519609599,3.0,66.0,-0.21869182736063894,0.050336516247042336,4.920780126966569e-05,-0.3875546871447543,0.045201718170811755,2.493986400274634e-12,-0.5166353359951369,0.06691445413578974,8.366956510858293e-11,-0.37968145854581625,0.061772360054641706,5.1612403541186375e-08,0.16886285978411533,0.06765323490774292,0.015066293382073952,0.297943508634498,0.08373355982029823,0.0006973075342847332,0.16098963118517728,0.07968431046704896,0.04740937446820003,0.12908064885038265,0.08075109595469405,0.11470856329669338,-0.007873228598938048,0.0765442342199188,0.9183871316349469,-0.1369538774493207,0.09106793419755936,0.13738658525919667,3.0,True,True,3.0,True,True,3.0,True,True,3.0,True,True,0.0039012764335921157,4.442621107689214e-09,8.942603118805344e-08,1.9701191751721425e-05,0.11397989059685038,0.011427117422649314,False,True,False,3.331965830766911e-09,True,True,False,1.117825389850668e-07,True,True,False,7.661574570113887e-06,True,True,False,0.310466343832146,0.055822398073929295,0.4963562608353926,0.6799136759341174,0.9965627067753294,0.712858932303976,True,0111,localized_support_no_detected_heterogeneity,True,True,True,True
NFE2,PPIA,PPIA,ENSG00000196262,-0.0025674174802806,0.0025674174802806,False,-0.04141404993321738,0.04141404993321738,0.2392646453560159,0.06,0.91,False,0.08,0.86,False,-0.04494101228850648,0.04494101228850648,0.19742077102483194,0.1,0.94,False,-0.06107278372247696,0.06107278372247696,0.04513031550068587,0.31,0.99,False,0.34,0.97,False,-0.07909303578204999,0.07909303578204999,0.039780521262002745,0.39,1.0,False,-0.1584732224455988,0.1584732224455988,0.002880658436213992,0.95,1.0,True,0.95,1.0,True,-0.24866861490217768,0.24866861490217768,0.0015089163237311386,1.0,1.0,True,-0.0025674174802806614,0.0025674174802806614,0.9500685871056241,0.0,0.5900000000000001,False,0.0,0.51,False,0.007382842030668849,0.007382842030668849,0.8480109739368998,0.0,0.56,False,0010,0010,day11_only_preterminal_discovery,True,True,True,True,True,True,False,3,NFE2_288;NFE2_533;NFE2_682,False,False,day 11,-0.24866861490217768,13514,3,NFE2_288;NFE2_533;NFE2_682,True,not_applicable,3.623398387897413,0.01743377116496573,3.0,66.0,0.03427166737329501,0.061215070367257804,0.5774724484188718,0.00863908691252065,0.05497055745707832,0.8755997762942779,0.10202627057168948,0.08137577496237029,0.21434955014108611,0.3003011336699723,0.07512238925987778,0.000164015271233919,0.02563258046077436,0.08227421848434821,0.7563641108513104,-0.06775460319839446,0.10182976770470732,0.5081316843697368,-0.2660294662966773,0.09690540856000207,0.007782190751327721,-0.09338718365916883,0.09820274404449342,0.3450926732911842,-0.29166204675745167,0.09308670987447429,0.002578670794547274,-0.19827486309828282,0.11074922175274611,0.07799144918925321,3.0,True,True,2.0,False,True,3.0,True,True,3.0,True,True,0.909579932361842,0.9766963011196041,0.6883918244915651,0.009324442653979394,0.23766855384075727,0.9328393469980503,False,True,False,0.9930796156839258,False,True,True,0.7661243530629108,False,True,False,0.0034781651169605676,True,True,False,0.9854533011065566,0.9357187185637055,0.21660430924528823,0.8865051500591846,0.12303943505411279,0.6016558026243264,True,0001,localized_support_no_detected_heterogeneity,True,True,True,False
NFE2,AGPAT5,AGPAT5,ENSG00000155189,-0.0016978809993191,0.0016978809993191,False,-0.014817462463219503,0.014817462463219503,0.6726574290026067,0.01,0.61,False,0.01,0.6699999999999999,False,-0.016289881550892463,0.016289881550892463,0.6372616271093429,0.0,0.69,False,-0.027829897894213168,0.027829897894213168,0.34074074074074073,0.01,0.95,False,0.05,0.76,False,-0.05123290121594857,0.05123290121594857,0.15089163237311384,0.1,1.0,False,-0.1612367336065762,0.1612367336065762,0.0027434842249657062,0.99,1.0,True,0.95,1.0,True,-0.23049587816423783,0.23049587816423783,0.0031550068587105624,0.99,1.0,True,-0.0016978809993191473,0.0016978809993191473,0.9683127572016461,0.0,0.56,False,0.0,0.54,False,0.0028171021720472633,0.0028171021720472633,0.9414266117969822,0.0,0.54,False,0010,0010,day11_only_preterminal_discovery,True,True,True,True,True,True,False,3,NFE2_288;NFE2_533;NFE2_682,False,False,day 11,-0.23049587816423783,14762,3,NFE2_288;NFE2_533;NFE2_682,True,not_applicable,5.734258323278979,0.0015047285366194233,3.0,66.0,0.04686302422769965,0.0806674131630787,0.5632586912740726,-0.031449437301408915,0.07243857833685823,0.6655932430198453,0.22521164753638492,0.10723459469984266,0.0395388020471553,0.449221670544154,0.09899406756976416,2.4661779935196274e-05,0.07831246152910856,0.10841853705841992,0.47265176967062306,-0.17834862330868528,0.13418826270155806,0.1883938411939964,-0.40235864631645435,0.12769908754736609,0.002447487974390749,-0.2566610848377938,0.12940867796212385,0.051492916846544216,-0.4806711078455629,0.1226669191162482,0.00021417514375063565,-0.22401002300776907,0.14594205601692253,0.12958260600651558,3.0,True,True,3.0,True,True,3.0,True,True,3.0,True,True,0.904091562168189,0.9376651810562664,0.33604704136247365,0.002233772067350659,0.04568903011189885,0.9278836147252294,False,True,False,0.9927742498208394,False,False,False,0.5799590709531628,False,True,False,0.0007162638694222222,True,True,False,0.9264599187423201,0.7744252471664398,0.11962843660192833,0.5185508775523826,0.0248815645261608,0.7058618078476331,True,0001,time_varying_support_candidate,True,False,True,False
