TF,target,target_symbol,target_gene_id,signed_association_day14_frozen,absolute_association_day14_frozen,frozen_day14_E0,signed_association_day7,absolute_association_day7,rank_fraction_day7,bootstrap_top5_frequency_day7,bootstrap_sign_consistency_day7,E0_timepoint_day7,power_matched_bootstrap_top5_frequency_day7,power_matched_bootstrap_sign_consistency_day7,E0_timepoint_power_matched_day7,state_unadjusted_signed_association_day7,state_unadjusted_absolute_association_day7,state_unadjusted_rank_fraction_day7,state_unadjusted_bootstrap_top5_frequency_day7,state_unadjusted_bootstrap_sign_consistency_day7,state_unadjusted_E0_timepoint_day7,signed_association_day9,absolute_association_day9,rank_fraction_day9,bootstrap_top5_frequency_day9,bootstrap_sign_consistency_day9,E0_timepoint_day9,power_matched_bootstrap_top5_frequency_day9,power_matched_bootstrap_sign_consistency_day9,E0_timepoint_power_matched_day9,state_unadjusted_signed_association_day9,state_unadjusted_absolute_association_day9,state_unadjusted_rank_fraction_day9,state_unadjusted_bootstrap_top5_frequency_day9,state_unadjusted_bootstrap_sign_consistency_day9,state_unadjusted_E0_timepoint_day9,signed_association_day11,absolute_association_day11,rank_fraction_day11,bootstrap_top5_frequency_day11,bootstrap_sign_consistency_day11,E0_timepoint_day11,power_matched_bootstrap_top5_frequency_day11,power_matched_bootstrap_sign_consistency_day11,E0_timepoint_power_matched_day11,state_unadjusted_signed_association_day11,state_unadjusted_absolute_association_day11,state_unadjusted_rank_fraction_day11,state_unadjusted_bootstrap_top5_frequency_day11,state_unadjusted_bootstrap_sign_consistency_day11,state_unadjusted_E0_timepoint_day11,signed_association_day14,absolute_association_day14,rank_fraction_day14,bootstrap_top5_frequency_day14,bootstrap_sign_consistency_day14,E0_timepoint_day14,power_matched_bootstrap_top5_frequency_day14,power_matched_bootstrap_sign_consistency_day14,E0_timepoint_power_matched_day14,state_unadjusted_signed_association_day14,state_unadjusted_absolute_association_day14,state_unadjusted_rank_fraction_day14,state_unadjusted_bootstrap_top5_frequency_day14,state_unadjusted_bootstrap_sign_consistency_day14,state_unadjusted_E0_timepoint_day14,discovery_pattern,power_matched_discovery_pattern,discovery_class,any_preterminal_E0,preterminal_E0_omitted_by_day14,power_matched_preterminal_E0,power_robust_preterminal_omission,state_unadjusted_preterminal_E0,state_unadjusted_preterminal_omission,state_unadjusted_only_preterminal_omission
NFE2,TFRC,TFRC,ENSG00000072274,0.2916369879993539,0.2916369879993539,True,0.010334319159313118,0.010334319159313118,0.7678693922348745,0.0,0.63,False,0.03,0.6,False,0.018072984024130097,0.018072984024130097,0.6026889833996433,0.01,0.75,False,0.04456880145276483,0.04456880145276483,0.13292181069958847,0.12,0.99,False,0.08,0.94,False,0.04179400127927539,0.04179400127927539,0.2282578875171468,0.01,0.99,False,0.01033271060122598,0.01033271060122598,0.8116598079561043,0.0,0.69,False,0.0,0.64,False,0.04468198677896007,0.04468198677896007,0.4962962962962963,0.0,0.86,False,0.291636987999354,0.291636987999354,0.00013717421124828533,1.0,1.0,True,1.0,1.0,True,0.2922152826343774,0.2922152826343774,0.00013717421124828533,1.0,1.0,True,0001,0001,day14_only_discovery,False,False,False,False,False,False,False
NFE2,JAZF1,JAZF1,ENSG00000153814,0.2846781282997505,0.2846781282997505,True,0.0719500200668859,0.0719500200668859,0.04362738372890657,0.25,1.0,False,0.22,0.97,False,0.07869711871068753,0.07869711871068753,0.027164220057621074,0.3,1.0,False,0.15693805122590967,0.15693805122590967,0.00041152263374485596,1.0,1.0,True,1.0,1.0,True,0.1922802084929269,0.1922802084929269,0.00027434842249657066,1.0,1.0,True,0.13493592359919176,0.13493592359919176,0.009876543209876543,0.83,1.0,True,0.72,1.0,True,0.23452954656024852,0.23452954656024852,0.0027434842249657062,1.0,1.0,True,0.28467812829975075,0.28467812829975075,0.00027434842249657066,1.0,1.0,True,1.0,1.0,True,0.28238052041369177,0.28238052041369177,0.00027434842249657066,1.0,1.0,True,0111,0111,cross_time_discovery,True,False,True,False,True,False,False
BCL11A,NBAS,NBAS,ENSG00000151779,0.2794287451968341,0.2794287451968341,True,0.1567858244866911,0.1567858244866911,0.012072986692276032,0.89,1.0,True,0.81,1.0,True,0.19141377593476844,0.19141377593476844,0.012758951845246261,0.99,1.0,True,0.2500425205058526,0.2500425205058526,0.00041152263374485596,1.0,1.0,True,1.0,1.0,True,0.28306929002986053,0.28306929002986053,0.0015089163237311386,1.0,1.0,True,0.29478801380041064,0.29478801380041064,0.00041152263374485596,1.0,1.0,True,1.0,1.0,True,0.35318975063529245,0.35318975063529245,0.0009602194787379973,1.0,1.0,True,0.2794287451968339,0.2794287451968339,0.00013717421124828533,1.0,1.0,True,1.0,1.0,True,0.35008548866319816,0.35008548866319816,0.0009602194787379973,1.0,1.0,True,1111,1111,persistent_discovery,True,False,True,False,True,False,False
NFE2,SPTA1,SPTA1,ENSG00000163554,0.278504705579314,0.278504705579314,True,0.05493286353169582,0.05493286353169582,0.11798600631087941,0.13,0.94,False,0.06,0.86,False,0.06382417011948636,0.06382417011948636,0.06804774317464672,0.19,0.97,False,0.036485726191576154,0.036485726191576154,0.21330589849108367,0.05,0.96,False,0.07,0.87,False,0.07480704314924447,0.07480704314924447,0.04801097393689986,0.21,1.0,False,0.12851012203902007,0.12851012203902007,0.012345679012345678,0.73,1.0,True,0.68,1.0,False,0.2242075092951814,0.2242075092951814,0.003978052126200274,1.0,1.0,True,0.278504705579314,0.278504705579314,0.00041152263374485596,1.0,1.0,True,1.0,1.0,True,0.27963505242136494,0.27963505242136494,0.00041152263374485596,1.0,1.0,True,0011,0001,cross_time_discovery,True,False,False,False,True,False,False
BCL11A,SLC25A21,SLC25A21,ENSG00000183032,0.2784422799973499,0.2784422799973499,True,0.2066881919474207,0.2066881919474207,0.003018246673069008,1.0,1.0,True,1.0,1.0,True,0.25686060162908225,0.25686060162908225,0.002195088489504733,1.0,1.0,True,0.2367983312405539,0.2367983312405539,0.0006858710562414266,1.0,1.0,True,1.0,1.0,True,0.29947867317054677,0.29947867317054677,0.0010973936899862826,1.0,1.0,True,0.27401898674957087,0.27401898674957087,0.0006858710562414266,1.0,1.0,True,1.0,1.0,True,0.3562942536378095,0.3562942536378095,0.0008230452674897119,1.0,1.0,True,0.2784422799973499,0.2784422799973499,0.00027434842249657066,1.0,1.0,True,1.0,1.0,True,0.3829900915432652,0.3829900915432652,0.00013717421124828533,1.0,1.0,True,1111,1111,persistent_discovery,True,False,True,False,True,False,False
NFE2,SLC4A1,SLC4A1,ENSG00000004939,0.269440433186355,0.269440433186355,True,0.15207636381428502,0.15207636381428502,0.00013719303059404582,1.0,1.0,True,0.99,1.0,True,0.1479382483211615,0.1479382483211615,0.00027438606118809165,0.98,1.0,True,0.11385372744853446,0.11385372744853446,0.0016460905349794238,0.97,1.0,True,0.71,1.0,True,0.16777090440163953,0.16777090440163953,0.0008230452674897119,1.0,1.0,True,0.20302982522590649,0.20302982522590649,0.00041152263374485596,1.0,1.0,True,1.0,1.0,True,0.2859575011394046,0.2859575011394046,0.0005486968449931413,1.0,1.0,True,0.269440433186355,0.269440433186355,0.0005486968449931413,1.0,1.0,True,1.0,1.0,True,0.27090198240791685,0.27090198240791685,0.0005486968449931413,1.0,1.0,True,1111,1111,persistent_discovery,True,False,True,False,True,False,False
BCL11A,JAZF1,JAZF1,ENSG00000153814,0.2654205053550973,0.2654205053550973,True,0.1753487338606901,0.1753487338606901,0.007134037590890383,0.99,1.0,True,0.97,1.0,True,0.2128581646203663,0.2128581646203663,0.006859651529702291,1.0,1.0,True,0.2257005167672534,0.2257005167672534,0.0008230452674897119,1.0,1.0,True,1.0,1.0,True,0.3136787804870293,0.3136787804870293,0.0008230452674897119,1.0,1.0,True,0.31512433132046747,0.31512433132046747,0.00027434842249657066,1.0,1.0,True,1.0,1.0,True,0.4049844186619766,0.4049844186619766,0.00027434842249657066,1.0,1.0,True,0.26542050535509726,0.26542050535509726,0.00041152263374485596,1.0,1.0,True,1.0,1.0,True,0.32833727007088753,0.32833727007088753,0.0021947873799725653,1.0,1.0,True,1111,1111,persistent_discovery,True,False,True,False,True,False,False
NFE2,GYPA,GYPA,ENSG00000170180,0.2627731958488137,0.2627731958488137,True,0.0035473236871057974,0.0035473236871057974,0.9208396213472355,0.0,0.54,False,0.0,0.63,False,0.007853984791503952,0.007853984791503952,0.8175332693099191,0.0,0.63,False,0.0760635808493515,0.0760635808493515,0.01879286694101509,0.54,1.0,False,0.41,0.99,False,0.12667932760038628,0.12667932760038628,0.004663923182441701,0.96,1.0,True,0.1425695320001669,0.1425695320001669,0.006172839506172839,0.85,1.0,True,0.86,1.0,True,0.22887815924214858,0.22887815924214858,0.003703703703703704,1.0,1.0,True,0.26277319584881376,0.26277319584881376,0.0006858710562414266,1.0,1.0,True,1.0,1.0,True,0.260082392165267,0.260082392165267,0.0006858710562414266,1.0,1.0,True,0011,0011,cross_time_discovery,True,False,True,False,True,False,False
BCL11A,CD36,CD36,ENSG00000135218,0.2605329241670866,0.2605329241670866,True,0.10666268511810521,0.10666268511810521,0.05405405405405406,0.31,1.0,False,0.26,1.0,False,0.1580913919410414,0.1580913919410414,0.02400878035395802,0.87,1.0,True,0.13861404460667934,0.13861404460667934,0.02400548696844993,0.86,1.0,True,0.71,1.0,True,0.21882735482588261,0.21882735482588261,0.007818930041152264,1.0,1.0,True,0.2127479851668809,0.2127479851668809,0.005349794238683128,1.0,1.0,True,1.0,1.0,True,0.3075996866811427,0.3075996866811427,0.00411522633744856,1.0,1.0,True,0.2605329241670866,0.2605329241670866,0.0005486968449931413,1.0,1.0,True,1.0,1.0,True,0.35155106872464137,0.35155106872464137,0.0008230452674897119,1.0,1.0,True,0111,0111,cross_time_discovery,True,False,True,False,True,False,False
NFE2,SLC25A37,SLC25A37,ENSG00000147454,0.2580003527172455,0.2580003527172455,True,0.14470137851017567,0.14470137851017567,0.0005487721223761833,0.93,1.0,True,0.8,1.0,True,0.14540070667812985,0.14540070667812985,0.0005487721223761833,0.97,1.0,True,0.16699318625018933,0.16699318625018933,0.00013717421124828533,1.0,1.0,True,1.0,1.0,True,0.19907629454393677,0.19907629454393677,0.00013717421124828533,1.0,1.0,True,0.2027532076147117,0.2027532076147117,0.0005486968449931413,1.0,1.0,True,1.0,1.0,True,0.29500076041161255,0.29500076041161255,0.00041152263374485596,1.0,1.0,True,0.25800035271724564,0.25800035271724564,0.0008230452674897119,1.0,1.0,True,1.0,1.0,True,0.24627192423712665,0.24627192423712665,0.0012345679012345679,1.0,1.0,True,1111,1111,persistent_discovery,True,False,True,False,True,False,False
BCL11A,NFIA,NFIA,ENSG00000162599,0.2562380457922823,0.2562380457922823,True,0.23127385339873907,0.23127385339873907,0.0010975442447523666,1.0,1.0,True,1.0,1.0,True,0.2949658157965842,0.2949658157965842,0.00041157909178213747,1.0,1.0,True,0.2769375939615866,0.2769375939615866,0.00013717421124828533,1.0,1.0,True,1.0,1.0,True,0.3364267950832852,0.3364267950832852,0.00027434842249657066,1.0,1.0,True,0.34940211432335455,0.34940211432335455,0.00013717421124828533,1.0,1.0,True,1.0,1.0,True,0.4250593102142666,0.4250593102142666,0.00013717421124828533,1.0,1.0,True,0.2562380457922824,0.2562380457922824,0.0006858710562414266,1.0,1.0,True,1.0,1.0,True,0.3605536721211283,0.3605536721211283,0.0005486968449931413,1.0,1.0,True,1111,1111,persistent_discovery,True,False,True,False,True,False,False
NFE2,SOX6,SOX6,ENSG00000110693,0.2552008069603036,0.2552008069603036,True,0.09622508300549464,0.09622508300549464,0.00823158183564275,0.6,1.0,False,0.22,1.0,False,0.09618093913166616,0.09618093913166616,0.007682809713266566,0.58,1.0,False,0.1081569997896336,0.1081569997896336,0.00205761316872428,0.99,1.0,True,0.7,1.0,True,0.1566532168537811,0.1566532168537811,0.0012345679012345679,0.99,1.0,True,0.14618387093015017,0.14618387093015017,0.005349794238683128,0.89,1.0,True,0.89,1.0,True,0.2500366047538787,0.2500366047538787,0.0013717421124828531,1.0,1.0,True,0.25520080696030356,0.25520080696030356,0.0009602194787379973,1.0,1.0,True,1.0,1.0,True,0.25530200990621055,0.25530200990621055,0.0008230452674897119,1.0,1.0,True,0111,0111,cross_time_discovery,True,False,True,False,True,False,False
NFE2,ALAS2,ALAS2,ENSG00000158578,0.2483499101336728,0.2483499101336728,True,0.14787794718518354,0.14787794718518354,0.00027438606118809165,0.97,1.0,True,0.95,1.0,True,0.14630687574175055,0.14630687574175055,0.00041157909178213747,0.99,1.0,True,0.09830751984691587,0.09830751984691587,0.004252400548696845,0.87,1.0,True,0.64,1.0,False,0.13719222830234878,0.13719222830234878,0.0031550068587105624,1.0,1.0,True,0.1745853992265538,0.1745853992265538,0.0016460905349794238,0.99,1.0,True,0.96,1.0,True,0.27154762541640876,0.27154762541640876,0.0008230452674897119,1.0,1.0,True,0.24834991013367286,0.24834991013367286,0.0010973936899862826,1.0,1.0,True,1.0,1.0,True,0.2428690889560913,0.2428690889560913,0.0015089163237311386,1.0,1.0,True,1111,1011,persistent_discovery,True,False,True,False,True,False,False
BCL11A,SOX6,SOX6,ENSG00000110693,0.2477383637414083,0.2477383637414083,True,0.16806264448930183,0.16806264448930183,0.009329126080395116,0.98,1.0,True,0.95,1.0,True,0.202993867555501,0.202993867555501,0.008917546988612978,1.0,1.0,True,0.24308228736331675,0.24308228736331675,0.0005486968449931413,1.0,1.0,True,1.0,1.0,True,0.34015246083761164,0.34015246083761164,0.00013717421124828533,1.0,1.0,True,0.28117736262452214,0.28117736262452214,0.0005486968449931413,1.0,1.0,True,1.0,1.0,True,0.3866203183729092,0.3866203183729092,0.00041152263374485596,1.0,1.0,True,0.24773836374140842,0.24773836374140842,0.0008230452674897119,1.0,1.0,True,1.0,1.0,True,0.30186392268550444,0.30186392268550444,0.005898491083676269,1.0,1.0,True,1111,1111,persistent_discovery,True,False,True,False,True,False,False
NFE2,SNCA,SNCA,ENSG00000145335,0.2469669256346492,0.2469669256346492,True,0.030177206506175624,0.030177206506175624,0.3910001371930306,0.02,0.84,False,0.0,0.81,False,0.034392805715875184,0.034392805715875184,0.32322678007957195,0.03,0.88,False,0.05317343807860674,0.05317343807860674,0.0794238683127572,0.18,1.0,False,0.12,0.93,False,0.0946392377927724,0.0946392377927724,0.01879286694101509,0.67,1.0,False,0.14355164447439567,0.14355164447439567,0.005761316872427984,0.89,1.0,True,0.84,1.0,True,0.2421537220916203,0.2421537220916203,0.0017832647462277093,1.0,1.0,True,0.2469669256346492,0.2469669256346492,0.0012345679012345679,1.0,1.0,True,1.0,1.0,True,0.24868062985325415,0.24868062985325415,0.0009602194787379973,1.0,1.0,True,0011,0011,cross_time_discovery,True,False,True,False,True,False,False
NFE2,GYPC,GYPC,ENSG00000136732,0.2468838827451369,0.2468838827451369,True,0.11196045514873475,0.11196045514873475,0.0020578954589106874,0.71,1.0,True,0.58,1.0,False,0.11276681858653367,0.11276681858653367,0.002195088489504733,0.76,1.0,True,0.12563105677190023,0.12563105677190023,0.0008230452674897119,0.98,1.0,True,0.9,1.0,True,0.15271960346561597,0.15271960346561597,0.0015089163237311386,1.0,1.0,True,0.12985768291513927,0.12985768291513927,0.011248285322359396,0.71,1.0,True,0.66,1.0,False,0.19079049957782462,0.19079049957782462,0.013717421124828532,0.9,1.0,True,0.24688388274513703,0.24688388274513703,0.0013717421124828531,1.0,1.0,True,1.0,1.0,True,0.24722451813840662,0.24722451813840662,0.0010973936899862826,1.0,1.0,True,1111,0101,persistent_discovery,True,False,True,False,True,False,False
NFE2,FECH,FECH,ENSG00000066926,0.2463138301139071,0.2463138301139071,True,0.032888378857861125,0.032888378857861125,0.34805871861709425,0.04,0.82,False,0.09,0.8,False,0.03594068682339586,0.03594068682339586,0.2996295788173961,0.06,0.93,False,0.06093403895446923,0.06093403895446923,0.04609053497942387,0.32,1.0,False,0.28,1.0,False,0.08429893128311607,0.08429893128311607,0.029492455418381344,0.53,1.0,False,0.13606502816495952,0.13606502816495952,0.008916323731138546,0.78,1.0,True,0.78,1.0,True,0.2142807850917722,0.2142807850917722,0.006858710562414266,0.98,1.0,True,0.24631383011390698,0.24631383011390698,0.0015089163237311386,1.0,1.0,True,1.0,1.0,True,0.24119633314469363,0.24119633314469363,0.0016460905349794238,1.0,1.0,True,0011,0011,cross_time_discovery,True,False,True,False,True,False,False
NFE2,RHAG,RHAG,ENSG00000112077,0.2419890468045344,0.2419890468045344,True,0.07312705343626527,0.07312705343626527,0.04129510220880779,0.29,0.99,False,0.14,0.95,False,0.07907834868965513,0.07907834868965513,0.026478254904650843,0.37,0.99,False,0.10616054133053593,0.10616054133053593,0.0023319615912208505,0.92,1.0,True,0.78,0.98,True,0.1331127814107877,0.1331127814107877,0.003703703703703704,1.0,1.0,True,0.12388497068403233,0.12388497068403233,0.015363511659807956,0.68,1.0,False,0.7,1.0,True,0.20403719128570844,0.20403719128570844,0.00905349794238683,0.95,1.0,True,0.24198904680453462,0.24198904680453462,0.0016460905349794238,1.0,1.0,True,1.0,1.0,True,0.24374287756781693,0.24374287756781693,0.0013717421124828531,1.0,1.0,True,0101,0111,cross_time_discovery,True,False,True,False,True,False,False
NFE2,TSPAN5,TSPAN5,ENSG00000168785,0.2398314970271475,0.2398314970271475,True,0.047500247686670535,0.047500247686670535,0.17697900946631911,0.04,0.95,False,0.07,0.91,False,0.05464418118432091,0.05464418118432091,0.1194951296474139,0.11,0.98,False,0.07855092492814132,0.07855092492814132,0.015500685871056241,0.69,1.0,False,0.38,0.99,False,0.12895909390921448,0.12895909390921448,0.0043895747599451305,1.0,1.0,True,0.11058929107296424,0.11058929107296424,0.02551440329218107,0.55,1.0,False,0.55,1.0,False,0.21233231857567203,0.21233231857567203,0.007133058984910837,1.0,1.0,True,0.23983149702714754,0.23983149702714754,0.0017832647462277093,1.0,1.0,True,1.0,1.0,True,0.23890798422231857,0.23890798422231857,0.0019204389574759945,1.0,1.0,True,0001,0001,day14_only_discovery,False,False,False,False,True,False,False
BCL11A,AC107223.1,AC107223.1,ENSG00000251600,0.239599270305971,0.239599270305971,True,0.10563845270327202,0.10563845270327202,0.05556317739058856,0.33,1.0,False,0.22,1.0,False,0.1368950489158993,0.1368950489158993,0.039648785841679246,0.56,1.0,False,0.1569579327848094,0.1569579327848094,0.013031550068587106,0.99,1.0,True,0.85,1.0,True,0.23629731028858542,0.23629731028858542,0.005212620027434842,1.0,1.0,True,0.2216759859061352,0.2216759859061352,0.003840877914951989,1.0,1.0,True,1.0,1.0,True,0.3352086056159549,0.3352086056159549,0.0019204389574759945,1.0,1.0,True,0.23959927030597106,0.23959927030597106,0.0009602194787379973,1.0,1.0,True,1.0,1.0,True,0.3098159752977986,0.3098159752977986,0.004252400548696845,1.0,1.0,True,0111,0111,cross_time_discovery,True,False,True,False,True,False,False
KLF1,SLC25A37,SLC25A37,ENSG00000147454,0.2395602383929372,0.2395602383929372,True,0.19110480893366796,0.19110480893366796,0.00041157909178213747,1.0,1.0,True,0.99,1.0,True,0.27041940768408346,0.27041940768408346,0.0005487721223761833,1.0,1.0,True,0.20865205298858822,0.20865205298858822,0.00013717421124828533,1.0,1.0,True,1.0,1.0,True,0.2986505837677898,0.2986505837677898,0.00013717421124828533,1.0,1.0,True,0.13796992326228158,0.13796992326228158,0.0021947873799725653,0.9,1.0,True,0.9,1.0,True,0.29189467274674397,0.29189467274674397,0.0010973936899862826,1.0,1.0,True,0.2395602383929372,0.2395602383929372,0.00013717421124828533,1.0,1.0,True,1.0,1.0,True,0.21429822440861807,0.21429822440861807,0.00027434842249657066,1.0,1.0,True,1111,1111,persistent_discovery,True,False,True,False,True,False,False
NFE2,OSBP2,OSBP2,ENSG00000184792,0.2388828457053114,0.2388828457053114,True,0.035978631172345975,0.035978631172345975,0.3033337906434353,0.03,0.84,False,0.01,0.85,False,0.04137481705056556,0.04137481705056556,0.23734394292769928,0.05,0.91,False,0.08128928564768198,0.08128928564768198,0.012757201646090535,0.69,1.0,False,0.41,1.0,False,0.11351418272399076,0.11351418272399076,0.008093278463648833,0.93,1.0,True,0.10126907197434465,0.10126907197434465,0.038408779149519894,0.49,1.0,False,0.36,1.0,False,0.1921271970715356,0.1921271970715356,0.01316872427983539,0.89,1.0,True,0.2388828457053115,0.2388828457053115,0.0019204389574759945,1.0,1.0,True,1.0,1.0,True,0.2406607914272127,0.2406607914272127,0.0017832647462277093,1.0,1.0,True,0001,0001,day14_only_discovery,False,False,False,False,True,False,False
NFE2,PIP5K1B,PIP5K1B,ENSG00000107242,0.2325057448450646,0.2325057448450646,True,0.06281336225241912,0.06281336225241912,0.07435862258197283,0.26,0.99,False,0.12,0.95,False,0.06914438365520582,0.06914438365520582,0.04870352586088627,0.36,0.97,False,-0.0035299734805703644,0.0035299734805703644,0.9032921810699589,0.01,0.62,False,0.01,0.52,False,0.017424510409076093,0.017424510409076093,0.6160493827160494,0.0,0.81,False,0.05091314759660311,0.05091314759660311,0.2654320987654321,0.05,0.97,False,0.04,0.93,False,0.09832080096400624,0.09832080096400624,0.15089163237311384,0.05,1.0,False,0.23250574484506473,0.23250574484506473,0.00205761316872428,1.0,1.0,True,1.0,1.0,True,0.23292405545087577,0.23292405545087577,0.00205761316872428,1.0,1.0,True,0001,0001,day14_only_discovery,False,False,False,False,False,False,False
BCL11A,STRN3,STRN3,ENSG00000196792,0.2315403622659105,0.2315403622659105,True,0.007806670607160045,0.007806670607160045,0.8595143366716971,0.0,0.68,False,0.0,0.69,False,0.0007025574561859962,0.0007025574561859962,0.9864178899711895,0.0,0.53,False,0.15257929146770235,0.15257929146770235,0.016049382716049384,0.98,1.0,True,0.89,1.0,True,0.17154263709815065,0.17154263709815065,0.02112482853223594,0.94,1.0,True,0.21716610983659723,0.21716610983659723,0.004801097393689987,1.0,1.0,True,1.0,1.0,True,0.26327312674657843,0.26327312674657843,0.01083676268861454,1.0,1.0,True,0.2315403622659106,0.2315403622659106,0.0010973936899862826,1.0,1.0,True,1.0,1.0,True,0.27691576742602714,0.27691576742602714,0.01056241426611797,1.0,1.0,True,0111,0111,cross_time_discovery,True,False,True,False,True,False,False
BCL11A,TFRC,TFRC,ENSG00000072274,0.2272465920094975,0.2272465920094975,True,0.22363823555316686,0.22363823555316686,0.0013719303059404582,1.0,1.0,True,0.98,1.0,True,0.2945696343412759,0.2945696343412759,0.0005487721223761833,1.0,1.0,True,0.15877179635454108,0.15877179635454108,0.012071330589849109,1.0,1.0,True,0.9,1.0,True,0.22110029711319745,0.22110029711319745,0.007407407407407408,1.0,1.0,True,0.11515648017340711,0.11515648017340711,0.0757201646090535,0.14,1.0,False,0.12,1.0,False,0.15118282183168316,0.15118282183168316,0.09780521262002743,0.04,1.0,False,0.22724659200949743,0.22724659200949743,0.0012345679012345679,1.0,1.0,True,1.0,1.0,True,0.26949421511858646,0.26949421511858646,0.013305898491083675,0.99,1.0,True,1101,1101,cross_time_discovery,True,False,True,False,True,False,False
BCL11A,H1F0,H1F0,ENSG00000189060,0.2232901027636249,0.2232901027636249,True,0.0037421227692314963,0.0037421227692314963,0.937302785018521,0.0,0.54,False,0.0,0.55,False,0.0264956511756484,0.0264956511756484,0.5974756482370696,0.0,0.85,False,0.08086161603126027,0.08086161603126027,0.11481481481481481,0.06,1.0,False,0.07,1.0,False,0.16526955746360436,0.16526955746360436,0.0242798353909465,0.87,1.0,True,0.18674158102494587,0.18674158102494587,0.011934156378600824,0.95,1.0,True,0.95,1.0,True,0.326280471912042,0.326280471912042,0.0023319615912208505,1.0,1.0,True,0.2232901027636249,0.2232901027636249,0.0013717421124828531,1.0,1.0,True,1.0,1.0,True,0.3473794451153693,0.3473794451153693,0.0012345679012345679,1.0,1.0,True,0011,0011,cross_time_discovery,True,False,True,False,True,False,False
BCL11A,MFHAS1,MFHAS1,ENSG00000147324,0.2222852266136859,0.2222852266136859,True,0.07784802874577189,0.07784802874577189,0.12361092056523529,0.07,1.0,False,0.08,1.0,False,0.12036005578901882,0.12036005578901882,0.059267389216627796,0.2,1.0,False,0.17252554065582834,0.17252554065582834,0.007270233196159122,0.99,1.0,True,0.96,1.0,True,0.24156792619147957,0.24156792619147957,0.003978052126200274,1.0,1.0,True,0.16938366264745577,0.16938366264745577,0.02030178326474623,0.76,1.0,True,0.9,1.0,True,0.2732847677594134,0.2732847677594134,0.008779149519890261,1.0,1.0,True,0.22228522661368613,0.22228522661368613,0.0015089163237311386,1.0,1.0,True,1.0,1.0,True,0.2952080578698896,0.2952080578698896,0.006584362139917695,1.0,1.0,True,0111,0111,cross_time_discovery,True,False,True,False,True,False,False
KLF1,SLC4A1,SLC4A1,ENSG00000004939,0.221813219502299,0.221813219502299,True,0.0661559445546419,0.0661559445546419,0.07408423652078475,0.14,1.0,False,0.09,0.97,False,0.12728676521329063,0.12728676521329063,0.022225270956235423,0.8,1.0,True,0.17784130980493074,0.17784130980493074,0.00041152263374485596,1.0,1.0,True,0.98,1.0,True,0.27303830352446623,0.27303830352446623,0.00041152263374485596,1.0,1.0,True,0.16687917445675565,0.16687917445675565,0.0010973936899862826,0.98,1.0,True,0.97,1.0,True,0.33134058323181853,0.33134058323181853,0.00027434842249657066,1.0,1.0,True,0.2218132195022988,0.2218132195022988,0.00027434842249657066,1.0,1.0,True,1.0,1.0,True,0.23167233912714685,0.23167233912714685,0.00013717421124828533,1.0,1.0,True,0111,0111,cross_time_discovery,True,False,True,False,True,False,False
BCL11A,MBOAT2,MBOAT2,ENSG00000143797,0.2191750314054863,0.2191750314054863,True,0.22093194600018903,0.22093194600018903,0.0020578954589106874,1.0,1.0,True,1.0,1.0,True,0.2809034678990809,0.2809034678990809,0.0009603512141583208,1.0,1.0,True,0.25973584038757014,0.25973584038757014,0.00027434842249657066,1.0,1.0,True,1.0,1.0,True,0.32818965343823775,0.32818965343823775,0.0005486968449931413,1.0,1.0,True,0.2513734416404386,0.2513734416404386,0.0012345679012345679,1.0,1.0,True,1.0,1.0,True,0.34404081021810096,0.34404081021810096,0.0013717421124828531,1.0,1.0,True,0.2191750314054864,0.2191750314054864,0.0016460905349794238,1.0,1.0,True,1.0,1.0,True,0.3174050051615667,0.3174050051615667,0.0032921810699588477,1.0,1.0,True,1111,1111,persistent_discovery,True,False,True,False,True,False,False
NFE2,AC107223.1,AC107223.1,ENSG00000251600,0.2170685904422359,0.2170685904422359,True,0.09281020687581072,0.09281020687581072,0.010701056386335573,0.54,1.0,False,0.46,1.0,False,0.0928545368082214,0.0928545368082214,0.01015228426395939,0.63,1.0,False,0.08006627316962153,0.08006627316962153,0.013991769547325103,0.65,1.0,False,0.34,1.0,False,0.12086503032189484,0.12086503032189484,0.006310013717421125,0.95,1.0,True,0.17981773588695615,0.17981773588695615,0.0010973936899862826,0.98,1.0,True,0.98,1.0,True,0.2581619375138664,0.2581619375138664,0.0012345679012345679,1.0,1.0,True,0.21706859044223598,0.21706859044223598,0.0021947873799725653,1.0,1.0,True,1.0,1.0,True,0.21660478119421975,0.21660478119421975,0.0021947873799725653,1.0,1.0,True,0011,0011,cross_time_discovery,True,False,True,False,True,False,False
BCL11A,NIBAN1,NIBAN1,ENSG00000135842,0.2160518521401747,0.2160518521401747,True,0.01823226113765437,0.01823226113765437,0.6781451502263685,0.0,0.77,False,0.0,0.55,False,-0.01746061534521999,0.01746061534521999,0.7204006036493346,0.0,0.78,False,0.13386685745694687,0.13386685745694687,0.027023319615912207,0.8,1.0,True,0.55,1.0,False,0.14879063354291555,0.14879063354291555,0.036488340192043896,0.61,1.0,False,0.26291376339807065,0.26291376339807065,0.0009602194787379973,1.0,1.0,True,1.0,1.0,True,0.34218373763259236,0.34218373763259236,0.0015089163237311386,1.0,1.0,True,0.2160518521401749,0.2160518521401749,0.0017832647462277093,0.99,1.0,True,0.99,1.0,True,0.34755388975773815,0.34755388975773815,0.0010973936899862826,1.0,1.0,True,0111,0011,cross_time_discovery,True,False,True,False,True,False,False
BCL11A,PIP5K1B,PIP5K1B,ENSG00000107242,0.2132585791898445,0.2132585791898445,True,0.13319149018095322,0.13319149018095322,0.025517903690492522,0.66,1.0,False,0.7,1.0,True,0.1345940894781563,0.1345940894781563,0.0425298394841542,0.56,1.0,False,0.15063093694432683,0.15063093694432683,0.01700960219478738,0.94,1.0,True,0.75,1.0,True,0.16460815729140033,0.16460815729140033,0.024691358024691357,0.91,1.0,True,0.20688304337454017,0.20688304337454017,0.006584362139917695,0.98,1.0,True,1.0,1.0,True,0.2553946322750418,0.2553946322750418,0.01316872427983539,0.98,1.0,True,0.21325857918984462,0.21325857918984462,0.0019204389574759945,1.0,1.0,True,0.98,1.0,True,0.27321366364791644,0.27321366364791644,0.01262002743484225,1.0,1.0,True,0111,1111,cross_time_discovery,True,False,True,False,True,False,False
BCL11A,ABCB10,ABCB10,ENSG00000135776,0.2125867753123397,0.2125867753123397,True,0.1754413010412018,0.1754413010412018,0.0069968445602963366,0.98,1.0,True,0.94,1.0,True,0.22903612448356025,0.22903612448356025,0.00493894910138565,1.0,1.0,True,0.16736391250754382,0.16736391250754382,0.00905349794238683,0.98,1.0,True,0.95,1.0,True,0.25667252496761156,0.25667252496761156,0.002880658436213992,1.0,1.0,True,0.23743559318241012,0.23743559318241012,0.0021947873799725653,1.0,1.0,True,1.0,1.0,True,0.3690014733548877,0.3690014733548877,0.0006858710562414266,1.0,1.0,True,0.21258677531233985,0.21258677531233985,0.00205761316872428,1.0,1.0,True,1.0,1.0,True,0.2967241783881222,0.2967241783881222,0.0064471879286694105,1.0,1.0,True,1111,1111,persistent_discovery,True,False,True,False,True,False,False
KLF1,ANK1,ANK1,ENSG00000029534,0.2119203771891785,0.2119203771891785,True,0.16501669151259354,0.16501669151259354,0.0008231581835642749,0.98,1.0,True,0.91,1.0,True,0.2307669449064025,0.2307669449064025,0.0013719303059404582,1.0,1.0,True,0.13402964450860197,0.13402964450860197,0.0015089163237311386,0.97,1.0,True,0.9,1.0,True,0.20692786572578975,0.20692786572578975,0.00205761316872428,1.0,1.0,True,0.1892292561522012,0.1892292561522012,0.00013717421124828533,0.95,1.0,True,0.98,1.0,True,0.29051484422179985,0.29051484422179985,0.0012345679012345679,1.0,1.0,True,0.21192037718917853,0.21192037718917853,0.00041152263374485596,1.0,1.0,True,1.0,1.0,True,0.20799284524129907,0.20799284524129907,0.00041152263374485596,1.0,1.0,True,1111,1111,persistent_discovery,True,False,True,False,True,False,False
NFE2,RHCE,RHCE,ENSG00000188672,0.211384766030027,0.211384766030027,True,0.058410108452127525,0.058410108452127525,0.09740705172177254,0.14,0.98,False,0.04,0.96,False,0.06367938786155626,0.06367938786155626,0.0691452874193991,0.18,1.0,False,0.07268028291869018,0.07268028291869018,0.021810699588477367,0.47,1.0,False,0.28,0.99,False,0.11722836743939345,0.11722836743939345,0.007407407407407408,0.96,1.0,True,0.11375869563194187,0.11375869563194187,0.02194787379972565,0.52,1.0,False,0.55,1.0,False,0.21276434480733328,0.21276434480733328,0.0069958847736625515,0.99,1.0,True,0.21138476603002693,0.21138476603002693,0.0023319615912208505,1.0,1.0,True,1.0,1.0,True,0.21341237618330067,0.21341237618330067,0.0023319615912208505,1.0,1.0,True,0001,0001,day14_only_discovery,False,False,False,False,True,False,False
BCL11A,SPTA1,SPTA1,ENSG00000163554,0.2112186510194364,0.2112186510194364,True,0.2626986001944626,0.2626986001944626,0.00027438606118809165,1.0,1.0,True,1.0,1.0,True,0.32205236889007055,0.32205236889007055,0.00027438606118809165,1.0,1.0,True,0.2086576221049984,0.2086576221049984,0.0017832647462277093,1.0,1.0,True,1.0,1.0,True,0.2945497103539084,0.2945497103539084,0.0012345679012345679,1.0,1.0,True,0.2390300864637229,0.2390300864637229,0.0017832647462277093,1.0,1.0,True,1.0,1.0,True,0.3225332809894318,0.3225332809894318,0.002606310013717421,1.0,1.0,True,0.21121865101943652,0.21121865101943652,0.0021947873799725653,1.0,1.0,True,1.0,1.0,True,0.248942750069947,0.248942750069947,0.02030178326474623,0.94,1.0,True,1111,1111,persistent_discovery,True,False,True,False,True,False,False
BCL11A,KLF13,KLF13,ENSG00000169926,0.2109452555367574,0.2109452555367574,True,0.11084805625278585,0.11084805625278585,0.0476059816161339,0.38,1.0,False,0.16,1.0,False,0.1419924422067062,0.1419924422067062,0.03512141583207573,0.65,1.0,False,0.12862895374521102,0.12862895374521102,0.03141289437585734,0.76,1.0,True,0.59,1.0,False,0.21595281044972425,0.21595281044972425,0.00850480109739369,1.0,1.0,True,0.14177006316112226,0.14177006316112226,0.04156378600823045,0.37,1.0,False,0.58,1.0,False,0.27416267616513196,0.27416267616513196,0.00850480109739369,1.0,1.0,True,0.21094525553675744,0.21094525553675744,0.0023319615912208505,1.0,1.0,True,1.0,1.0,True,0.27240469663975453,0.27240469663975453,0.012757201646090535,1.0,1.0,True,0101,0001,cross_time_discovery,True,False,False,False,True,False,False
BCL11A,PRDX2,PRDX2,ENSG00000167815,0.2090438176085028,0.2090438176085028,True,0.11324835275390983,0.11324835275390983,0.044176155851282754,0.44,1.0,False,0.47,1.0,False,0.15163137668780774,0.15163137668780774,0.027438606118809165,0.79,1.0,True,0.10053079061936676,0.10053079061936676,0.06680384087791495,0.21,1.0,False,0.18,1.0,False,0.21001359104661643,0.21001359104661643,0.011111111111111112,1.0,1.0,True,0.04120049429724662,0.04120049429724662,0.45733882030178324,0.0,0.84,False,0.0,0.9,False,0.23727530390429966,0.23727530390429966,0.02139917695473251,0.91,1.0,True,0.2090438176085028,0.2090438176085028,0.0024691358024691358,1.0,1.0,True,1.0,1.0,True,0.280761272708376,0.280761272708376,0.008779149519890261,0.99,1.0,True,0001,0001,day14_only_discovery,False,False,False,False,True,False,False
NFE2,GYPB,GYPB,ENSG00000250361,0.20853471206904,0.20853471206904,True,0.1251206233386377,0.1251206233386377,0.0009603512141583208,0.85,1.0,True,0.6,1.0,False,0.12168321775841809,0.12168321775841809,0.0012347372753464124,0.88,1.0,True,0.04832919807306841,0.04832919807306841,0.10672153635116598,0.2,0.98,False,0.1,0.96,False,0.11120911115564441,0.11120911115564441,0.009876543209876543,0.88,1.0,True,0.17753968778951637,0.17753968778951637,0.0013717421124828531,1.0,1.0,True,1.0,1.0,True,0.26332615747940485,0.26332615747940485,0.0009602194787379973,1.0,1.0,True,0.20853471206904012,0.20853471206904012,0.0024691358024691358,1.0,1.0,True,1.0,1.0,True,0.21058330864170335,0.21058330864170335,0.0024691358024691358,0.99,1.0,True,1011,0011,cross_time_discovery,True,False,True,False,True,False,False
BCL11A,ARL15,ARL15,ENSG00000185305,0.2067344877777279,0.2067344877777279,True,-0.11815139243374671,0.11815139243374671,0.038551241596926876,0.58,1.0,False,0.29,1.0,False,-0.19306778466465108,0.19306778466465108,0.012210179722870078,0.99,1.0,True,0.04631165329489958,0.04631165329489958,0.31083676268861454,0.0,0.96,False,0.01,0.9,False,-0.02367476984195783,0.02367476984195783,0.6224965706447187,0.0,0.88,False,0.08711706566092825,0.08711706566092825,0.149519890260631,0.04,1.0,False,0.01,1.0,False,0.0753016594562869,0.0753016594562869,0.3340192043895748,0.0,1.0,False,0.206734487777728,0.206734487777728,0.002606310013717421,0.99,1.0,True,0.96,1.0,True,0.2756516842087409,0.2756516842087409,0.011385459533607681,1.0,1.0,True,0001,0001,day14_only_discovery,False,False,False,False,True,False,False
BCL11A,AMMECR1,AMMECR1,ENSG00000101935,0.2067310049471276,0.2067310049471276,True,0.009009892753240647,0.009009892753240647,0.8368774866236796,0.0,0.58,False,0.0,0.56,False,0.04244705660368023,0.04244705660368023,0.4074633008643161,0.0,0.94,False,0.13347810767854942,0.13347810767854942,0.027434842249657063,0.73,1.0,True,0.52,1.0,False,0.17337653394607286,0.17337653394607286,0.019753086419753086,0.93,1.0,True,0.16718802747100345,0.16718802747100345,0.022085048010973937,0.74,1.0,True,0.72,1.0,True,0.22032959051753356,0.22032959051753356,0.028669410150891632,0.77,1.0,True,0.20673100494712773,0.20673100494712773,0.0027434842249657062,0.99,1.0,True,0.98,1.0,True,0.27598450545845754,0.27598450545845754,0.010973936899862825,1.0,1.0,True,0111,0011,cross_time_discovery,True,False,True,False,True,False,False
BCL11A,DIAPH3,DIAPH3,ENSG00000139734,0.206613380449439,0.206613380449439,True,0.05620833046413009,0.05620833046413009,0.23460008231581836,0.0,0.97,False,0.01,0.98,False,0.06579998662222797,0.06579998662222797,0.2236246398682947,0.0,1.0,False,0.18171092874264788,0.18171092874264788,0.0049382716049382715,1.0,1.0,True,0.95,1.0,True,0.25755546557352493,0.25755546557352493,0.0027434842249657062,1.0,1.0,True,0.15106205499227063,0.15106205499227063,0.031824417009602195,0.57,1.0,False,0.6,1.0,False,0.3203026613020482,0.3203026613020482,0.0032921810699588477,1.0,1.0,True,0.2066133804494391,0.2066133804494391,0.002880658436213992,1.0,1.0,True,0.96,1.0,True,0.3726441195641402,0.3726441195641402,0.00027434842249657066,1.0,1.0,True,0101,0101,cross_time_discovery,True,False,True,False,True,False,False
BCL11A,NAP1L1,NAP1L1,ENSG00000187109,0.2064481459323133,0.2064481459323133,True,-0.003960321529270601,0.003960321529270601,0.9334613801618877,0.0,0.55,False,0.0,0.5700000000000001,False,-0.004388374179828151,0.004388374179828151,0.9245438331732748,0.0,0.55,False,0.018458845816954252,0.018458845816954252,0.6646090534979424,0.0,0.78,False,0.0,0.71,False,0.0034018296870623865,0.0034018296870623865,0.9388203017832647,0.0,0.51,False,-0.010678398183517917,0.010678398183517917,0.8404663923182442,0.0,0.62,False,0.0,0.72,False,0.029601814041617824,0.029601814041617824,0.6882030178326475,0.0,0.79,False,0.20644814593231348,0.20644814593231348,0.003017832647462277,1.0,1.0,True,0.99,1.0,True,0.30864566043916547,0.30864566043916547,0.004526748971193415,1.0,1.0,True,0001,0001,day14_only_discovery,False,False,False,False,False,False,False
BCL11A,STAG1,STAG1,ENSG00000118007,0.2057478034480666,0.2057478034480666,True,0.0338964472121915,0.0338964472121915,0.4513650706544108,0.0,0.92,False,0.01,0.83,False,0.0075215621463564425,0.0075215621463564425,0.87419399094526,0.0,0.55,False,0.12268258556006778,0.12268258556006778,0.03854595336076817,0.61,1.0,False,0.58,1.0,False,0.15178819417054717,0.15178819417054717,0.03443072702331962,0.73,1.0,True,0.21062706374110918,0.21062706374110918,0.005761316872427984,1.0,1.0,True,0.98,1.0,True,0.31314893021674656,0.31314893021674656,0.003703703703703704,1.0,1.0,True,0.2057478034480665,0.2057478034480665,0.0031550068587105624,1.0,1.0,True,0.98,1.0,True,0.35562407962323406,0.35562407962323406,0.0006858710562414266,1.0,1.0,True,0011,0011,cross_time_discovery,True,False,True,False,True,False,False
NFE2,HEMGN,HEMGN,ENSG00000136929,0.2056828799297579,0.2056828799297579,True,0.06746727226115229,0.06746727226115229,0.05638633557415283,0.21,0.99,False,0.11,0.95,False,0.06473882834630985,0.06473882834630985,0.06393195225682535,0.24,0.98,False,0.11209296160799347,0.11209296160799347,0.0019204389574759945,0.95,1.0,True,0.82,1.0,True,0.1623604016795989,0.1623604016795989,0.0009602194787379973,1.0,1.0,True,0.0734324301787115,0.0734324301787115,0.11879286694101508,0.09,0.99,False,0.15,1.0,False,0.17052697439542971,0.17052697439542971,0.022222222222222223,0.67,1.0,False,0.20568287992975812,0.20568287992975812,0.002606310013717421,1.0,1.0,True,1.0,1.0,True,0.1867917559438215,0.1867917559438215,0.0031550068587105624,1.0,1.0,True,0101,0101,cross_time_discovery,True,False,True,False,True,False,False
BCL11A,TCF12,TCF12,ENSG00000140262,0.2001683858233177,0.2001683858233177,True,0.10933775733516975,0.10933775733516975,0.05062422828920291,0.35,1.0,False,0.24,1.0,False,0.07697046979516461,0.07697046979516461,0.16833584853889422,0.0,1.0,False,0.12396681737905739,0.12396681737905739,0.037037037037037035,0.57,1.0,False,0.56,1.0,False,0.09737781506492192,0.09737781506492192,0.11234567901234568,0.03,1.0,False,0.16882225812020135,0.16882225812020135,0.020850480109739368,0.74,1.0,True,0.81,1.0,True,0.19042778621120143,0.19042778621120143,0.0532235939643347,0.35,1.0,False,0.20016838582331786,0.20016838582331786,0.0032921810699588477,1.0,1.0,True,0.99,1.0,True,0.29515638798422894,0.29515638798422894,0.006721536351165981,1.0,1.0,True,0011,0011,cross_time_discovery,True,False,True,False,False,False,False
BCL11A,GYPA,GYPA,ENSG00000170180,0.200105156910259,0.200105156910259,True,0.029721070391030148,0.029721070391030148,0.5102208807792564,0.0,0.84,False,0.01,0.91,False,0.08231923777269834,0.08231923777269834,0.14501303333790644,0.01,1.0,False,0.09478752333853288,0.09478752333853288,0.07873799725651577,0.18,1.0,False,0.13,1.0,False,0.2131276644714548,0.2131276644714548,0.009739368998628258,1.0,1.0,True,0.13095599735912847,0.13095599735912847,0.05363511659807956,0.37,1.0,False,0.33,1.0,False,0.2931406113084938,0.2931406113084938,0.006035665294924554,1.0,1.0,True,0.20010515691025912,0.20010515691025912,0.003429355281207133,1.0,1.0,True,0.99,1.0,True,0.2758324998867482,0.2758324998867482,0.011248285322359396,1.0,1.0,True,0001,0001,day14_only_discovery,False,False,False,False,True,False,False
GFI1B,MCM4,MCM4,ENSG00000104738,0.1968796826672436,0.1968796826672436,True,0.06671707539571525,0.06671707539571525,0.06571546165454795,0.18,1.0,False,0.24,0.99,False,0.0792612125845548,0.0792612125845548,0.04788036767732199,0.29,1.0,False,0.0922640701573767,0.0922640701573767,0.015637860082304528,0.75,1.0,True,0.55,1.0,False,0.09009507414868168,0.09009507414868168,0.02400548696844993,0.63,1.0,False,0.13450392138422204,0.13450392138422204,0.004252400548696845,0.79,1.0,True,0.84,1.0,True,0.1693553865063086,0.1693553865063086,0.0016460905349794238,0.97,1.0,True,0.19687968266724373,0.19687968266724373,0.00013717421124828533,1.0,1.0,True,0.99,1.0,True,0.24132803626638408,0.24132803626638408,0.00027434842249657066,1.0,1.0,True,0111,0011,cross_time_discovery,True,False,True,False,True,False,False
NFE2,AC079804.3,AC079804.3,ENSG00000287860,0.1962997010649382,0.1962997010649382,True,0.03469678205930245,0.03469678205930245,0.3195225682535327,0.01,0.88,False,0.02,0.81,False,0.038894946384328326,0.038894946384328326,0.2640965838935382,0.03,0.96,False,0.05243662547404319,0.05243662547404319,0.08367626886145405,0.16,0.99,False,0.17,1.0,False,0.08864400261496837,0.08864400261496837,0.023593964334705075,0.56,1.0,False,0.17968994522617243,0.17968994522617243,0.0012345679012345679,0.99,1.0,True,1.0,1.0,True,0.24219320684153736,0.24219320684153736,0.0016460905349794238,1.0,1.0,True,0.19629970106493816,0.19629970106493816,0.0027434842249657062,1.0,1.0,True,1.0,1.0,True,0.19839426153617162,0.19839426153617162,0.002606310013717421,1.0,1.0,True,0011,0011,cross_time_discovery,True,False,True,False,True,False,False
NFE2,HMBS,HMBS,ENSG00000256269,0.1960227441247649,0.1960227441247649,True,0.05883463701622545,0.05883463701622545,0.09534915626286185,0.19,0.94,False,0.26,0.98,False,0.06150148124452462,0.06150148124452462,0.07929757168335849,0.16,0.99,False,0.05968486979852546,0.05968486979852546,0.050205761316872426,0.24,1.0,False,0.26,0.97,False,0.091688689299807,0.091688689299807,0.021262002743484224,0.68,1.0,False,0.11847512254753383,0.11847512254753383,0.018655692729766804,0.63,1.0,False,0.47,1.0,False,0.18662418411096482,0.18662418411096482,0.0149519890260631,0.9,1.0,True,0.19602274412476484,0.19602274412476484,0.002880658436213992,1.0,1.0,True,1.0,1.0,True,0.1910808208295666,0.1910808208295666,0.002880658436213992,1.0,1.0,True,0001,0001,day14_only_discovery,False,False,False,False,True,False,False
BCL11A,HBB,HBB,ENSG00000244734,-0.1946597675536088,0.1946597675536088,True,0.04390405053672762,0.04390405053672762,0.3402387158732336,0.0,0.98,False,0.0,0.94,False,0.10941558316202855,0.10941558316202855,0.07559335985731924,0.15,1.0,False,0.012479167011751452,0.012479167011751452,0.7681755829903978,0.0,0.67,False,0.0,0.62,False,0.1399232169823702,0.1399232169823702,0.04458161865569273,0.47,1.0,False,0.03446878596480895,0.03446878596480895,0.5253772290809328,0.0,0.9,False,0.0,0.85,False,0.17870839559523227,0.17870839559523227,0.06529492455418381,0.23,1.0,False,-0.1946597675536088,0.1946597675536088,0.0035665294924554186,1.0,1.0,True,0.98,1.0,True,-0.2656243247230581,0.2656243247230581,0.014266117969821674,1.0,1.0,True,0001,0001,day14_only_discovery,False,False,False,False,False,False,False
KLF1,CAT,CAT,ENSG00000121691,0.1941629594337614,0.1941629594337614,True,0.053110203606114355,0.053110203606114355,0.1397996981753327,0.07,0.96,False,0.08,0.83,False,0.06553783692503565,0.06553783692503565,0.14185759363424338,0.04,0.99,False,0.10450228479935915,0.10450228479935915,0.005898491083676269,0.94,1.0,True,0.69,1.0,False,0.14802826533641325,0.14802826533641325,0.009739368998628258,0.98,1.0,True,0.1677649425513634,0.1677649425513634,0.0009602194787379973,0.99,1.0,True,0.98,1.0,True,0.21719233856337333,0.21719233856337333,0.007681755829903978,0.96,1.0,True,0.1941629594337614,0.1941629594337614,0.0005486968449931413,1.0,1.0,True,1.0,1.0,True,0.1782842124006404,0.1782842124006404,0.0010973936899862826,0.99,1.0,True,0111,0011,cross_time_discovery,True,False,True,False,True,False,False
BCL11A,UROS,UROS,ENSG00000188690,0.1941420211255675,0.1941420211255675,True,0.05625160260502321,0.05625160260502321,0.23405131019344216,0.01,0.96,False,0.0,0.9,False,0.07278118144287724,0.07278118144287724,0.18575936342433805,0.0,1.0,False,0.07842959263522181,0.07842959263522181,0.12290809327846365,0.05,1.0,False,0.06,1.0,False,0.1379241554344858,0.1379241554344858,0.04718792866941015,0.51,1.0,False,0.10747734766423807,0.10747734766423807,0.09218106995884774,0.18,0.99,False,0.1,1.0,False,0.2179616932491686,0.2179616932491686,0.030315500685871057,0.73,1.0,True,0.19414202112556755,0.19414202112556755,0.003703703703703704,0.99,1.0,True,0.96,1.0,True,0.2843422041328094,0.2843422041328094,0.008093278463648833,1.0,1.0,True,0001,0001,day14_only_discovery,False,False,False,False,True,False,False
BCL11A,LPIN2,LPIN2,ENSG00000101577,-0.1929696406345521,0.1929696406345521,True,0.05292849107758246,0.05292849107758246,0.2613527232816573,0.0,0.99,False,0.0,0.96,False,0.05903483582094193,0.05903483582094193,0.2638221978323501,0.0,0.96,False,0.009056032086202054,0.009056032086202054,0.8320987654320988,0.0,0.68,False,0.0,0.65,False,0.02252452483903935,0.02252452483903935,0.6403292181069958,0.0,0.85,False,0.02317678291768435,0.02317678291768435,0.6673525377229081,0.0,0.75,False,0.0,0.82,False,-0.013911878715826078,0.013911878715826078,0.8462277091906721,0.0,0.63,False,-0.1929696406345522,0.1929696406345522,0.003840877914951989,0.98,1.0,True,0.99,1.0,True,-0.3175731936598845,0.3175731936598845,0.0031550068587105624,1.0,1.0,True,0001,0001,day14_only_discovery,False,False,False,False,False,False,False
BCL11A,VRK1,VRK1,ENSG00000100749,0.1929665442838863,0.1929665442838863,True,0.021588478642770914,0.021588478642770914,0.6283440801207298,0.0,0.78,False,0.0,0.76,False,0.04213450878136478,0.04213450878136478,0.4108931266291672,0.0,0.98,False,0.11829515862854854,0.11829515862854854,0.04252400548696845,0.48,1.0,False,0.4,1.0,False,0.1515074517450631,0.1515074517450631,0.034705075445816184,0.75,1.0,True,0.06477466072260428,0.06477466072260428,0.26844993141289436,0.0,0.99,False,0.0,0.99,False,0.16992312877591226,0.16992312877591226,0.07297668038408779,0.15,1.0,False,0.19296654428388635,0.19296654428388635,0.003978052126200274,0.98,1.0,True,0.95,1.0,True,0.3212326925258385,0.3212326925258385,0.002606310013717421,1.0,1.0,True,0001,0001,day14_only_discovery,False,False,False,False,True,False,False
NFE2,KLF13,KLF13,ENSG00000169926,0.1928860450029365,0.1928860450029365,True,0.034587135653979154,0.034587135653979154,0.3210316915900672,0.0,0.91,False,0.01,0.86,False,0.03789629890347568,0.03789629890347568,0.27562079846343807,0.01,0.93,False,0.0539468460951363,0.0539468460951363,0.07530864197530865,0.18,1.0,False,0.17,0.94,False,0.10592708377063374,0.10592708377063374,0.011111111111111112,0.85,1.0,True,0.11150310614384444,0.11150310614384444,0.0242798353909465,0.52,1.0,False,0.47,1.0,False,0.19555907647129236,0.19555907647129236,0.011248285322359396,0.9,1.0,True,0.19288604500293663,0.19288604500293663,0.003017832647462277,1.0,1.0,True,1.0,1.0,True,0.19436897699639394,0.19436897699639394,0.0027434842249657062,1.0,1.0,True,0001,0001,day14_only_discovery,False,False,False,False,True,False,False
BCL11A,TSC22D2,TSC22D2,ENSG00000196428,0.1920082528472083,0.1920082528472083,True,0.11148066201391287,0.11148066201391287,0.04637124434078749,0.38,1.0,False,0.34,1.0,False,0.1356736205687622,0.1356736205687622,0.04156948826999588,0.49,1.0,False,0.17832043769520212,0.17832043769520212,0.0054869684499314125,1.0,1.0,True,0.94,1.0,True,0.21577001672185295,0.21577001672185295,0.008641975308641974,1.0,1.0,True,0.15146107290265004,0.15146107290265004,0.03168724279835391,0.63,1.0,False,0.61,1.0,False,0.19209324338381514,0.19209324338381514,0.051577503429355284,0.41,1.0,False,0.19200825284720835,0.19200825284720835,0.00411522633744856,1.0,1.0,True,0.91,1.0,True,0.22662890597554589,0.22662890597554589,0.031275720164609055,0.64,1.0,False,0101,0101,cross_time_discovery,True,False,True,False,True,False,False
GFI1B,SLC22A4,SLC22A4,ENSG00000197208,0.1911346938744337,0.1911346938744337,True,0.10024659149720389,0.10024659149720389,0.013993689120592673,0.64,1.0,False,0.74,1.0,True,0.12496146659084867,0.12496146659084867,0.00919193304980107,0.89,1.0,True,0.10178907841904922,0.10178907841904922,0.009876543209876543,0.82,1.0,True,0.56,1.0,False,0.12314829644334742,0.12314829644334742,0.005624142661179698,0.96,1.0,True,0.1075783035855467,0.1075783035855467,0.017558299039780522,0.51,1.0,False,0.51,1.0,False,0.12477128440122534,0.12477128440122534,0.013854595336076818,0.69,1.0,False,0.1911346938744338,0.1911346938744338,0.00027434842249657066,0.99,1.0,True,0.99,1.0,True,0.22844091849196826,0.22844091849196826,0.0008230452674897119,1.0,1.0,True,0101,1001,cross_time_discovery,True,False,True,False,True,False,False
BCL11A,PBRM1,PBRM1,ENSG00000163939,0.1898683482114199,0.1898683482114199,True,0.07917355482637525,0.07917355482637525,0.1164768829743449,0.05,1.0,False,0.06,0.98,False,0.07588007069730111,0.07588007069730111,0.1719028673343394,0.0,1.0,False,0.08780753828712405,0.08780753828712405,0.09519890260631002,0.09,1.0,False,0.2,1.0,False,0.08626702104389959,0.08626702104389959,0.14224965706447187,0.02,1.0,False,0.14067632777311823,0.14067632777311823,0.04293552812071331,0.44,1.0,False,0.45,1.0,False,0.20320031113319656,0.20320031113319656,0.04101508916323731,0.51,1.0,False,0.1898683482114199,0.1898683482114199,0.004252400548696845,1.0,1.0,True,0.97,1.0,True,0.2879088525589189,0.2879088525589189,0.0075445816186556925,1.0,1.0,True,0001,0001,day14_only_discovery,False,False,False,False,False,False,False
BCL11A,SSX2IP,SSX2IP,ENSG00000117155,0.1897966581943535,0.1897966581943535,True,0.0719498765019199,0.0719498765019199,0.14515022636850047,0.04,0.98,False,0.03,1.0,False,0.09133701963847432,0.09133701963847432,0.11606530388256277,0.05,1.0,False,0.07455872145316589,0.07455872145316589,0.13854595336076816,0.02,1.0,False,0.05,0.98,False,0.09060485492644446,0.09060485492644446,0.1279835390946502,0.0,1.0,False,0.029271549131181848,0.029271549131181848,0.5890260631001372,0.0,0.86,False,0.0,0.75,False,0.0846830414527335,0.0846830414527335,0.28669410150891633,0.0,1.0,False,0.1897966581943535,0.1897966581943535,0.0043895747599451305,0.98,1.0,True,0.92,1.0,True,0.277883470068358,0.277883470068358,0.009739368998628258,0.99,1.0,True,0001,0001,day14_only_discovery,False,False,False,False,False,False,False
KLF1,SNCA,SNCA,ENSG00000145335,0.1895869826881807,0.1895869826881807,True,-0.01313475371547528,0.01313475371547528,0.7070928796817122,0.0,0.64,False,0.0,0.63,False,-0.015355308674446974,0.015355308674446974,0.715324461517355,0.0,0.77,False,0.018046553380554664,0.018046553380554664,0.5327846364883402,0.01,0.72,False,0.02,0.67,False,0.09752511293094467,0.09752511293094467,0.04197530864197531,0.43,1.0,False,0.08414864215169662,0.08414864215169662,0.03251028806584362,0.46,0.99,False,0.32,0.98,False,0.2240881836080017,0.2240881836080017,0.006035665294924554,1.0,1.0,True,0.18958698268818064,0.18958698268818064,0.0006858710562414266,1.0,1.0,True,1.0,1.0,True,0.1981126514148388,0.1981126514148388,0.0006858710562414266,1.0,1.0,True,0001,0001,day14_only_discovery,False,False,False,False,True,False,False
NFE2,HBD,HBD,ENSG00000223609,0.1879156247525903,0.1879156247525903,True,0.060823859030389546,0.060823859030389546,0.08368774866236796,0.11,0.98,False,0.04,0.95,False,0.06070730187255026,0.06070730187255026,0.08451090684593222,0.07,0.99,False,0.08201612933012507,0.08201612933012507,0.011934156378600824,0.63,1.0,False,0.43,1.0,False,0.12002073235350436,0.12002073235350436,0.0064471879286694105,0.94,1.0,True,0.08962485388580692,0.08962485388580692,0.06364883401920439,0.15,1.0,False,0.22,1.0,False,0.18445230813333588,0.18445230813333588,0.01646090534979424,0.91,1.0,True,0.1879156247525904,0.1879156247525904,0.0031550068587105624,1.0,1.0,True,1.0,1.0,True,0.1883081607698128,0.1883081607698128,0.003017832647462277,1.0,1.0,True,0001,0001,day14_only_discovery,False,False,False,False,True,False,False
BCL11A,CTNNA1,CTNNA1,ENSG00000044115,0.1876078462728387,0.1876078462728387,True,0.006432241558157585,0.006432241558157585,0.8868157497599122,0.0,0.64,False,0.0,0.73,False,0.010412429285611494,0.010412429285611494,0.8245301138702154,0.0,0.64,False,0.07456599416298193,0.07456599416298193,0.13840877914951988,0.04,1.0,False,0.08,1.0,False,0.07212832818754267,0.07212832818754267,0.1925925925925926,0.01,1.0,False,0.1375935044092233,0.1375935044092233,0.04705075445816186,0.49,1.0,False,0.44,1.0,False,0.16362229275126328,0.16362229275126328,0.0803840877914952,0.07,1.0,False,0.18760784627283877,0.18760784627283877,0.004526748971193415,0.96,1.0,True,0.97,1.0,True,0.26697027525852307,0.26697027525852307,0.013991769547325103,0.99,1.0,True,0001,0001,day14_only_discovery,False,False,False,False,False,False,False
NFE2,CLK3,CLK3,ENSG00000179335,0.1870651545493366,0.1870651545493366,True,0.014509446025259057,0.014509446025259057,0.6781451502263685,0.02,0.72,False,0.02,0.67,False,0.020451923079999056,0.020451923079999056,0.5583756345177665,0.01,0.8,False,0.052340727495685996,0.052340727495685996,0.0840877914951989,0.2,0.99,False,0.19,0.97,False,0.09919037619008561,0.09919037619008561,0.0149519890260631,0.77,1.0,True,0.12392508380984282,0.12392508380984282,0.015226337448559672,0.64,1.0,False,0.73,1.0,True,0.21430465927999962,0.21430465927999962,0.006584362139917695,1.0,1.0,True,0.18706515454933675,0.18706515454933675,0.0032921810699588477,1.0,1.0,True,1.0,1.0,True,0.1848703910938553,0.1848703910938553,0.003703703703703704,1.0,1.0,True,0001,0011,day14_only_discovery,False,False,True,False,True,False,False
BCL11A,DENND1A,DENND1A,ENSG00000119522,0.186865587210416,0.186865587210416,True,0.015284795860463475,0.015284795860463475,0.7293181506379476,0.0,0.67,False,0.0,0.77,False,-0.010321535163958884,0.010321535163958884,0.8260392372067499,0.0,0.6599999999999999,False,0.10339637356775958,0.10339637356775958,0.06227709190672154,0.17,1.0,False,0.16,1.0,False,0.08997803363744009,0.08997803363744009,0.13058984910836763,0.02,1.0,False,0.20634812951658213,0.20634812951658213,0.007133058984910837,0.99,1.0,True,0.98,1.0,True,0.23657761717260675,0.23657761717260675,0.021810699588477367,0.97,1.0,True,0.18686558721041605,0.18686558721041605,0.004663923182441701,0.96,1.0,True,0.9,1.0,True,0.24905295322409457,0.24905295322409457,0.020164609053497942,0.91,1.0,True,0011,0011,cross_time_discovery,True,False,True,False,True,False,False
BCL11A,TNXB,TNXB,ENSG00000168477,0.1867327572729188,0.1867327572729188,True,0.00992111882480984,0.00992111882480984,0.8211002881053643,0.0,0.67,False,0.0,0.54,False,0.025714308184657395,0.025714308184657395,0.6083138976539991,0.0,0.83,False,0.04894951298137251,0.04894951298137251,0.28710562414266116,0.0,1.0,False,0.01,0.96,False,0.07543859531935719,0.07543859531935719,0.17873799725651576,0.0,1.0,False,0.05859918885467407,0.05859918885467407,0.3112482853223594,0.0,0.99,False,0.01,0.99,False,0.07548920949788682,0.07548920949788682,0.3329218106995885,0.0,1.0,False,0.1867327572729187,0.1867327572729187,0.004801097393689987,0.93,1.0,True,0.97,1.0,True,0.18221721270521718,0.18221721270521718,0.07352537722908094,0.16,1.0,False,0001,0001,day14_only_discovery,False,False,False,False,False,False,False
NFE2,ANK1,ANK1,ENSG00000029534,0.1861184248692082,0.1861184248692082,True,0.06912428924117242,0.06912428924117242,0.050761421319796954,0.34,0.97,False,0.24,0.99,False,0.0811602231579157,0.0811602231579157,0.023460008231581835,0.32,0.99,False,0.10540854640524751,0.10540854640524751,0.002606310013717421,0.92,1.0,True,0.65,1.0,False,0.12902465777268177,0.12902465777268177,0.004252400548696845,0.97,1.0,True,0.0815597618247281,0.0815597618247281,0.08641975308641975,0.21,1.0,False,0.28,0.99,False,0.17485800572769974,0.17485800572769974,0.0196159122085048,0.82,1.0,True,0.18611842486920818,0.18611842486920818,0.003429355281207133,0.99,1.0,True,1.0,1.0,True,0.18501469556710165,0.18501469556710165,0.003429355281207133,0.99,1.0,True,0101,0001,cross_time_discovery,True,False,False,False,True,False,False
KLF1,BLVRB,BLVRB,ENSG00000090013,0.1856816351224133,0.1856816351224133,True,0.10969224277633867,0.10969224277633867,0.006722458499108245,0.71,1.0,True,0.43,0.98,False,0.2066820080969562,0.2066820080969562,0.0026066675812868706,1.0,1.0,True,0.15647972712293293,0.15647972712293293,0.0006858710562414266,1.0,1.0,True,0.99,1.0,True,0.24318929727048635,0.24318929727048635,0.0008230452674897119,1.0,1.0,True,0.09630827028911933,0.09630827028911933,0.016872427983539096,0.47,0.99,False,0.42,0.99,False,0.2713515716151317,0.2713515716151317,0.0021947873799725653,1.0,1.0,True,0.1856816351224133,0.1856816351224133,0.0008230452674897119,1.0,1.0,True,1.0,1.0,True,0.19653209487510429,0.19653209487510429,0.0008230452674897119,1.0,1.0,True,1101,0101,cross_time_discovery,True,False,True,False,True,False,False
BCL11A,ZFAND3,ZFAND3,ENSG00000156639,0.1855332219612476,0.1855332219612476,True,0.08244856358094323,0.08244856358094323,0.1063245987103855,0.1,1.0,False,0.22,1.0,False,0.040357673733951015,0.040357673733951015,0.4299629578817396,0.0,0.83,False,0.08645753064320343,0.08645753064320343,0.09917695473251029,0.06,1.0,False,0.07,1.0,False,0.05946658489698871,0.05946658489698871,0.26296296296296295,0.0,0.99,False,0.2476778601010335,0.2476778601010335,0.0013717421124828531,1.0,1.0,True,1.0,1.0,True,0.2741746413657138,0.2741746413657138,0.008367626886145405,1.0,1.0,True,0.18553322196124772,0.18553322196124772,0.0049382716049382715,0.98,1.0,True,0.96,1.0,True,0.23015240681720603,0.23015240681720603,0.028257887517146776,0.75,1.0,True,0011,0011,cross_time_discovery,True,False,True,False,True,False,False
GFI1B,RPL3,RPL3,ENSG00000100316,0.1855290040257002,0.1855290040257002,True,0.04171737851458469,0.04171737851458469,0.2410481547537385,0.05,0.95,False,0.04,0.93,False,0.04257577763386423,0.04257577763386423,0.25435587872136095,0.03,0.96,False,0.07851952570682613,0.07851952570682613,0.0289437585733882,0.54,1.0,False,0.42,1.0,False,0.08769889111486291,0.08769889111486291,0.02551440329218107,0.54,1.0,False,0.1618594392771319,0.1618594392771319,0.0006858710562414266,0.98,1.0,True,0.98,1.0,True,0.1766710732601938,0.1766710732601938,0.0008230452674897119,0.98,1.0,True,0.1855290040257003,0.1855290040257003,0.00041152263374485596,0.99,1.0,True,1.0,1.0,True,0.21467165478769326,0.21467165478769326,0.0017832647462277093,0.99,1.0,True,0011,0011,cross_time_discovery,True,False,True,False,True,False,False
BCL11A,DAAM1,DAAM1,ENSG00000100592,0.1853808274291787,0.1853808274291787,True,0.22126064578148744,0.22126064578148744,0.0019207024283166415,1.0,1.0,True,1.0,1.0,True,0.2510199426286044,0.2510199426286044,0.0026066675812868706,1.0,1.0,True,0.1574443458022119,0.1574443458022119,0.012757201646090535,0.95,1.0,True,0.93,1.0,True,0.21737150934885954,0.21737150934885954,0.00823045267489712,1.0,1.0,True,0.14520061532466585,0.14520061532466585,0.038820301783264746,0.52,1.0,False,0.42,1.0,False,0.2444652436236053,0.2444652436236053,0.018655692729766804,0.97,1.0,True,0.18538082742917872,0.18538082742917872,0.005075445816186557,0.98,1.0,True,0.92,1.0,True,0.24452444654168976,0.24452444654168976,0.02167352537722908,0.88,1.0,True,1101,1101,cross_time_discovery,True,False,True,False,True,False,False
BCL11A,DDIT4,DDIT4,ENSG00000168209,0.1844312501446997,0.1844312501446997,True,-0.008619089039871611,0.008619089039871611,0.8426395939086294,0.0,0.62,False,0.01,0.53,False,-0.03437943053360517,0.03437943053360517,0.49567841953628755,0.0,0.88,False,0.08928490210602225,0.08928490210602225,0.09190672153635117,0.07,1.0,False,0.16,1.0,False,0.14468290561047012,0.14468290561047012,0.03991769547325103,0.61,1.0,False,0.25706882218568244,0.25706882218568244,0.0010973936899862826,1.0,1.0,True,1.0,1.0,True,0.3293281701430935,0.3293281701430935,0.00205761316872428,1.0,1.0,True,0.18443125014469963,0.18443125014469963,0.005212620027434842,0.96,1.0,True,0.97,1.0,True,0.24531818344720094,0.24531818344720094,0.021262002743484224,0.89,1.0,True,0011,0011,cross_time_discovery,True,False,True,False,True,False,False
BCL11A,MKI67,MKI67,ENSG00000148773,0.1841797355620448,0.1841797355620448,True,0.04620813721330992,0.04620813721330992,0.3200713403759089,0.0,0.94,False,0.01,0.96,False,0.08124519842192215,0.08124519842192215,0.14981478940869805,0.02,1.0,False,0.11100272428523825,0.11100272428523825,0.052400548696845,0.36,1.0,False,0.31,1.0,False,0.21279801396237719,0.21279801396237719,0.010013717421124828,1.0,1.0,True,0.11850013183632402,0.11850013183632402,0.07091906721536351,0.19,1.0,False,0.23,1.0,False,0.3053691117540359,0.3053691117540359,0.004252400548696845,1.0,1.0,True,0.18417973556204487,0.18417973556204487,0.005349794238683128,0.98,1.0,True,0.9,1.0,True,0.36223127941382083,0.36223127941382083,0.00041152263374485596,1.0,1.0,True,0001,0001,day14_only_discovery,False,False,False,False,True,False,False
BCL11A,KAT2B,KAT2B,ENSG00000114166,0.1836601049247798,0.1836601049247798,True,0.14791622933880733,0.14791622933880733,0.0164631636712855,0.79,1.0,True,0.83,1.0,True,0.17954654682500606,0.17954654682500606,0.016325970640691453,0.98,1.0,True,0.16005946697511603,0.16005946697511603,0.011659807956104253,0.99,1.0,True,0.92,1.0,True,0.22368295919112943,0.22368295919112943,0.0069958847736625515,1.0,1.0,True,0.13558836440898925,0.13558836440898925,0.04897119341563786,0.41,1.0,False,0.55,1.0,False,0.2483474366360913,0.2483474366360913,0.01646090534979424,0.99,1.0,True,0.18366010492477977,0.18366010492477977,0.0054869684499314125,0.93,1.0,True,0.93,1.0,True,0.2529505043939526,0.2529505043939526,0.018381344307270234,0.97,1.0,True,1101,1101,cross_time_discovery,True,False,True,False,True,False,False
NFE2,PICALM,PICALM,ENSG00000073921,0.1834520357277471,0.1834520357277471,True,0.044140362205113796,0.044140362205113796,0.212649197420771,0.11,0.92,False,0.02,0.79,False,0.05070550023143655,0.05070550023143655,0.14748250788859926,0.13,0.97,False,0.053928244909800235,0.053928244909800235,0.07544581618655692,0.23,0.99,False,0.12,0.97,False,0.07344824062548738,0.07344824062548738,0.05130315500685871,0.29,1.0,False,0.10923883068710459,0.10923883068710459,0.027709190672153636,0.59,1.0,False,0.43,1.0,False,0.14448376510469815,0.14448376510469815,0.04718792866941015,0.4,1.0,False,0.18345203572774704,0.18345203572774704,0.0035665294924554186,1.0,1.0,True,1.0,1.0,True,0.18489694272044813,0.18489694272044813,0.0035665294924554186,1.0,1.0,True,0001,0001,day14_only_discovery,False,False,False,False,False,False,False
BCL11A,H1FX,H1FX,ENSG00000184897,0.1833718046890019,0.1833718046890019,True,-0.008874911463160877,0.008874911463160877,0.8379750308684318,0.0,0.64,False,0.0,0.72,False,-0.00273601305558902,0.00273601305558902,0.9512964741391138,0.0,0.53,False,0.1264744912562191,0.1264744912562191,0.03484224965706447,0.51,1.0,False,0.44,1.0,False,0.1838680605294946,0.1838680605294946,0.015500685871056241,1.0,1.0,True,0.08711932643275137,0.08711932643275137,0.14938271604938272,0.05,1.0,False,0.08,1.0,False,0.23342099615947062,0.23342099615947062,0.02345679012345679,0.86,1.0,True,0.1833718046890021,0.1833718046890021,0.005624142661179698,0.97,1.0,True,0.98,1.0,True,0.3170812287277271,0.3170812287277271,0.003703703703703704,1.0,1.0,True,0001,0001,day14_only_discovery,False,False,False,False,True,False,False
NFE2,CDC27,CDC27,ENSG00000004897,0.1828879432779172,0.1828879432779172,True,0.015401566336277457,0.015401566336277457,0.6614076004938949,0.01,0.69,False,0.0,0.66,False,0.01984386994645723,0.01984386994645723,0.5688023048429139,0.01,0.77,False,0.05928160299815002,0.05928160299815002,0.05185185185185185,0.25,1.0,False,0.24,0.97,False,0.09788158101535817,0.09788158101535817,0.016049382716049384,0.73,1.0,True,0.056423385626114736,0.056423385626114736,0.2176954732510288,0.07,0.96,False,0.03,0.96,False,0.151979613933104,0.151979613933104,0.038408779149519894,0.57,1.0,False,0.1828879432779172,0.1828879432779172,0.003703703703703704,0.99,1.0,True,1.0,1.0,True,0.18521636762164556,0.18521636762164556,0.0032921810699588477,1.0,1.0,True,0001,0001,day14_only_discovery,False,False,False,False,True,False,False
BCL11A,KEL,KEL,ENSG00000197993,0.1828120041034601,0.1828120041034601,True,0.1266305809390209,0.1266305809390209,0.02990808066950199,0.59,1.0,False,0.49,1.0,False,0.167558578475392,0.167558578475392,0.02044176155851283,0.93,1.0,True,0.1402777784220917,0.1402777784220917,0.02318244170096022,0.89,1.0,True,0.67,1.0,False,0.2085005104766613,0.2085005104766613,0.011522633744855968,1.0,1.0,True,0.17472902442003846,0.17472902442003846,0.017146776406035666,0.91,1.0,True,0.86,1.0,True,0.2596260466160921,0.2596260466160921,0.012345679012345678,0.98,1.0,True,0.18281200410346024,0.18281200410346024,0.005761316872427984,0.96,1.0,True,0.89,1.0,True,0.23491406803826223,0.23491406803826223,0.025925925925925925,0.85,1.0,True,0111,0011,cross_time_discovery,True,False,True,False,True,False,False
BCL11A,ANKH,ANKH,ENSG00000154122,0.182601511699906,0.182601511699906,True,0.11928103038352494,0.11928103038352494,0.037590890382768555,0.4,1.0,False,0.47,1.0,False,0.14136585134431323,0.14136585134431323,0.03567018795445191,0.54,1.0,False,0.19630089560658484,0.19630089560658484,0.0031550068587105624,1.0,1.0,True,1.0,1.0,True,0.27144713232609435,0.27144713232609435,0.0016460905349794238,1.0,1.0,True,0.2248440757368925,0.2248440757368925,0.0032921810699588477,1.0,1.0,True,1.0,1.0,True,0.3219573547085161,0.3219573547085161,0.002880658436213992,1.0,1.0,True,0.18260151169990582,0.18260151169990582,0.005898491083676269,0.94,1.0,True,0.92,1.0,True,0.2513197963223361,0.2513197963223361,0.01934156378600823,0.96,1.0,True,0111,0111,cross_time_discovery,True,False,True,False,True,False,False
BCL11A,HNRNPA3,HNRNPA3,ENSG00000170144,0.1818621226018463,0.1818621226018463,True,0.023952493491131047,0.023952493491131047,0.5922623130744958,0.0,0.8,False,0.0,0.86,False,0.0300066623698441,0.0300066623698441,0.5524763342022225,0.0,0.84,False,0.017262124094477062,0.017262124094477062,0.6866941015089163,0.0,0.78,False,0.0,0.66,False,0.004385467628623027,0.004385467628623027,0.922633744855967,0.0,0.53,False,0.04619536529377694,0.04619536529377694,0.4111111111111111,0.0,0.95,False,0.0,0.92,False,0.04442744008643824,0.04442744008643824,0.5506172839506173,0.0,0.9,False,0.1818621226018463,0.1818621226018463,0.006035665294924554,0.91,1.0,True,0.91,1.0,True,0.27547749974188296,0.27547749974188296,0.011522633744855968,0.99,1.0,True,0001,0001,day14_only_discovery,False,False,False,False,False,False,False
NFE2,ABCC4,ABCC4,ENSG00000125257,0.1815102907221521,0.1815102907221521,True,0.07183324757581983,0.07183324757581983,0.043764576759500615,0.24,1.0,False,0.27,1.0,False,0.07052513389554303,0.07052513389554303,0.044587734943064894,0.29,0.99,False,0.04231534139207436,0.04231534139207436,0.15116598079561042,0.04,0.97,False,0.11,0.88,False,0.0478051747550574,0.0478051747550574,0.17517146776406037,0.05,0.96,False,0.04685685279148029,0.04685685279148029,0.3017832647462277,0.02,0.97,False,0.0,0.92,False,0.08084660870829531,0.08084660870829531,0.23072702331961592,0.02,1.0,False,0.1815102907221521,0.1815102907221521,0.003840877914951989,0.99,1.0,True,0.99,1.0,True,0.1704802046685763,0.1704802046685763,0.005624142661179698,0.97,1.0,True,0001,0001,day14_only_discovery,False,False,False,False,False,False,False
KLF1,PRDX2,PRDX2,ENSG00000167815,0.1814596682343047,0.1814596682343047,True,0.0606442493317728,0.0606442493317728,0.09754424475236657,0.12,0.98,False,0.12,0.96,False,0.1236152327418823,0.1236152327418823,0.02496913156811634,0.66,1.0,False,0.10718360688247648,0.10718360688247648,0.0049382716049382715,0.92,1.0,True,0.79,1.0,True,0.1996256489647828,0.1996256489647828,0.0023319615912208505,1.0,1.0,True,0.1270066555094452,0.1270066555094452,0.003840877914951989,0.81,1.0,True,0.76,1.0,True,0.3047943808350584,0.3047943808350584,0.0005486968449931413,1.0,1.0,True,0.1814596682343047,0.1814596682343047,0.0009602194787379973,1.0,1.0,True,0.99,1.0,True,0.1996417920795938,0.1996417920795938,0.0005486968449931413,1.0,1.0,True,0111,0111,cross_time_discovery,True,False,True,False,True,False,False
NFE2,TANGO2,TANGO2,ENSG00000183597,0.1813655026716137,0.1813655026716137,True,0.03868003228178531,0.03868003228178531,0.2704074633008643,0.05,0.9,False,0.04,0.89,False,0.043678180526117646,0.043678180526117646,0.21141446014542462,0.11,0.96,False,0.04202890509926635,0.04202890509926635,0.1540466392318244,0.07,0.99,False,0.08,0.92,False,0.06979362540587752,0.06979362540587752,0.060905349794238686,0.26,1.0,False,0.07474986274345236,0.07474986274345236,0.11262002743484224,0.12,0.98,False,0.11,0.97,False,0.1266390472563685,0.1266390472563685,0.07393689986282578,0.22,1.0,False,0.18136550267161392,0.18136550267161392,0.003978052126200274,1.0,1.0,True,1.0,1.0,True,0.18213849440790567,0.18213849440790567,0.003840877914951989,1.0,1.0,True,0001,0001,day14_only_discovery,False,False,False,False,False,False,False
BCL11A,TMCC2,TMCC2,ENSG00000133069,-0.1810780875008881,0.1810780875008881,True,0.02840701649456148,0.02840701649456148,0.5261352723281657,0.0,0.88,False,0.0,0.86,False,0.03593001832572865,0.03593001832572865,0.4778433255590616,0.0,0.93,False,0.000904824361462889,0.000904824361462889,0.9839506172839506,0.0,0.58,False,0.0,0.53,False,0.005702707271342092,0.005702707271342092,0.901920438957476,0.0,0.53,False,-0.05310811686789702,0.05310811686789702,0.35212620027434843,0.0,0.99,False,0.0,1.0,False,-0.0878887894938793,0.0878887894938793,0.27133058984910835,0.0,1.0,False,-0.18107808750088825,0.18107808750088825,0.006172839506172839,0.96,1.0,True,0.99,1.0,True,-0.2765916660753294,0.2765916660753294,0.010699588477366255,1.0,1.0,True,0001,0001,day14_only_discovery,False,False,False,False,False,False,False
NFE2,CAT,CAT,ENSG00000121691,0.1810309720918716,0.1810309720918716,True,0.06391932402261977,0.06391932402261977,0.06941967348058718,0.18,0.97,False,0.22,0.99,False,0.0650252717683359,0.0650252717683359,0.06269721498147894,0.21,0.99,False,0.08041809331722688,0.08041809331722688,0.013580246913580247,0.62,1.0,False,0.38,1.0,False,0.10656088025958853,0.10656088025958853,0.010973936899862825,0.85,1.0,True,0.1417835607922194,0.1417835607922194,0.006584362139917695,0.72,1.0,True,0.82,1.0,True,0.21553316248947643,0.21553316248947643,0.006035665294924554,0.99,1.0,True,0.18103097209187177,0.18103097209187177,0.00411522633744856,0.98,1.0,True,1.0,1.0,True,0.17494847487621762,0.17494847487621762,0.004801097393689987,0.99,1.0,True,0011,0011,cross_time_discovery,True,False,True,False,True,False,False
BCL11A,WRN,WRN,ENSG00000165392,0.180623165833948,0.180623165833948,True,0.1210315879351739,0.1210315879351739,0.03594457401564,0.56,1.0,False,0.44,1.0,False,0.1575368747126502,0.1575368747126502,0.024420359445740156,0.84,1.0,True,0.1506018445472128,0.1506018445472128,0.017146776406035666,0.95,1.0,True,0.85,1.0,True,0.17606046255117952,0.17606046255117952,0.018518518518518517,0.96,1.0,True,0.1967222380378767,0.1967222380378767,0.00905349794238683,0.99,1.0,True,0.95,1.0,True,0.23497477637035205,0.23497477637035205,0.022359396433470506,0.84,1.0,True,0.1806231658339481,0.1806231658339481,0.006310013717421125,0.9,1.0,True,0.94,1.0,True,0.24875464367906377,0.24875464367906377,0.020438957475994512,0.94,1.0,True,0111,0111,cross_time_discovery,True,False,True,False,True,False,False
BCL11A,MYH10,MYH10,ENSG00000133026,0.1802311285402249,0.1802311285402249,True,0.09852738970468264,0.09852738970468264,0.0673617780216765,0.2,1.0,False,0.29,1.0,False,0.1047932322327766,0.1047932322327766,0.0850596789683084,0.11,1.0,False,0.13057579220828924,0.13057579220828924,0.0299039780521262,0.72,1.0,True,0.54,1.0,False,0.13829862487918357,0.13829862487918357,0.046502057613168724,0.49,1.0,False,0.10723512367898033,0.10723512367898033,0.09314128943758573,0.12,1.0,False,0.07,1.0,False,0.14777334702619235,0.14777334702619235,0.10425240054869685,0.04,1.0,False,0.18023112854022486,0.18023112854022486,0.0064471879286694105,0.95,1.0,True,0.85,1.0,True,0.2643493587166877,0.2643493587166877,0.014540466392318244,0.97,1.0,True,0101,0001,cross_time_discovery,True,False,False,False,False,False,False
BCL11A,ALAD,ALAD,ENSG00000148218,0.1793845460985381,0.1793845460985381,True,0.1326606379338515,0.1326606379338515,0.026066675812868707,0.75,1.0,True,0.51,1.0,False,0.16626991650502612,0.16626991650502612,0.02071614761970092,0.91,1.0,True,0.09423131424301655,0.09423131424301655,0.08052126200274348,0.19,1.0,False,0.21,1.0,False,0.17130120789596978,0.17130120789596978,0.02139917695473251,0.97,1.0,True,0.11741685878970362,0.11741685878970362,0.07325102880658436,0.18,1.0,False,0.19,1.0,False,0.23455749418529617,0.23455749418529617,0.022496570644718793,0.96,1.0,True,0.17938454609853813,0.17938454609853813,0.006584362139917695,0.93,1.0,True,0.94,1.0,True,0.2260752855770483,0.2260752855770483,0.03168724279835391,0.71,1.0,True,1001,0001,cross_time_discovery,True,False,False,False,True,False,False
BCL11A,FAR1,FAR1,ENSG00000197601,0.1791912342615232,0.1791912342615232,True,0.051684807126700455,0.051684807126700455,0.2712306214844286,0.0,0.99,False,0.0,0.84,False,0.03418695732447236,0.03418695732447236,0.4971875428728221,0.0,0.88,False,0.13791396037907006,0.13791396037907006,0.024554183813443074,0.9,1.0,True,0.65,1.0,False,0.14816684325224935,0.14816684325224935,0.03689986282578875,0.6,1.0,False,0.17298708133611773,0.17298708133611773,0.017969821673525378,0.89,1.0,True,0.87,1.0,True,0.2081154711892871,0.2081154711892871,0.038408779149519894,0.59,1.0,False,0.17919123426152317,0.17919123426152317,0.006721536351165981,0.93,1.0,True,0.9,1.0,True,0.2636370729007307,0.2636370729007307,0.014814814814814815,0.98,1.0,True,0111,0011,cross_time_discovery,True,False,True,False,False,False,False
BCL11A,CCDC14,CCDC14,ENSG00000175455,0.1790743867120511,0.1790743867120511,True,0.0887962724038295,0.0887962724038295,0.08821511867197146,0.17,0.99,False,0.15,1.0,False,0.10688305350447426,0.10688305350447426,0.08039511592811086,0.09,1.0,False,0.1416848498885798,0.1416848498885798,0.02263374485596708,0.91,1.0,True,0.71,1.0,True,0.15841507428598553,0.15841507428598553,0.0289437585733882,0.84,1.0,True,0.10682124388540631,0.10682124388540631,0.09410150891632373,0.1,1.0,False,0.06,1.0,False,0.1950155374936007,0.1950155374936007,0.04801097393689986,0.53,1.0,False,0.1790743867120511,0.1790743867120511,0.006858710562414266,0.94,1.0,True,0.95,1.0,True,0.2693399083295403,0.2693399083295403,0.013580246913580247,1.0,1.0,True,0101,0101,cross_time_discovery,True,False,True,False,True,False,False
NFE2,PRDX2,PRDX2,ENSG00000167815,0.1785827088299398,0.1785827088299398,True,0.03158767851610415,0.03158767851610415,0.3694608313897654,0.05,0.9,False,0.02,0.72,False,0.0320830072121283,0.0320830072121283,0.3571134586363013,0.04,0.86,False,0.07651788326230412,0.07651788326230412,0.01783264746227709,0.51,1.0,False,0.38,1.0,False,0.1125169121492083,0.1125169121492083,0.00905349794238683,0.9,1.0,True,0.07156128147767112,0.07156128147767112,0.12770919067215364,0.11,0.99,False,0.09,1.0,False,0.15882803667059472,0.15882803667059472,0.03168724279835391,0.57,1.0,False,0.17858270882993957,0.17858270882993957,0.004252400548696845,1.0,1.0,True,1.0,1.0,True,0.179831537048999,0.179831537048999,0.003978052126200274,0.99,1.0,True,0001,0001,day14_only_discovery,False,False,False,False,True,False,False
BCL11A,RFESD,RFESD,ENSG00000175449,0.1785388073160947,0.1785388073160947,True,0.05007318796990441,0.05007318796990441,0.28453834545205103,0.0,0.96,False,0.0,0.98,False,0.09157138756589242,0.09157138756589242,0.11524214569899849,0.05,1.0,False,0.03245937687032769,0.03245937687032769,0.4624142661179698,0.0,0.91,False,0.0,0.89,False,0.0853710156562021,0.0853710156562021,0.14554183813443072,0.0,1.0,False,0.016937609850833108,0.016937609850833108,0.7459533607681755,0.0,0.66,False,0.0,0.79,False,0.07947000673472772,0.07947000673472772,0.3102880658436214,0.0,1.0,False,0.17853880731609476,0.17853880731609476,0.0069958847736625515,0.95,1.0,True,0.93,1.0,True,0.22359069463316414,0.22359069463316414,0.03388203017832647,0.8,1.0,True,0001,0001,day14_only_discovery,False,False,False,False,False,False,False
BCL11A,ATP2B1,ATP2B1,ENSG00000070961,0.1782405388770712,0.1782405388770712,True,-0.004046514579614921,0.004046514579614921,0.9318150637947592,0.0,0.6,False,0.0,0.51,False,-0.027545748553274095,0.027545748553274095,0.5847166963918233,0.0,0.8,False,0.08801364637395248,0.08801364637395248,0.09465020576131687,0.1,1.0,False,0.11,1.0,False,0.09263714836979133,0.09263714836979133,0.12290809327846365,0.03,1.0,False,0.10838350302789825,0.10838350302789825,0.09094650205761316,0.17,1.0,False,0.18,1.0,False,0.15126987360452698,0.15126987360452698,0.09725651577503429,0.01,1.0,False,0.17824053887707125,0.17824053887707125,0.007133058984910837,0.91,1.0,True,0.92,1.0,True,0.2568949130803231,0.2568949130803231,0.016872427983539096,0.93,1.0,True,0001,0001,day14_only_discovery,False,False,False,False,False,False,False
BCL11A,CDC27,CDC27,ENSG00000004897,0.1777093657454999,0.1777093657454999,True,0.11397660204842196,0.11397660204842196,0.04321580463712443,0.5,1.0,False,0.28,1.0,False,0.15117049125312026,0.15117049125312026,0.0278501852105913,0.72,1.0,True,0.13698906433288444,0.13698906433288444,0.02496570644718793,0.84,1.0,True,0.56,1.0,False,0.2105972541876186,0.2105972541876186,0.010699588477366255,1.0,1.0,True,0.13140089889535161,0.13140089889535161,0.0532235939643347,0.35,1.0,False,0.34,1.0,False,0.2485003418684906,0.2485003418684906,0.016049382716049384,0.97,1.0,True,0.17770936574549986,0.17770936574549986,0.007270233196159122,0.98,1.0,True,0.96,1.0,True,0.2113308269099634,0.2113308269099634,0.04156378600823045,0.56,1.0,False,0101,0001,cross_time_discovery,True,False,False,False,True,False,False
GFI1B,HELLS,HELLS,ENSG00000119969,0.177320621873999,0.177320621873999,True,0.04501607084883507,0.04501607084883507,0.20496638770750447,0.03,0.92,False,0.04,0.93,False,0.027030454014106354,0.027030454014106354,0.4661819179585677,0.0,0.88,False,0.11810777578469323,0.11810777578469323,0.0049382716049382715,0.98,1.0,True,0.83,1.0,True,0.11333506593195908,0.11333506593195908,0.00905349794238683,0.93,1.0,True,0.13160890485972454,0.13160890485972454,0.005212620027434842,0.82,1.0,True,0.81,1.0,True,0.16349070985122593,0.16349070985122593,0.00205761316872428,0.96,1.0,True,0.17732062187399916,0.17732062187399916,0.0005486968449931413,0.97,1.0,True,1.0,1.0,True,0.21695050500917576,0.21695050500917576,0.0016460905349794238,1.0,1.0,True,0111,0111,cross_time_discovery,True,False,True,False,True,False,False
BCL11A,HMGN2,HMGN2,ENSG00000198830,0.1771760329223017,0.1771760329223017,True,-0.04675873089574115,0.04675873089574115,0.314309233090959,0.0,0.96,False,0.01,0.88,False,-0.03707640515277242,0.03707640515277242,0.46549595280559747,0.0,0.9,False,-0.03474957684112456,0.03474957684112456,0.43497942386831273,0.0,0.96,False,0.01,0.91,False,0.008423147026684948,0.008423147026684948,0.8592592592592593,0.0,0.7,False,-0.054267058229949115,0.054267058229949115,0.34375857338820304,0.0,0.95,False,0.0,0.96,False,0.07688180494542415,0.07688180494542415,0.32661179698216736,0.0,1.0,False,0.1771760329223018,0.1771760329223018,0.007407407407407408,0.93,1.0,True,0.9,1.0,True,0.33383957847626544,0.33383957847626544,0.0016460905349794238,1.0,1.0,True,0001,0001,day14_only_discovery,False,False,False,False,False,False,False
BCL11A,TET3,TET3,ENSG00000187605,0.1769787126386553,0.1769787126386553,True,0.14463648142303576,0.14463648142303576,0.01838386609960214,0.9,1.0,True,0.7,1.0,True,0.1742238126593167,0.1742238126593167,0.01797228700782,0.97,1.0,True,0.16065106844863666,0.16065106844863666,0.011248285322359396,0.96,1.0,True,0.86,1.0,True,0.18571470272915552,0.18571470272915552,0.015089163237311385,1.0,1.0,True,0.14110781785053747,0.14110781785053747,0.042112482853223596,0.55,1.0,False,0.51,1.0,False,0.20167652723110804,0.20167652723110804,0.04279835390946502,0.52,1.0,False,0.17697871263865542,0.17697871263865542,0.0075445816186556925,0.97,1.0,True,0.8,1.0,True,0.23830140533733765,0.23830140533733765,0.024417009602194787,0.9,1.0,True,1101,1101,cross_time_discovery,True,False,True,False,True,False,False
BCL11A,XPO1,XPO1,ENSG00000082898,0.1767582883224704,0.1767582883224704,True,-0.0013392022329544084,0.0013392022329544084,0.9781863081355467,0.0,0.51,False,0.01,0.81,False,0.007987421912289249,0.007987421912289249,0.8655508300178351,0.0,0.67,False,0.0742156628215173,0.0742156628215173,0.1403292181069959,0.01,1.0,False,0.06,1.0,False,0.07873690476935108,0.07873690476935108,0.16570644718792868,0.0,1.0,False,0.1405787055287156,0.1405787055287156,0.043072702331961595,0.54,1.0,False,0.45,1.0,False,0.18356612379529882,0.18356612379529882,0.060082304526748974,0.3,1.0,False,0.1767582883224704,0.1767582883224704,0.007681755829903978,0.97,1.0,True,0.95,1.0,True,0.2910529028205773,0.2910529028205773,0.007133058984910837,1.0,1.0,True,0001,0001,day14_only_discovery,False,False,False,False,False,False,False
BCL11A,GYPE,GYPE,ENSG00000197465,0.1764582699232014,0.1764582699232014,True,0.11864203643973671,0.11864203643973671,0.038276855535738785,0.46,1.0,False,0.42,1.0,False,0.12813769719661933,0.12813769719661933,0.04884071889148031,0.48,1.0,False,0.1258343471161911,0.1258343471161911,0.03525377229080933,0.6,1.0,False,0.45,1.0,False,0.22812585482158343,0.22812585482158343,0.006172839506172839,1.0,1.0,True,0.18364869256657165,0.18364869256657165,0.013031550068587106,0.93,1.0,True,0.95,1.0,True,0.31610930677862203,0.31610930677862203,0.003429355281207133,1.0,1.0,True,0.1764582699232014,0.1764582699232014,0.007818930041152264,0.89,1.0,True,0.92,1.0,True,0.2513531665672406,0.2513531665672406,0.019204389574759947,0.94,1.0,True,0011,0011,cross_time_discovery,True,False,True,False,True,False,False
NFE2,CD36,CD36,ENSG00000135218,0.1763679548055969,0.1763679548055969,True,0.14279254788221443,0.14279254788221443,0.0006859651529702291,0.94,1.0,True,0.78,1.0,True,0.1487191751721487,0.1487191751721487,0.00013719303059404582,0.99,1.0,True,0.11673745109412378,0.11673745109412378,0.0013717421124828531,0.99,1.0,True,0.84,1.0,True,0.14471935437588854,0.14471935437588854,0.0016460905349794238,1.0,1.0,True,0.10722836910548546,0.10722836910548546,0.029766803840877914,0.47,1.0,False,0.38,1.0,False,0.1301717875828971,0.1301717875828971,0.06694101508916324,0.26,1.0,False,0.1763679548055969,0.1763679548055969,0.0043895747599451305,1.0,1.0,True,1.0,1.0,True,0.17457364203944317,0.17457364203944317,0.0049382716049382715,0.99,1.0,True,1101,1101,cross_time_discovery,True,False,True,False,True,False,False
BCL11A,EEF1A1,EEF1A1,ENSG00000156508,0.1758862519898884,0.1758862519898884,True,-0.1257183882374959,0.1257183882374959,0.031005624914254355,0.54,1.0,False,0.44,1.0,False,-0.13888918992363314,0.13888918992363314,0.038002469474550694,0.43,1.0,False,-0.11140123857063738,0.11140123857063738,0.05185185185185185,0.35,1.0,False,0.22,1.0,False,-0.11661380660427471,0.11661380660427471,0.07599451303155007,0.09,1.0,False,-0.11556051131443433,0.11556051131443433,0.07530864197530865,0.16,1.0,False,0.15,1.0,False,-0.1626155269559214,0.1626155269559214,0.08175582990397805,0.1,1.0,False,0.17588625198988844,0.17588625198988844,0.007956104252400549,0.97,1.0,True,0.98,1.0,True,0.23093940885435452,0.23093940885435452,0.02757201646090535,0.87,1.0,True,0001,0001,day14_only_discovery,False,False,False,False,False,False,False
NFE2,CMAS,CMAS,ENSG00000111726,0.1753817196637092,0.1753817196637092,True,-0.01348477147534654,0.01348477147534654,0.6965290163259706,0.0,0.63,False,0.0,0.75,False,-0.008061506830408165,0.008061506830408165,0.8130058993003155,0.0,0.52,False,0.052489751392581184,0.052489751392581184,0.08285322359396434,0.21,1.0,False,0.15,0.94,False,0.07026195475971064,0.07026195475971064,0.0588477366255144,0.33,1.0,False,0.1216161248622035,0.1216161248622035,0.016323731138545954,0.65,1.0,False,0.64,1.0,False,0.17773632323782984,0.17773632323782984,0.01879286694101509,0.81,1.0,True,0.17538171966370925,0.17538171966370925,0.004526748971193415,1.0,1.0,True,1.0,1.0,True,0.17784687886832112,0.17784687886832112,0.00411522633744856,1.0,1.0,True,0001,0001,day14_only_discovery,False,False,False,False,True,False,False
NFE2,TMCC2,TMCC2,ENSG00000133069,-0.1753752130683944,0.1753752130683944,True,-0.019230018827188188,0.019230018827188188,0.5832075730552888,0.0,0.75,False,0.0,0.6799999999999999,False,-0.016674760342559495,0.016674760342559495,0.6288928522431061,0.0,0.74,False,-0.010438558954791202,0.010438558954791202,0.7257887517146776,0.0,0.73,False,0.0,0.54,False,-0.004834300012406551,0.004834300012406551,0.8869684499314129,0.0,0.52,False,-0.035828976738784386,0.035828976738784386,0.42414266117969823,0.05,0.8200000000000001,False,0.03,0.84,False,0.013854178743721602,0.013854178743721602,0.8285322359396433,0.0,0.63,False,-0.17537521306839451,0.17537521306839451,0.004663923182441701,1.0,1.0,True,1.0,1.0,True,-0.1744837917224396,0.1744837917224396,0.005075445816186557,0.98,1.0,True,0001,0001,day14_only_discovery,False,False,False,False,False,False,False
NFE2,CDH1,CDH1,ENSG00000039068,0.1750102379660946,0.1750102379660946,True,0.03713640656011018,0.03713640656011018,0.28851694333927835,0.02,0.92,False,0.05,0.89,False,0.04152922094354335,0.04152922094354335,0.23487446837700646,0.04,0.94,False,0.045676051257805314,0.045676051257805314,0.12373113854595336,0.08,1.0,False,0.06,0.98,False,0.03246623165216657,0.03246623165216657,0.350480109739369,0.0,0.94,False,0.09380673878671464,0.09380673878671464,0.052400548696845,0.25,1.0,False,0.24,1.0,False,0.10875906170997388,0.10875906170997388,0.11536351165980796,0.1,1.0,False,0.17501023796609472,0.17501023796609472,0.004801097393689987,1.0,1.0,True,0.99,1.0,True,0.17750809427638145,0.17750809427638145,0.004252400548696845,1.0,1.0,True,0001,0001,day14_only_discovery,False,False,False,False,False,False,False
NFE2,SGMS1,SGMS1,ENSG00000198964,0.1748298017244999,0.1748298017244999,True,0.008023306965821767,0.008023306965821767,0.8147894086980382,0.0,0.59,False,0.01,0.52,False,0.017057041193189616,0.017057041193189616,0.6201124982850871,0.0,0.76,False,0.06153105911404525,0.06153105911404525,0.04348422496570645,0.34,1.0,False,0.24,0.98,False,0.08507626705285694,0.08507626705285694,0.028395061728395062,0.45,1.0,False,0.11240982803399557,0.11240982803399557,0.02345679012345679,0.59,1.0,False,0.56,1.0,False,0.17951949838006645,0.17951949838006645,0.018381344307270234,0.89,1.0,True,0.1748298017244999,0.1748298017244999,0.0049382716049382715,1.0,1.0,True,0.98,1.0,True,0.17574986179241617,0.17574986179241617,0.004526748971193415,0.99,1.0,True,0001,0001,day14_only_discovery,False,False,False,False,True,False,False
BCL11A,RHAG,RHAG,ENSG00000112077,0.1747337272061251,0.1747337272061251,True,0.07908670874855235,0.07908670874855235,0.11688846206612705,0.07,1.0,False,0.02,0.99,False,0.1421430738169509,0.1421430738169509,0.03484702977088764,0.58,1.0,False,0.12452645567205504,0.12452645567205504,0.03662551440329218,0.6,1.0,False,0.53,1.0,False,0.1996596263397852,0.1996596263397852,0.013305898491083675,1.0,1.0,True,0.11001714032910775,0.11001714032910775,0.08655692729766803,0.16,1.0,False,0.16,1.0,False,0.18440390883213575,0.18440390883213575,0.05939643347050754,0.23,1.0,False,0.1747337272061251,0.1747337272061251,0.008093278463648833,0.97,1.0,True,0.96,1.0,True,0.2068789171244778,0.2068789171244778,0.04636488340192044,0.42,1.0,False,0001,0001,day14_only_discovery,False,False,False,False,True,False,False
BCL11A,CHCHD3,CHCHD3,ENSG00000106554,0.1747162585701418,0.1747162585701418,True,0.11789420578284893,0.11789420578284893,0.038962820688709016,0.48,1.0,False,0.45,1.0,False,0.11732184262852438,0.11732184262852438,0.06448072437920153,0.24,1.0,False,0.15278034592414277,0.15278034592414277,0.01577503429355281,0.97,1.0,True,0.77,1.0,True,0.13096878757915673,0.13096878757915673,0.056241426611796985,0.33,1.0,False,0.1806234236614971,0.1806234236614971,0.01440329218106996,0.88,1.0,True,0.9,1.0,True,0.2063333183576148,0.2063333183576148,0.03964334705075446,0.6,1.0,False,0.17471625857014184,0.17471625857014184,0.00823045267489712,0.94,1.0,True,0.89,1.0,True,0.2524139031705195,0.2524139031705195,0.018930041152263374,0.9,1.0,True,0111,0111,cross_time_discovery,True,False,True,False,False,False,False
NFE2,STRN3,STRN3,ENSG00000196792,0.1746659670519751,0.1746659670519751,True,0.037428248029378025,0.037428248029378025,0.2853615036356153,0.03,0.83,False,0.04,0.84,False,0.04496068191398214,0.04496068191398214,0.1970091919330498,0.09,0.9,False,0.0683517824713237,0.0683517824713237,0.027983539094650206,0.5,1.0,False,0.33,0.96,False,0.09348427462710981,0.09348427462710981,0.01934156378600823,0.63,1.0,False,0.1469732358182433,0.1469732358182433,0.005212620027434842,0.92,1.0,True,0.78,1.0,True,0.1951162089631192,0.1951162089631192,0.011796982167352537,0.94,1.0,True,0.1746659670519751,0.1746659670519751,0.005075445816186557,0.99,1.0,True,1.0,1.0,True,0.1771360286633158,0.1771360286633158,0.0043895747599451305,0.98,1.0,True,0011,0011,cross_time_discovery,True,False,True,False,True,False,False
TAL1,SLC25A37,SLC25A37,ENSG00000147454,0.1730020972247108,0.1730020972247108,True,0.20006003902630937,0.20006003902630937,0.00013719303059404582,1.0,1.0,True,1.0,1.0,True,0.1913591881767006,0.1913591881767006,0.00013719303059404582,1.0,1.0,True,0.140604714252406,0.140604714252406,0.00013717421124828533,1.0,1.0,True,1.0,1.0,True,0.18507963500379446,0.18507963500379446,0.00013717421124828533,1.0,1.0,True,0.17261539856149272,0.17261539856149272,0.00027434842249657066,1.0,1.0,True,1.0,1.0,True,0.27914357408838353,0.27914357408838353,0.00013717421124828533,1.0,1.0,True,0.1730020972247108,0.1730020972247108,0.00013717421124828533,1.0,1.0,True,1.0,1.0,True,0.1668261846522348,0.1668261846522348,0.00013717421124828533,1.0,1.0,True,1111,1111,persistent_discovery,True,False,True,False,True,False,False
BCL11A,MTDH,MTDH,ENSG00000147649,0.1727987111524713,0.1727987111524713,True,0.010964879781435325,0.010964879781435325,0.8017560707916038,0.0,0.67,False,0.0,0.65,False,0.019612445194523626,0.019612445194523626,0.6924132254081493,0.0,0.82,False,0.021222752848014923,0.021222752848014923,0.6223593964334705,0.0,0.83,False,0.0,0.81,False,-0.003936923927090498,0.003936923927090498,0.9300411522633745,0.0,0.53,False,0.04611110134826872,0.04611110134826872,0.4119341563786008,0.0,0.88,False,0.0,0.9,False,0.03558869429383918,0.03558869429383918,0.6270233196159122,0.0,0.89,False,0.17279871115247133,0.17279871115247133,0.008367626886145405,0.84,1.0,True,0.84,1.0,True,0.2694321163695331,0.2694321163695331,0.013443072702331962,0.99,1.0,True,0001,0001,day14_only_discovery,False,False,False,False,False,False,False
GFI1B,HBB,HBB,ENSG00000244734,-0.1727796706241675,0.1727796706241675,True,0.07782667195102727,0.07782667195102727,0.03704211826039237,0.26,1.0,False,0.22,1.0,False,0.11033120431344204,0.11033120431344204,0.015228426395939087,0.7,1.0,True,0.04264284992270188,0.04264284992270188,0.1916323731138546,0.02,0.98,False,0.04,0.91,False,0.07215968502838467,0.07215968502838467,0.05185185185185185,0.31,1.0,False,-0.09757182138429561,0.09757182138429561,0.03017832647462277,0.42,1.0,False,0.38,1.0,False,-0.0879779749589578,0.0879779749589578,0.0673525377229081,0.12,1.0,False,-0.17277967062416744,0.17277967062416744,0.0006858710562414266,0.97,1.0,True,1.0,1.0,True,-0.21393834281322588,0.21393834281322588,0.0019204389574759945,1.0,1.0,True,0001,0001,day14_only_discovery,False,False,False,False,True,False,False
GFI1B,NAPEPLD,NAPEPLD,ENSG00000161048,0.172555225084277,0.172555225084277,True,0.06457552557147248,0.06457552557147248,0.07380985045959665,0.13,1.0,False,0.09,0.96,False,0.0778740856518777,0.0778740856518777,0.051035807380985045,0.3,1.0,False,0.05365564056091619,0.05365564056091619,0.11097393689986283,0.08,0.99,False,0.12,0.95,False,0.056336493928693235,0.056336493928693235,0.11440329218106995,0.12,0.98,False,0.0659656054203161,0.0659656054203161,0.12770919067215364,0.09,0.96,False,0.1,0.99,False,0.07879739886630835,0.07879739886630835,0.09862825788751714,0.11,0.98,False,0.17255522508427704,0.17255522508427704,0.0008230452674897119,0.98,1.0,True,0.98,1.0,True,0.19713587223191975,0.19713587223191975,0.004801097393689987,0.91,1.0,True,0001,0001,day14_only_discovery,False,False,False,False,False,False,False
NFE2,RFESD,RFESD,ENSG00000175449,0.1725034611264407,0.1725034611264407,True,-0.03300401562281583,0.03300401562281583,0.3458636301275895,0.06,0.85,False,0.07,0.92,False,-0.02818944765763635,0.02818944765763635,0.4185759363424338,0.01,0.87,False,-0.022771685498513976,0.022771685498513976,0.4330589849108368,0.0,0.85,False,0.01,0.74,False,-0.0033011044910702327,0.0033011044910702327,0.9256515775034293,0.0,0.56,False,0.006498251050282669,0.006498251050282669,0.8853223593964334,0.0,0.72,False,0.01,0.56,False,0.041771637915449036,0.041771637915449036,0.5235939643347051,0.0,0.92,False,0.1725034611264406,0.1725034611264406,0.005212620027434842,1.0,1.0,True,0.99,1.0,True,0.1750413446772474,0.1750413446772474,0.004663923182441701,0.95,1.0,True,0001,0001,day14_only_discovery,False,False,False,False,False,False,False
NFE2,GUK1,GUK1,ENSG00000143774,0.1721265912400696,0.1721265912400696,True,0.06327930550433314,0.06327930550433314,0.07243792015365619,0.27,0.99,False,0.11,0.97,False,0.0621474082751883,0.0621474082751883,0.07586774591850734,0.25,0.99,False,0.03701282002567351,0.03701282002567351,0.20795610425240055,0.11,0.95,False,0.11,0.92,False,0.05612245835563529,0.05612245835563529,0.11879286694101508,0.09,0.99,False,0.060995583725843905,0.060995583725843905,0.18436213991769548,0.06,0.97,False,0.08,0.96,False,0.12477823860656057,0.12477823860656057,0.07695473251028806,0.16,1.0,False,0.17212659124006965,0.17212659124006965,0.005349794238683128,1.0,1.0,True,0.99,1.0,True,0.1710362912709356,0.1710362912709356,0.005349794238683128,0.98,1.0,True,0001,0001,day14_only_discovery,False,False,False,False,False,False,False
GFI1B,CENPP,CENPP,ENSG00000188312,0.1718547509156874,0.1718547509156874,True,0.04656801530736098,0.04656801530736098,0.18905199615859514,0.1,0.96,False,0.06,0.99,False,0.0524878846910192,0.0524878846910192,0.1658663739882014,0.06,0.97,False,0.1272646965277179,0.1272646965277179,0.0027434842249657062,0.99,1.0,True,0.86,1.0,True,0.13996003041876773,0.13996003041876773,0.002606310013717421,1.0,1.0,True,0.16297688524435552,0.16297688524435552,0.0005486968449931413,0.98,1.0,True,0.99,1.0,True,0.19222526582077143,0.19222526582077143,0.00013717421124828533,1.0,1.0,True,0.1718547509156874,0.1718547509156874,0.0009602194787379973,0.95,1.0,True,0.96,1.0,True,0.24261487040795382,0.24261487040795382,0.00013717421124828533,1.0,1.0,True,0111,0111,cross_time_discovery,True,False,True,False,True,False,False
BCL11A,MYO1D,MYO1D,ENSG00000176658,0.171741126706995,0.171741126706995,True,0.05784456129239939,0.05784456129239939,0.22293867471532447,0.03,0.97,False,0.07,0.99,False,0.06528380344347803,0.06528380344347803,0.22760323775552202,0.0,0.98,False,0.08248028318953762,0.08248028318953762,0.10919067215363512,0.04,1.0,False,0.11,0.99,False,0.06604962770984908,0.06604962770984908,0.22181069958847738,0.0,1.0,False,0.07531751786406955,0.07531751786406955,0.2030178326474623,0.01,0.99,False,0.0,0.98,False,0.07281160989710012,0.07281160989710012,0.3482853223593964,0.0,0.98,False,0.17174112670699498,0.17174112670699498,0.00850480109739369,0.89,1.0,True,0.87,1.0,True,0.24246203574016487,0.24246203574016487,0.02318244170096022,0.88,1.0,True,0001,0001,day14_only_discovery,False,False,False,False,False,False,False
GFI1B,RDX,RDX,ENSG00000137710,0.1709063010281392,0.1709063010281392,True,-0.0385192286504384,0.0385192286504384,0.27397448209630954,0.03,0.94,False,0.05,0.9299999999999999,False,-0.053029433751629336,0.053029433751629336,0.16216216216216217,0.08,0.99,False,0.05351408391884537,0.05351408391884537,0.1111111111111111,0.1,0.99,False,0.17,0.95,False,0.05587811142783794,0.05587811142783794,0.11700960219478738,0.08,1.0,False,0.06173912868441412,0.06173912868441412,0.15102880658436213,0.09,0.95,False,0.05,0.93,False,0.08799550416595574,0.08799550416595574,0.06721536351165981,0.23,1.0,False,0.1709063010281392,0.1709063010281392,0.0010973936899862826,0.97,1.0,True,0.92,1.0,True,0.23300045751156148,0.23300045751156148,0.0005486968449931413,1.0,1.0,True,0001,0001,day14_only_discovery,False,False,False,False,False,False,False
BCL11A,GYPC,GYPC,ENSG00000136732,0.1708422281631527,0.1708422281631527,True,0.06776583287087189,0.06776583287087189,0.1640828645904788,0.03,1.0,False,0.03,0.98,False,0.12631010764153638,0.12631010764153638,0.05227054465633146,0.34,1.0,False,0.062259887020573425,0.062259887020573425,0.19451303155006858,0.01,1.0,False,0.03,0.98,False,0.16182354515846478,0.16182354515846478,0.02729766803840878,0.83,1.0,True,0.05250763476888904,0.05250763476888904,0.35761316872427984,0.0,0.99,False,0.0,0.97,False,0.19919900679855845,0.19919900679855845,0.04458161865569273,0.52,1.0,False,0.17084222816315278,0.17084222816315278,0.008641975308641974,0.96,1.0,True,0.96,1.0,True,0.23083744993318922,0.23083744993318922,0.027709190672153636,0.85,1.0,True,0001,0001,day14_only_discovery,False,False,False,False,True,False,False
BCL11A,MPHOSPH8,MPHOSPH8,ENSG00000196199,0.1706626003819168,0.1706626003819168,True,-0.028935856159756572,0.028935856159756572,0.5213335162573741,0.0,0.85,False,0.0,0.84,False,-0.049347573535676016,0.049347573535676016,0.34106187405679794,0.0,0.98,False,0.006984313804286243,0.006984313804286243,0.8705075445816186,0.0,0.58,False,0.0,0.65,False,-0.0020781119180268326,0.0020781119180268326,0.9647462277091907,0.0,0.52,False,-0.0029908004473243426,0.0029908004473243426,0.9563786008230453,0.0,0.64,False,0.0,0.63,False,-0.03170265056782334,0.03170265056782334,0.6672153635116598,0.0,0.87,False,0.17066260038191688,0.17066260038191688,0.008779149519890261,0.89,1.0,True,0.83,1.0,True,0.17900717101889893,0.17900717101889893,0.07805212620027435,0.15,1.0,False,0001,0001,day14_only_discovery,False,False,False,False,False,False,False
BCL11A,EIF4G3,EIF4G3,ENSG00000075151,0.1706136373843929,0.1706136373843929,True,0.01296137440291541,0.01296137440291541,0.7667718479901221,0.0,0.66,False,0.0,0.73,False,-0.03266445464654257,0.03266445464654257,0.5141994786664837,0.0,0.94,False,0.04741215463005762,0.04741215463005762,0.2997256515775034,0.0,0.99,False,0.01,0.92,False,-0.012533725998627553,0.012533725998627553,0.7916323731138546,0.0,0.69,False,0.08609447775481938,0.08609447775481938,0.15363511659807957,0.01,1.0,False,0.03,1.0,False,0.015355667951385113,0.015355667951385113,0.8285322359396433,0.0,0.64,False,0.17061363738439295,0.17061363738439295,0.008916323731138546,0.84,1.0,True,0.87,1.0,True,0.20676753453448068,0.20676753453448068,0.04663923182441701,0.43,1.0,False,0001,0001,day14_only_discovery,False,False,False,False,False,False,False
NFE2,BLVRB,BLVRB,ENSG00000090013,0.1704425097766111,0.1704425097766111,True,0.0959066496490022,0.0959066496490022,0.008643160927424887,0.6,0.99,False,0.51,0.99,False,0.09394092818767806,0.09394092818767806,0.009466319110989161,0.56,1.0,False,0.055225816090073786,0.055225816090073786,0.06858710562414266,0.12,1.0,False,0.21,0.94,False,0.08948269192660427,0.08948269192660427,0.022496570644718793,0.57,1.0,False,0.11050505057671778,0.11050505057671778,0.025651577503429356,0.45,1.0,False,0.49,1.0,False,0.192325443103868,0.192325443103868,0.013031550068587106,0.93,1.0,True,0.17044250977661118,0.17044250977661118,0.0054869684499314125,0.98,1.0,True,0.97,1.0,True,0.17293945432659985,0.17293945432659985,0.005212620027434842,0.98,1.0,True,0001,0001,day14_only_discovery,False,False,False,False,True,False,False
GATA1,SOX6,SOX6,ENSG00000110693,0.1702770412580773,0.1702770412580773,True,-0.03186542486449458,0.03186542486449458,0.2893401015228426,0.05,0.94,False,0.03,0.81,False,-0.013867489956019765,0.013867489956019765,0.6598984771573604,0.01,0.73,False,0.02970148628339281,0.02970148628339281,0.20329218106995886,0.04,0.9,False,0.09,0.89,False,0.07704719210768297,0.07704719210768297,0.0054869684499314125,0.67,1.0,False,0.05303046961636185,0.05303046961636185,0.0916323731138546,0.13,0.93,False,0.07,0.9,False,0.12001755019466152,0.12001755019466152,0.002606310013717421,0.84,1.0,True,0.17027704125807736,0.17027704125807736,0.00013717421124828533,0.99,1.0,True,1.0,1.0,True,0.17891487682115667,0.17891487682115667,0.00013717421124828533,1.0,1.0,True,0001,0001,day14_only_discovery,False,False,False,False,True,False,False
TAL1,EPB41,EPB41,ENSG00000159023,0.1699550019555386,0.1699550019555386,True,0.1038315789521752,0.1038315789521752,0.006722458499108245,0.75,1.0,True,0.85,1.0,True,0.10201591207194226,0.10201591207194226,0.006722458499108245,0.66,1.0,False,0.07340402090963956,0.07340402090963956,0.0064471879286694105,0.63,1.0,False,0.54,0.98,False,0.09777814735309617,0.09777814735309617,0.0069958847736625515,0.88,1.0,True,0.11632317014758298,0.11632317014758298,0.0054869684499314125,0.74,1.0,True,0.77,1.0,True,0.18412336106618613,0.18412336106618613,0.0049382716049382715,0.99,1.0,True,0.16995500195553875,0.16995500195553875,0.00027434842249657066,1.0,1.0,True,1.0,1.0,True,0.15273666899961913,0.15273666899961913,0.0005486968449931413,0.97,1.0,True,1011,1011,cross_time_discovery,True,False,True,False,True,False,False
BCL11A,DNAJC9,DNAJC9,ENSG00000213551,0.1697187426229145,0.1697187426229145,True,0.0045165975073364695,0.0045165975073364695,0.922211551653176,0.0,0.57,False,0.0,0.51,False,0.02027374443550561,0.02027374443550561,0.6840444505419124,0.0,0.76,False,0.06585724832471002,0.06585724832471002,0.17462277091906722,0.02,1.0,False,0.04,1.0,False,0.10409061380762467,0.10409061380762467,0.09698216735253773,0.07,1.0,False,0.1255977928861367,0.1255977928861367,0.060219478737997253,0.41,1.0,False,0.29,1.0,False,0.24064031922292253,0.24064031922292253,0.020164609053497942,0.93,1.0,True,0.16971874262291448,0.16971874262291448,0.00905349794238683,0.89,1.0,True,0.8,1.0,True,0.32059023851323454,0.32059023851323454,0.002880658436213992,1.0,1.0,True,0001,0001,day14_only_discovery,False,False,False,False,True,False,False
NFE2,PTK2B,PTK2B,ENSG00000120899,0.1696070789979711,0.1696070789979711,True,0.010726032570861367,0.010726032570861367,0.7597750034298257,0.02,0.74,False,0.01,0.61,False,0.008533944852175323,0.008533944852175323,0.80230484291398,0.0,0.63,False,0.005793173102372324,0.005793173102372324,0.8451303155006858,0.0,0.62,False,0.0,0.52,False,0.019351979739113373,0.019351979739113373,0.5762688614540467,0.0,0.77,False,0.10709803718352026,0.10709803718352026,0.03017832647462277,0.46,1.0,False,0.47,1.0,False,0.14546774651205088,0.14546774651205088,0.04636488340192044,0.38,1.0,False,0.16960707899797123,0.16960707899797123,0.005624142661179698,0.99,1.0,True,0.99,1.0,True,0.16404289517187073,0.16404289517187073,0.006721536351165981,0.99,1.0,True,0001,0001,day14_only_discovery,False,False,False,False,False,False,False
BCL11A,ADD2,ADD2,ENSG00000075340,0.1693473748357377,0.1693473748357377,True,0.1844574921365538,0.1844574921365538,0.005213335162573741,1.0,1.0,True,0.95,1.0,True,0.2496707357093346,0.2496707357093346,0.0027438606118809165,1.0,1.0,True,0.1848625970852186,0.1848625970852186,0.004526748971193415,1.0,1.0,True,0.97,1.0,True,0.26343483006532303,0.26343483006532303,0.0021947873799725653,1.0,1.0,True,0.04084853505628461,0.04084853505628461,0.46021947873799723,0.0,0.85,False,0.0,0.88,False,0.1574451825850273,0.1574451825850273,0.08847736625514403,0.15,1.0,False,0.1693473748357378,0.1693473748357378,0.009190672153635117,0.86,1.0,True,0.76,1.0,True,0.24727541170136577,0.24727541170136577,0.020713305898491085,0.93,1.0,True,1101,1101,cross_time_discovery,True,False,True,False,True,False,False
NFE2,ITSN1,ITSN1,ENSG00000205726,0.1691344180353588,0.1691344180353588,True,-0.019693422342276768,0.019693422342276768,0.5744272190972699,0.03,0.74,False,0.01,0.72,False,-0.018494466652397942,0.018494466652397942,0.5954177527781589,0.0,0.77,False,0.036636582913786554,0.036636582913786554,0.21179698216735254,0.09,0.97,False,0.04,0.79,False,0.05746543529463652,0.05746543529463652,0.11083676268861455,0.08,1.0,False,0.037682034589188264,0.037682034589188264,0.40370370370370373,0.01,0.91,False,0.01,0.9,False,0.09014810368482534,0.09014810368482534,0.18532235939643346,0.02,1.0,False,0.16913441803535884,0.16913441803535884,0.005761316872427984,1.0,1.0,True,0.98,1.0,True,0.16541330218423617,0.16541330218423617,0.006584362139917695,0.99,1.0,True,0001,0001,day14_only_discovery,False,False,False,False,False,False,False
BCL11A,KHDRBS1,KHDRBS1,ENSG00000121774,0.1690591221110474,0.1690591221110474,True,-0.016988073286937123,0.016988073286937123,0.6992728769378516,0.0,0.69,False,0.0,0.63,False,-0.024647060435742454,0.024647060435742454,0.6243654822335025,0.0,0.8200000000000001,False,-0.028347823437731956,0.028347823437731956,0.5181069958847737,0.0,0.9,False,0.0,0.73,False,-0.062440589297037996,0.062440589297037996,0.24320987654320989,0.0,1.0,False,0.010974058535667498,0.010974058535667498,0.8353909465020576,0.0,0.58,False,0.0,0.55,False,-0.03139993344286633,0.03139993344286633,0.6698216735253772,0.0,0.87,False,0.16905912211104746,0.16905912211104746,0.009327846364883402,0.88,1.0,True,0.87,1.0,True,0.21765516456786327,0.21765516456786327,0.037997256515775034,0.6,1.0,False,0001,0001,day14_only_discovery,False,False,False,False,False,False,False
BCL11A,PRKDC,PRKDC,ENSG00000253729,0.1688296026805618,0.1688296026805618,True,0.12712532355936337,0.12712532355936337,0.029770887638907943,0.66,1.0,False,0.63,1.0,False,0.13899396491179594,0.13899396491179594,0.037590890382768555,0.45,1.0,False,0.12360875666388654,0.12360875666388654,0.03758573388203018,0.6,1.0,False,0.51,1.0,False,0.08700136861199939,0.08700136861199939,0.13964334705075446,0.02,1.0,False,0.039079394518265156,0.039079394518265156,0.4802469135802469,0.0,0.82,False,0.0,0.82,False,0.045518161333883575,0.045518161333883575,0.5384087791495199,0.0,0.92,False,0.16882960268056182,0.16882960268056182,0.009465020576131687,0.86,1.0,True,0.86,1.0,True,0.27641921871590924,0.27641921871590924,0.01083676268861454,1.0,1.0,True,0001,0001,day14_only_discovery,False,False,False,False,False,False,False
NFE2,EIF2AK1,EIF2AK1,ENSG00000086232,0.1687538212059187,0.1687538212059187,True,0.037454176147533935,0.037454176147533935,0.28453834545205103,0.01,0.88,False,0.05,0.74,False,0.04303015424710665,0.04303015424710665,0.21896007682809712,0.12,0.93,False,0.047507697145598264,0.047507697145598264,0.11124828532235939,0.2,1.0,False,0.14,0.92,False,0.08531633306888828,0.08531633306888828,0.02784636488340192,0.56,1.0,False,0.10150107479536355,0.10150107479536355,0.03786008230452675,0.48,1.0,False,0.46,0.99,False,0.18276489433309168,0.18276489433309168,0.01700960219478738,0.84,1.0,True,0.16875382120591864,0.16875382120591864,0.005898491083676269,0.99,1.0,True,1.0,1.0,True,0.16981052295024868,0.16981052295024868,0.005761316872427984,1.0,1.0,True,0001,0001,day14_only_discovery,False,False,False,False,True,False,False
BCL11A,ANP32E,ANP32E,ENSG00000143401,0.1686655756615094,0.1686655756615094,True,0.02385656787740204,0.02385656787740204,0.5943202085334065,0.0,0.81,False,0.0,0.69,False,0.03202835513062435,0.03202835513062435,0.5253121141446014,0.0,0.84,False,0.030747837082167,0.030747837082167,0.48518518518518516,0.0,0.88,False,0.0,0.76,False,0.07169972554138834,0.07169972554138834,0.19451303155006858,0.0,1.0,False,0.06730459501444228,0.06730459501444228,0.251440329218107,0.02,1.0,False,0.01,0.98,False,0.18291567110669116,0.18291567110669116,0.06063100137174211,0.31,1.0,False,0.16866557566150944,0.16866557566150944,0.009602194787379973,0.79,1.0,True,0.77,1.0,True,0.3309788611952634,0.3309788611952634,0.0017832647462277093,1.0,1.0,True,0001,0001,day14_only_discovery,False,False,False,False,False,False,False
BCL11A,ATRX,ATRX,ENSG00000085224,0.1685902749681666,0.1685902749681666,True,0.07400230065162006,0.07400230065162006,0.1380161887776101,0.05,1.0,False,0.1,1.0,False,0.04572971382719416,0.04572971382719416,0.3760460968582796,0.0,0.9,False,0.01974960470784127,0.01974960470784127,0.6438957475994513,0.0,0.81,False,0.0,0.79,False,-0.021401739254918638,0.021401739254918638,0.656241426611797,0.0,0.8,False,0.11869725134212107,0.11869725134212107,0.07078189300411522,0.15,1.0,False,0.26,1.0,False,0.07942693926549624,0.07942693926549624,0.3104252400548697,0.0,0.99,False,0.1685902749681667,0.1685902749681667,0.009739368998628258,0.86,1.0,True,0.92,1.0,True,0.18251968261060786,0.18251968261060786,0.07311385459533608,0.19,1.0,False,0001,0001,day14_only_discovery,False,False,False,False,False,False,False
BCL11A,CDC73,CDC73,ENSG00000134371,0.1684243498486701,0.1684243498486701,True,0.024387717882141478,0.024387717882141478,0.5851282754836055,0.0,0.81,False,0.0,0.88,False,0.020737203678448852,0.020737203678448852,0.6773219920428042,0.0,0.76,False,0.01727677604686537,0.01727677604686537,0.6864197530864198,0.0,0.76,False,0.0,0.71,False,0.013954621678367075,0.013954621678367075,0.7674897119341564,0.0,0.77,False,0.04309034045960475,0.04309034045960475,0.43868312757201644,0.0,0.92,False,0.0,0.93,False,0.03849549606504472,0.03849549606504472,0.6020576131687243,0.0,0.92,False,0.16842434984867008,0.16842434984867008,0.009876543209876543,0.87,1.0,True,0.77,1.0,True,0.1730336350803315,0.1730336350803315,0.08806584362139917,0.09,1.0,False,0001,0001,day14_only_discovery,False,False,False,False,False,False,False
GFI1B,SMC6,SMC6,ENSG00000163029,0.1683519029760292,0.1683519029760292,True,0.008349225184367457,0.008349225184367457,0.8110851968719989,0.0,0.64,False,0.0,0.68,False,0.016391760320187757,0.016391760320187757,0.6600356701879545,0.01,0.62,False,0.07667295849886523,0.07667295849886523,0.03141289437585734,0.45,1.0,False,0.34,1.0,False,0.08633521007895587,0.08633521007895587,0.027160493827160494,0.57,1.0,False,0.0939180656357523,0.0939180656357523,0.037037037037037035,0.35,1.0,False,0.33,1.0,False,0.1221620332707955,0.1221620332707955,0.01577503429355281,0.69,1.0,False,0.1683519029760292,0.1683519029760292,0.0012345679012345679,0.96,1.0,True,0.94,1.0,True,0.23612496251816184,0.23612496251816184,0.00041152263374485596,1.0,1.0,True,0001,0001,day14_only_discovery,False,False,False,False,False,False,False
NFE2,LRRN2,LRRN2,ENSG00000170382,0.1681912229717123,0.1681912229717123,True,0.09566286442666164,0.09566286442666164,0.009329126080395116,0.49,1.0,False,0.47,1.0,False,0.09807130288970227,0.09807130288970227,0.006310879407326108,0.71,1.0,True,0.0828001366798323,0.0828001366798323,0.011248285322359396,0.69,1.0,False,0.42,1.0,False,0.12913035370816942,0.12913035370816942,0.00411522633744856,0.97,1.0,True,0.1106823884084479,0.1106823884084479,0.0252400548696845,0.5,1.0,False,0.49,1.0,False,0.1704236000788792,0.1704236000788792,0.022496570644718793,0.77,1.0,True,0.16819122297171232,0.16819122297171232,0.006035665294924554,0.98,1.0,True,0.99,1.0,True,0.17063699939584712,0.17063699939584712,0.0054869684499314125,1.0,1.0,True,0001,0001,day14_only_discovery,False,False,False,False,True,False,False
GATA1,PRDX2,PRDX2,ENSG00000167815,0.1679514547260765,0.1679514547260765,True,-0.0048096554657064885,0.0048096554657064885,0.8810536424749623,0.0,0.6799999999999999,False,0.02,0.52,False,0.01075313740970979,0.01075313740970979,0.7309644670050761,0.0,0.67,False,0.028025127959510433,0.028025127959510433,0.22949245541838134,0.07,0.88,False,0.03,0.79,False,0.06714985772842656,0.06714985772842656,0.012894375857338821,0.5,1.0,False,0.07679459813317245,0.07679459813317245,0.01316872427983539,0.42,1.0,False,0.38,1.0,False,0.1343977737650696,0.1343977737650696,0.0008230452674897119,0.9,1.0,True,0.16795145472607664,0.16795145472607664,0.00027434842249657066,1.0,1.0,True,1.0,1.0,True,0.1774593548665627,0.1774593548665627,0.00027434842249657066,1.0,1.0,True,0001,0001,day14_only_discovery,False,False,False,False,True,False,False
BCL11A,USP24,USP24,ENSG00000162402,0.1675408181892008,0.1675408181892008,True,0.12206545029692567,0.12206545029692567,0.03457264370969955,0.51,1.0,False,0.57,1.0,False,0.12317757402378844,0.12317757402378844,0.05542598435999451,0.31,1.0,False,0.12562016969038808,0.12562016969038808,0.0355281207133059,0.66,1.0,False,0.46,1.0,False,0.12281447078065183,0.12281447078065183,0.06694101508916324,0.14,1.0,False,0.13967715806575165,0.13967715806575165,0.04375857338820302,0.44,1.0,False,0.55,1.0,False,0.12376485093700883,0.12376485093700883,0.14924554183813443,0.01,1.0,False,0.16754081818920075,0.16754081818920075,0.010013717421124828,0.87,1.0,True,0.87,1.0,True,0.20743068890765085,0.20743068890765085,0.045404663923182445,0.42,1.0,False,0001,0001,day14_only_discovery,False,False,False,False,False,False,False
NFE2,STX2,STX2,ENSG00000111450,0.1672218399912859,0.1672218399912859,True,-0.014709761136507913,0.014709761136507913,0.6751269035532995,0.0,0.76,False,0.0,0.89,False,-0.01162793430487734,0.01162793430487734,0.7379613115653725,0.0,0.64,False,0.047578295779028064,0.047578295779028064,0.11083676268861455,0.06,0.99,False,0.06,0.92,False,0.07962203656857217,0.07962203656857217,0.03813443072702332,0.31,1.0,False,0.07531609293271885,0.07531609293271885,0.11056241426611797,0.25,0.99,False,0.11,0.99,False,0.15241787733883103,0.15241787733883103,0.03772290809327846,0.53,1.0,False,0.16722183999128606,0.16722183999128606,0.006172839506172839,1.0,1.0,True,0.98,1.0,True,0.16917381881472895,0.16917381881472895,0.005898491083676269,1.0,1.0,True,0001,0001,day14_only_discovery,False,False,False,False,False,False,False
GFI1B,EXOC6,EXOC6,ENSG00000138190,0.1671091309147154,0.1671091309147154,True,-0.030457804711444242,0.030457804711444242,0.386198381122239,0.02,0.92,False,0.04,0.8200000000000001,False,-0.03544560468440989,0.03544560468440989,0.33639731101660036,0.0,0.87,False,0.01773661383814706,0.01773661383814706,0.5641975308641975,0.0,0.83,False,0.0,0.62,False,0.008986933560000153,0.008986933560000153,0.7820301783264746,0.0,0.75,False,0.07860060814752738,0.07860060814752738,0.07736625514403292,0.17,1.0,False,0.18,1.0,False,0.09106092921861177,0.09106092921861177,0.060219478737997253,0.27,0.99,False,0.16710913091471538,0.16710913091471538,0.0013717421124828531,0.96,1.0,True,0.95,1.0,True,0.22474535244779137,0.22474535244779137,0.0012345679012345679,1.0,1.0,True,0001,0001,day14_only_discovery,False,False,False,False,False,False,False
NFE2,GYPE,GYPE,ENSG00000197465,0.1670006107321155,0.1670006107321155,True,0.03319311500599444,0.03319311500599444,0.3425709973933324,0.0,0.85,False,0.01,0.76,False,0.03345531439425365,0.03345531439425365,0.33722046920016463,0.01,0.9,False,0.08127851420760815,0.08127851420760815,0.012894375857338821,0.63,1.0,False,0.43,1.0,False,0.1409379293607876,0.1409379293607876,0.0021947873799725653,1.0,1.0,True,0.10802942213637172,0.10802942213637172,0.02880658436213992,0.44,1.0,False,0.44,1.0,False,0.20211602333874548,0.20211602333874548,0.009602194787379973,0.94,1.0,True,0.16700061073211547,0.16700061073211547,0.006310013717421125,1.0,1.0,True,1.0,1.0,True,0.16870246993633314,0.16870246993633314,0.006035665294924554,1.0,1.0,True,0001,0001,day14_only_discovery,False,False,False,False,True,False,False
BCL11A,BCAP29,BCAP29,ENSG00000075790,0.1669619377132272,0.1669619377132272,True,0.03778977127619644,0.03778977127619644,0.40526821237481137,0.0,0.96,False,0.01,0.9,False,0.05842557029285508,0.05842557029285508,0.2673892166277953,0.0,0.99,False,0.03611835249820466,0.03611835249820466,0.41920438957476,0.0,0.97,False,0.0,0.87,False,0.06261250875526586,0.06261250875526586,0.24252400548696845,0.0,1.0,False,0.11272340852821593,0.11272340852821593,0.08079561042524006,0.16,0.99,False,0.12,1.0,False,0.1642493703164026,0.1642493703164026,0.07914951989026063,0.12,1.0,False,0.16696193771322723,0.16696193771322723,0.010150891632373114,0.84,1.0,True,0.84,1.0,True,0.2649632630744483,0.2649632630744483,0.01440329218106996,1.0,1.0,True,0001,0001,day14_only_discovery,False,False,False,False,False,False,False
BCL11A,CD58,CD58,ENSG00000116815,0.1669201115777685,0.1669201115777685,True,0.08788243086286818,0.08788243086286818,0.09095897928385238,0.17,1.0,False,0.07,0.98,False,0.12520881483303417,0.12520881483303417,0.05323089587048978,0.35,1.0,False,0.17410001462683203,0.17410001462683203,0.0069958847736625515,0.99,1.0,True,0.98,1.0,True,0.2101875757203897,0.2101875757203897,0.010973936899862825,1.0,1.0,True,0.1849462816044158,0.1849462816044158,0.012482853223593965,0.87,1.0,True,0.96,1.0,True,0.24358324608079462,0.24358324608079462,0.01906721536351166,0.92,1.0,True,0.16692011157776848,0.16692011157776848,0.0102880658436214,0.85,1.0,True,0.85,1.0,True,0.2522911448471361,0.2522911448471361,0.01906721536351166,0.97,1.0,True,0111,0111,cross_time_discovery,True,False,True,False,True,False,False
BCL11A,MAN2A1,MAN2A1,ENSG00000112893,0.1667260605265638,0.1667260605265638,True,0.15501964686835654,0.15501964686835654,0.012758951845246261,0.93,1.0,True,0.81,1.0,True,0.15603884404264032,0.15603884404264032,0.025106324598710386,0.83,1.0,True,0.1272877188809085,0.1272877188809085,0.033607681755829906,0.61,1.0,False,0.51,1.0,False,0.12379861658460665,0.12379861658460665,0.06598079561042525,0.24,1.0,False,0.14740146247488178,0.14740146247488178,0.035939643347050756,0.59,1.0,False,0.44,1.0,False,0.1379634114097386,0.1379634114097386,0.12085048010973937,0.01,1.0,False,0.16672606052656386,0.16672606052656386,0.010425240054869684,0.91,1.0,True,0.84,1.0,True,0.19951237163004285,0.19951237163004285,0.052949245541838136,0.32,1.0,False,1001,1001,cross_time_discovery,True,False,True,False,True,False,False
BCL11A,SPTB,SPTB,ENSG00000070182,0.1667198846408014,0.1667198846408014,True,0.09423546581812416,0.09423546581812416,0.07559335985731924,0.17,0.99,False,0.44,1.0,False,0.1604630212938033,0.1604630212938033,0.022088077925641377,0.81,1.0,True,0.1446572937022705,0.1446572937022705,0.020438957475994512,0.89,1.0,True,0.69,1.0,False,0.23910981648631752,0.23910981648631752,0.004526748971193415,1.0,1.0,True,0.22120124775506106,0.22120124775506106,0.00411522633744856,0.99,1.0,True,1.0,1.0,True,0.34787734393029,0.34787734393029,0.0010973936899862826,1.0,1.0,True,0.16671988464080134,0.16671988464080134,0.01056241426611797,0.84,1.0,True,0.81,1.0,True,0.25329245487460916,0.25329245487460916,0.018244170096021948,0.95,1.0,True,0111,0011,cross_time_discovery,True,False,True,False,True,False,False
GFI1B,CARHSP1,CARHSP1,ENSG00000153048,0.1664018023664126,0.1664018023664126,True,0.06410899685125564,0.06410899685125564,0.07518178076553711,0.17,1.0,False,0.08,0.95,False,0.06946192157573446,0.06946192157573446,0.07586774591850734,0.17,0.99,False,0.07913232854220535,0.07913232854220535,0.02853223593964335,0.47,1.0,False,0.33,1.0,False,0.08260764400020619,0.08260764400020619,0.030864197530864196,0.43,1.0,False,0.11340510118806311,0.11340510118806311,0.013717421124828532,0.57,1.0,False,0.59,1.0,False,0.13022493163149065,0.13022493163149065,0.010013717421124828,0.74,1.0,True,0.16640180236641267,0.16640180236641267,0.0015089163237311386,0.92,1.0,True,0.98,1.0,True,0.21375733131450228,0.21375733131450228,0.00205761316872428,0.98,1.0,True,0001,0001,day14_only_discovery,False,False,False,False,True,False,False
NFE2,AHSP,AHSP,ENSG00000169877,0.1656944316447295,0.1656944316447295,True,0.10834014049783064,0.10834014049783064,0.0034298257648511456,0.77,1.0,True,0.68,1.0,False,0.0990704518870579,0.0990704518870579,0.006173686376732062,0.63,1.0,False,0.07816557704516788,0.07816557704516788,0.016186556927297667,0.57,1.0,False,0.41,0.98,False,0.11290852125815348,0.11290852125815348,0.008641975308641974,0.93,1.0,True,0.10443195810677457,0.10443195810677457,0.03401920438957476,0.39,1.0,False,0.43,1.0,False,0.19026070925960875,0.19026070925960875,0.013854595336076818,0.94,1.0,True,0.1656944316447295,0.1656944316447295,0.0064471879286694105,0.99,1.0,True,1.0,1.0,True,0.16820801505063174,0.16820801505063174,0.006172839506172839,1.0,1.0,True,1001,0001,cross_time_discovery,True,False,False,False,True,False,False
GATA1,HMBS,HMBS,ENSG00000256269,0.1656818314913657,0.1656818314913657,True,0.007870792184858911,0.007870792184858911,0.7979146659349705,0.0,0.58,False,0.01,0.52,False,0.019010022816832537,0.019010022816832537,0.5428728220606394,0.02,0.67,False,0.051556320249098,0.051556320249098,0.025377229080932786,0.28,1.0,False,0.29,0.94,False,0.07464858053347745,0.07464858053347745,0.007133058984910837,0.67,1.0,False,0.06236896912961997,0.06236896912961997,0.04801097393689986,0.16,0.98,False,0.15,0.97,False,0.09851466592240038,0.09851466592240038,0.01056241426611797,0.55,0.99,False,0.16568183149136573,0.16568183149136573,0.00041152263374485596,0.98,1.0,True,1.0,1.0,True,0.1573864997769775,0.1573864997769775,0.0010973936899862826,0.96,1.0,True,0001,0001,day14_only_discovery,False,False,False,False,False,False,False
NFE2,TRIM10,TRIM10,ENSG00000204613,0.1656711306413075,0.1656711306413075,True,0.10828952198462093,0.10828952198462093,0.0035670187954451914,0.77,1.0,True,0.49,1.0,False,0.1132322816131706,0.1132322816131706,0.0020578954589106874,0.84,1.0,True,0.07117815964681602,0.07117815964681602,0.02345679012345679,0.35,1.0,False,0.35,0.99,False,0.11182497980782993,0.11182497980782993,0.009602194787379973,0.94,1.0,True,0.1578727747035637,0.1578727747035637,0.003017832647462277,0.92,1.0,True,0.98,1.0,True,0.23487144088471495,0.23487144088471495,0.002606310013717421,0.99,1.0,True,0.16567113064130742,0.16567113064130742,0.006584362139917695,0.97,1.0,True,0.99,1.0,True,0.16738577701028096,0.16738577701028096,0.006310013717421125,0.97,1.0,True,1011,0011,cross_time_discovery,True,False,True,False,True,False,False
BCL11A,NUCKS1,NUCKS1,ENSG00000069275,0.1656525530121269,0.1656525530121269,True,-0.03931907822889856,0.03931907822889856,0.38798189051996157,0.01,0.92,False,0.0,0.98,False,-0.02733804041385388,0.02733804041385388,0.5875977500342983,0.0,0.77,False,-0.03822346410889102,0.03822346410889102,0.39519890260631,0.0,0.9299999999999999,False,0.0,0.87,False,-0.0029090894580821366,0.0029090894580821366,0.9492455418381345,0.0,0.51,False,0.06421007176859118,0.06421007176859118,0.27256515775034296,0.01,0.98,False,0.0,0.96,False,0.16350063559141836,0.16350063559141836,0.08079561042524006,0.09,1.0,False,0.16565255301212697,0.16565255301212697,0.010699588477366255,0.85,1.0,True,0.74,1.0,True,0.34177036307308856,0.34177036307308856,0.0013717421124828531,1.0,1.0,True,0001,0001,day14_only_discovery,False,False,False,False,False,False,False
NFE2,TM9SF3,TM9SF3,ENSG00000077147,0.1655487936215889,0.1655487936215889,True,0.007656589446497271,0.007656589446497271,0.8221978323501166,0.01,0.62,False,0.0,0.5800000000000001,False,0.010319995069136417,0.010319995069136417,0.7641651804088352,0.0,0.55,False,0.028440597239399408,0.028440597239399408,0.3299039780521262,0.02,0.91,False,0.01,0.73,False,0.0354813946355678,0.0354813946355678,0.30493827160493825,0.03,0.96,False,0.022426060058200806,0.022426060058200806,0.6133058984910836,0.01,0.8,False,0.0,0.74,False,0.07062771506465487,0.07062771506465487,0.29259259259259257,0.01,0.99,False,0.16554879362158897,0.16554879362158897,0.006721536351165981,1.0,1.0,True,0.97,1.0,True,0.1659345262387928,0.1659345262387928,0.0064471879286694105,0.99,1.0,True,0001,0001,day14_only_discovery,False,False,False,False,False,False,False
BCL11A,H3F3A,H3F3A,ENSG00000163041,0.1652356070076099,0.1652356070076099,True,-0.11257846222174257,0.11257846222174257,0.044724927973658936,0.29,1.0,False,0.41,1.0,False,-0.12383866492979867,0.12383866492979867,0.05474001920702428,0.36,1.0,False,-0.09570650281662033,0.09570650281662033,0.07681755829903979,0.13,1.0,False,0.12,1.0,False,-0.026658724713666263,0.026658724713666263,0.578875171467764,0.0,0.87,False,-0.07327511294061363,0.07327511294061363,0.2139917695473251,0.01,0.99,False,0.0,0.99,False,0.07860120485338969,0.07860120485338969,0.31536351165980797,0.0,1.0,False,0.16523560700760997,0.16523560700760997,0.01083676268861454,0.88,1.0,True,0.88,1.0,True,0.27364188475691925,0.27364188475691925,0.012482853223593965,1.0,1.0,True,0001,0001,day14_only_discovery,False,False,False,False,False,False,False
BCL11A,NCEH1,NCEH1,ENSG00000144959,0.1648859489121453,0.1648859489121453,True,0.13837610331650146,0.13837610331650146,0.021950884895047332,0.8,1.0,True,0.86,1.0,True,0.18391451392636649,0.18391451392636649,0.014816847304156949,0.97,1.0,True,0.12919732759359548,0.12919732759359548,0.031001371742112482,0.71,1.0,True,0.61,1.0,False,0.21285523371128112,0.21285523371128112,0.009876543209876543,1.0,1.0,True,0.1413190663945875,0.1413190663945875,0.04183813443072702,0.51,1.0,False,0.4,1.0,False,0.21924535216205945,0.21924535216205945,0.029218106995884775,0.75,1.0,True,0.16488594891214542,0.16488594891214542,0.010973936899862825,0.87,1.0,True,0.89,1.0,True,0.164348148104258,0.164348148104258,0.10315500685871057,0.03,1.0,False,1101,1001,cross_time_discovery,True,False,True,False,True,False,False
KLF1,OSBP2,OSBP2,ENSG00000184792,0.1648858664866726,0.1648858664866726,True,0.10117045833584563,0.10117045833584563,0.011112635478117711,0.55,1.0,False,0.37,0.99,False,0.17289933887622544,0.17289933887622544,0.006859651529702291,1.0,1.0,True,0.0627424090286591,0.0627424090286591,0.04842249657064472,0.29,1.0,False,0.2,0.98,False,0.14935323379289075,0.14935323379289075,0.009190672153635117,1.0,1.0,True,0.11418266710115202,0.11418266710115202,0.0064471879286694105,0.72,1.0,True,0.73,1.0,True,0.24572434147195274,0.24572434147195274,0.003429355281207133,1.0,1.0,True,0.16488586648667267,0.16488586648667267,0.0010973936899862826,0.99,1.0,True,0.99,1.0,True,0.17528447614223666,0.17528447614223666,0.0012345679012345679,1.0,1.0,True,0011,0011,cross_time_discovery,True,False,True,False,True,False,False
BCL11A,TLN1,TLN1,ENSG00000137076,0.1648036872756444,0.1648036872756444,True,-0.02531365776177698,0.02531365776177698,0.5704486212100426,0.0,0.83,False,0.0,0.95,False,-0.044225327327464856,0.044225327327464856,0.38811908355055563,0.0,0.99,False,-0.001070310138468261,0.001070310138468261,0.9805212620027435,0.0,0.55,False,0.0,0.67,False,-0.0034448150673282575,0.0034448150673282575,0.9381344307270233,0.0,0.5700000000000001,False,0.03368402347473989,0.03368402347473989,0.5348422496570645,0.0,0.85,False,0.0,0.85,False,0.0872025262761965,0.0872025262761965,0.2746227709190672,0.0,1.0,False,0.16480368727564448,0.16480368727564448,0.011111111111111112,0.77,1.0,True,0.72,1.0,True,0.22007503745791412,0.22007503745791412,0.03607681755829904,0.65,1.0,False,0001,0001,day14_only_discovery,False,False,False,False,False,False,False
BCL11A,ZNF273,ZNF273,ENSG00000198039,0.1641485882641774,0.1641485882641774,True,0.10311164630775764,0.10311164630775764,0.06036493346138016,0.27,1.0,False,0.31,1.0,False,0.13425696632181464,0.13425696632181464,0.04266703251474825,0.46,1.0,False,0.05840152658930389,0.05840152658930389,0.2150891632373114,0.0,1.0,False,0.02,0.97,False,0.09330986613208828,0.09330986613208828,0.12112482853223594,0.02,1.0,False,0.06379147460046916,0.06379147460046916,0.2751714677640604,0.01,0.96,False,0.0,0.99,False,0.12678893712238726,0.12678893712238726,0.1411522633744856,0.0,1.0,False,0.16414858826417747,0.16414858826417747,0.011248285322359396,0.86,1.0,True,0.82,1.0,True,0.22899109973335605,0.22899109973335605,0.029218106995884775,0.78,1.0,True,0001,0001,day14_only_discovery,False,False,False,False,False,False,False
KLF1,HMBS,HMBS,ENSG00000256269,0.1634257618733265,0.1634257618733265,True,0.09180292231296348,0.09180292231296348,0.0197557964055426,0.45,1.0,False,0.42,0.99,False,0.12872706914784868,0.12872706914784868,0.0212649197420771,0.69,1.0,False,0.1349874556970104,0.1349874556970104,0.0013717421124828531,1.0,1.0,True,0.91,1.0,True,0.18982001958857767,0.18982001958857767,0.0027434842249657062,1.0,1.0,True,0.083478477456691,0.083478477456691,0.03374485596707819,0.31,0.97,False,0.35,0.99,False,0.17130668460387286,0.17130668460387286,0.021262002743484224,0.8,1.0,True,0.16342576187332655,0.16342576187332655,0.0012345679012345679,0.98,1.0,True,1.0,1.0,True,0.15066220808979972,0.15066220808979972,0.002606310013717421,1.0,1.0,True,0101,0101,cross_time_discovery,True,False,True,False,True,False,False
GFI1B,SLC25A21,SLC25A21,ENSG00000183032,0.163366084235999,0.163366084235999,True,0.11316491447765006,0.11316491447765006,0.00754561668267252,0.85,1.0,True,0.73,1.0,True,0.1474258095246515,0.1474258095246515,0.00425298394841542,0.97,1.0,True,0.15448012745294262,0.15448012745294262,0.0008230452674897119,1.0,1.0,True,0.99,1.0,True,0.17105030485580683,0.17105030485580683,0.0008230452674897119,1.0,1.0,True,0.13956058500684468,0.13956058500684468,0.0027434842249657062,0.85,1.0,True,0.85,1.0,True,0.16196014301282205,0.16196014301282205,0.0023319615912208505,1.0,1.0,True,0.16336608423599894,0.16336608423599894,0.0016460905349794238,0.96,1.0,True,0.95,1.0,True,0.2277901417462822,0.2277901417462822,0.0009602194787379973,1.0,1.0,True,1111,1111,persistent_discovery,True,False,True,False,True,False,False
BCL11A,DECR1,DECR1,ENSG00000104325,0.1632631632741349,0.1632631632741349,True,-0.06276028004740819,0.06276028004740819,0.1906983125257237,0.02,0.99,False,0.0,0.9299999999999999,False,-0.07044094556296379,0.07044094556296379,0.19577445465770338,0.0,0.98,False,-0.028543664238190932,0.028543664238190932,0.5149519890260631,0.0,0.96,False,0.0,0.88,False,-0.03778060942806917,0.03778060942806917,0.44718792866941015,0.0,0.94,False,0.024434480520527022,0.024434480520527022,0.6493827160493827,0.0,0.85,False,0.0,0.77,False,-0.030274823463546832,0.030274823463546832,0.681207133058985,0.0,0.88,False,0.163263163274135,0.163263163274135,0.011385459533607681,0.82,1.0,True,0.88,1.0,True,0.17065996786241902,0.17065996786241902,0.0916323731138546,0.1,1.0,False,0001,0001,day14_only_discovery,False,False,False,False,False,False,False
KLF1,GYPC,GYPC,ENSG00000136732,0.1630497812523243,0.1630497812523243,True,0.13604873400230336,0.13604873400230336,0.0027438606118809165,0.9,1.0,True,0.82,1.0,True,0.1995109692106476,0.1995109692106476,0.0032926327342570998,1.0,1.0,True,0.15548916632124374,0.15548916632124374,0.0009602194787379973,1.0,1.0,True,0.95,1.0,True,0.22814235683416872,0.22814235683416872,0.0010973936899862826,1.0,1.0,True,0.17395202458856374,0.17395202458856374,0.00041152263374485596,1.0,1.0,True,0.98,1.0,True,0.3005447983256661,0.3005447983256661,0.0008230452674897119,1.0,1.0,True,0.16304978125232442,0.16304978125232442,0.0013717421124828531,0.99,1.0,True,0.99,1.0,True,0.17927904797376062,0.17927904797376062,0.0009602194787379973,1.0,1.0,True,1111,1111,persistent_discovery,True,False,True,False,True,False,False
GFI1B,RPL18,RPL18,ENSG00000063177,0.1629529696675641,0.1629529696675641,True,0.01934915586159505,0.01934915586159505,0.5856770476059816,0.0,0.76,False,0.02,0.79,False,0.014901674112510643,0.014901674112510643,0.688571820551516,0.0,0.65,False,0.04761691745512964,0.04761691745512964,0.15267489711934157,0.06,0.98,False,0.11,0.95,False,0.05957108332661003,0.05957108332661003,0.09725651577503429,0.15,1.0,False,0.06108469665973097,0.06108469665973097,0.1561042524005487,0.11,0.97,False,0.08,0.96,False,0.08970499147220348,0.08970499147220348,0.06364883401920439,0.24,1.0,False,0.1629529696675644,0.1629529696675644,0.0017832647462277093,0.98,1.0,True,0.97,1.0,True,0.18827644263663534,0.18827644263663534,0.00823045267489712,0.94,1.0,True,0001,0001,day14_only_discovery,False,False,False,False,False,False,False
BCL11A,PPP1R12B,PPP1R12B,ENSG00000077157,0.1627647949156955,0.1627647949156955,True,0.09357345640733945,0.09357345640733945,0.0772396762244478,0.16,1.0,False,0.04,1.0,False,0.09311231428396091,0.09311231428396091,0.1116751269035533,0.05,1.0,False,0.12020801495088529,0.12020801495088529,0.040329218106995884,0.56,1.0,False,0.42,1.0,False,0.1467641357576898,0.1467641357576898,0.03827160493827161,0.75,1.0,True,0.1796487976946781,0.1796487976946781,0.015089163237311385,0.89,1.0,True,0.92,1.0,True,0.23401457463615272,0.23401457463615272,0.02318244170096022,0.89,1.0,True,0.16276479491569557,0.16276479491569557,0.011522633744855968,0.87,1.0,True,0.65,1.0,False,0.25561925488619647,0.25561925488619647,0.017695473251028805,0.93,1.0,True,0011,0011,cross_time_discovery,True,False,True,False,True,False,False
BCL11A,HIST1H1E,HIST1H1E,ENSG00000168298,0.1627173797835858,0.1627173797835858,True,0.036651904580132885,0.036651904580132885,0.41871312937302785,0.0,0.89,False,0.01,0.85,False,0.0484623545902977,0.0484623545902977,0.3476471395253121,0.0,0.97,False,0.09425167799474443,0.09425167799474443,0.0803840877914952,0.17,1.0,False,0.12,1.0,False,0.13542100285087216,0.13542100285087216,0.050205761316872426,0.44,1.0,False,0.08213709327581484,0.08213709327581484,0.1727023319615912,0.03,1.0,False,0.01,0.99,False,0.20761858964500138,0.20761858964500138,0.038820301783264746,0.64,1.0,False,0.16271737978358586,0.16271737978358586,0.011659807956104253,0.84,1.0,True,0.88,1.0,True,0.3145684218581856,0.3145684218581856,0.003840877914951989,1.0,1.0,True,0001,0001,day14_only_discovery,False,False,False,False,False,False,False
BCL11A,CPOX,CPOX,ENSG00000080819,0.1618934514787203,0.1618934514787203,True,-0.02186486592561472,0.02186486592561472,0.6243654822335025,0.0,0.87,False,0.0,0.71,False,-0.025103892446314984,0.025103892446314984,0.6172314446426121,0.0,0.84,False,0.03257122405403308,0.03257122405403308,0.46145404663923184,0.0,0.98,False,0.0,0.84,False,0.10393904519965039,0.10393904519965039,0.09766803840877915,0.07,1.0,False,0.04008342832509694,0.04008342832509694,0.46886145404663926,0.0,0.93,False,0.0,0.93,False,0.20108006730927194,0.20108006730927194,0.043072702331961595,0.58,1.0,False,0.16189345147872028,0.16189345147872028,0.011796982167352537,0.79,1.0,True,0.84,1.0,True,0.24913256600494552,0.24913256600494552,0.020027434842249656,0.94,1.0,True,0001,0001,day14_only_discovery,False,False,False,False,False,False,False
KLF1,SPTA1,SPTA1,ENSG00000163554,0.16186744876085,0.16186744876085,True,0.09074695157144032,0.09074695157144032,0.020853340650294965,0.46,1.0,False,0.14,0.95,False,0.1713960115285445,0.1713960115285445,0.0069968445602963366,1.0,1.0,True,0.07676201323342183,0.07676201323342183,0.019890260631001373,0.51,0.99,False,0.35,0.92,False,0.16738709609646313,0.16738709609646313,0.006172839506172839,1.0,1.0,True,0.04915527350245063,0.04915527350245063,0.19327846364883403,0.13,0.9,False,0.1,0.89,False,0.192116068021458,0.192116068021458,0.01262002743484225,0.91,1.0,True,0.16186744876085,0.16186744876085,0.0015089163237311386,1.0,1.0,True,1.0,1.0,True,0.17399946176264475,0.17399946176264475,0.0013717421124828531,1.0,1.0,True,0001,0001,day14_only_discovery,False,False,False,False,True,False,False
NFE2,TFDP2,TFDP2,ENSG00000114126,0.1616244418102065,0.1616244418102065,True,0.012702238002724062,0.012702238002724062,0.7139525312114144,0.02,0.65,False,0.01,0.55,False,0.021351483046343798,0.021351483046343798,0.5412265056935107,0.03,0.75,False,0.05108260062329407,0.05108260062329407,0.09300411522633745,0.23,0.99,False,0.14,0.97,False,0.06239917235417283,0.06239917235417283,0.0869684499314129,0.18,0.99,False,0.11878201573437215,0.11878201573437215,0.018518518518518517,0.54,1.0,False,0.59,1.0,False,0.1690325092402824,0.1690325092402824,0.02400548696844993,0.73,1.0,True,0.1616244418102065,0.1616244418102065,0.006858710562414266,0.99,1.0,True,0.98,1.0,True,0.16309260215075141,0.16309260215075141,0.0069958847736625515,1.0,1.0,True,0001,0001,day14_only_discovery,False,False,False,False,True,False,False
BCL11A,RPL3,RPL3,ENSG00000100316,0.1613833011488732,0.1613833011488732,True,-0.07097352159075751,0.07097352159075751,0.14885443819453972,0.08,0.96,False,0.07,0.9299999999999999,False,-0.059645724401206274,0.059645724401206274,0.25998079297571686,0.01,0.98,False,-0.07934125018807148,0.07934125018807148,0.11975308641975309,0.04,1.0,False,0.07,1.0,False,-0.08570648122303955,0.08570648122303955,0.14444444444444443,0.0,1.0,False,-0.10613676154104838,0.10613676154104838,0.09588477366255144,0.14,1.0,False,0.15,1.0,False,-0.16027249206659,0.16027249206659,0.0850480109739369,0.1,1.0,False,0.1613833011488734,0.1613833011488734,0.011934156378600824,0.86,1.0,True,0.87,1.0,True,0.21237396144065496,0.21237396144065496,0.040740740740740744,0.65,1.0,False,0001,0001,day14_only_discovery,False,False,False,False,False,False,False
TAL1,MARK3,MARK3,ENSG00000075413,0.16137597040825,0.16137597040825,True,0.039750837407215224,0.039750837407215224,0.23185622170393744,0.05,0.95,False,0.0,0.79,False,0.03269998646299553,0.03269998646299553,0.31444642612155305,0.0,0.91,False,0.05587426045365901,0.05587426045365901,0.03264746227709191,0.29,0.99,False,0.2,0.99,False,0.06801790743056875,0.06801790743056875,0.03525377229080933,0.37,1.0,False,0.0542334676033269,0.0542334676033269,0.1438957475994513,0.09,0.92,False,0.1,0.98,False,0.11970135083404178,0.11970135083404178,0.04252400548696845,0.38,1.0,False,0.16137597040825014,0.16137597040825014,0.00041152263374485596,1.0,1.0,True,0.95,1.0,True,0.159650595038494,0.159650595038494,0.00027434842249657066,0.97,1.0,True,0001,0001,day14_only_discovery,False,False,False,False,False,False,False
GFI1B,RPS3,RPS3,ENSG00000149273,0.1613671627783356,0.1613671627783356,True,0.0692615981279122,0.0692615981279122,0.057895458910687335,0.27,0.99,False,0.14,0.99,False,0.07248140050024737,0.07248140050024737,0.06461791740979558,0.14,0.99,False,-0.008287517615712508,0.008287517615712508,0.7829903978052126,0.0,0.51,False,0.02,0.55,False,0.005941922015260198,0.005941922015260198,0.8522633744855967,0.01,0.67,False,0.04628575023479952,0.04628575023479952,0.27544581618655695,0.03,0.96,False,0.02,0.92,False,0.07453433198461648,0.07453433198461648,0.11659807956104253,0.11,0.99,False,0.16136716277833552,0.16136716277833552,0.0019204389574759945,1.0,1.0,True,0.99,1.0,True,0.20255181360700783,0.20255181360700783,0.0032921810699588477,0.98,1.0,True,0001,0001,day14_only_discovery,False,False,False,False,False,False,False
NFE2,NUTM2A-AS1,NUTM2A-AS1,ENSG00000223482,0.1613441302616495,0.1613441302616495,True,0.022998499215203565,0.022998499215203565,0.511867197146385,0.01,0.78,False,0.04,0.72,False,0.02453460385397482,0.02453460385397482,0.4811359582933187,0.04,0.76,False,0.06814206294748687,0.06814206294748687,0.028395061728395062,0.28,1.0,False,0.33,1.0,False,0.09615632464677129,0.09615632464677129,0.017558299039780522,0.72,1.0,True,0.07702367476013222,0.07702367476013222,0.10315500685871057,0.17,1.0,False,0.17,1.0,False,0.15699193197264202,0.15699193197264202,0.03333333333333333,0.6,1.0,False,0.1613441302616497,0.1613441302616497,0.0069958847736625515,1.0,1.0,True,0.99,1.0,True,0.16370488234052039,0.16370488234052039,0.006858710562414266,0.99,1.0,True,0001,0001,day14_only_discovery,False,False,False,False,True,False,False
BCL11A,ANAPC16,ANAPC16,ENSG00000166295,0.1611202133767399,0.1611202133767399,True,0.008248232359049795,0.008248232359049795,0.8497736314995198,0.0,0.66,False,0.0,0.72,False,-0.0033754805973086376,0.0033754805973086376,0.9410069968445604,0.0,0.53,False,-0.016112772739423468,0.016112772739423468,0.7064471879286695,0.0,0.77,False,0.0,0.8,False,-0.027823036918997037,0.027823036918997037,0.5640603566529493,0.0,0.9299999999999999,False,0.0018461493711294495,0.0018461493711294495,0.9743484224965706,0.0,0.56,False,0.0,0.56,False,0.006736043723284685,0.006736043723284685,0.9249657064471879,0.0,0.53,False,0.16112021337673993,0.16112021337673993,0.012071330589849109,0.8,1.0,True,0.67,1.0,False,0.1730081258943035,0.1730081258943035,0.08834019204389575,0.16,1.0,False,0001,0001,day14_only_discovery,False,False,False,False,False,False,False
BCL11A,TRIM10,TRIM10,ENSG00000204613,0.1610340539126697,0.1610340539126697,True,0.04767967262725883,0.04767967262725883,0.30401975579640556,0.0,0.95,False,0.0,0.93,False,0.08314523496821463,0.08314523496821463,0.1428179448484017,0.03,1.0,False,0.11901541780042146,0.11901541780042146,0.04183813443072702,0.47,1.0,False,0.36,1.0,False,0.20260640484651124,0.20260640484651124,0.012345679012345678,0.99,1.0,True,0.11289643183438475,0.11289643183438475,0.08024691358024691,0.16,1.0,False,0.15,1.0,False,0.23204931533770445,0.23204931533770445,0.02400548696844993,0.93,1.0,True,0.16103405391266967,0.16103405391266967,0.012208504801097394,0.87,1.0,True,0.88,1.0,True,0.17616769043084005,0.17616769043084005,0.08203017832647462,0.1,1.0,False,0001,0001,day14_only_discovery,False,False,False,False,True,False,False
BCL11A,METAP2,METAP2,ENSG00000111142,0.1609395750491596,0.1609395750491596,True,0.17387852474269969,0.17387852474269969,0.007271230621484428,0.99,1.0,True,0.95,1.0,True,0.22091581051558973,0.22091581051558973,0.00589930031554397,0.99,1.0,True,0.05406053504081377,0.05406053504081377,0.24609053497942388,0.0,1.0,False,0.0,0.97,False,0.08920971812457282,0.08920971812457282,0.13319615912208504,0.01,1.0,False,0.03945179361209308,0.03945179361209308,0.4757201646090535,0.0,0.86,False,0.0,0.87,False,0.02831617164374511,0.02831617164374511,0.7005486968449931,0.0,0.77,False,0.16093957504915968,0.16093957504915968,0.012345679012345678,0.79,1.0,True,0.72,1.0,True,0.23555287842443726,0.23555287842443726,0.02551440329218107,0.89,1.0,True,1001,1001,cross_time_discovery,True,False,True,False,True,False,False
BCL11A,SUCO,SUCO,ENSG00000094975,0.1608568980910682,0.1608568980910682,True,0.07308640744861096,0.07308640744861096,0.14062285635889696,0.04,0.99,False,0.03,0.99,False,0.10379702950228697,0.10379702950228697,0.08766634654959528,0.09,1.0,False,0.09491370822881967,0.09491370822881967,0.07805212620027435,0.13,1.0,False,0.13,1.0,False,0.12782919773469212,0.12782919773469212,0.05994513031550069,0.27,1.0,False,0.12192668703902232,0.12192668703902232,0.06584362139917696,0.21,1.0,False,0.28,1.0,False,0.15349972820378874,0.15349972820378874,0.09382716049382717,0.02,1.0,False,0.16085689809106818,0.16085689809106818,0.012482853223593965,0.79,1.0,True,0.85,1.0,True,0.16520541687473558,0.16520541687473558,0.10233196159122085,0.04,1.0,False,0001,0001,day14_only_discovery,False,False,False,False,False,False,False
BCL11A,CNNM2,CNNM2,ENSG00000148842,0.1607847654258702,0.1607847654258702,True,0.03156426271618756,0.03156426271618756,0.4848401701193579,0.0,0.85,False,0.0,0.82,False,0.050025919565596565,0.050025919565596565,0.33433941555768965,0.0,0.99,False,0.10045862709845561,0.10045862709845561,0.0673525377229081,0.15,1.0,False,0.2,1.0,False,0.13083409899289133,0.13083409899289133,0.056378600823045265,0.27,1.0,False,0.12507321067589278,0.12507321067589278,0.06159122085048011,0.26,1.0,False,0.2,1.0,False,0.18725540039891053,0.18725540039891053,0.056241426611796985,0.3,1.0,False,0.1607847654258702,0.1607847654258702,0.01262002743484225,0.82,1.0,True,0.75,1.0,True,0.22042233854660798,0.22042233854660798,0.035939643347050756,0.69,1.0,False,0001,0001,day14_only_discovery,False,False,False,False,False,False,False
BCL11A,ST8SIA6,ST8SIA6,ENSG00000148488,0.1604021199763741,0.1604021199763741,True,-0.17965103950718342,0.17965103950718342,0.005487721223761833,0.97,1.0,True,0.92,1.0,True,-0.25146583222102986,0.25146583222102986,0.002469474550692825,1.0,1.0,True,-0.01894994528032288,0.01894994528032288,0.6558299039780521,0.0,0.8200000000000001,False,0.01,0.78,False,-0.08758587320522099,0.08758587320522099,0.1374485596707819,0.0,1.0,False,0.06646510664212378,0.06646510664212378,0.2573388203017833,0.0,0.98,False,0.0,1.0,False,0.03674719350085755,0.03674719350085755,0.6181069958847737,0.0,0.92,False,0.16040211997637405,0.16040211997637405,0.012757201646090535,0.78,1.0,True,0.74,1.0,True,0.27749006591787156,0.27749006591787156,0.010013717421124828,1.0,1.0,True,1001,1001,cross_time_discovery,True,False,True,False,True,False,False
BCL11A,CEP192,CEP192,ENSG00000101639,0.1603882303687009,0.1603882303687009,True,0.05092582013588596,0.05092582013588596,0.2772671148305666,0.0,0.95,False,0.0,0.95,False,0.058241862751188554,0.058241862751188554,0.2701330772396762,0.0,0.99,False,0.15309582510709674,0.15309582510709674,0.015363511659807956,0.94,1.0,True,0.81,1.0,True,0.16667820072163506,0.16667820072163506,0.02345679012345679,0.89,1.0,True,0.16398614330404515,0.16398614330404515,0.024691358024691357,0.72,1.0,True,0.74,1.0,True,0.2542902355459063,0.2542902355459063,0.013854595336076818,0.99,1.0,True,0.16038823036870098,0.16038823036870098,0.012894375857338821,0.79,1.0,True,0.63,1.0,False,0.30973702087483845,0.30973702087483845,0.0043895747599451305,1.0,1.0,True,0111,0111,cross_time_discovery,True,False,True,False,True,False,False
GATA1,RPS27A,RPS27A,ENSG00000143947,0.1602958894219007,0.1602958894219007,True,0.024399466056090287,0.024399466056090287,0.42255453422966116,0.01,0.82,False,0.08,0.84,False,0.03162005716130607,0.03162005716130607,0.30703800246947455,0.07,0.84,False,-0.00019160920738900018,0.00019160920738900018,0.9938271604938271,0.03,0.51,False,0.01,0.5700000000000001,False,0.003581621055435286,0.003581621055435286,0.8921810699588477,0.01,0.61,False,-0.015726777723902154,0.015726777723902154,0.6209876543209877,0.0,0.7,False,0.01,0.65,False,-0.05157756229389738,0.05157756229389738,0.17338820301783264,0.09,0.96,False,0.1602958894219008,0.1602958894219008,0.0005486968449931413,1.0,1.0,True,1.0,1.0,True,0.16817486612176832,0.16817486612176832,0.00041152263374485596,1.0,1.0,True,0001,0001,day14_only_discovery,False,False,False,False,False,False,False
NFE2,KEL,KEL,ENSG00000197993,0.1599649615455627,0.1599649615455627,True,0.023285031058631653,0.023285031058631653,0.505830703800247,0.01,0.82,False,0.0,0.58,False,0.031102121940572467,0.031102121940572467,0.3715187268486761,0.02,0.87,False,0.10001056225325292,0.10001056225325292,0.0035665294924554186,0.92,1.0,True,0.72,1.0,True,0.12386665910669242,0.12386665910669242,0.005761316872427984,0.97,1.0,True,0.04048966497745958,0.04048966497745958,0.3691358024691358,0.01,0.94,False,0.02,0.85,False,0.10568614208400431,0.10568614208400431,0.12688614540466392,0.07,1.0,False,0.15996496154556258,0.15996496154556258,0.007133058984910837,0.96,1.0,True,0.96,1.0,True,0.16269054184965398,0.16269054184965398,0.007133058984910837,1.0,1.0,True,0101,0101,cross_time_discovery,True,False,True,False,True,False,False
BCL11A,ATF5,ATF5,ENSG00000169136,0.1599394948192672,0.1599394948192672,True,-0.022100697354818667,0.022100697354818667,0.6207984634380573,0.0,0.79,False,0.0,0.79,False,-0.02190122571177076,0.02190122571177076,0.661956372616271,0.0,0.8200000000000001,False,0.014782458361417538,0.014782458361417538,0.7281207133058984,0.0,0.69,False,0.0,0.75,False,0.03381617262556505,0.03381617262556505,0.49108367626886146,0.0,0.91,False,0.14656378053315464,0.14656378053315464,0.037448559670781895,0.62,1.0,False,0.56,1.0,False,0.1930225151651665,0.1930225151651665,0.04993141289437586,0.39,1.0,False,0.1599394948192672,0.1599394948192672,0.013031550068587106,0.83,1.0,True,0.78,1.0,True,0.2398932613931705,0.2398932613931705,0.023868312757201648,0.82,1.0,True,0001,0001,day14_only_discovery,False,False,False,False,False,False,False
GFI1B,EPB41L4A,EPB41L4A,ENSG00000129595,0.1598083561957171,0.1598083561957171,True,0.1088643178652219,0.1088643178652219,0.00919193304980107,0.77,1.0,True,0.68,1.0,False,0.10838553218918172,0.10838553218918172,0.01673754973247359,0.65,1.0,False,0.03968672204154667,0.03968672204154667,0.22181069958847738,0.04,0.92,False,0.02,0.92,False,0.03801044452426231,0.03801044452426231,0.2598079561042524,0.01,0.95,False,0.07935753863239811,0.07935753863239811,0.07448559670781893,0.19,1.0,False,0.14,0.99,False,0.08007432838239338,0.08007432838239338,0.09300411522633745,0.16,1.0,False,0.15980835619571707,0.15980835619571707,0.00205761316872428,0.88,1.0,True,0.89,1.0,True,0.1749263544101706,0.1749263544101706,0.015363511659807956,0.77,1.0,True,1001,0001,cross_time_discovery,True,False,False,False,False,False,False
BCL11A,RABGAP1L,RABGAP1L,ENSG00000152061,0.1597873860309953,0.1597873860309953,True,0.21339758772872952,0.21339758772872952,0.002332281520098779,1.0,1.0,True,1.0,1.0,True,0.24389483081494337,0.24389483081494337,0.0034298257648511456,1.0,1.0,True,0.2067061173347289,0.2067061173347289,0.0019204389574759945,1.0,1.0,True,1.0,1.0,True,0.24482539361619887,0.24482539361619887,0.003703703703703704,1.0,1.0,True,0.1862901864159278,0.1862901864159278,0.012345679012345678,0.93,1.0,True,0.94,1.0,True,0.23417399511269954,0.23417399511269954,0.02290809327846365,0.94,1.0,True,0.1597873860309953,0.1597873860309953,0.01316872427983539,0.88,1.0,True,0.8,1.0,True,0.24254846635682867,0.24254846635682867,0.023045267489711935,0.92,1.0,True,1111,1111,persistent_discovery,True,False,True,False,True,False,False
BCL11A,EPRS,EPRS,ENSG00000136628,0.1597743255735031,0.1597743255735031,True,0.06471280960678398,0.06471280960678398,0.17766497461928935,0.03,0.98,False,0.05,0.99,False,0.09816152093915824,0.09816152093915824,0.10111126354781177,0.07,1.0,False,0.101452615918644,0.101452615918644,0.06570644718792867,0.26,1.0,False,0.14,1.0,False,0.1443783894480906,0.1443783894480906,0.04005486968449931,0.58,1.0,False,0.11644788779812194,0.11644788779812194,0.07462277091906722,0.18,1.0,False,0.17,1.0,False,0.20167910206145695,0.20167910206145695,0.042661179698216735,0.51,1.0,False,0.15977432557350313,0.15977432557350313,0.013305898491083675,0.81,1.0,True,0.84,1.0,True,0.23015766430019108,0.23015766430019108,0.028120713305898493,0.8,1.0,True,0001,0001,day14_only_discovery,False,False,False,False,False,False,False
NFE2,AC078778.1,AC078778.1,ENSG00000258344,0.1597150723067255,0.1597150723067255,True,0.106367159206999,0.106367159206999,0.00425298394841542,0.8,1.0,True,0.75,1.0,True,0.10587441788018666,0.10587441788018666,0.0039785978872273284,0.83,1.0,True,0.09925951690337505,0.09925951690337505,0.003703703703703704,0.89,1.0,True,0.7,1.0,True,0.11969833273055458,0.11969833273055458,0.006584362139917695,0.94,1.0,True,0.14318553892981817,0.14318553892981817,0.006035665294924554,0.77,1.0,True,0.86,1.0,True,0.19108425042545552,0.19108425042545552,0.013580246913580247,0.86,1.0,True,0.15971507230672555,0.15971507230672555,0.007270233196159122,1.0,1.0,True,0.98,1.0,True,0.16241924175388717,0.16241924175388717,0.007270233196159122,1.0,1.0,True,1111,1111,persistent_discovery,True,False,True,False,True,False,False
BCL11A,LTBP1,LTBP1,ENSG00000049323,0.1596975907476139,0.1596975907476139,True,0.17559927938945083,0.17559927938945083,0.006722458499108245,0.98,1.0,True,0.97,1.0,True,0.2100050607879809,0.2100050607879809,0.007682809713266566,1.0,1.0,True,0.17465513749718206,0.17465513749718206,0.006858710562414266,1.0,1.0,True,0.95,1.0,True,0.23711992024882214,0.23711992024882214,0.005075445816186557,1.0,1.0,True,0.10262715548142912,0.10262715548142912,0.10329218106995884,0.06,1.0,False,0.05,1.0,False,0.20266415259569873,0.20266415259569873,0.04183813443072702,0.61,1.0,False,0.15969759074761392,0.15969759074761392,0.013443072702331962,0.77,1.0,True,0.69,1.0,False,0.24397603504207768,0.24397603504207768,0.02194787379972565,0.9,1.0,True,1101,1101,cross_time_discovery,True,False,True,False,True,False,False
BCL11A,PDZD8,PDZD8,ENSG00000165650,0.1595120610749243,0.1595120610749243,True,0.04108739966532066,0.04108739966532066,0.36836328714501304,0.0,0.93,False,0.01,0.97,False,0.014797250722511935,0.014797250722511935,0.7596378103992317,0.0,0.69,False,0.06484281914053881,0.06484281914053881,0.17983539094650206,0.02,1.0,False,0.06,1.0,False,0.03116531360487419,0.03116531360487419,0.5235939643347051,0.0,0.95,False,0.1348768139634678,0.1348768139634678,0.049657064471879286,0.37,1.0,False,0.33,1.0,False,0.12047538650693267,0.12047538650693267,0.15679012345679014,0.0,1.0,False,0.15951206107492436,0.15951206107492436,0.013580246913580247,0.87,1.0,True,0.86,1.0,True,0.2034988206761238,0.2034988206761238,0.04897119341563786,0.42,1.0,False,0001,0001,day14_only_discovery,False,False,False,False,False,False,False
BCL11A,IMPA2,IMPA2,ENSG00000141401,0.1594717769028412,0.1594717769028412,True,0.11001197790667014,0.11001197790667014,0.0491151049526684,0.31,1.0,False,0.33,1.0,False,0.13257852465750453,0.13257852465750453,0.044587734943064894,0.4,1.0,False,0.0961212586506385,0.0961212586506385,0.07626886145404664,0.13,1.0,False,0.2,1.0,False,0.15769194981654233,0.15769194981654233,0.029766803840877914,0.83,1.0,True,0.07229523267082327,0.07229523267082327,0.2187928669410151,0.01,0.99,False,0.0,0.99,False,0.1927855693717923,0.1927855693717923,0.050205761316872426,0.36,1.0,False,0.15947177690284117,0.15947177690284117,0.013717421124828532,0.79,1.0,True,0.77,1.0,True,0.2779307343798747,0.2779307343798747,0.009602194787379973,1.0,1.0,True,0001,0001,day14_only_discovery,False,False,False,False,True,False,False
NFE2,KLF3,KLF3,ENSG00000109787,0.1592313654657612,0.1592313654657612,True,0.03295081845455811,0.03295081845455811,0.34723556043353,0.05,0.81,False,0.02,0.8,False,0.03791219151500193,0.03791219151500193,0.27520921937165593,0.04,0.84,False,0.038574423331224725,0.038574423331224725,0.1898491083676269,0.08,0.98,False,0.03,0.87,False,0.06936704443892931,0.06936704443892931,0.06172839506172839,0.23,1.0,False,0.09788409246693297,0.09788409246693297,0.04375857338820302,0.32,1.0,False,0.35,1.0,False,0.17379175048018797,0.17379175048018797,0.019890260631001373,0.78,1.0,True,0.15923136546576122,0.15923136546576122,0.007407407407407408,0.99,1.0,True,0.97,1.0,True,0.1601998773997768,0.1601998773997768,0.007407407407407408,1.0,1.0,True,0001,0001,day14_only_discovery,False,False,False,False,True,False,False
BCL11A,CDC42BPA,CDC42BPA,ENSG00000143776,0.1591094183047861,0.1591094183047861,True,0.0976003403685085,0.0976003403685085,0.06928248044999313,0.2,1.0,False,0.12,1.0,False,0.05032278894384943,0.05032278894384943,0.3320071340375909,0.0,0.95,False,0.1422584884207863,0.1422584884207863,0.022359396433470506,0.83,1.0,True,0.67,1.0,False,0.09993529920078158,0.09993529920078158,0.10699588477366255,0.06,1.0,False,0.2136340449101393,0.2136340449101393,0.005075445816186557,1.0,1.0,True,0.99,1.0,True,0.20762345179643954,0.20762345179643954,0.03868312757201646,0.53,1.0,False,0.15910941830478617,0.15910941830478617,0.013854595336076818,0.73,1.0,True,0.75,1.0,True,0.26631790883286016,0.26631790883286016,0.014128943758573388,1.0,1.0,True,0111,0011,cross_time_discovery,True,False,True,False,False,False,False
BCL11A,NAPEPLD,NAPEPLD,ENSG00000161048,0.1590119062710492,0.1590119062710492,True,0.0905951792351003,0.0905951792351003,0.08313897653999176,0.18,1.0,False,0.32,1.0,False,0.1083502405387056,0.1083502405387056,0.07737686925504185,0.17,1.0,False,0.05992155383284727,0.05992155383284727,0.2075445816186557,0.0,1.0,False,0.02,0.96,False,0.07868727176766581,0.07868727176766581,0.16639231824417008,0.01,1.0,False,0.13584254592594555,0.13584254592594555,0.048559670781893,0.41,1.0,False,0.42,1.0,False,0.14709017850038353,0.14709017850038353,0.10576131687242799,0.03,1.0,False,0.15901190627104927,0.15901190627104927,0.013991769547325103,0.82,1.0,True,0.66,1.0,False,0.2005281076925448,0.2005281076925448,0.05198902606310014,0.36,1.0,False,0001,0001,day14_only_discovery,False,False,False,False,False,False,False
BCL11A,NUTM2B-AS1,NUTM2B-AS1,ENSG00000225484,0.1589990150866735,0.1589990150866735,True,0.10406257214910647,0.10406257214910647,0.058581424063657565,0.31,0.99,False,0.31,1.0,False,0.10587200354437329,0.10587200354437329,0.08245301138702153,0.16,1.0,False,0.14533110112449568,0.14533110112449568,0.019753086419753086,0.9,1.0,True,0.77,1.0,True,0.16354735202329237,0.16354735202329237,0.025377229080932786,0.87,1.0,True,0.11600633206384073,0.11600633206384073,0.07503429355281208,0.17,1.0,False,0.23,1.0,False,0.1479956373283865,0.1479956373283865,0.10384087791495199,0.01,1.0,False,0.15899901508667352,0.15899901508667352,0.014128943758573388,0.86,1.0,True,0.8,1.0,True,0.21019560303387955,0.21019560303387955,0.04238683127572016,0.49,1.0,False,0101,0101,cross_time_discovery,True,False,True,False,True,False,False
TAL1,ANK1,ANK1,ENSG00000029534,0.1589544917618727,0.1589544917618727,True,0.1564358601047483,0.1564358601047483,0.0008231581835642749,0.99,1.0,True,0.97,1.0,True,0.14414267509927367,0.14414267509927367,0.0009603512141583208,0.97,1.0,True,0.10613646373648186,0.10613646373648186,0.0005486968449931413,1.0,1.0,True,0.8,0.99,True,0.14311672977033862,0.14311672977033862,0.0008230452674897119,1.0,1.0,True,0.1506758625023707,0.1506758625023707,0.00041152263374485596,0.94,1.0,True,0.97,1.0,True,0.2362060820801089,0.2362060820801089,0.0006858710562414266,1.0,1.0,True,0.1589544917618728,0.1589544917618728,0.0005486968449931413,0.98,1.0,True,1.0,1.0,True,0.15848805016751408,0.15848805016751408,0.00041152263374485596,0.99,1.0,True,1111,1111,persistent_discovery,True,False,True,False,True,False,False
BCL11A,CIP2A,CIP2A,ENSG00000163507,0.1584477252369663,0.1584477252369663,True,0.06069512769928458,0.06069512769928458,0.20167375497324735,0.0,0.99,False,0.03,0.99,False,0.07678195233788475,0.07678195233788475,0.1688846206612704,0.02,1.0,False,0.11676159217145825,0.11676159217145825,0.044032921810699586,0.46,1.0,False,0.3,1.0,False,0.1690107097037234,0.1690107097037234,0.022085048010973937,0.9,1.0,True,0.14184302368891805,0.14184302368891805,0.04142661179698217,0.49,1.0,False,0.48,1.0,False,0.25800386517856877,0.25800386517856877,0.013031550068587106,0.98,1.0,True,0.1584477252369664,0.1584477252369664,0.014266117969821674,0.76,1.0,True,0.6,1.0,False,0.30039997138405516,0.30039997138405516,0.006172839506172839,1.0,1.0,True,0001,0001,day14_only_discovery,False,False,False,False,True,False,False
BCL11A,SNCA,SNCA,ENSG00000145335,0.1584318386607527,0.1584318386607527,True,0.15600689343022872,0.15600689343022872,0.012210179722870078,0.91,1.0,True,0.9,1.0,True,0.15135446828505414,0.15135446828505414,0.027712992179997255,0.73,1.0,True,0.16883994808165342,0.16883994808165342,0.008367626886145405,1.0,1.0,True,0.88,1.0,True,0.24488916751037793,0.24488916751037793,0.0035665294924554186,1.0,1.0,True,0.1265205682881034,0.1265205682881034,0.05898491083676269,0.18,1.0,False,0.28,1.0,False,0.2433264363189206,0.2433264363189206,0.019204389574759947,0.99,1.0,True,0.15843183866075272,0.15843183866075272,0.01440329218106996,0.82,1.0,True,0.84,1.0,True,0.1855645194270865,0.1855645194270865,0.06858710562414266,0.17,1.0,False,1101,1101,cross_time_discovery,True,False,True,False,True,False,False
TAL1,ABCC4,ABCC4,ENSG00000125257,0.1583775455329819,0.1583775455329819,True,0.07899886642107708,0.07899886642107708,0.025380710659898477,0.44,1.0,False,0.23,0.96,False,0.06462492966397466,0.06462492966397466,0.053093702839895736,0.24,0.96,False,0.023402172930837618,0.023402172930837618,0.3438957475994513,0.01,0.85,False,0.01,0.67,False,0.020071157169455633,0.020071157169455633,0.48669410150891634,0.0,0.79,False,0.08886180965101291,0.08886180965101291,0.020987654320987655,0.46,0.99,False,0.43,1.0,False,0.10988332437373147,0.10988332437373147,0.056241426611796985,0.37,1.0,False,0.158377545532982,0.158377545532982,0.0006858710562414266,0.99,1.0,True,1.0,1.0,True,0.15187399357080872,0.15187399357080872,0.0008230452674897119,0.97,1.0,True,0001,0001,day14_only_discovery,False,False,False,False,False,False,False
BCL11A,TCEA1,TCEA1,ENSG00000187735,0.1582616226651468,0.1582616226651468,True,0.04589126574962272,0.04589126574962272,0.32322678007957195,0.0,0.97,False,0.0,0.91,False,0.07388485085731865,0.07388485085731865,0.1808204143229524,0.0,1.0,False,0.012790769847554328,0.012790769847554328,0.762962962962963,0.0,0.67,False,0.0,0.58,False,0.03838483642116847,0.03838483642116847,0.44142661179698217,0.0,0.94,False,0.12793126997624385,0.12793126997624385,0.05720164609053498,0.3,1.0,False,0.25,1.0,False,0.2117796276052422,0.2117796276052422,0.03525377229080933,0.63,1.0,False,0.15826162266514676,0.15826162266514676,0.014540466392318244,0.77,1.0,True,0.8,1.0,True,0.27743367240565187,0.27743367240565187,0.010150891632373114,1.0,1.0,True,0001,0001,day14_only_discovery,False,False,False,False,False,False,False
GFI1B,RPL8,RPL8,ENSG00000161016,0.1580579188269304,0.1580579188269304,True,0.09741149514283497,0.09741149514283497,0.016188777610097408,0.67,1.0,False,0.68,1.0,False,0.11244299053378518,0.11244299053378518,0.013856496089998628,0.74,1.0,True,0.04203609677924884,0.04203609677924884,0.19849108367626886,0.07,0.97,False,0.08,0.94,False,0.05584450693950721,0.05584450693950721,0.11728395061728394,0.15,1.0,False,0.07597454522738065,0.07597454522738065,0.08491083676268861,0.22,0.99,False,0.22,0.99,False,0.10249771486972283,0.10249771486972283,0.03895747599451303,0.39,1.0,False,0.15805791882693046,0.15805791882693046,0.0021947873799725653,0.93,1.0,True,0.97,1.0,True,0.18253994228053327,0.18253994228053327,0.01083676268861454,0.89,1.0,True,0001,0001,day14_only_discovery,False,False,False,False,True,False,False
NFE2,AGPAT4,AGPAT4,ENSG00000026652,0.157666292970404,0.157666292970404,True,0.01642420116534875,0.01642420116534875,0.6391823295376595,0.0,0.76,False,0.0,0.76,False,0.01588268234903382,0.01588268234903382,0.6449444368226094,0.0,0.74,False,0.06336497142633087,0.06336497142633087,0.03854595336076817,0.25,0.99,False,0.24,0.98,False,0.07417743607946375,0.07417743607946375,0.049519890260631,0.29,1.0,False,0.09914302100741439,0.09914302100741439,0.04142661179698217,0.36,1.0,False,0.26,1.0,False,0.1557127128783131,0.1557127128783131,0.03429355281207133,0.58,1.0,False,0.15766629297040394,0.15766629297040394,0.0075445816186556925,0.97,1.0,True,0.98,1.0,True,0.14956388618908867,0.14956388618908867,0.009739368998628258,0.93,1.0,True,0001,0001,day14_only_discovery,False,False,False,False,False,False,False
NFE2,ACSL6,ACSL6,ENSG00000164398,0.1575918467570387,0.1575918467570387,True,-0.01629224824265173,0.01629224824265173,0.6417889971189463,0.0,0.6599999999999999,False,0.0,0.63,False,-0.009778605800168445,0.009778605800168445,0.7777472904376458,0.0,0.53,False,0.02839854650195594,0.02839854650195594,0.3307270233196159,0.03,0.85,False,0.03,0.87,False,0.051105135781642844,0.051105135781642844,0.15198902606310014,0.05,0.98,False,0.10780151450356347,0.10780151450356347,0.0289437585733882,0.39,1.0,False,0.49,1.0,False,0.151746273993436,0.151746273993436,0.038820301783264746,0.43,1.0,False,0.15759184675703877,0.15759184675703877,0.007681755829903978,0.98,1.0,True,0.98,1.0,True,0.15738139091959313,0.15738139091959313,0.007681755829903978,0.94,1.0,True,0001,0001,day14_only_discovery,False,False,False,False,False,False,False
BCL11A,SLC11A2,SLC11A2,ENSG00000110911,0.1574473990689276,0.1574473990689276,True,0.0704765701505801,0.0704765701505801,0.15077514062285635,0.0,0.98,False,0.03,1.0,False,0.08847840010114193,0.08847840010114193,0.12443407874879957,0.04,1.0,False,0.06520434839381253,0.06520434839381253,0.17860082304526748,0.0,1.0,False,0.0,0.99,False,0.09906663057033298,0.09906663057033298,0.10891632373113855,0.04,1.0,False,0.11967897935407718,0.11967897935407718,0.06927297668038408,0.1,1.0,False,0.27,1.0,False,0.15940079435909682,0.15940079435909682,0.08710562414266118,0.1,1.0,False,0.15744739906892763,0.15744739906892763,0.014677640603566529,0.74,1.0,True,0.8,1.0,True,0.19711657090970874,0.19711657090970874,0.05596707818930041,0.34,1.0,False,0001,0001,day14_only_discovery,False,False,False,False,False,False,False
BCL11A,HEMGN,HEMGN,ENSG00000136929,0.157226360799299,0.157226360799299,True,0.08918673706837787,0.08918673706837787,0.0871175744272191,0.11,1.0,False,0.09,1.0,False,0.1314563393843185,0.1314563393843185,0.045548086157223215,0.45,1.0,False,0.1445882080092997,0.1445882080092997,0.0205761316872428,0.91,1.0,True,0.79,1.0,True,0.2590929360369837,0.2590929360369837,0.0024691358024691358,1.0,1.0,True,0.12420783391950516,0.12420783391950516,0.06255144032921811,0.23,1.0,False,0.29,1.0,False,0.3208016637619328,0.3208016637619328,0.0031550068587105624,1.0,1.0,True,0.1572263607992992,0.1572263607992992,0.014814814814814815,0.8,1.0,True,0.76,1.0,True,0.30677691277564734,0.30677691277564734,0.005075445816186557,1.0,1.0,True,0101,0101,cross_time_discovery,True,False,True,False,True,False,False
BCL11A,RAB6B,RAB6B,ENSG00000154917,0.1570657440336868,0.1570657440336868,True,0.023819641025047713,0.023819641025047713,0.5951433667169708,0.0,0.82,False,0.0,0.78,False,0.04576234665518384,0.04576234665518384,0.3756345177664975,0.0,0.96,False,0.06811658386631324,0.06811658386631324,0.16502057613168725,0.0,1.0,False,0.03,0.99,False,0.12948968297415114,0.12948968297415114,0.05775034293552812,0.27,1.0,False,0.10127724291724534,0.10127724291724534,0.10631001371742113,0.1,1.0,False,0.15,1.0,False,0.21904211063238613,0.21904211063238613,0.029492455418381344,0.83,1.0,True,0.1570657440336869,0.1570657440336869,0.0149519890260631,0.74,1.0,True,0.76,1.0,True,0.24293925086418525,0.24293925086418525,0.02263374485596708,0.88,1.0,True,0001,0001,day14_only_discovery,False,False,False,False,True,False,False
TAL1,SLC2A1,SLC2A1,ENSG00000117394,0.1569837214779534,0.1569837214779534,True,0.10237832899948121,0.10237832899948121,0.007820002743860612,0.74,1.0,True,0.57,1.0,False,0.10020487322461315,0.10020487322461315,0.00754561668267252,0.68,1.0,False,0.05219983424837012,0.05219983424837012,0.04293552812071331,0.25,1.0,False,0.14,0.89,False,0.0818821563970577,0.0818821563970577,0.01728395061728395,0.61,1.0,False,0.02820537174850696,0.02820537174850696,0.4404663923182442,0.01,0.79,False,0.01,0.78,False,0.12146582328215472,0.12146582328215472,0.040329218106995884,0.39,1.0,False,0.15698372147795353,0.15698372147795353,0.0008230452674897119,1.0,1.0,True,0.97,1.0,True,0.1447276224534308,0.1447276224534308,0.0009602194787379973,0.98,1.0,True,1001,0001,cross_time_discovery,True,False,False,False,False,False,False
BCL11A,PPP1R12A,PPP1R12A,ENSG00000058272,0.1568298794774076,0.1568298794774076,True,-0.11549222882771866,0.11549222882771866,0.04170668130058993,0.44,1.0,False,0.5,1.0,False,-0.14450045786581733,0.14450045786581733,0.032926327342571,0.59,1.0,False,0.06664726143336004,0.06664726143336004,0.17037037037037037,0.02,1.0,False,0.03,0.97,False,0.03241594756904784,0.03241594756904784,0.5085048010973937,0.0,0.87,False,0.11758246775943307,0.11758246775943307,0.07270233196159122,0.22,1.0,False,0.24,1.0,False,0.10532453826011196,0.10532453826011196,0.20699588477366254,0.0,1.0,False,0.15682987947740773,0.15682987947740773,0.015089163237311385,0.79,1.0,True,0.77,1.0,True,0.1977138147452481,0.1977138147452481,0.05541838134430727,0.29,1.0,False,0001,0001,day14_only_discovery,False,False,False,False,False,False,False
NFE2,TLCD4,TLCD4,ENSG00000152078,0.1563650608657112,0.1563650608657112,True,0.013848403872733757,0.013848403872733757,0.6904925229798327,0.0,0.63,False,0.0,0.51,False,0.018107427785282845,0.018107427785282845,0.6022774043078611,0.0,0.78,False,0.06539237856148376,0.06539237856148376,0.034156378600823045,0.42,1.0,False,0.28,0.96,False,0.08936307502348612,0.08936307502348612,0.02290809327846365,0.6,1.0,False,-0.021756583218266443,0.021756583218266443,0.6218106995884773,0.0,0.77,False,0.0,0.6699999999999999,False,0.030720207214207176,0.030720207214207176,0.6355281207133059,0.0,0.79,False,0.15636506086571128,0.15636506086571128,0.007818930041152264,0.99,1.0,True,0.94,1.0,True,0.15889340091015275,0.15889340091015275,0.0075445816186556925,0.97,1.0,True,0001,0001,day14_only_discovery,False,False,False,False,False,False,False
BCL11A,TMEM120B,TMEM120B,ENSG00000188735,0.1562222412271677,0.1562222412271677,True,0.1093181261815372,0.1093181261815372,0.050761421319796954,0.39,1.0,False,0.26,1.0,False,0.13334435755961352,0.13334435755961352,0.043490190698312524,0.45,1.0,False,0.1467468338579477,0.1467468338579477,0.01879286694101509,0.9,1.0,True,0.79,1.0,True,0.20668113003400077,0.20668113003400077,0.012071330589849109,1.0,1.0,True,0.22152130053061664,0.22152130053061664,0.003978052126200274,1.0,1.0,True,1.0,1.0,True,0.29205109139606433,0.29205109139606433,0.006310013717421125,1.0,1.0,True,0.15622224122716788,0.15622224122716788,0.015226337448559672,0.73,1.0,True,0.84,1.0,True,0.20799482246903317,0.20799482246903317,0.04458161865569273,0.51,1.0,False,0111,0111,cross_time_discovery,True,False,True,False,True,False,False
NFE2,TNS1,TNS1,ENSG00000079308,0.1558985934656786,0.1558985934656786,True,0.05698267692199452,0.05698267692199452,0.10522705446563314,0.1,0.97,False,0.16,0.98,False,0.062442038202202725,0.062442038202202725,0.07435862258197283,0.14,0.99,False,0.11449291642580414,0.11449291642580414,0.0015089163237311386,0.97,1.0,True,0.78,1.0,True,0.1548384109617944,0.1548384109617944,0.0013717421124828531,0.99,1.0,True,0.10716746416182812,0.10716746416182812,0.030041152263374487,0.55,1.0,False,0.38,1.0,False,0.1938147082410814,0.1938147082410814,0.012345679012345678,0.95,1.0,True,0.15589859346567875,0.15589859346567875,0.007956104252400549,0.94,1.0,True,0.95,1.0,True,0.15501585941726154,0.15501585941726154,0.00823045267489712,0.97,1.0,True,0101,0101,cross_time_discovery,True,False,True,False,True,False,False
BCL11A,CPLANE1,CPLANE1,ENSG00000197603,0.1558751561604995,0.1558751561604995,True,0.06286935379709073,0.06286935379709073,0.18960076828097133,0.04,0.98,False,0.02,0.96,False,0.03121441580879218,0.03121441580879218,0.535738784469749,0.0,0.88,False,0.021835978866958816,0.021835978866958816,0.6141289437585734,0.0,0.87,False,0.0,0.87,False,0.014035478428809154,0.014035478428809154,0.7661179698216736,0.0,0.77,False,0.06927384791794575,0.06927384791794575,0.23786008230452674,0.0,0.97,False,0.01,0.96,False,0.0643791030654966,0.0643791030654966,0.39410150891632373,0.0,0.97,False,0.15587515616049938,0.15587515616049938,0.015363511659807956,0.76,1.0,True,0.63,1.0,False,0.12033242596066668,0.12033242596066668,0.2242798353909465,0.01,1.0,False,0001,0001,day14_only_discovery,False,False,False,False,False,False,False
BCL11A,NSMCE2,NSMCE2,ENSG00000156831,0.1557743008376192,0.1557743008376192,True,0.07688912854114247,0.07688912854114247,0.12717793936068048,0.02,1.0,False,0.04,0.99,False,0.09168312943206672,0.09168312943206672,0.1149677596378104,0.09,1.0,False,0.15386278615565885,0.15386278615565885,0.014814814814814815,0.94,1.0,True,0.82,1.0,True,0.17888065216646637,0.17888065216646637,0.01700960219478738,0.94,1.0,True,0.17657148201390835,0.17657148201390835,0.016323731138545954,0.84,1.0,True,0.88,1.0,True,0.21897279628405364,0.21897279628405364,0.02962962962962963,0.73,1.0,True,0.15577430083761912,0.15577430083761912,0.015500685871056241,0.78,1.0,True,0.7,1.0,True,0.2460942009411852,0.2460942009411852,0.020850480109739368,0.97,1.0,True,0111,0111,cross_time_discovery,True,False,True,False,True,False,False
BCL11A,TMEM131,TMEM131,ENSG00000075568,0.155610325009271,0.155610325009271,True,0.10276467111272462,0.10276467111272462,0.06091370558375635,0.27,1.0,False,0.4,1.0,False,0.12142388956265733,0.12142388956265733,0.05734668678831115,0.3,1.0,False,0.08869426011315236,0.08869426011315236,0.09314128943758573,0.08,1.0,False,0.14,1.0,False,0.06643292133147939,0.06643292133147939,0.2196159122085048,0.0,0.99,False,0.14195805834101444,0.14195805834101444,0.04128943758573388,0.5,1.0,False,0.41,1.0,False,0.09985548341860652,0.09985548341860652,0.2242798353909465,0.0,0.99,False,0.155610325009271,0.155610325009271,0.015637860082304528,0.74,1.0,True,0.65,1.0,False,0.18910942491992244,0.18910942491992244,0.0644718792866941,0.27,1.0,False,0001,0001,day14_only_discovery,False,False,False,False,False,False,False
BCL11A,USP32,USP32,ENSG00000170832,0.1555917934290424,0.1555917934290424,True,0.17548710059982248,0.17548710059982248,0.006859651529702291,1.0,1.0,True,0.96,1.0,True,0.19625520346529365,0.19625520346529365,0.01083824941692962,0.98,1.0,True,0.16535492828458892,0.16535492828458892,0.009739368998628258,0.98,1.0,True,0.93,1.0,True,0.20114143882498467,0.20114143882498467,0.012757201646090535,1.0,1.0,True,0.17633945783098487,0.17633945783098487,0.01646090534979424,0.85,1.0,True,0.88,1.0,True,0.24146371367338443,0.24146371367338443,0.019890260631001373,0.97,1.0,True,0.1555917934290423,0.1555917934290423,0.01577503429355281,0.75,1.0,True,0.77,1.0,True,0.23603590877253589,0.23603590877253589,0.025102880658436213,0.85,1.0,True,1111,1111,persistent_discovery,True,False,True,False,True,False,False
TAL1,BMP2K,BMP2K,ENSG00000138756,0.1551249785626031,0.1551249785626031,True,0.07631798150555644,0.07631798150555644,0.02922211551653176,0.38,1.0,False,0.37,0.98,False,0.05850200015606556,0.05850200015606556,0.07531897379613116,0.1,0.97,False,0.028476588727658906,0.028476588727658906,0.2544581618655693,0.0,0.9,False,0.07,0.85,False,0.04054093426301708,0.04054093426301708,0.17256515775034292,0.01,0.99,False,0.13167316507803875,0.13167316507803875,0.0024691358024691358,0.83,1.0,True,0.88,1.0,True,0.17061957746207912,0.17061957746207912,0.008367626886145405,0.92,1.0,True,0.15512497856260338,0.15512497856260338,0.0009602194787379973,1.0,1.0,True,0.97,1.0,True,0.15242238161928262,0.15242238161928262,0.0006858710562414266,0.97,1.0,True,0011,0011,cross_time_discovery,True,False,True,False,True,False,False
BCL11A,JADE1,JADE1,ENSG00000077684,0.1551207084712423,0.1551207084712423,True,0.05920016162396796,0.05920016162396796,0.21429551378789957,0.02,0.96,False,0.01,0.96,False,0.08275719518913119,0.08275719518913119,0.1440526821237481,0.03,1.0,False,0.08276146035498828,0.08276146035498828,0.10864197530864197,0.01,1.0,False,0.07,0.99,False,0.1095545847019888,0.1095545847019888,0.08641975308641975,0.06,1.0,False,0.092181189038409,0.092181189038409,0.12962962962962962,0.05,0.99,False,0.03,1.0,False,0.16213791348547185,0.16213791348547185,0.0821673525377229,0.07,1.0,False,0.15512070847124243,0.15512070847124243,0.016049382716049384,0.75,1.0,True,0.64,1.0,False,0.2897977522131608,0.2897977522131608,0.007270233196159122,1.0,1.0,True,0001,0001,day14_only_discovery,False,False,False,False,False,False,False
NFE2,TXNIP,TXNIP,ENSG00000265972,0.154819009116153,0.154819009116153,True,0.08880301168882514,0.08880301168882514,0.014954040334750994,0.51,1.0,False,0.4,1.0,False,0.08831481374826142,0.08831481374826142,0.01413088215118672,0.47,1.0,False,0.10581690705275396,0.10581690705275396,0.0024691358024691358,0.96,1.0,True,0.75,1.0,True,0.13110630899209438,0.13110630899209438,0.003840877914951989,1.0,1.0,True,0.13992766031677667,0.13992766031677667,0.007681755829903978,0.84,1.0,True,0.86,1.0,True,0.20953102353953057,0.20953102353953057,0.0075445816186556925,0.97,1.0,True,0.15481900911615296,0.15481900911615296,0.008093278463648833,0.93,1.0,True,0.96,1.0,True,0.14848961177120623,0.14848961177120623,0.010150891632373114,0.94,1.0,True,0111,0111,cross_time_discovery,True,False,True,False,True,False,False
NFE2,FOXO3,FOXO3,ENSG00000118689,0.1547337378526705,0.1547337378526705,True,0.008965728042833519,0.008965728042833519,0.7942104541089313,0.0,0.67,False,0.01,0.61,False,0.01391505249115209,0.01391505249115209,0.6869255041843875,0.01,0.78,False,0.064215718963239,0.064215718963239,0.03689986282578875,0.26,1.0,False,0.21,0.98,False,0.09400434972059092,0.09400434972059092,0.01906721536351166,0.58,1.0,False,0.09490695375527729,0.09490695375527729,0.04979423868312757,0.41,1.0,False,0.27,1.0,False,0.16951790955058785,0.16951790955058785,0.02373113854595336,0.81,1.0,True,0.15473373785267053,0.15473373785267053,0.00823045267489712,0.98,1.0,True,0.99,1.0,True,0.1488061945604147,0.1488061945604147,0.010013717421124828,0.96,1.0,True,0001,0001,day14_only_discovery,False,False,False,False,True,False,False
GFI1B,CASP8AP2,CASP8AP2,ENSG00000118412,0.1545158879384177,0.1545158879384177,True,0.029305684688182478,0.029305684688182478,0.4045822472218411,0.0,0.82,False,0.02,0.83,False,0.038449425409292894,0.038449425409292894,0.2985320345726437,0.03,0.96,False,0.07533876372014704,0.07533876372014704,0.03374485596707819,0.48,1.0,False,0.28,1.0,False,0.07298341313454598,0.07298341313454598,0.050205761316872426,0.34,1.0,False,0.12011547723677707,0.12011547723677707,0.009327846364883402,0.72,1.0,True,0.64,1.0,False,0.14383788645415402,0.14383788645415402,0.006310013717421125,0.87,1.0,True,0.1545158879384178,0.1545158879384178,0.0023319615912208505,0.81,1.0,True,0.9,1.0,True,0.20333452772656177,0.20333452772656177,0.0031550068587105624,0.96,1.0,True,0011,0001,cross_time_discovery,True,False,False,False,True,False,False
NFE2,ACKR1,ACKR1,ENSG00000213088,0.1543335717316595,0.1543335717316595,True,0.00343274718620793,0.00343274718620793,0.9244066401426807,0.0,0.5,False,0.0,0.55,False,0.00506004568898897,0.00506004568898897,0.8821511867197146,0.0,0.57,False,0.02002979388571873,0.02002979388571873,0.48669410150891634,0.0,0.89,False,0.02,0.72,False,0.030683789103095344,0.030683789103095344,0.3750342935528121,0.01,0.93,False,0.10479249313083361,0.10479249313083361,0.033196159122085046,0.42,1.0,False,0.45,1.0,False,0.13376857928807992,0.13376857928807992,0.06213991769547325,0.3,1.0,False,0.1543335717316595,0.1543335717316595,0.008367626886145405,0.91,1.0,True,0.96,1.0,True,0.15716486998139365,0.15716486998139365,0.007818930041152264,0.95,1.0,True,0001,0001,day14_only_discovery,False,False,False,False,False,False,False
NFE2,SUCO,SUCO,ENSG00000094975,0.1543321044879602,0.1543321044879602,True,0.03288255735188363,0.03288255735188363,0.3481959116476883,0.0,0.87,False,0.01,0.86,False,0.033392123402259694,0.033392123402259694,0.3379064343531349,0.01,0.85,False,0.007248527754150469,0.007248527754150469,0.8063100137174212,0.0,0.69,False,0.0,0.64,False,0.02592608138450309,0.02592608138450309,0.45637860082304527,0.0,0.93,False,0.054742500899146694,0.054742500899146694,0.2326474622770919,0.05,1.0,False,0.03,0.97,False,0.10660583686569844,0.10660583686569844,0.12359396433470507,0.07,1.0,False,0.15433210448796017,0.15433210448796017,0.00850480109739369,0.96,1.0,True,0.98,1.0,True,0.15536150674151847,0.15536150674151847,0.008093278463648833,0.97,1.0,True,0001,0001,day14_only_discovery,False,False,False,False,False,False,False
BCL11A,RPL5,RPL5,ENSG00000122406,0.1543253755317008,0.1543253755317008,True,-0.08828086518938277,0.08828086518938277,0.08958704897791192,0.16,1.0,False,0.12,1.0,False,-0.0870159683327552,0.0870159683327552,0.12896144875840307,0.08,0.99,False,-0.1570011652228041,0.1570011652228041,0.012894375857338821,0.97,1.0,True,0.85,1.0,True,-0.14888173834323082,0.14888173834323082,0.03635116598079561,0.7,1.0,True,-0.15664177454479816,0.15664177454479816,0.029080932784636488,0.7,1.0,True,0.69,1.0,False,-0.2091536979416822,0.2091536979416822,0.037997256515775034,0.69,1.0,False,0.15432537553170086,0.15432537553170086,0.016186556927297667,0.78,1.0,True,0.75,1.0,True,0.19254289911073344,0.19254289911073344,0.06063100137174211,0.31,1.0,False,0111,0101,cross_time_discovery,True,False,True,False,True,False,False
GFI1B,RPS6,RPS6,ENSG00000137154,0.1542437700271132,0.1542437700271132,True,0.023807700665750504,0.023807700665750504,0.5033612292495542,0.0,0.8,False,0.0,0.86,False,0.019462703505649402,0.019462703505649402,0.5978872273288517,0.0,0.72,False,0.020127025477450444,0.020127025477450444,0.5185185185185185,0.0,0.79,False,0.01,0.77,False,0.034822096907072754,0.034822096907072754,0.2993141289437586,0.01,0.9,False,0.0868256025322626,0.0868256025322626,0.05377229080932785,0.28,1.0,False,0.29,1.0,False,0.11458541500684308,0.11458541500684308,0.022222222222222223,0.57,1.0,False,0.15424377002711323,0.15424377002711323,0.0024691358024691358,0.98,1.0,True,0.98,1.0,True,0.19156781856272576,0.19156781856272576,0.006858710562414266,0.95,1.0,True,0001,0001,day14_only_discovery,False,False,False,False,False,False,False
GATA1,GYPC,GYPC,ENSG00000136732,0.1541002145352971,0.1541002145352971,True,0.04827474396803356,0.04827474396803356,0.11016600356701879,0.11,0.91,False,0.14,0.89,False,0.06858807131315754,0.06858807131315754,0.030731238853066264,0.29,0.96,False,0.04328005314118793,0.04328005314118793,0.062002743484224965,0.26,0.96,False,0.15,0.83,False,0.07358259617120923,0.07358259617120923,0.008093278463648833,0.68,1.0,False,0.044574676537513014,0.044574676537513014,0.15829903978052126,0.05,0.93,False,0.05,0.95,False,0.09334317782557228,0.09334317782557228,0.014266117969821674,0.37,1.0,False,0.15410021453529715,0.15410021453529715,0.0006858710562414266,0.98,1.0,True,1.0,1.0,True,0.16316599964244108,0.16316599964244108,0.0005486968449931413,0.98,1.0,True,0001,0001,day14_only_discovery,False,False,False,False,False,False,False
GFI1B,EEF1A1,EEF1A1,ENSG00000156508,0.1540522855301332,0.1540522855301332,True,0.047873032278629574,0.047873032278629574,0.1784881328028536,0.07,0.92,False,0.05,0.9,False,0.046543752146919116,0.046543752146919116,0.21690218136918646,0.05,0.92,False,0.041213402357420964,0.041213402357420964,0.20781893004115226,0.05,0.97,False,0.11,0.94,False,0.049207046026391976,0.049207046026391976,0.1589849108367627,0.04,0.97,False,0.12109845209891959,0.12109845209891959,0.008641975308641974,0.68,1.0,False,0.69,1.0,False,0.14212002058618187,0.14212002058618187,0.006721536351165981,0.82,1.0,True,0.15405228553013314,0.15405228553013314,0.002606310013717421,0.96,1.0,True,0.99,1.0,True,0.18703866498967078,0.18703866498967078,0.008916323731138546,0.93,1.0,True,0001,0001,day14_only_discovery,False,False,False,False,True,False,False
BCL11A,LRRFIP2,LRRFIP2,ENSG00000093167,0.153837398970204,0.153837398970204,True,0.016455060414802793,0.016455060414802793,0.7092879681712169,0.0,0.77,False,0.0,0.71,False,-0.000513723796484704,0.000513723796484704,0.9895733296748526,0.0,0.51,False,0.036970944268258615,0.036970944268258615,0.40891632373113856,0.0,0.95,False,0.0,0.88,False,0.03184789683709167,0.03184789683709167,0.5148148148148148,0.0,0.92,False,0.14833238271208027,0.14833238271208027,0.03429355281207133,0.55,1.0,False,0.52,1.0,False,0.17767182544397225,0.17767182544397225,0.0662551440329218,0.23,1.0,False,0.153837398970204,0.153837398970204,0.016323731138545954,0.71,1.0,True,0.72,1.0,True,0.23861548185969284,0.23861548185969284,0.024142661179698217,0.89,1.0,True,0001,0001,day14_only_discovery,False,False,False,False,False,False,False
BCL11A,RPLP1,RPLP1,ENSG00000137818,0.1537662793317735,0.1537662793317735,True,-0.11902063108074004,0.11902063108074004,0.037865276443956646,0.45,1.0,False,0.42,1.0,False,-0.11577845298337437,0.11577845298337437,0.06640142680751818,0.21,1.0,False,-0.17261312806045986,0.17261312806045986,0.007133058984910837,1.0,1.0,True,0.95,1.0,True,-0.18072890795570104,0.18072890795570104,0.016186556927297667,1.0,1.0,True,-0.17560672672270172,0.17560672672270172,0.01673525377229081,0.85,1.0,True,0.84,1.0,True,-0.22173140310188147,0.22173140310188147,0.02784636488340192,0.86,1.0,True,0.15376627933177353,0.15376627933177353,0.01646090534979424,0.74,1.0,True,0.84,1.0,True,0.20776927289050612,0.20776927289050612,0.044993141289437585,0.52,1.0,False,0111,0111,cross_time_discovery,True,False,True,False,True,False,False
GFI1B,RPSA,RPSA,ENSG00000168028,0.1537303078468969,0.1537303078468969,True,0.04510796856838645,0.04510796856838645,0.20441761558512828,0.03,0.98,False,0.03,0.94,False,0.0453987779811561,0.0453987779811561,0.22842639593908629,0.02,0.97,False,0.0034175607816597504,0.0034175607816597504,0.9079561042524006,0.0,0.55,False,0.01,0.62,False,0.010768397265017833,0.010768397265017833,0.7401920438957476,0.0,0.7,False,0.025475200620157772,0.025475200620157772,0.5469135802469136,0.0,0.78,False,0.01,0.8,False,0.05921593143883566,0.05921593143883566,0.19945130315500686,0.01,0.94,False,0.15373030784689704,0.15373030784689704,0.0027434842249657062,0.94,1.0,True,0.89,1.0,True,0.19729016532416338,0.19729016532416338,0.004663923182441701,0.96,1.0,True,0001,0001,day14_only_discovery,False,False,False,False,False,False,False
NFE2,HMOX1,HMOX1,ENSG00000100292,-0.1533903101048274,0.1533903101048274,True,0.07225855856485568,0.07225855856485568,0.04294141857593634,0.3,0.96,False,0.29,0.97,False,0.06853636713322661,0.06853636713322661,0.05007545616682672,0.16,0.98,False,-0.040617472582774594,0.040617472582774594,0.16858710562414267,0.05,0.97,False,0.01,0.91,False,-0.04254882043060128,0.04254882043060128,0.22085048010973937,0.03,0.99,False,-0.007740493279848736,0.007740493279848736,0.8624142661179698,0.0,0.56,False,0.0,0.56,False,0.008166887698903348,0.008166887698903348,0.9037037037037037,0.0,0.59,False,-0.15339031010482754,0.15339031010482754,0.008641975308641974,0.98,1.0,True,0.98,1.0,True,-0.15592343762804095,0.15592343762804095,0.007956104252400549,0.99,1.0,True,0001,0001,day14_only_discovery,False,False,False,False,False,False,False
BCL11A,RPS27A,RPS27A,ENSG00000143947,0.1533604385746258,0.1533604385746258,True,-0.12618943417725653,0.12618943417725653,0.03031965976128413,0.63,1.0,False,0.45,1.0,False,-0.11792604129790725,0.11792604129790725,0.06269721498147894,0.2,1.0,False,-0.15850642365635212,0.15850642365635212,0.012345679012345678,0.98,1.0,True,0.91,1.0,True,-0.1382700772123398,0.1382700772123398,0.04663923182441701,0.59,1.0,False,-0.1529221324123076,0.1529221324123076,0.030864197530864196,0.64,1.0,False,0.6,1.0,False,-0.18489083998200234,0.18489083998200234,0.0588477366255144,0.27,1.0,False,0.15336043857462583,0.15336043857462583,0.016598079561042523,0.84,1.0,True,0.8,1.0,True,0.20290293457778066,0.20290293457778066,0.04979423868312757,0.47,1.0,False,0101,0101,cross_time_discovery,True,False,True,False,False,False,False
KLF1,JAZF1,JAZF1,ENSG00000153814,0.1530334968312828,0.1530334968312828,True,0.08881171085973348,0.08881171085973348,0.022774043078611608,0.48,1.0,False,0.23,1.0,False,0.13366898252204865,0.13366898252204865,0.018109480038414047,0.85,1.0,True,0.08035179321564094,0.08035179321564094,0.016598079561042523,0.61,1.0,False,0.35,0.97,False,0.1756101484789149,0.1756101484789149,0.004526748971193415,1.0,1.0,True,0.07956057575184977,0.07956057575184977,0.04224965706447188,0.26,0.97,False,0.24,0.99,False,0.23601020144824778,0.23601020144824778,0.004663923182441701,1.0,1.0,True,0.1530334968312829,0.1530334968312829,0.0016460905349794238,0.98,1.0,True,1.0,1.0,True,0.17174822735171066,0.17174822735171066,0.0015089163237311386,0.98,1.0,True,0001,0001,day14_only_discovery,False,False,False,False,True,False,False
BCL11A,SCFD1,SCFD1,ENSG00000092108,0.1529131467029289,0.1529131467029289,True,0.08368733804132257,0.08368733804132257,0.10248319385375224,0.05,1.0,False,0.01,1.0,False,0.09328283865626322,0.09328283865626322,0.1114007408423652,0.05,1.0,False,0.036192973458525804,0.036192973458525804,0.41838134430727025,0.0,0.95,False,0.01,0.92,False,0.05502274498384653,0.05502274498384653,0.29506172839506173,0.0,1.0,False,0.06422750940734516,0.06422750940734516,0.2720164609053498,0.0,0.94,False,0.0,1.0,False,0.09498663338458732,0.09498663338458732,0.24279835390946503,0.0,1.0,False,0.15291314670292885,0.15291314670292885,0.01673525377229081,0.79,1.0,True,0.55,1.0,False,0.20993972377125913,0.20993972377125913,0.042661179698216735,0.46,1.0,False,0001,0001,day14_only_discovery,False,False,False,False,False,False,False
GATA1,TFRC,TFRC,ENSG00000072274,0.1528756276191107,0.1528756276191107,True,-0.011464699169358447,0.011464699169358447,0.7077788448346825,0.0,0.71,False,0.01,0.6599999999999999,False,0.018990726799729393,0.018990726799729393,0.5432844011524215,0.02,0.77,False,-0.00783349985482195,0.00783349985482195,0.7290809327846365,0.02,0.7,False,0.01,0.56,False,0.006861271218778811,0.006861271218778811,0.7899862825788752,0.0,0.57,False,0.05319099658088457,0.05319099658088457,0.09080932784636489,0.2,0.98,False,0.14,0.96,False,0.07264921265834073,0.07264921265834073,0.05432098765432099,0.16,0.99,False,0.1528756276191108,0.1528756276191108,0.0008230452674897119,0.99,1.0,True,0.98,1.0,True,0.1606764379750184,0.1606764379750184,0.0006858710562414266,0.97,1.0,True,0001,0001,day14_only_discovery,False,False,False,False,False,False,False
GATA1,CDC27,CDC27,ENSG00000004897,0.1525464479182934,0.1525464479182934,True,0.03353049655925879,0.03353049655925879,0.2649197420771025,0.04,0.78,False,0.05,0.81,False,0.04235682841586566,0.04235682841586566,0.1664151461105776,0.07,0.96,False,0.0033048860318404425,0.0033048860318404425,0.8862825788751715,0.0,0.56,False,0.01,0.54,False,0.034268736213012345,0.034268736213012345,0.18395061728395062,0.09,0.93,False,-0.02132194408025549,0.02132194408025549,0.5016460905349794,0.02,0.8200000000000001,False,0.02,0.78,False,0.03926565415595006,0.03926565415595006,0.29670781893004117,0.03,0.88,False,0.15254644791829344,0.15254644791829344,0.0009602194787379973,0.98,1.0,True,0.98,1.0,True,0.15895519709731504,0.15895519709731504,0.0008230452674897119,0.97,1.0,True,0001,0001,day14_only_discovery,False,False,False,False,False,False,False
BCL11A,SERBP1,SERBP1,ENSG00000142864,0.1524227725577528,0.1524227725577528,True,0.03805131895288311,0.03805131895288311,0.4027987378241185,0.0,0.9,False,0.02,0.94,False,0.06196816213427534,0.06196816213427534,0.24571271779393608,0.01,0.99,False,-0.0008261092296031078,0.0008261092296031078,0.98559670781893,0.0,0.54,False,0.0,0.63,False,-0.03443377155459948,0.03443377155459948,0.48381344307270235,0.0,0.9299999999999999,False,-0.06431997286499497,0.06431997286499497,0.2716049382716049,0.0,0.99,False,0.01,1.0,False,-0.118405767899043,0.118405767899043,0.1626886145404664,0.0,1.0,False,0.15242277255775288,0.15242277255775288,0.017146776406035666,0.74,1.0,True,0.69,1.0,False,0.22458104272699203,0.22458104272699203,0.03347050754458162,0.64,1.0,False,0001,0001,day14_only_discovery,False,False,False,False,False,False,False
GFI1B,CD36,CD36,ENSG00000135218,0.1520325625700166,0.1520325625700166,True,0.15032592610814327,0.15032592610814327,0.0016463163671285499,0.99,1.0,True,0.98,1.0,True,0.17592227008410552,0.17592227008410552,0.0012347372753464124,0.99,1.0,True,0.15601557838584368,0.15601557838584368,0.0005486968449931413,1.0,1.0,True,0.95,1.0,True,0.17491100887395591,0.17491100887395591,0.0005486968449931413,1.0,1.0,True,0.12744286283510897,0.12744286283510897,0.006172839506172839,0.74,1.0,True,0.75,1.0,True,0.15581490920916163,0.15581490920916163,0.0031550068587105624,0.97,1.0,True,0.15203256257001663,0.15203256257001663,0.002880658436213992,0.93,1.0,True,0.93,1.0,True,0.20883890981764475,0.20883890981764475,0.0023319615912208505,1.0,1.0,True,1111,1111,persistent_discovery,True,False,True,False,True,False,False
BCL11A,SMC2,SMC2,ENSG00000136824,0.151918973825576,0.151918973825576,True,-0.007671135796526487,0.007671135796526487,0.8619838112223899,0.0,0.61,False,0.0,0.75,False,0.016258040851520446,0.016258040851520446,0.739607627932501,0.0,0.73,False,0.07825099649716147,0.07825099649716147,0.12359396433470507,0.04,1.0,False,0.11,1.0,False,0.14770126026368036,0.14770126026368036,0.03758573388203018,0.57,1.0,False,0.11016456567414994,0.11016456567414994,0.08628257887517146,0.13,1.0,False,0.14,1.0,False,0.2712923087108633,0.2712923087108633,0.009465020576131687,0.99,1.0,True,0.151918973825576,0.151918973825576,0.01728395061728395,0.74,1.0,True,0.63,1.0,False,0.3307489871234797,0.3307489871234797,0.0019204389574759945,1.0,1.0,True,0001,0001,day14_only_discovery,False,False,False,False,True,False,False
NFE2,RNF11,RNF11,ENSG00000123091,0.1518166182472156,0.1518166182472156,True,0.05107365946668893,0.05107365946668893,0.14542461242968857,0.04,0.98,False,0.06,0.97,False,0.049915272766847124,0.049915272766847124,0.15310742214295514,0.11,0.97,False,0.04898841851925813,0.04898841851925813,0.10301783264746228,0.06,0.99,False,0.09,0.95,False,0.04366227589680477,0.04366227589680477,0.21083676268861454,0.07,0.99,False,0.06921803289575283,0.06921803289575283,0.13964334705075446,0.09,0.98,False,0.1,0.97,False,0.09522437663506642,0.09522437663506642,0.16145404663923182,0.03,1.0,False,0.15181661824721568,0.15181661824721568,0.008779149519890261,0.95,1.0,True,0.94,1.0,True,0.15003525333884543,0.15003525333884543,0.009465020576131687,0.94,1.0,True,0001,0001,day14_only_discovery,False,False,False,False,False,False,False
NFE2,TNXB,TNXB,ENSG00000168477,0.1517043457291336,0.1517043457291336,True,0.01794551331000147,0.01794551331000147,0.607902318562217,0.01,0.66,False,0.0,0.54,False,0.0191237439799039,0.0191237439799039,0.5834819591164769,0.0,0.8,False,0.03891054434074669,0.03891054434074669,0.18628257887517147,0.05,1.0,False,0.06,0.92,False,0.050006400579611365,0.050006400579611365,0.15912208504801098,0.03,0.98,False,0.11519748545961367,0.11519748545961367,0.020713305898491085,0.62,1.0,False,0.58,1.0,False,0.14705563284847475,0.14705563284847475,0.044032921810699586,0.38,1.0,False,0.1517043457291336,0.1517043457291336,0.008916323731138546,0.93,1.0,True,0.96,1.0,True,0.15214206196678412,0.15214206196678412,0.00905349794238683,0.95,1.0,True,0001,0001,day14_only_discovery,False,False,False,False,False,False,False
BCL11A,PRKAR2B,PRKAR2B,ENSG00000005249,0.1516122975536868,0.1516122975536868,True,0.10981343241524588,0.10981343241524588,0.04952668404445054,0.32,1.0,False,0.1,1.0,False,0.12741618982574626,0.12741618982574626,0.04980107010563863,0.41,1.0,False,0.1307300240241148,0.1307300240241148,0.029766803840877914,0.68,1.0,False,0.59,1.0,False,0.14248461693303474,0.14248461693303474,0.04224965706447188,0.53,1.0,False,0.08924454058471445,0.08924454058471445,0.1403292181069959,0.03,1.0,False,0.05,0.99,False,0.08666758920842875,0.08666758920842875,0.2766803840877915,0.0,1.0,False,0.15161229755368688,0.15161229755368688,0.01783264746227709,0.74,1.0,True,0.6,1.0,False,0.22758976126401909,0.22758976126401909,0.030452674897119343,0.85,1.0,True,0001,0001,day14_only_discovery,False,False,False,False,False,False,False
NFE2,ZMYND8,ZMYND8,ENSG00000101040,0.1515880308769802,0.1515880308769802,True,0.06500596781054228,0.06500596781054228,0.06475511044038963,0.23,0.95,False,0.13,0.94,False,0.07033235107601933,0.07033235107601933,0.045410893126629166,0.23,1.0,False,0.05150447346456576,0.05150447346456576,0.08957475994513031,0.16,1.0,False,0.18,0.94,False,0.05658934319396765,0.05658934319396765,0.11563786008230453,0.1,0.99,False,0.07246703424651477,0.07246703424651477,0.12277091906721536,0.07,0.99,False,0.14,1.0,False,0.07705549547306412,0.07705549547306412,0.2518518518518518,0.01,0.99,False,0.15158803087698033,0.15158803087698033,0.00905349794238683,0.96,1.0,True,0.97,1.0,True,0.1542063431265095,0.1542063431265095,0.00850480109739369,0.97,1.0,True,0001,0001,day14_only_discovery,False,False,False,False,False,False,False
NFE2,CR1L,CR1L,ENSG00000197721,0.1515043659979539,0.1515043659979539,True,0.06293245636485756,0.06293245636485756,0.0736726574290026,0.21,0.99,False,0.06,0.97,False,0.06082777932876174,0.06082777932876174,0.08368774866236796,0.14,0.99,False,0.08343498687717119,0.08343498687717119,0.01083676268861454,0.64,1.0,False,0.31,1.0,False,0.1408200764440938,0.1408200764440938,0.0023319615912208505,1.0,1.0,True,0.11611219671212067,0.11611219671212067,0.02030178326474623,0.63,1.0,False,0.57,1.0,False,0.2201091830596554,0.2201091830596554,0.004663923182441701,0.99,1.0,True,0.151504365997954,0.151504365997954,0.009190672153635117,0.94,1.0,True,0.86,1.0,True,0.1542701793132048,0.1542701793132048,0.008367626886145405,0.96,1.0,True,0001,0001,day14_only_discovery,False,False,False,False,True,False,False
GFI1B,LPIN2,LPIN2,ENSG00000101577,-0.1514516913981207,0.1514516913981207,True,-0.01728528130965871,0.01728528130965871,0.625737412539443,0.01,0.74,False,0.0,0.77,False,-0.012475862216249325,0.012475862216249325,0.7359034161064618,0.0,0.6799999999999999,False,0.03642003229605648,0.03642003229605648,0.2584362139917695,0.05,0.96,False,0.07,0.95,False,0.03466440442025332,0.03466440442025332,0.30246913580246915,0.01,0.98,False,0.00868762573788316,0.00868762573788316,0.8395061728395061,0.0,0.56,False,0.0,0.58,False,-0.0186098651975435,0.0186098651975435,0.6806584362139918,0.0,0.73,False,-0.1514516913981207,0.1514516913981207,0.003017832647462277,0.9,1.0,True,0.92,1.0,True,-0.22040953406669242,0.22040953406669242,0.0015089163237311386,1.0,1.0,True,0001,0001,day14_only_discovery,False,False,False,False,False,False,False
BCL11A,NUDT4,NUDT4,ENSG00000173598,0.1514081687460491,0.1514081687460491,True,0.055829061116717836,0.055829061116717836,0.23624639868294692,0.0,0.99,False,0.0,0.94,False,0.08472323986385265,0.08472323986385265,0.1365070654410756,0.01,1.0,False,0.11409786567750635,0.11409786567750635,0.047736625514403296,0.35,1.0,False,0.38,1.0,False,0.17516739397694978,0.17516739397694978,0.019204389574759947,0.96,1.0,True,0.19184944353452613,0.19184944353452613,0.010425240054869684,0.96,1.0,True,0.94,1.0,True,0.26251054300317256,0.26251054300317256,0.011111111111111112,0.97,1.0,True,0.15140816874604915,0.15140816874604915,0.017969821673525378,0.75,1.0,True,0.7,1.0,True,0.1112792261656242,0.1112792261656242,0.25816186556927295,0.0,1.0,False,0011,0011,cross_time_discovery,True,False,True,False,True,False,False
NFE2,AAK1,AAK1,ENSG00000115977,-0.1511939397095043,0.1511939397095043,True,-0.003378513419805393,0.003378513419805393,0.9261901495404034,0.0,0.53,False,0.0,0.6,False,-0.00505573195463564,0.00505573195463564,0.8822883797503087,0.01,0.61,False,-0.02679933288917257,0.02679933288917257,0.35871056241426613,0.02,0.89,False,0.01,0.78,False,-0.039362878697052815,0.039362878697052815,0.25857338820301784,0.01,0.97,False,-0.015609889499353808,0.015609889499353808,0.7194787379972565,0.0,0.6599999999999999,False,0.0,0.71,False,-0.033214966875266816,0.033214966875266816,0.6068587105624142,0.0,0.88,False,-0.1511939397095043,0.1511939397095043,0.009327846364883402,0.94,1.0,True,0.96,1.0,True,-0.15409522991403946,0.15409522991403946,0.008641975308641974,0.98,1.0,True,0001,0001,day14_only_discovery,False,False,False,False,False,False,False
GFI1B,RPL23,RPL23,ENSG00000125691,0.1509197913642824,0.1509197913642824,True,0.053030796998132346,0.053030796998132346,0.13582110028810537,0.13,0.97,False,0.11,0.92,False,0.047083066374092694,0.047083066374092694,0.21237481135958294,0.02,0.92,False,-0.028669118802243633,0.028669118802243633,0.3561042524005487,0.0,0.88,False,0.05,0.79,False,-0.020574592134915422,0.020574592134915422,0.5300411522633744,0.0,0.85,False,0.05178599721424963,0.05178599721424963,0.22414266117969822,0.02,0.96,False,0.05,0.97,False,0.07485495411535249,0.07485495411535249,0.11508916323731139,0.08,1.0,False,0.1509197913642824,0.1509197913642824,0.0031550068587105624,0.96,1.0,True,0.92,1.0,True,0.1626591548994254,0.1626591548994254,0.025102880658436213,0.66,1.0,False,0001,0001,day14_only_discovery,False,False,False,False,False,False,False
BCL11A,XRCC5,XRCC5,ENSG00000079246,0.1508117337462951,0.1508117337462951,True,0.04250904234870397,0.04250904234870397,0.35395801893263823,0.0,0.95,False,0.04,0.99,False,0.04514838138851242,0.04514838138851242,0.38098504595966526,0.0,0.93,False,-0.01480183237541135,0.01480183237541135,0.7275720164609053,0.0,0.71,False,0.0,0.6599999999999999,False,-0.04382323573571709,0.04382323573571709,0.3860082304526749,0.0,0.96,False,0.04287329704951748,0.04287329704951748,0.44156378600823043,0.0,0.89,False,0.0,0.91,False,0.04229944990809167,0.04229944990809167,0.5669410150891633,0.0,0.9,False,0.1508117337462952,0.1508117337462952,0.01810699588477366,0.72,1.0,True,0.81,1.0,True,0.21778587496507207,0.21778587496507207,0.03786008230452675,0.66,1.0,False,0001,0001,day14_only_discovery,False,False,False,False,False,False,False
BCL11A,PICALM,PICALM,ENSG00000073921,0.1507811405499061,0.1507811405499061,True,0.10667266874124563,0.10667266874124563,0.05391686102346001,0.32,1.0,False,0.22,1.0,False,0.10984187958537761,0.10984187958537761,0.07504458773494306,0.17,1.0,False,0.16654413024655149,0.16654413024655149,0.009465020576131687,0.99,1.0,True,0.94,1.0,True,0.1887084527369984,0.1887084527369984,0.014677640603566529,1.0,1.0,True,0.20077793765203092,0.20077793765203092,0.00823045267489712,0.99,1.0,True,0.98,1.0,True,0.26331121103554567,0.26331121103554567,0.010699588477366255,0.98,1.0,True,0.150781140549906,0.150781140549906,0.018381344307270234,0.75,1.0,True,0.64,1.0,False,0.22257961698843315,0.22257961698843315,0.03497942386831276,0.69,1.0,False,0111,0111,cross_time_discovery,True,False,True,False,True,False,False
BCL11A,DLEU2,DLEU2,ENSG00000231607,0.1506174189524578,0.1506174189524578,True,0.08274274401022139,0.08274274401022139,0.10495266840444506,0.09,0.99,False,0.07,1.0,False,0.09302028302371203,0.09302028302371203,0.11181231993414735,0.05,1.0,False,0.16485480617407414,0.16485480617407414,0.010013717421124828,1.0,1.0,True,0.95,1.0,True,0.22567367794262777,0.22567367794262777,0.006721536351165981,1.0,1.0,True,0.20625961496059209,0.20625961496059209,0.007270233196159122,0.98,1.0,True,1.0,1.0,True,0.33915439866793856,0.33915439866793856,0.0016460905349794238,1.0,1.0,True,0.1506174189524577,0.1506174189524577,0.018518518518518517,0.81,1.0,True,0.76,1.0,True,0.30313906020102366,0.30313906020102366,0.0054869684499314125,1.0,1.0,True,0111,0111,cross_time_discovery,True,False,True,False,True,False,False
NFE2,USP32,USP32,ENSG00000170832,0.1506155718997078,0.1506155718997078,True,0.014033658261253244,0.014033658261253244,0.6874742763067636,0.0,0.73,False,0.02,0.6,False,0.01936442478759693,0.01936442478759693,0.5800521333516258,0.01,0.69,False,0.04269425529562358,0.04269425529562358,0.1484224965706447,0.08,0.93,False,0.05,0.92,False,0.06194697983345571,0.06194697983345571,0.08957475994513031,0.12,1.0,False,0.06888447320620573,0.06888447320620573,0.1421124828532236,0.13,1.0,False,0.09,1.0,False,0.12046145893946997,0.12046145893946997,0.08559670781893004,0.23,1.0,False,0.15061557189970795,0.15061557189970795,0.009465020576131687,0.96,1.0,True,0.95,1.0,True,0.15278826407202223,0.15278826407202223,0.008916323731138546,0.95,1.0,True,0001,0001,day14_only_discovery,False,False,False,False,False,False,False
NFE2,TSPO2,TSPO2,ENSG00000112212,0.1505337253842833,0.1505337253842833,True,-0.014237971084908119,0.014237971084908119,0.6830840993277542,0.0,0.72,False,0.0,0.5900000000000001,False,-0.01657149256044227,0.01657149256044227,0.6313623267937989,0.01,0.81,False,0.055139600164984176,0.055139600164984176,0.06927297668038408,0.28,0.96,False,0.19,0.91,False,0.09512063805687802,0.09512063805687802,0.01810699588477366,0.7,1.0,True,0.08214647772403094,0.08214647772403094,0.08491083676268861,0.2,1.0,False,0.18,1.0,False,0.1583449126274901,0.1583449126274901,0.03196159122085048,0.58,1.0,False,0.1505337253842833,0.1505337253842833,0.009602194787379973,0.95,1.0,True,0.93,1.0,True,0.1533397187219288,0.1533397187219288,0.008779149519890261,0.95,1.0,True,0001,0001,day14_only_discovery,False,False,False,False,True,False,False
NFE2,UROD,UROD,ENSG00000126088,0.150189502508867,0.150189502508867,True,0.045790745643808486,0.045790745643808486,0.19467691041295102,0.09,0.95,False,0.06,0.89,False,0.048710695188317915,0.048710695188317915,0.16133900397859788,0.11,0.97,False,0.06294252819931112,0.06294252819931112,0.039368998628257885,0.26,0.99,False,0.23,0.97,False,0.09882768763521127,0.09882768763521127,0.015089163237311385,0.72,1.0,True,0.09197736936382088,0.09197736936382088,0.057338820301783264,0.35,0.99,False,0.26,1.0,False,0.1615576844514416,0.1615576844514416,0.02962962962962963,0.6,1.0,False,0.15018950250886698,0.15018950250886698,0.009739368998628258,0.95,1.0,True,0.88,1.0,True,0.15201598523252474,0.15201598523252474,0.009190672153635117,0.91,1.0,True,0001,0001,day14_only_discovery,False,False,False,False,True,False,False
GATA1,KEL,KEL,ENSG00000197993,0.1500500579908884,0.1500500579908884,True,0.005761804865922426,0.005761804865922426,0.85622170393744,0.0,0.54,False,0.0,0.65,False,0.020184475905672777,0.020184475905672777,0.5161201810948004,0.03,0.76,False,0.018280699514771428,0.018280699514771428,0.4271604938271605,0.02,0.8,False,0.07,0.77,False,0.041078553975294405,0.041078553975294405,0.11316872427983539,0.13,0.98,False,0.014288383426866526,0.014288383426866526,0.6524005486968449,0.02,0.67,False,0.03,0.62,False,0.05751695390343858,0.05751695390343858,0.1271604938271605,0.12,0.97,False,0.15005005799088839,0.15005005799088839,0.0010973936899862826,0.97,1.0,True,0.95,1.0,True,0.15859351959001822,0.15859351959001822,0.0009602194787379973,0.98,1.0,True,0001,0001,day14_only_discovery,False,False,False,False,False,False,False
NFE2,LINC00278,LINC00278,ENSG00000231535,0.1498825819333264,0.1498825819333264,True,0.03279126180149389,0.03279126180149389,0.350253807106599,0.04,0.89,False,0.02,0.86,False,0.03651075071423519,0.03651075071423519,0.2922211551653176,0.04,0.9,False,0.032307010723396416,0.032307010723396416,0.2709190672153635,0.03,0.95,False,0.03,0.87,False,0.036184262218587525,0.036184262218587525,0.29506172839506173,0.01,0.98,False,0.0901399061141707,0.0901399061141707,0.0626886145404664,0.31,1.0,False,0.26,1.0,False,0.13643347642986264,0.13643347642986264,0.0588477366255144,0.31,1.0,False,0.14988258193332651,0.14988258193332651,0.009876543209876543,0.93,1.0,True,0.95,1.0,True,0.14542774468204753,0.14542774468204753,0.010973936899862825,0.89,1.0,True,0001,0001,day14_only_discovery,False,False,False,False,False,False,False
BCL11A,CMAS,CMAS,ENSG00000111726,0.1498521921924347,0.1498521921924347,True,-0.004586130503325489,0.004586130503325489,0.9212512004390176,0.0,0.62,False,0.0,0.64,False,0.011288037362732865,0.011288037362732865,0.8116339689943751,0.0,0.67,False,0.033231808180606406,0.033231808180606406,0.4525377229080933,0.0,0.96,False,0.0,0.84,False,0.06959570812092171,0.06959570812092171,0.20480109739368998,0.0,1.0,False,0.07893370469477264,0.07893370469477264,0.18641975308641975,0.01,1.0,False,0.02,0.99,False,0.1515947919979877,0.1515947919979877,0.09643347050754458,0.04,1.0,False,0.14985219219243476,0.14985219219243476,0.01906721536351166,0.73,1.0,True,0.67,1.0,False,0.20039854883766323,0.20039854883766323,0.05226337448559671,0.39,1.0,False,0001,0001,day14_only_discovery,False,False,False,False,False,False,False
GFI1B,RPL11,RPL11,ENSG00000142676,0.1497448410744444,0.1497448410744444,True,0.02668514983283998,0.02668514983283998,0.4515022636850048,0.02,0.81,False,0.02,0.89,False,0.03638681915105862,0.03638681915105862,0.3235011661407601,0.04,0.87,False,0.03765919789900107,0.03765919789900107,0.24636488340192045,0.07,0.96,False,0.08,0.89,False,0.051318392865555125,0.051318392865555125,0.14540466392318244,0.06,0.99,False,0.0909503102955031,0.0909503102955031,0.043209876543209874,0.34,1.0,False,0.37,1.0,False,0.10644957944138114,0.10644957944138114,0.03196159122085048,0.35,1.0,False,0.14974484107444447,0.14974484107444447,0.0032921810699588477,0.98,1.0,True,0.89,1.0,True,0.18119846066723488,0.18119846066723488,0.011934156378600824,0.87,1.0,True,0001,0001,day14_only_discovery,False,False,False,False,False,False,False
GFI1B,RPL21,RPL21,ENSG00000122026,0.1495147672089809,0.1495147672089809,True,0.020080465505200817,0.020080465505200817,0.571957744546577,0.0,0.72,False,0.01,0.53,False,0.028430419495884974,0.028430419495884974,0.443270681849362,0.02,0.84,False,0.009350229336480621,0.009350229336480621,0.7539094650205761,0.0,0.65,False,0.01,0.59,False,0.02218344960853878,0.02218344960853878,0.49945130315500685,0.0,0.88,False,0.05516892911768152,0.05516892911768152,0.1964334705075446,0.05,0.99,False,0.03,0.96,False,0.08501154076997648,0.08501154076997648,0.07681755829903979,0.15,1.0,False,0.14951476720898102,0.14951476720898102,0.003429355281207133,0.9,1.0,True,0.9,1.0,True,0.18706353575532514,0.18706353575532514,0.008641975308641974,0.95,1.0,True,0001,0001,day14_only_discovery,False,False,False,False,False,False,False
TAL1,WNK1,WNK1,ENSG00000060237,0.1494508248002316,0.1494508248002316,True,0.0393123804891563,0.0393123804891563,0.23597201262175882,0.06,0.92,False,0.02,0.88,False,0.03392211919705435,0.03392211919705435,0.29537659486898066,0.03,0.86,False,0.049231007288545243,0.049231007288545243,0.0551440329218107,0.2,0.98,False,0.12,0.95,False,0.08682687725207384,0.08682687725207384,0.013854595336076818,0.64,1.0,False,0.12620664938528267,0.12620664938528267,0.0035665294924554186,0.76,1.0,True,0.86,1.0,True,0.21956809508711578,0.21956809508711578,0.0016460905349794238,1.0,1.0,True,0.1494508248002317,0.1494508248002317,0.0010973936899862826,0.97,1.0,True,1.0,1.0,True,0.14456559755239662,0.14456559755239662,0.0010973936899862826,0.99,1.0,True,0011,0011,cross_time_discovery,True,False,True,False,True,False,False
NFE2,ANKH,ANKH,ENSG00000154122,0.1492173912901664,0.1492173912901664,True,0.03726117853742681,0.03726117853742681,0.28755659212512,0.01,0.91,False,0.02,0.84,False,0.04305238697269298,0.04305238697269298,0.21813691864453286,0.01,0.97,False,0.02759516347395309,0.02759516347395309,0.345679012345679,0.01,0.9,False,0.01,0.88,False,0.07413770109119149,0.07413770109119149,0.04979423868312757,0.25,1.0,False,0.037489547556281144,0.037489547556281144,0.40548696844993143,0.0,0.88,False,0.01,0.84,False,0.11689593981637185,0.11689593981637185,0.09259259259259259,0.15,1.0,False,0.14921739129016648,0.14921739129016648,0.010013717421124828,0.96,1.0,True,0.96,1.0,True,0.15186857267191087,0.15186857267191087,0.009327846364883402,0.97,1.0,True,0001,0001,day14_only_discovery,False,False,False,False,False,False,False
NFE2,DECR1,DECR1,ENSG00000104325,0.1487254719572263,0.1487254719572263,True,0.07093397740771715,0.07093397740771715,0.045822472218411306,0.3,0.99,False,0.08,0.92,False,0.0733136358414965,0.0733136358414965,0.038276855535738785,0.31,0.98,False,0.03541205553802775,0.03541205553802775,0.22784636488340193,0.05,0.93,False,0.02,0.86,False,0.034676578792568885,0.034676578792568885,0.31700960219478735,0.02,0.94,False,0.06304792109256153,0.06304792109256153,0.17187928669410152,0.05,0.97,False,0.07,0.93,False,0.043832593911163995,0.043832593911163995,0.502880658436214,0.0,0.89,False,0.1487254719572263,0.1487254719572263,0.010150891632373114,0.93,1.0,True,0.92,1.0,True,0.14999484964398502,0.14999484964398502,0.009602194787379973,0.98,1.0,True,0001,0001,day14_only_discovery,False,False,False,False,False,False,False
GFI1B,HBA2,HBA2,ENSG00000188536,-0.1486842385313152,0.1486842385313152,True,0.16098471301872425,0.16098471301872425,0.0009603512141583208,1.0,1.0,True,1.0,1.0,True,0.18819584814581455,0.18819584814581455,0.0006859651529702291,1.0,1.0,True,0.07632129945201431,0.07632129945201431,0.031824417009602195,0.38,1.0,False,0.36,0.99,False,0.10646064848588949,0.10646064848588949,0.012345679012345678,0.86,1.0,True,-0.05077020712475338,0.05077020712475338,0.23237311385459533,0.03,0.98,False,0.03,0.97,False,-0.03608684873357005,0.03608684873357005,0.43072702331961593,0.0,0.9299999999999999,False,-0.14868423853131518,0.14868423853131518,0.0035665294924554186,0.9,1.0,True,0.93,1.0,True,-0.20336775446602307,0.20336775446602307,0.003017832647462277,1.0,1.0,True,1001,1001,cross_time_discovery,True,False,True,False,True,False,False
BCL11A,TRIB3,TRIB3,ENSG00000101255,0.1486193039785978,0.1486193039785978,True,0.02282164844652594,0.02282164844652594,0.6089998628069694,0.0,0.76,False,0.01,0.92,False,-0.013195308087103912,0.013195308087103912,0.784469748936754,0.0,0.6799999999999999,False,0.030869758691016144,0.030869758691016144,0.4831275720164609,0.0,0.9,False,0.0,0.66,False,0.05814010694112993,0.05814010694112993,0.27174211248285324,0.0,0.99,False,0.15036812767249833,0.15036812767249833,0.032373113854595334,0.62,1.0,False,0.54,1.0,False,0.21065179891410932,0.21065179891410932,0.03676268861454047,0.63,1.0,False,0.14861930397859785,0.14861930397859785,0.019753086419753086,0.71,1.0,True,0.66,1.0,False,0.22581466345427423,0.22581466345427423,0.03223593964334705,0.7,1.0,True,0001,0001,day14_only_discovery,False,False,False,False,False,False,False
BCL11A,PTMA,PTMA,ENSG00000187514,0.1485970838114757,0.1485970838114757,True,-0.10931220774698731,0.10931220774698731,0.050898614350391,0.39,1.0,False,0.22,1.0,False,-0.12982696120882134,0.12982696120882134,0.04733159555494581,0.45,1.0,False,-0.1343453835511716,0.1343453835511716,0.026886145404663924,0.8,1.0,True,0.61,1.0,False,-0.20191891620553656,0.20191891620553656,0.012482853223593965,1.0,1.0,True,-0.12421689024005969,0.12421689024005969,0.062414266117969824,0.33,1.0,False,0.32,1.0,False,-0.15514829310065098,0.15514829310065098,0.09108367626886145,0.05,1.0,False,0.14859708381147574,0.14859708381147574,0.020027434842249656,0.71,1.0,True,0.63,1.0,False,0.30092373217766466,0.30092373217766466,0.006035665294924554,1.0,1.0,True,0101,0001,cross_time_discovery,True,False,False,False,True,False,False
BCL11A,TMEM233,TMEM233,ENSG00000224982,0.1484612502202261,0.1484612502202261,True,0.06582252207467026,0.06582252207467026,0.17286321854849773,0.03,0.98,False,0.01,0.95,False,0.07504292718966726,0.07504292718966726,0.17546988612978462,0.01,1.0,False,0.07727192641009777,0.07727192641009777,0.12743484224965707,0.05,1.0,False,0.06,0.97,False,0.16195167521505618,0.16195167521505618,0.027160493827160494,0.88,1.0,True,0.12870724960783922,0.12870724960783922,0.056378600823045265,0.36,1.0,False,0.32,1.0,False,0.24041506744154933,0.24041506744154933,0.02030178326474623,0.94,1.0,True,0.14846125022022624,0.14846125022022624,0.02030178326474623,0.76,1.0,True,0.54,1.0,False,0.19869699197040153,0.19869699197040153,0.05377229080932785,0.32,1.0,False,0001,0001,day14_only_discovery,False,False,False,False,True,False,False
NFE2,NFIA,NFIA,ENSG00000162599,0.1483754542034812,0.1483754542034812,True,0.05014528024892719,0.05014528024892719,0.1539305803265194,0.18,0.94,False,0.07,0.71,False,0.06159506997866114,0.06159506997866114,0.0790231856221704,0.19,0.98,False,0.10397950508952467,0.10397950508952467,0.0027434842249657062,0.89,1.0,True,0.69,1.0,False,0.11770033998015951,0.11770033998015951,0.007270233196159122,0.9,1.0,True,0.035396610390497664,0.035396610390497664,0.4305898491083676,0.01,0.92,False,0.02,0.83,False,0.08057687343402593,0.08057687343402593,0.2326474622770919,0.02,1.0,False,0.1483754542034814,0.1483754542034814,0.0102880658436214,0.95,1.0,True,0.88,1.0,True,0.14656231374337608,0.14656231374337608,0.010425240054869684,0.95,1.0,True,0101,0001,cross_time_discovery,True,False,False,False,True,False,False
BCL11A,STRN,STRN,ENSG00000115808,0.1480618568948026,0.1480618568948026,True,0.020599219243599844,0.020599219243599844,0.6405542598435999,0.0,0.73,False,0.01,0.8,False,-0.0005355133069027103,0.0005355133069027103,0.9894361366442584,0.0,0.55,False,0.038741846455980895,0.038741846455980895,0.38820301783264743,0.0,0.96,False,0.01,0.9,False,0.02851900123196865,0.02851900123196865,0.5544581618655693,0.0,0.9,False,0.14980260720162214,0.14980260720162214,0.03333333333333333,0.64,1.0,False,0.51,1.0,False,0.17666076194501246,0.17666076194501246,0.06694101508916324,0.21,1.0,False,0.14806185689480264,0.14806185689480264,0.0205761316872428,0.76,1.0,True,0.58,1.0,False,0.24483363012723075,0.24483363012723075,0.02139917695473251,0.93,1.0,True,0001,0001,day14_only_discovery,False,False,False,False,False,False,False
BCL11A,CENPK,CENPK,ENSG00000123219,0.1480518861974852,0.1480518861974852,True,0.03343913679359213,0.03343913679359213,0.4583619152147071,0.0,0.92,False,0.0,0.85,False,0.03755661867398331,0.03755661867398331,0.4606941967348059,0.0,0.89,False,0.1327398443175441,0.1327398443175441,0.028395061728395062,0.81,1.0,True,0.62,1.0,False,0.16225976481953344,0.16225976481953344,0.02633744855967078,0.85,1.0,True,0.07834271926178196,0.07834271926178196,0.19012345679012346,0.01,0.99,False,0.0,0.98,False,0.1958031185564822,0.1958031185564822,0.04705075445816186,0.51,1.0,False,0.14805188619748522,0.14805188619748522,0.020850480109739368,0.7,1.0,True,0.67,1.0,False,0.30791952813955303,0.30791952813955303,0.004801097393689987,1.0,1.0,True,0101,0001,cross_time_discovery,True,False,False,False,True,False,False
GFI1B,DHX9,DHX9,ENSG00000135829,0.1478911098044911,0.1478911098044911,True,0.014682562535439193,0.014682562535439193,0.6810262038688435,0.0,0.63,False,0.0,0.76,False,0.01828408648805039,0.01828408648805039,0.622719165866374,0.0,0.7,False,0.0039024733220503903,0.0039024733220503903,0.8969821673525378,0.0,0.59,False,0.02,0.5700000000000001,False,-0.0014967555035802955,0.0014967555035802955,0.961042524005487,0.0,0.52,False,0.020346938776531105,0.020346938776531105,0.6312757201646091,0.0,0.73,False,0.0,0.68,False,0.025567634383183494,0.025567634383183494,0.5768175582990398,0.0,0.79,False,0.1478911098044911,0.1478911098044911,0.003703703703703704,0.94,1.0,True,0.68,1.0,False,0.17931713671005295,0.17931713671005295,0.012482853223593965,0.86,1.0,True,0001,0001,day14_only_discovery,False,False,False,False,False,False,False
GFI1B,NASP,NASP,ENSG00000132780,0.1476552257173357,0.1476552257173357,True,0.02695216053584668,0.02695216053584668,0.4464261215530251,0.01,0.82,False,0.07,0.93,False,0.03380958904212487,0.03380958904212487,0.3577994237892715,0.03,0.9,False,0.06087057609702127,0.06087057609702127,0.0747599451303155,0.24,1.0,False,0.21,1.0,False,0.055216911680260765,0.055216911680260765,0.1205761316872428,0.1,0.99,False,0.07354558599565698,0.07354558599565698,0.09368998628257888,0.1,0.97,False,0.11,0.97,False,0.1067293405950539,0.1067293405950539,0.03155006858710562,0.45,1.0,False,0.14765522571733572,0.14765522571733572,0.003840877914951989,0.83,1.0,True,0.88,1.0,True,0.1968203585238418,0.1968203585238418,0.005075445816186557,0.98,1.0,True,0001,0001,day14_only_discovery,False,False,False,False,False,False,False
GFI1B,RPS5,RPS5,ENSG00000083845,0.1476206837671649,0.1476206837671649,True,0.06338120511646586,0.06338120511646586,0.07806283440801207,0.09,1.0,False,0.13,0.97,False,0.060653222136966535,0.060653222136966535,0.11332144327068185,0.04,1.0,False,0.005279927780646574,0.005279927780646574,0.8584362139917695,0.0,0.57,False,0.04,0.58,False,0.016943721800812786,0.016943721800812786,0.6013717421124829,0.02,0.71,False,0.0884850249184485,0.0884850249184485,0.049519890260631,0.25,1.0,False,0.34,1.0,False,0.11546953075524802,0.11546953075524802,0.02112482853223594,0.5,1.0,False,0.14762068376716483,0.14762068376716483,0.003978052126200274,0.9,1.0,True,0.89,1.0,True,0.18232480502646217,0.18232480502646217,0.010973936899862825,0.88,1.0,True,0001,0001,day14_only_discovery,False,False,False,False,False,False,False
GFI1B,EEF1G,EEF1G,ENSG00000254772,0.1475168846445813,0.1475168846445813,True,0.04874349667280759,0.04874349667280759,0.16819865550830018,0.15,0.96,False,0.13,0.98,False,0.04969404523104065,0.04969404523104065,0.18850322403621897,0.07,0.94,False,0.0880652491111102,0.0880652491111102,0.019478737997256516,0.64,1.0,False,0.55,1.0,False,0.09389736288664602,0.09389736288664602,0.020438957475994512,0.75,1.0,True,0.12749014652125193,0.12749014652125193,0.006035665294924554,0.78,1.0,True,0.73,1.0,True,0.14714533206980507,0.14714533206980507,0.005624142661179698,0.88,1.0,True,0.14751688464458132,0.14751688464458132,0.00411522633744856,0.82,1.0,True,0.92,1.0,True,0.16936832521145717,0.16936832521145717,0.020713305898491085,0.74,1.0,True,0011,0011,cross_time_discovery,True,False,True,False,True,False,False
KLF1,EPOR,EPOR,ENSG00000187266,0.1472673461567314,0.1472673461567314,True,0.1088909466430448,0.1088909466430448,0.007271230621484428,0.7,1.0,True,0.57,1.0,False,0.17710732516916744,0.17710732516916744,0.005624914254355878,1.0,1.0,True,0.1307743225745024,0.1307743225745024,0.0017832647462277093,0.99,1.0,True,0.91,1.0,True,0.1871986225883113,0.1871986225883113,0.003429355281207133,1.0,1.0,True,0.11619286812343325,0.11619286812343325,0.005624142661179698,0.68,1.0,False,0.75,1.0,True,0.2118374655884423,0.2118374655884423,0.009327846364883402,1.0,1.0,True,0.14726734615673137,0.14726734615673137,0.0017832647462277093,0.97,1.0,True,0.96,1.0,True,0.16256345217560098,0.16256345217560098,0.0016460905349794238,1.0,1.0,True,1101,0111,cross_time_discovery,True,False,True,False,True,False,False
GFI1B,TCF12,TCF12,ENSG00000140262,0.14707034106165,0.14707034106165,True,-0.006748490994414272,0.006748490994414272,0.847441349979421,0.0,0.6,False,0.01,0.52,False,-0.01796877368043154,0.01796877368043154,0.6301275895184525,0.01,0.72,False,0.02781982118606685,0.02781982118606685,0.37078189300411524,0.0,0.92,False,0.0,0.7,False,0.012987240102694031,0.012987240102694031,0.6899862825788752,0.0,0.71,False,0.10950008986600303,0.10950008986600303,0.016049382716049384,0.49,1.0,False,0.56,1.0,False,0.11277392084128254,0.11277392084128254,0.024554183813443074,0.54,1.0,False,0.14707034106165,0.14707034106165,0.004252400548696845,0.82,1.0,True,0.85,1.0,True,0.20248681625292056,0.20248681625292056,0.003429355281207133,0.99,1.0,True,0001,0001,day14_only_discovery,False,False,False,False,False,False,False
GATA1,BLVRB,BLVRB,ENSG00000090013,0.14704823599806,0.14704823599806,True,0.13302832753121,0.13302832753121,0.00013719303059404582,0.95,1.0,True,0.99,1.0,True,0.15324760543199875,0.15324760543199875,0.00013719303059404582,1.0,1.0,True,0.01220082497780936,0.01220082497780936,0.592318244170096,0.01,0.73,False,0.02,0.66,False,0.051894041239448394,0.051894041239448394,0.04705075445816186,0.27,1.0,False,0.1185853907407144,0.1185853907407144,0.0005486968449931413,0.84,1.0,True,0.86,1.0,True,0.16782977252208173,0.16782977252208173,0.00013717421124828533,0.98,1.0,True,0.14704823599806008,0.14704823599806008,0.0012345679012345679,0.96,1.0,True,0.98,1.0,True,0.15380927987408574,0.15380927987408574,0.0015089163237311386,0.96,1.0,True,1011,1011,cross_time_discovery,True,False,True,False,True,False,False
NFE2,GALNT5,GALNT5,ENSG00000136542,0.1470308597180245,0.1470308597180245,True,0.10842071833056874,0.10842071833056874,0.0032926327342570998,0.73,1.0,True,0.75,1.0,True,0.11174345355869626,0.11174345355869626,0.002469474550692825,0.85,1.0,True,0.019629708673471215,0.019629708673471215,0.4967078189300412,0.01,0.77,False,0.04,0.8,False,0.01903949131803922,0.01903949131803922,0.5818930041152264,0.0,0.73,False,0.02159484855056791,0.02159484855056791,0.6238683127572017,0.0,0.75,False,0.0,0.73,False,0.04305026412657918,0.04305026412657918,0.5108367626886146,0.0,0.92,False,0.14703085971802454,0.14703085971802454,0.010425240054869684,0.96,1.0,True,0.96,1.0,True,0.14082534757620618,0.14082534757620618,0.01262002743484225,0.93,1.0,True,1001,1001,cross_time_discovery,True,False,True,False,True,False,False
NFE2,BMP2K,BMP2K,ENSG00000138756,0.1469534340173987,0.1469534340173987,True,0.0034719539267406676,0.0034719539267406676,0.9231719028673343,0.01,0.56,False,0.02,0.56,False,0.0025834518622483054,0.0025834518622483054,0.9425161201810948,0.0,0.56,False,0.060293827512657154,0.060293827512657154,0.04759945130315501,0.27,1.0,False,0.28,0.97,False,0.08151098039908541,0.08151098039908541,0.033607681755829906,0.42,1.0,False,0.09734143286768952,0.09734143286768952,0.0448559670781893,0.33,1.0,False,0.35,0.99,False,0.14918310693272713,0.14918310693272713,0.04128943758573388,0.5,1.0,False,0.14695343401739885,0.14695343401739885,0.01056241426611797,0.92,1.0,True,0.96,1.0,True,0.1420571160919176,0.1420571160919176,0.012208504801097394,0.91,1.0,True,0001,0001,day14_only_discovery,False,False,False,False,False,False,False
GFI1B,RPS27A,RPS27A,ENSG00000143947,0.1467406549693355,0.1467406549693355,True,0.0359220672986595,0.0359220672986595,0.3059404582247222,0.0,0.92,False,0.02,0.87,False,0.04339166177526888,0.04339166177526888,0.2461242968857182,0.02,0.92,False,-0.030747886108899784,0.030747886108899784,0.3278463648834019,0.02,0.89,False,0.02,0.8,False,-0.014096310651145512,0.014096310651145512,0.6651577503429356,0.0,0.77,False,0.038371677486766856,0.038371677486766856,0.3665294924554184,0.02,0.89,False,0.03,0.9,False,0.06936788054408273,0.06936788054408273,0.13703703703703704,0.1,0.96,False,0.14674065496933558,0.14674065496933558,0.0043895747599451305,0.9,1.0,True,0.96,1.0,True,0.17619368965670645,0.17619368965670645,0.014266117969821674,0.88,1.0,True,0001,0001,day14_only_discovery,False,False,False,False,False,False,False
NFE2,RAD23A,RAD23A,ENSG00000179262,0.1466257661045443,0.1466257661045443,True,0.05575353993212387,0.05575353993212387,0.11290986417889971,0.14,0.94,False,0.13,0.9,False,0.055828743691157666,0.055828743691157666,0.1116751269035533,0.11,0.96,False,0.0505926125462842,0.0505926125462842,0.09561042524005486,0.2,0.99,False,0.13,0.89,False,0.0834784766202318,0.0834784766202318,0.030315500685871057,0.47,1.0,False,0.07084550685491593,0.07084550685491593,0.13168724279835392,0.13,0.98,False,0.13,0.96,False,0.14456403117828825,0.14456403117828825,0.04705075445816186,0.39,1.0,False,0.1466257661045443,0.1466257661045443,0.010699588477366255,0.94,1.0,True,0.93,1.0,True,0.14955927278948838,0.14955927278948838,0.009876543209876543,0.94,1.0,True,0001,0001,day14_only_discovery,False,False,False,False,False,False,False
GFI1B,ATAD2,ATAD2,ENSG00000156802,0.1456045645099997,0.1456045645099997,True,0.03556592571997076,0.03556592571997076,0.3107422142955138,0.0,0.95,False,0.04,0.86,False,0.035589769516575456,0.035589769516575456,0.33365345040471944,0.01,0.92,False,0.08949886989583768,0.08949886989583768,0.018244170096021948,0.79,1.0,True,0.45,1.0,False,0.09588467081045332,0.09588467081045332,0.018930041152263374,0.7,1.0,True,0.04553808603459995,0.04553808603459995,0.28381344307270234,0.03,0.93,False,0.02,0.92,False,0.08305228256968789,0.08305228256968789,0.08244170096021948,0.19,1.0,False,0.14560456450999976,0.14560456450999976,0.004526748971193415,0.84,1.0,True,0.84,1.0,True,0.23050266432259586,0.23050266432259586,0.0006858710562414266,1.0,1.0,True,0101,0001,cross_time_discovery,True,False,False,False,True,False,False
KLF1,ISG15,ISG15,ENSG00000187608,-0.1455641533688178,0.1455641533688178,True,-0.002967443462201857,0.002967443462201857,0.9320894498559473,0.0,0.5700000000000001,False,0.01,0.74,False,-0.01350927130088607,0.01350927130088607,0.7470160515845795,0.0,0.77,False,-0.027602353754685727,0.027602353754685727,0.349519890260631,0.04,0.83,False,0.01,0.78,False,-0.033013328040660664,0.033013328040660664,0.4119341563786008,0.01,0.91,False,-0.008717915085378081,0.008717915085378081,0.817283950617284,0.0,0.5900000000000001,False,0.0,0.55,False,-0.05664736929332451,0.05664736929332451,0.34910836762688613,0.0,0.96,False,-0.14556415336881787,0.14556415336881787,0.0019204389574759945,0.96,1.0,True,0.94,1.0,True,-0.15042705659979838,0.15042705659979838,0.0027434842249657062,0.94,1.0,True,0001,0001,day14_only_discovery,False,False,False,False,False,False,False
GFI1B,H2AFY,H2AFY,ENSG00000113648,0.1455604002556954,0.1455604002556954,True,-0.008553135491270049,0.008553135491270049,0.8060090547400192,0.0,0.6799999999999999,False,0.0,0.62,False,-0.024283481585440903,0.024283481585440903,0.5124159692687611,0.01,0.86,False,0.015015807994865748,0.015015807994865748,0.623593964334705,0.0,0.8,False,0.03,0.61,False,0.002225879252238205,0.002225879252238205,0.9412894375857339,0.01,0.53,False,0.06819998243313137,0.06819998243313137,0.11550068587105625,0.08,0.97,False,0.1,0.97,False,0.09236566517858925,0.09236566517858925,0.0561042524005487,0.34,1.0,False,0.14556040025569544,0.14556040025569544,0.004663923182441701,0.87,1.0,True,0.91,1.0,True,0.21048263251860258,0.21048263251860258,0.0021947873799725653,0.98,1.0,True,0001,0001,day14_only_discovery,False,False,False,False,False,False,False
NFE2,MFSD2B,MFSD2B,ENSG00000205639,0.1451327302494985,0.1451327302494985,True,0.06748411978805666,0.06748411978805666,0.05624914254355879,0.26,0.97,False,0.11,0.99,False,0.0729913444087982,0.0729913444087982,0.038688434627520925,0.29,0.99,False,0.0459795550898336,0.0459795550898336,0.11989026063100137,0.08,0.98,False,0.1,0.95,False,0.059393501225208034,0.059393501225208034,0.10274348422496571,0.13,1.0,False,0.056776833372032674,0.056776833372032674,0.21522633744855968,0.04,0.93,False,0.05,0.99,False,0.10687400688745614,0.10687400688745614,0.1223593964334705,0.08,1.0,False,0.1451327302494986,0.1451327302494986,0.01083676268861454,0.96,1.0,True,0.89,1.0,True,0.14794707710937804,0.14794707710937804,0.0102880658436214,0.96,1.0,True,0001,0001,day14_only_discovery,False,False,False,False,False,False,False
GATA1,LPIN2,LPIN2,ENSG00000101577,-0.1450683147953793,0.1450683147953793,True,0.024794266086858485,0.024794266086858485,0.41542049663877073,0.03,0.85,False,0.0,0.53,False,0.0231721764772385,0.0231721764772385,0.4600082315818356,0.02,0.86,False,0.009071844636091396,0.009071844636091396,0.6901234567901234,0.0,0.66,False,0.02,0.53,False,0.014247277993431635,0.014247277993431635,0.5776406035665295,0.0,0.76,False,0.017146634891157145,0.017146634891157145,0.5882030178326475,0.01,0.66,False,0.01,0.6,False,0.0153287018745343,0.0153287018745343,0.6871056241426612,0.0,0.8,False,-0.14506831479537938,0.14506831479537938,0.0013717421124828531,0.97,1.0,True,0.92,1.0,True,-0.15527828776448002,0.15527828776448002,0.0012345679012345679,0.99,1.0,True,0001,0001,day14_only_discovery,False,False,False,False,False,False,False
GATA1,FAM210B,FAM210B,ENSG00000124098,0.1450271062468852,0.1450271062468852,True,0.08999542266173526,0.08999542266173526,0.0027438606118809165,0.49,1.0,False,0.51,0.99,False,0.10120972916361197,0.10120972916361197,0.002195088489504733,0.7,1.0,True,0.04350182106091542,0.04350182106091542,0.06035665294924554,0.2,0.96,False,0.24,0.96,False,0.06264846318185394,0.06264846318185394,0.018518518518518517,0.47,0.99,False,0.04184456663057198,0.04184456663057198,0.1842249657064472,0.1,0.93,False,0.13,0.92,False,0.06370863795295269,0.06370863795295269,0.0935528120713306,0.14,0.98,False,0.14502710624688525,0.14502710624688525,0.0015089163237311386,0.97,1.0,True,0.96,1.0,True,0.14717575677446848,0.14717575677446848,0.0023319615912208505,0.97,1.0,True,0001,0001,day14_only_discovery,False,False,False,False,True,False,False
NFE2,MTMR3,MTMR3,ENSG00000100330,0.1449487000050108,0.1449487000050108,True,0.009157219763665238,0.009157219763665238,0.7910550144052683,0.01,0.62,False,0.01,0.71,False,0.0073048690805336694,0.0073048690805336694,0.832212923583482,0.0,0.67,False,0.002400859639146619,0.002400859639146619,0.9303155006858711,0.0,0.6,False,0.01,0.52,False,0.020772916467783082,0.020772916467783082,0.548559670781893,0.0,0.82,False,0.013481733906185952,0.013481733906185952,0.7559670781893004,0.0,0.65,False,0.0,0.69,False,0.06419859299142827,0.06419859299142827,0.3374485596707819,0.01,0.98,False,0.1449487000050108,0.1449487000050108,0.010973936899862825,0.89,1.0,True,0.95,1.0,True,0.1425365888954576,0.1425365888954576,0.011934156378600824,0.95,1.0,True,0001,0001,day14_only_discovery,False,False,False,False,False,False,False
KLF1,CDKN1A,CDKN1A,ENSG00000124762,-0.1444564509648604,0.1444564509648604,True,0.03088317552303144,0.03088317552303144,0.3823569762656057,0.02,0.86,False,0.04,0.9,False,0.022242975292772926,0.022242975292772926,0.5992591576347922,0.0,0.74,False,-0.014494564776708258,0.014494564776708258,0.6148148148148148,0.0,0.75,False,0.04,0.72,False,-0.029099252358501453,0.029099252358501453,0.4674897119341564,0.0,0.95,False,-0.07426851555948304,0.07426851555948304,0.05541838134430727,0.22,0.99,False,0.17,0.99,False,-0.11733693171883042,0.11733693171883042,0.08257887517146777,0.19,1.0,False,-0.1444564509648604,0.1444564509648604,0.00205761316872428,0.96,1.0,True,0.9,1.0,True,-0.1454735202641993,0.1454735202641993,0.0031550068587105624,0.95,1.0,True,0001,0001,day14_only_discovery,False,False,False,False,False,False,False
KLF1,CLEC2B,CLEC2B,ENSG00000110852,-0.1443151832510301,0.1443151832510301,True,-0.046363015767566094,0.046363015767566094,0.19289340101522842,0.07,0.96,False,0.04,0.86,False,-0.07200683765940238,0.07200683765940238,0.11579091782137467,0.1,1.0,False,-0.007592565605933446,0.007592565605933446,0.7925925925925926,0.0,0.72,False,0.0,0.64,False,-0.04121796626767664,0.04121796626767664,0.3159122085048011,0.0,0.97,False,-0.0738464321420476,0.0738464321420476,0.057338820301783264,0.28,0.95,False,0.26,0.9299999999999999,False,-0.11601688302645108,0.11601688302645108,0.08545953360768176,0.17,1.0,False,-0.14431518325103007,0.14431518325103007,0.0021947873799725653,0.97,1.0,True,0.88,1.0,True,-0.1516970409296696,0.1516970409296696,0.0023319615912208505,0.93,1.0,True,0001,0001,day14_only_discovery,False,False,False,False,False,False,False
GATA1,KLF13,KLF13,ENSG00000169926,0.1442354429330303,0.1442354429330303,True,0.049482510033001276,0.049482510033001276,0.10262038688434627,0.11,0.95,False,0.14,0.92,False,0.06251626287536288,0.06251626287536288,0.0476059816161339,0.24,0.99,False,0.03707418901216183,0.03707418901216183,0.11097393689986283,0.09,0.91,False,0.12,0.93,False,0.07126857696013898,0.07126857696013898,0.009876543209876543,0.57,0.99,False,0.03340496185036674,0.03340496185036674,0.2902606310013717,0.02,0.86,False,0.01,0.82,False,0.09305682331588143,0.09305682331588143,0.014677640603566529,0.51,1.0,False,0.14423544293303037,0.14423544293303037,0.0016460905349794238,0.97,1.0,True,0.95,1.0,True,0.15397763146213292,0.15397763146213292,0.0013717421124828531,0.97,1.0,True,0001,0001,day14_only_discovery,False,False,False,False,False,False,False
GFI1B,RPL7,RPL7,ENSG00000147604,0.1441535134010132,0.1441535134010132,True,0.0350449706606559,0.0350449706606559,0.31897379613115656,0.01,0.86,False,0.01,0.79,False,0.024301532354295795,0.024301532354295795,0.5122787762381671,0.01,0.77,False,-0.04402912597863454,0.04402912597863454,0.1794238683127572,0.07,0.96,False,0.04,0.92,False,-0.043778693547716664,0.043778693547716664,0.20274348422496571,0.02,0.98,False,0.01968831733805324,0.01968831733805324,0.6425240054869684,0.0,0.77,False,0.0,0.76,False,0.038298601836554494,0.038298601836554494,0.402880658436214,0.0,0.89,False,0.14415351340101323,0.14415351340101323,0.004801097393689987,0.87,1.0,True,0.88,1.0,True,0.15676169692741884,0.15676169692741884,0.03113854595336077,0.62,1.0,False,0001,0001,day14_only_discovery,False,False,False,False,False,False,False
TAL1,DAPK1,DAPK1,ENSG00000196730,0.143949596919008,0.143949596919008,True,-0.014928384476340227,0.014928384476340227,0.6438468925778571,0.0,0.5800000000000001,False,0.01,0.72,False,-0.0261836433572704,0.0261836433572704,0.4104815475373851,0.01,0.81,False,-0.01540887949345391,0.01540887949345391,0.5303155006858711,0.0,0.76,False,0.03,0.77,False,-0.03395443728032896,0.03395443728032896,0.24814814814814815,0.02,0.92,False,0.02999662702702619,0.02999662702702619,0.41440329218106997,0.03,0.82,False,0.02,0.87,False,0.01991924031778117,0.01991924031778117,0.6945130315500686,0.0,0.8,False,0.143949596919008,0.143949596919008,0.0012345679012345679,0.97,1.0,True,0.9,1.0,True,0.13529667864445644,0.13529667864445644,0.0012345679012345679,0.91,1.0,True,0001,0001,day14_only_discovery,False,False,False,False,False,False,False
GATA1,RHCE,RHCE,ENSG00000188672,0.1438117652597411,0.1438117652597411,True,0.030386509329003556,0.030386509329003556,0.317327479764028,0.01,0.92,False,0.04,0.87,False,0.04040329047207311,0.04040329047207311,0.19138427767869393,0.04,0.96,False,0.015441020054047901,0.015441020054047901,0.5004115226337449,0.0,0.77,False,0.05,0.64,False,0.045802726792211264,0.045802726792211264,0.08065843621399177,0.2,0.98,False,0.04038607230298964,0.04038607230298964,0.2001371742112483,0.05,0.91,False,0.07,0.87,False,0.10073891553277257,0.10073891553277257,0.00905349794238683,0.66,1.0,False,0.1438117652597412,0.1438117652597412,0.0017832647462277093,0.96,1.0,True,0.99,1.0,True,0.14995296169055297,0.14995296169055297,0.00205761316872428,0.96,1.0,True,0001,0001,day14_only_discovery,False,False,False,False,False,False,False
NFE2,CD58,CD58,ENSG00000116815,0.1437980778346896,0.1437980778346896,True,0.05391307456327163,0.05391307456327163,0.12443407874879957,0.07,1.0,False,0.1,0.95,False,0.06164679848717706,0.06164679848717706,0.07847441349979421,0.13,1.0,False,0.09186329907732625,0.09186329907732625,0.006721536351165981,0.83,1.0,True,0.58,1.0,False,0.11498381995059342,0.11498381995059342,0.007818930041152264,0.92,1.0,True,0.1189108328278092,0.1189108328278092,0.018381344307270234,0.62,1.0,False,0.46,1.0,False,0.16747598964410718,0.16747598964410718,0.02496570644718793,0.69,1.0,False,0.14379807783468965,0.14379807783468965,0.011111111111111112,0.92,1.0,True,0.93,1.0,True,0.14593234481729891,0.14593234481729891,0.010699588477366255,0.94,1.0,True,0101,0001,cross_time_discovery,True,False,False,False,True,False,False
GATA1,PDE12,PDE12,ENSG00000174840,0.1437819090647379,0.1437819090647379,True,-0.022359496198038155,0.022359496198038155,0.4631636712854987,0.01,0.79,False,0.02,0.56,False,-0.018529568018978936,0.018529568018978936,0.5553573878446975,0.01,0.74,False,-0.031585950372621525,0.031585950372621525,0.17613168724279835,0.06,0.92,False,0.04,0.89,False,-0.032219146796310945,0.032219146796310945,0.20768175582990397,0.09,0.92,False,-0.012451701247726347,0.012451701247726347,0.6969821673525377,0.03,0.6799999999999999,False,0.0,0.5700000000000001,False,-0.010442819019136688,0.010442819019136688,0.7832647462277091,0.01,0.61,False,0.14378190906473806,0.14378190906473806,0.0019204389574759945,0.94,1.0,True,0.95,1.0,True,0.15020022344355108,0.15020022344355108,0.0019204389574759945,0.95,1.0,True,0001,0001,day14_only_discovery,False,False,False,False,False,False,False
NFE2,TRAK2,TRAK2,ENSG00000115993,0.1437289403535327,0.1437289403535327,True,-0.025015665145194987,0.025015665145194987,0.4767457813143092,0.0,0.83,False,0.05,0.94,False,-0.018325515951398523,0.018325515951398523,0.5982988064206338,0.0,0.7,False,0.07739194961232915,0.07739194961232915,0.01700960219478738,0.47,1.0,False,0.39,0.99,False,0.11347484782320358,0.11347484782320358,0.00823045267489712,0.91,1.0,True,0.1028527164827263,0.1028527164827263,0.03580246913580247,0.41,1.0,False,0.4,0.99,False,0.20403856097589484,0.20403856097589484,0.008916323731138546,0.96,1.0,True,0.14372894035353279,0.14372894035353279,0.011248285322359396,0.95,1.0,True,0.92,1.0,True,0.14023303803401477,0.14023303803401477,0.012894375857338821,0.87,1.0,True,0001,0001,day14_only_discovery,False,False,False,False,True,False,False
KLF1,TSPAN5,TSPAN5,ENSG00000168785,0.1433242258807699,0.1433242258807699,True,0.013950830666117166,0.013950830666117166,0.6884346275209219,0.0,0.66,False,0.0,0.59,False,0.02855060532262248,0.02855060532262248,0.49266017286321856,0.0,0.88,False,0.1053180489644264,0.1053180489644264,0.005349794238683128,0.9,1.0,True,0.79,1.0,True,0.17807763698563897,0.17807763698563897,0.0043895747599451305,1.0,1.0,True,0.09565456858100524,0.09565456858100524,0.017969821673525378,0.5,1.0,False,0.5,0.99,False,0.21440473588968045,0.21440473588968045,0.00850480109739369,0.97,1.0,True,0.14332422588077,0.14332422588077,0.0023319615912208505,0.98,1.0,True,0.95,1.0,True,0.14034272605346532,0.14034272605346532,0.0035665294924554186,0.89,1.0,True,0101,0101,cross_time_discovery,True,False,True,False,True,False,False
NFE2,HBM,HBM,ENSG00000206177,0.1433140928300856,0.1433140928300856,True,0.01719804587668258,0.01719804587668258,0.6231307449581561,0.01,0.76,False,0.02,0.75,False,0.02169169362552747,0.02169169362552747,0.5347784332555906,0.01,0.77,False,0.08861133766034562,0.08861133766034562,0.007681755829903978,0.83,1.0,True,0.51,1.0,False,0.14001266746519267,0.14001266746519267,0.002606310013717421,1.0,1.0,True,0.09301949119536605,0.09301949119536605,0.054458161865569274,0.25,1.0,False,0.26,1.0,False,0.18862393508311576,0.18862393508311576,0.01440329218106996,0.98,1.0,True,0.1433140928300857,0.1433140928300857,0.011385459533607681,0.92,1.0,True,0.91,1.0,True,0.14610052089746337,0.14610052089746337,0.01056241426611797,0.96,1.0,True,0101,0001,cross_time_discovery,True,False,False,False,True,False,False
NFE2,NSUN3,NSUN3,ENSG00000178694,-0.1433031012390601,0.1433031012390601,True,0.011616749236078982,0.011616749236078982,0.739470434901907,0.01,0.65,False,0.01,0.55,False,0.011248966161067317,0.011248966161067317,0.7438606118809165,0.01,0.72,False,0.0011479026562518767,0.0011479026562518767,0.9662551440329218,0.0,0.53,False,0.01,0.5,False,-0.007689653126756673,0.007689653126756673,0.8205761316872427,0.0,0.63,False,-0.019730277252433624,0.019730277252433624,0.6517146776406035,0.0,0.77,False,0.0,0.75,False,-0.007578322173029043,0.007578322173029043,0.9102880658436214,0.0,0.5800000000000001,False,-0.14330310123906018,0.14330310123906018,0.011522633744855968,0.91,1.0,True,0.89,1.0,True,-0.14560431776511745,0.14560431776511745,0.01083676268861454,0.96,1.0,True,0001,0001,day14_only_discovery,False,False,False,False,False,False,False
NFE2,GPX4,GPX4,ENSG00000167468,-0.1432080306776982,0.1432080306776982,True,0.03648824070475563,0.03648824070475563,0.29770887638907945,0.05,0.85,False,0.08,0.88,False,0.03474857688636662,0.03474857688636662,0.3177390588558101,0.01,0.88,False,0.009686925109488462,0.009686925109488462,0.7471879286694102,0.0,0.67,False,0.03,0.57,False,-0.017775758797720507,0.017775758797720507,0.6091906721536351,0.0,0.77,False,-0.05236868811391424,0.05236868811391424,0.25349794238683127,0.03,0.9299999999999999,False,0.06,0.9299999999999999,False,-0.12990691018035827,0.12990691018035827,0.0673525377229081,0.17,1.0,False,-0.1432080306776982,0.1432080306776982,0.011659807956104253,0.9,1.0,True,0.95,1.0,True,-0.14460928595339648,0.14460928595339648,0.011385459533607681,0.91,1.0,True,0001,0001,day14_only_discovery,False,False,False,False,False,False,False
BCL11A,SUZ12,SUZ12,ENSG00000178691,0.142446801396896,0.142446801396896,True,0.05906329998290593,0.05906329998290593,0.21539305803265194,0.02,0.99,False,0.02,0.95,False,0.06992766142437815,0.06992766142437815,0.1990670873919605,0.0,0.99,False,0.056744086645027794,0.056744086645027794,0.22743484224965707,0.01,1.0,False,0.02,0.94,False,0.07380471117414023,0.07380471117414023,0.18573388203017832,0.01,0.99,False,0.13758105564912518,0.13758105564912518,0.04718792866941015,0.38,1.0,False,0.45,1.0,False,0.21224653844388597,0.21224653844388597,0.03497942386831276,0.63,1.0,False,0.14244680139689608,0.14244680139689608,0.025925925925925925,0.71,1.0,True,0.6,1.0,False,0.26027710350217353,0.26027710350217353,0.015912208504801097,0.99,1.0,True,0001,0001,day14_only_discovery,False,False,False,False,False,False,False
NFE2,AC024267.1,AC024267.1,ENSG00000264066,0.1423909356563303,0.1423909356563303,True,0.051014415313140264,0.051014415313140264,0.1461105775826588,0.07,0.96,False,0.12,0.95,False,0.05568074893191467,0.05568074893191467,0.11263547811771162,0.11,0.93,False,0.07751606824644595,0.07751606824644595,0.016872427983539096,0.63,1.0,False,0.38,0.99,False,0.10465367338499929,0.10465367338499929,0.011796982167352537,0.8,1.0,True,0.15488008369951534,0.15488008369951534,0.0032921810699588477,0.9,1.0,True,0.86,1.0,True,0.2146646111765411,0.2146646111765411,0.0064471879286694105,0.99,1.0,True,0.14239093565633026,0.14239093565633026,0.011796982167352537,0.94,1.0,True,0.86,1.0,True,0.1428437630693952,0.1428437630693952,0.011659807956104253,0.92,1.0,True,0011,0011,cross_time_discovery,True,False,True,False,True,False,False
GFI1B,RPL10A,RPL10A,ENSG00000198755,0.1422577055620388,0.1422577055620388,True,0.013022832171639137,0.013022832171639137,0.7158732336397311,0.01,0.71,False,0.0,0.76,False,0.01499935055436763,0.01499935055436763,0.6867883111537934,0.0,0.66,False,-0.004029167834364795,0.004029167834364795,0.8939643347050754,0.0,0.5800000000000001,False,0.04,0.53,False,-0.0007984797999338067,0.0007984797999338067,0.9780521262002744,0.02,0.51,False,0.04023498528963485,0.04023498528963485,0.34005486968449933,0.0,0.92,False,0.01,0.88,False,0.05803097684360697,0.05803097684360697,0.20891632373113855,0.04,1.0,False,0.14225770556203884,0.14225770556203884,0.0049382716049382715,0.82,1.0,True,0.89,1.0,True,0.17419329502338504,0.17419329502338504,0.016598079561042523,0.78,1.0,True,0001,0001,day14_only_discovery,False,False,False,False,False,False,False
NFE2,JAK1,JAK1,ENSG00000162434,-0.1421694372297028,0.1421694372297028,True,-0.052741901158556675,0.052741901158556675,0.13431197695157085,0.12,0.95,False,0.09,0.91,False,-0.052378248307471474,0.052378248307471474,0.13280285361503635,0.14,0.92,False,-0.030581343609459535,0.030581343609459535,0.29670781893004117,0.06,0.89,False,0.04,0.81,False,-0.029898883657120134,0.029898883657120134,0.3871056241426612,0.01,0.9,False,-0.03389268849702685,0.03389268849702685,0.44814814814814813,0.0,0.8200000000000001,False,0.01,0.91,False,-0.033093922684048795,0.033093922684048795,0.6091906721536351,0.0,0.86,False,-0.14216943722970274,0.14216943722970274,0.011934156378600824,0.9,1.0,True,0.81,1.0,True,-0.14463875686247454,0.14463875686247454,0.011248285322359396,0.88,1.0,True,0001,0001,day14_only_discovery,False,False,False,False,False,False,False
NFE2,RHD,RHD,ENSG00000187010,0.1421629102245812,0.1421629102245812,True,0.05415608135153838,0.05415608135153838,0.12319934147345314,0.07,0.98,False,0.01,0.89,False,0.05833789195193692,0.05833789195193692,0.09685827959939636,0.11,0.99,False,0.0864801408211195,0.0864801408211195,0.00850480109739369,0.79,1.0,True,0.45,1.0,False,0.137485285040952,0.137485285040952,0.003017832647462277,0.99,1.0,True,0.07019060764414888,0.07019060764414888,0.13401920438957476,0.07,0.99,False,0.07,0.99,False,0.16902336170987084,0.16902336170987084,0.024142661179698217,0.78,1.0,True,0.14216291022458133,0.14216291022458133,0.012071330589849109,0.92,1.0,True,0.85,1.0,True,0.1448856124878305,0.1448856124878305,0.011111111111111112,0.93,1.0,True,0101,0001,cross_time_discovery,True,False,False,False,True,False,False
GATA1,RPS17,RPS17,ENSG00000182774,0.1414884372522429,0.1414884372522429,True,0.025617697229055762,0.025617697229055762,0.3993689120592674,0.01,0.79,False,0.01,0.79,False,0.028524210132328802,0.028524210132328802,0.3577994237892715,0.02,0.86,False,0.007127591964425036,0.007127591964425036,0.7529492455418382,0.01,0.66,False,0.0,0.6,False,0.01275748545964927,0.01275748545964927,0.6186556927297668,0.0,0.69,False,-0.020569730789945506,0.020569730789945506,0.5165980795610425,0.03,0.7,False,0.02,0.5900000000000001,False,-0.05759062479037682,0.05759062479037682,0.12647462277091906,0.16,0.97,False,0.14148843725224294,0.14148843725224294,0.00205761316872428,0.96,1.0,True,0.94,1.0,True,0.1517689021630519,0.1517689021630519,0.0016460905349794238,0.99,1.0,True,0001,0001,day14_only_discovery,False,False,False,False,False,False,False
GFI1B,COPS3,COPS3,ENSG00000141030,0.1414156725783367,0.1414156725783367,True,0.004714123536633946,0.004714123536633946,0.8931266291672383,0.01,0.6,False,0.0,0.51,False,0.007994634367865192,0.007994634367865192,0.8256276581149677,0.01,0.61,False,0.01348531448009541,0.01348531448009541,0.6554183813443073,0.0,0.74,False,0.02,0.68,False,0.01493013324504216,0.01493013324504216,0.6474622770919067,0.0,0.81,False,0.06245380951367784,0.06245380951367784,0.14595336076817558,0.04,0.98,False,0.1,0.98,False,0.08728023215330802,0.08728023215330802,0.06941015089163237,0.16,1.0,False,0.14141567257833665,0.14141567257833665,0.005075445816186557,0.84,1.0,True,0.72,1.0,True,0.18930190401659924,0.18930190401659924,0.007681755829903978,0.88,1.0,True,0001,0001,day14_only_discovery,False,False,False,False,False,False,False
GFI1B,RTTN,RTTN,ENSG00000176225,0.1412225272673384,0.1412225272673384,True,-0.019541290138973037,0.019541290138973037,0.5822472218411304,0.0,0.8,False,0.0,0.6599999999999999,False,-0.019007602909589548,0.019007602909589548,0.6072163534092468,0.0,0.78,False,0.06421166352694549,0.06421166352694549,0.06282578875171468,0.24,1.0,False,0.25,0.99,False,0.06946067409137902,0.06946067409137902,0.05692729766803841,0.23,1.0,False,0.045710142109511666,0.045710142109511666,0.28203017832647465,0.04,0.91,False,0.01,0.87,False,0.06620124835427184,0.06620124835427184,0.15377229080932783,0.06,0.99,False,0.14122252726733842,0.14122252726733842,0.005212620027434842,0.8,1.0,True,0.79,1.0,True,0.1871135665761792,0.1871135665761792,0.00850480109739369,0.86,1.0,True,0001,0001,day14_only_discovery,False,False,False,False,False,False,False
NFE2,PPIP5K2,PPIP5K2,ENSG00000145725,0.1411353145746861,0.1411353145746861,True,-0.015169356607767553,0.015169356607767553,0.6659349705034984,0.01,0.71,False,0.03,0.8200000000000001,False,-0.010286375636570077,0.010286375636570077,0.7651255316229936,0.0,0.6799999999999999,False,0.012723552933255718,0.012723552933255718,0.6648834019204389,0.0,0.61,False,0.01,0.68,False,0.028200359646282307,0.028200359646282307,0.4149519890260631,0.0,0.87,False,-0.0160364262292977,0.0160364262292977,0.712482853223594,0.0,0.6799999999999999,False,0.0,0.74,False,-0.001295692301656337,0.001295692301656337,0.9843621399176955,0.0,0.53,False,0.14113531457468603,0.14113531457468603,0.012208504801097394,0.89,1.0,True,0.92,1.0,True,0.14421448451660873,0.14421448451660873,0.011522633744855968,0.89,1.0,True,0001,0001,day14_only_discovery,False,False,False,False,False,False,False
GFI1B,NAP1L1,NAP1L1,ENSG00000187109,0.1411108322364969,0.1411108322364969,True,0.013350619055575236,0.013350619055575236,0.7072300727123062,0.0,0.67,False,0.01,0.84,False,0.003976075262522439,0.003976075262522439,0.9126080395115929,0.0,0.5,False,0.04149563285150975,0.04149563285150975,0.20397805212620027,0.03,0.98,False,0.08,0.86,False,0.039318481222068095,0.039318481222068095,0.2459533607681756,0.05,0.96,False,0.0674880025056059,0.0674880025056059,0.11947873799725652,0.11,0.97,False,0.13,0.98,False,0.09639905756229035,0.09639905756229035,0.04910836762688615,0.34,1.0,False,0.14111083223649692,0.14111083223649692,0.005349794238683128,0.87,1.0,True,0.87,1.0,True,0.20121851051070203,0.20121851051070203,0.003840877914951989,0.96,1.0,True,0001,0001,day14_only_discovery,False,False,False,False,False,False,False
GFI1B,ABCC5,ABCC5,ENSG00000114770,0.1408967467346141,0.1408967467346141,True,0.08916087718221737,0.08916087718221737,0.022911236109205653,0.47,1.0,False,0.47,0.99,False,0.10930279317821197,0.10930279317821197,0.015914391548909314,0.73,1.0,True,0.08043213488554912,0.08043213488554912,0.02729766803840878,0.46,1.0,False,0.33,0.97,False,0.09716093352001358,0.09716093352001358,0.017695473251028805,0.76,1.0,True,0.09702717549489932,0.09702717549489932,0.03141289437585734,0.41,1.0,False,0.41,1.0,False,0.12069779005747762,0.12069779005747762,0.016598079561042523,0.66,1.0,False,0.14089674673461397,0.14089674673461397,0.0054869684499314125,0.8,1.0,True,0.74,1.0,True,0.17117454405852545,0.17117454405852545,0.018381344307270234,0.77,1.0,True,0001,0001,day14_only_discovery,False,False,False,False,True,False,False
GFI1B,HSDL2,HSDL2,ENSG00000119471,0.1408351695498258,0.1408351695498258,True,0.06154183755439711,0.06154183755439711,0.08656880230484292,0.19,0.98,False,0.11,0.99,False,0.074250982295659,0.074250982295659,0.059541775277815887,0.25,0.99,False,0.047808185096477614,0.047808185096477614,0.15089163237311384,0.05,0.99,False,0.1,0.94,False,0.056009580381820336,0.056009580381820336,0.11673525377229081,0.09,1.0,False,0.08545679219683841,0.08545679219683841,0.05802469135802469,0.26,1.0,False,0.34,1.0,False,0.10540941429318812,0.10540941429318812,0.03388203017832647,0.39,0.99,False,0.14083516954982586,0.14083516954982586,0.005624142661179698,0.81,1.0,True,0.74,1.0,True,0.17396850121590102,0.17396850121590102,0.016872427983539096,0.72,1.0,True,0001,0001,day14_only_discovery,False,False,False,False,False,False,False
GFI1B,RACK1,RACK1,ENSG00000204628,0.1406704844098028,0.1406704844098028,True,0.010447364118111044,0.010447364118111044,0.7707504458773494,0.0,0.62,False,0.0,0.76,False,0.0074120089134567585,0.0074120089134567585,0.8403073123885306,0.0,0.59,False,0.04212889714367454,0.04212889714367454,0.19739368998628257,0.08,0.99,False,0.06,0.93,False,0.04056892861448841,0.04056892861448841,0.23031550068587106,0.01,0.97,False,0.024430661550578162,0.024430661550578162,0.5636488340192044,0.01,0.79,False,0.0,0.76,False,0.054133664460523256,0.054133664460523256,0.23868312757201646,0.01,0.93,False,0.14067048440980284,0.14067048440980284,0.005761316872427984,0.86,1.0,True,0.82,1.0,True,0.16852690428677028,0.16852690428677028,0.021536351165980797,0.66,1.0,False,0001,0001,day14_only_discovery,False,False,False,False,False,False,False
TAL1,HERC1,HERC1,ENSG00000103657,0.140666825099527,0.140666825099527,True,0.00959897245418626,0.00959897245418626,0.7651255316229936,0.02,0.56,False,0.01,0.67,False,-0.001088574453551676,0.001088574453551676,0.9684456029633695,0.0,0.53,False,0.04918047172227338,0.04918047172227338,0.05555555555555555,0.14,0.99,False,0.17,0.91,False,0.06236142458694218,0.06236142458694218,0.04691358024691358,0.27,0.99,False,0.05510801245775808,0.05510801245775808,0.13703703703703704,0.05,0.94,False,0.12,0.97,False,0.11252009876252704,0.11252009876252704,0.052537722908093276,0.32,1.0,False,0.140666825099527,0.140666825099527,0.0013717421124828531,0.96,1.0,True,0.93,1.0,True,0.13202152082502908,0.13202152082502908,0.0017832647462277093,0.92,1.0,True,0001,0001,day14_only_discovery,False,False,False,False,False,False,False
GFI1B,RPLP0,RPLP0,ENSG00000089157,0.1405329599519966,0.1405329599519966,True,-0.014099520336938641,0.014099520336938641,0.6935107696529016,0.0,0.61,False,0.04,0.77,False,-0.007655901665464173,0.007655901665464173,0.8345452051035808,0.0,0.63,False,0.06803957164919167,0.06803957164919167,0.04897119341563786,0.38,1.0,False,0.19,0.97,False,0.07757783118342176,0.07757783118342176,0.03991769547325103,0.4,0.99,False,0.04816913962458959,0.04816913962458959,0.25665294924554183,0.04,0.93,False,0.03,0.98,False,0.0765296706598897,0.0765296706598897,0.10617283950617284,0.12,0.99,False,0.1405329599519966,0.1405329599519966,0.005898491083676269,0.84,1.0,True,0.88,1.0,True,0.17712210446753587,0.17712210446753587,0.013443072702331962,0.86,1.0,True,0001,0001,day14_only_discovery,False,False,False,False,False,False,False
GFI1B,CDC6,CDC6,ENSG00000094804,0.1403444895874309,0.1403444895874309,True,0.055263658787385025,0.055263658787385025,0.11922074358622582,0.13,0.97,False,0.25,1.0,False,0.054296350586794835,0.054296350586794835,0.15310742214295514,0.11,0.99,False,0.06660719683353308,0.06660719683353308,0.05459533607681756,0.34,1.0,False,0.17,0.98,False,0.06398304463581114,0.06398304463581114,0.0766803840877915,0.2,0.99,False,0.07193034121408307,0.07193034121408307,0.09917695473251029,0.05,0.99,False,0.17,1.0,False,0.0876756027491284,0.0876756027491284,0.06844993141289438,0.28,1.0,False,0.140344489587431,0.140344489587431,0.006035665294924554,0.75,1.0,True,0.71,1.0,True,0.17259063426805824,0.17259063426805824,0.017695473251028805,0.71,1.0,True,0001,0001,day14_only_discovery,False,False,False,False,False,False,False
NFE2,PTPRA,PTPRA,ENSG00000132670,0.1403248063810502,0.1403248063810502,True,-0.03663164358273716,0.03663164358273716,0.2955137878995747,0.03,0.9299999999999999,False,0.02,0.79,False,-0.03234023437367718,0.03234023437367718,0.3523117025655097,0.05,0.88,False,-0.005524317277377341,0.005524317277377341,0.851440329218107,0.01,0.64,False,0.01,0.65,False,-0.0017571493222409125,0.0017571493222409125,0.9622770919067215,0.0,0.52,False,-0.0823884865800346,0.0823884865800346,0.08395061728395062,0.17,1.0,False,0.17,0.99,False,-0.08125629386968207,0.08125629386968207,0.22853223593964334,0.0,0.99,False,0.14032480638105022,0.14032480638105022,0.012345679012345678,0.95,1.0,True,0.84,1.0,True,0.14262966003918218,0.14262966003918218,0.011796982167352537,0.94,1.0,True,0001,0001,day14_only_discovery,False,False,False,False,False,False,False
NFE2,RFX3-AS1,RFX3-AS1,ENSG00000232104,0.1402358950177206,0.1402358950177206,True,0.004970259876680629,0.004970259876680629,0.8876389079434764,0.0,0.64,False,0.0,0.58,False,0.006698087060699309,0.006698087060699309,0.8462066127040746,0.0,0.68,False,0.02757075773088969,0.02757075773088969,0.34595336076817557,0.02,0.87,False,0.06,0.86,False,0.03811146164382549,0.03811146164382549,0.2720164609053498,0.0,0.98,False,0.03977547036202979,0.03977547036202979,0.37983539094650204,0.01,0.95,False,0.0,0.9,False,0.07712330434367365,0.07712330434367365,0.2511659807956104,0.0,0.99,False,0.14023589501772069,0.14023589501772069,0.012482853223593965,0.91,1.0,True,0.88,1.0,True,0.14218855874041994,0.14218855874041994,0.012071330589849109,0.88,1.0,True,0001,0001,day14_only_discovery,False,False,False,False,False,False,False
GFI1B,DNMT1,DNMT1,ENSG00000130816,0.1401254710368871,0.1401254710368871,True,0.04557396782467433,0.04557396782467433,0.19975305254493073,0.04,0.99,False,0.01,0.91,False,0.05140279005553194,0.05140279005553194,0.17382356976265606,0.09,0.98,False,0.03890376238917501,0.03890376238917501,0.23045267489711935,0.05,0.95,False,0.04,0.88,False,0.042896603066648435,0.042896603066648435,0.2102880658436214,0.04,0.96,False,0.04474774831459366,0.04474774831459366,0.2908093278463649,0.04,0.93,False,0.03,0.95,False,0.07901188910247631,0.07901188910247631,0.0982167352537723,0.12,0.99,False,0.1401254710368872,0.1401254710368872,0.006172839506172839,0.73,1.0,True,0.79,1.0,True,0.19842192383174528,0.19842192383174528,0.0043895747599451305,0.95,1.0,True,0001,0001,day14_only_discovery,False,False,False,False,False,False,False
NFE2,FRMD4A,FRMD4A,ENSG00000151474,0.1401242562762325,0.1401242562762325,True,0.01921308685563129,0.01921308685563129,0.5836191521470709,0.0,0.83,False,0.0,0.79,False,0.02317634891529579,0.02317634891529579,0.5039100013719303,0.0,0.76,False,0.014634387276737394,0.014634387276737394,0.6148148148148148,0.01,0.81,False,0.01,0.6,False,0.023136401702646036,0.023136401702646036,0.5023319615912208,0.0,0.86,False,0.029726087279803106,0.029726087279803106,0.5064471879286694,0.0,0.8,False,0.0,0.77,False,0.06591017122884804,0.06591017122884804,0.3231824417009602,0.01,0.97,False,0.14012425627623257,0.14012425627623257,0.01262002743484225,0.9,1.0,True,0.85,1.0,True,0.13796145712644592,0.13796145712644592,0.01440329218106996,0.93,1.0,True,0001,0001,day14_only_discovery,False,False,False,False,False,False,False
GFI1B,KLF13,KLF13,ENSG00000169926,0.1400543185319329,0.1400543185319329,True,0.059660280333855537,0.059660280333855537,0.0952119632322678,0.08,1.0,False,0.14,0.96,False,0.08185666591198026,0.08185666591198026,0.04294141857593634,0.27,1.0,False,0.048525054101112845,0.048525054101112845,0.144718792866941,0.06,0.99,False,0.05,0.94,False,0.06342014191237373,0.06342014191237373,0.0794238683127572,0.22,1.0,False,0.06875865456015866,0.06875865456015866,0.11344307270233196,0.09,0.98,False,0.11,0.99,False,0.06672754325343637,0.06672754325343637,0.14993141289437587,0.12,0.99,False,0.14005431853193295,0.14005431853193295,0.006310013717421125,0.78,1.0,True,0.81,1.0,True,0.17858770650750275,0.17858770650750275,0.013031550068587106,0.87,1.0,True,0001,0001,day14_only_discovery,False,False,False,False,False,False,False
GATA1,ITSN1,ITSN1,ENSG00000205726,0.1398023093836133,0.1398023093836133,True,0.06585114156020046,0.06585114156020046,0.0344354506791055,0.26,0.99,False,0.13,0.99,False,0.0634399815214349,0.0634399815214349,0.045822472218411306,0.19,0.99,False,0.012973490910750764,0.012973490910750764,0.5683127572016461,0.02,0.72,False,0.01,0.71,False,0.02354117240521027,0.02354117240521027,0.3515775034293553,0.0,0.86,False,0.014739766734925112,0.014739766734925112,0.6426611796982168,0.01,0.66,False,0.03,0.66,False,0.03250992682038173,0.03250992682038173,0.3866941015089163,0.03,0.82,False,0.13980230938361338,0.13980230938361338,0.0021947873799725653,0.92,1.0,True,0.91,1.0,True,0.13330036050818347,0.13330036050818347,0.005624142661179698,0.86,1.0,True,0001,0001,day14_only_discovery,False,False,False,False,False,False,False
NFE2,LPIN2,LPIN2,ENSG00000101577,-0.1397052283833333,0.1397052283833333,True,0.006387616896890242,0.006387616896890242,0.8522431060502127,0.0,0.58,False,0.0,0.53,False,0.010055152757381123,0.010055152757381123,0.7708876389079434,0.02,0.6,False,0.009785000761699383,0.009785000761699383,0.7434842249657064,0.0,0.65,False,0.0,0.64,False,0.022790972220574423,0.022790972220574423,0.50960219478738,0.01,0.88,False,0.025980460204113244,0.025980460204113244,0.560082304526749,0.0,0.82,False,0.02,0.76,False,0.06314898423335584,0.06314898423335584,0.34595336076817557,0.0,0.98,False,-0.13970522838333338,0.13970522838333338,0.012757201646090535,0.89,1.0,True,0.9,1.0,True,-0.13679449590445492,0.13679449590445492,0.014814814814814815,0.9,1.0,True,0001,0001,day14_only_discovery,False,False,False,False,False,False,False
NFE2,CHST2,CHST2,ENSG00000175040,0.1395406356905173,0.1395406356905173,True,0.10612298373173355,0.10612298373173355,0.004664563040197558,0.66,1.0,False,0.65,1.0,False,0.10229453511083518,0.10229453511083518,0.004801756070791603,0.75,1.0,True,0.05520408510599032,0.05520408510599032,0.06886145404663924,0.18,0.99,False,0.11,0.93,False,0.07111054963017338,0.07111054963017338,0.056790123456790124,0.31,1.0,False,0.06809661601487633,0.06809661601487633,0.14787379972565157,0.09,0.99,False,0.11,0.96,False,0.10615665364496699,0.10615665364496699,0.12510288065843622,0.08,1.0,False,0.13954063569051742,0.13954063569051742,0.012894375857338821,0.95,1.0,True,0.91,1.0,True,0.13825837008004013,0.13825837008004013,0.014128943758573388,0.84,1.0,True,0001,0001,day14_only_discovery,False,False,False,False,True,False,False
NFE2,NCEH1,NCEH1,ENSG00000144959,0.1393441629633259,0.1393441629633259,True,0.0015431625066408138,0.0015431625066408138,0.9651529702291124,0.01,0.51,False,0.0,0.6,False,0.004095787103068877,0.004095787103068877,0.9025929482782274,0.0,0.6,False,0.030094207885897246,0.030094207885897246,0.3043895747599451,0.03,0.93,False,0.01,0.8,False,0.06619957855356953,0.06619957855356953,0.07242798353909465,0.13,1.0,False,0.061596110966063204,0.061596110966063204,0.17983539094650206,0.06,0.96,False,0.03,0.98,False,0.12323758534775914,0.12323758534775914,0.08024691358024691,0.15,1.0,False,0.13934416296332597,0.13934416296332597,0.013031550068587106,0.91,1.0,True,0.88,1.0,True,0.1400226184470634,0.1400226184470634,0.013031550068587106,0.91,1.0,True,0001,0001,day14_only_discovery,False,False,False,False,False,False,False
NFE2,ASAP1,ASAP1,ENSG00000153317,0.1391203286100943,0.1391203286100943,True,0.04478025529561732,0.04478025529561732,0.20496638770750447,0.1,0.96,False,0.04,0.82,False,0.05553897026494525,0.05553897026494525,0.11359582933186994,0.17,0.97,False,0.011265234742594938,0.011265234742594938,0.7058984910836763,0.0,0.64,False,0.05,0.67,False,0.038616166260518336,0.038616166260518336,0.26625514403292183,0.0,0.97,False,-0.0012558874959804876,0.0012558874959804876,0.9783264746227709,0.0,0.5,False,0.01,0.51,False,0.057281335050350636,0.057281335050350636,0.3910836762688615,0.0,0.97,False,0.1391203286100943,0.1391203286100943,0.01316872427983539,0.92,1.0,True,0.89,1.0,True,0.1416630160760421,0.1416630160760421,0.012482853223593965,0.93,1.0,True,0001,0001,day14_only_discovery,False,False,False,False,False,False,False
NFE2,IDS,IDS,ENSG00000010404,-0.139068910260979,0.139068910260979,True,-0.02138913755847259,0.02138913755847259,0.541638084785293,0.0,0.79,False,0.01,0.83,False,-0.022370373830693322,0.022370373830693322,0.5200987789820277,0.01,0.77,False,-0.012019562003529357,0.012019562003529357,0.6843621399176955,0.0,0.5900000000000001,False,0.04,0.6599999999999999,False,-0.010339329073546157,0.010339329073546157,0.7624142661179698,0.0,0.61,False,0.0007297168886808603,0.0007297168886808603,0.9871056241426612,0.0,0.62,False,0.0,0.54,False,-0.007982982746301472,0.007982982746301472,0.9064471879286694,0.0,0.6699999999999999,False,-0.139068910260979,0.139068910260979,0.013305898491083675,0.89,1.0,True,0.85,1.0,True,-0.1419112433587089,0.1419112433587089,0.012345679012345678,0.86,1.0,True,0001,0001,day14_only_discovery,False,False,False,False,False,False,False
GATA1,SPTA1,SPTA1,ENSG00000163554,0.1389599095493438,0.1389599095493438,True,0.027141247612058723,0.027141247612058723,0.3715187268486761,0.0,0.85,False,0.03,0.69,False,0.049022259882632216,0.049022259882632216,0.11304705720949376,0.1,0.92,False,0.030769397629748143,0.030769397629748143,0.18573388203017832,0.13,0.87,False,0.1,0.86,False,0.06031768601475759,0.06031768601475759,0.022770919067215362,0.36,1.0,False,0.011194637026170795,0.011194637026170795,0.7263374485596708,0.0,0.62,False,0.01,0.61,False,0.0715475407264296,0.0715475407264296,0.059122085048010975,0.24,0.98,False,0.1389599095493438,0.1389599095493438,0.0023319615912208505,0.95,1.0,True,0.96,1.0,True,0.14632558561889572,0.14632558561889572,0.002606310013717421,0.97,1.0,True,0001,0001,day14_only_discovery,False,False,False,False,False,False,False
GATA1,CD36,CD36,ENSG00000135218,0.138914725381781,0.138914725381781,True,0.08076532812717349,0.08076532812717349,0.008643160927424887,0.37,0.99,False,0.42,1.0,False,0.09368284937323332,0.09368284937323332,0.003018246673069008,0.67,1.0,False,0.025764787953621658,0.025764787953621658,0.26886145404663925,0.04,0.85,False,0.09,0.85,False,0.05633486892808312,0.05633486892808312,0.030864197530864196,0.34,1.0,False,0.02535480743392642,0.02535480743392642,0.42112482853223593,0.02,0.83,False,0.04,0.76,False,0.05942699039466086,0.05942699039466086,0.11550068587105625,0.08,0.97,False,0.13891472538178104,0.13891472538178104,0.0024691358024691358,0.96,1.0,True,0.93,1.0,True,0.15068634090440142,0.15068634090440142,0.0017832647462277093,0.97,1.0,True,0001,0001,day14_only_discovery,False,False,False,False,False,False,False
GFI1B,PARP1,PARP1,ENSG00000143799,0.1387512008392722,0.1387512008392722,True,0.020595968942522924,0.020595968942522924,0.562628618466182,0.0,0.74,False,0.09,0.9,False,0.019574287820991874,0.019574287820991874,0.5955549458087529,0.0,0.81,False,-0.020189189411042516,0.020189189411042516,0.5170096021947874,0.0,0.78,False,0.03,0.6699999999999999,False,-0.03083172197317178,0.03083172197317178,0.3534979423868313,0.01,0.9299999999999999,False,0.009782347020247526,0.009782347020247526,0.8159122085048011,0.0,0.66,False,0.0,0.56,False,0.027090864456040826,0.027090864456040826,0.5525377229080933,0.0,0.76,False,0.13875120083927234,0.13875120083927234,0.0064471879286694105,0.73,1.0,True,0.79,1.0,True,0.17450261379944085,0.17450261379944085,0.016049382716049384,0.84,1.0,True,0001,0001,day14_only_discovery,False,False,False,False,False,False,False
NFE2,PABPC1,PABPC1,ENSG00000070756,0.1380951476187246,0.1380951476187246,True,-0.030494445075481873,0.030494445075481873,0.386198381122239,0.07,0.83,False,0.1,0.72,False,-0.029041230268251523,0.029041230268251523,0.40321031691590065,0.09,0.76,False,0.05966874119869168,0.05966874119869168,0.05034293552812071,0.22,0.99,False,0.2,0.99,False,0.04545778698145721,0.04545778698145721,0.1934156378600823,0.07,0.98,False,0.005088820555891191,0.005088820555891191,0.9112482853223594,0.0,0.57,False,0.0,0.6,False,-0.06277548644808485,0.06277548644808485,0.34883401920438956,0.0,0.94,False,0.13809514761872474,0.13809514761872474,0.013443072702331962,0.89,1.0,True,0.76,1.0,True,0.14069614423167934,0.14069614423167934,0.012757201646090535,0.87,1.0,True,0001,0001,day14_only_discovery,False,False,False,False,False,False,False
NFE2,PPME1,PPME1,ENSG00000214517,0.1380938053059407,0.1380938053059407,True,-0.002570849231380951,0.002570849231380951,0.9419673480587186,0.01,0.52,False,0.0,0.7,False,-0.0013442154371937848,0.0013442154371937848,0.969954726299904,0.0,0.5700000000000001,False,0.04442931938743619,0.04442931938743619,0.1347050754458162,0.07,1.0,False,0.11,0.88,False,0.06464125643463964,0.06464125643463964,0.07791495198902607,0.21,1.0,False,0.05782870218421029,0.05782870218421029,0.20809327846364883,0.04,0.96,False,0.07,0.96,False,0.10189847620751402,0.10189847620751402,0.13964334705075446,0.06,1.0,False,0.13809380530594068,0.13809380530594068,0.013580246913580247,0.91,1.0,True,0.9,1.0,True,0.13926276435383417,0.13926276435383417,0.013305898491083675,0.97,1.0,True,0001,0001,day14_only_discovery,False,False,False,False,False,False,False
GFI1B,ABCB10,ABCB10,ENSG00000135776,0.1380573531383172,0.1380573531383172,True,0.1052887156543171,0.1052887156543171,0.011387021539305804,0.74,1.0,True,0.63,1.0,False,0.13221684195122493,0.13221684195122493,0.006722458499108245,0.89,1.0,True,0.11634891781502935,0.11634891781502935,0.005624142661179698,0.95,1.0,True,0.8,1.0,True,0.13885423108398548,0.13885423108398548,0.0027434842249657062,1.0,1.0,True,0.01444465801277572,0.01444465801277572,0.7336076817558299,0.0,0.64,False,0.01,0.59,False,0.04217724843742058,0.04217724843742058,0.3544581618655693,0.0,0.87,False,0.13805735313831727,0.13805735313831727,0.006584362139917695,0.8,1.0,True,0.76,1.0,True,0.18918031621740514,0.18918031621740514,0.007956104252400549,0.95,1.0,True,1101,0101,cross_time_discovery,True,False,True,False,True,False,False
NFE2,TESC,TESC,ENSG00000088992,0.1379224077865562,0.1379224077865562,True,0.0500577005190723,0.0500577005190723,0.15502812457127177,0.15,0.96,False,0.03,0.74,False,0.05365189769289459,0.05365189769289459,0.12525723693236385,0.11,0.94,False,0.09677628483783574,0.09677628483783574,0.004663923182441701,0.9,1.0,True,0.68,1.0,False,0.11274759949513281,0.11274759949513281,0.008779149519890261,0.92,1.0,True,0.07362078699998599,0.07362078699998599,0.11742112482853223,0.18,1.0,False,0.1,0.97,False,0.12474670140567251,0.12474670140567251,0.07736625514403292,0.24,1.0,False,0.13792240778655615,0.13792240778655615,0.013717421124828532,0.89,1.0,True,0.86,1.0,True,0.13777650326867585,0.13777650326867585,0.014677640603566529,0.78,1.0,True,0101,0001,cross_time_discovery,True,False,False,False,True,False,False
NFE2,FCHO2,FCHO2,ENSG00000157107,0.137910361638143,0.137910361638143,True,0.028342043057375216,0.028342043057375216,0.4203594457401564,0.02,0.83,False,0.06,0.88,False,0.029978240500212423,0.029978240500212423,0.3901769790094663,0.01,0.89,False,-0.009287118459150001,0.009287118459150001,0.7567901234567901,0.0,0.6699999999999999,False,0.01,0.52,False,0.013582245304920769,0.013582245304920769,0.6957475994513032,0.0,0.76,False,0.020126521795728727,0.020126521795728727,0.644718792866941,0.0,0.79,False,0.0,0.76,False,0.058770784854707644,0.058770784854707644,0.3801097393689986,0.0,0.95,False,0.13791036163814296,0.13791036163814296,0.013854595336076818,0.9,1.0,True,0.92,1.0,True,0.13975039654540378,0.13975039654540378,0.01316872427983539,0.87,1.0,True,0001,0001,day14_only_discovery,False,False,False,False,False,False,False
NFE2,H3F3A,H3F3A,ENSG00000163041,0.1378080776635861,0.1378080776635861,True,0.08803910886910937,0.08803910886910937,0.016051584579503363,0.49,1.0,False,0.41,0.99,False,0.08029092709961373,0.08029092709961373,0.024831938537522295,0.36,0.98,False,0.05656988159729482,0.05656988159729482,0.06172839506172839,0.31,0.98,False,0.24,0.89,False,0.09251607616426771,0.09251607616426771,0.02030178326474623,0.58,1.0,False,0.10668421807758553,0.10668421807758553,0.03113854595336077,0.37,1.0,False,0.49,1.0,False,0.1613454178173396,0.1613454178173396,0.0299039780521262,0.59,1.0,False,0.13780807766358616,0.13780807766358616,0.013991769547325103,0.87,1.0,True,0.86,1.0,True,0.1383158361264548,0.1383158361264548,0.013991769547325103,0.9,1.0,True,0001,0001,day14_only_discovery,False,False,False,False,False,False,False
GFI1B,CLSPN,CLSPN,ENSG00000092853,0.1375976539851827,0.1375976539851827,True,0.05852913405065722,0.05852913405065722,0.10015091233365345,0.14,0.99,False,0.11,0.97,False,0.06044885883008921,0.06044885883008921,0.11428179448484017,0.14,0.96,False,0.09765524778011975,0.09765524778011975,0.011659807956104253,0.85,1.0,True,0.5,1.0,False,0.09758053331807269,0.09758053331807269,0.01728395061728395,0.71,1.0,True,0.07124845380353194,0.07124845380353194,0.10246913580246914,0.1,0.99,False,0.08,1.0,False,0.10834910394237032,0.10834910394237032,0.029766803840877914,0.49,1.0,False,0.13759765398518273,0.13759765398518273,0.006721536351165981,0.78,1.0,True,0.75,1.0,True,0.20496585744402102,0.20496585744402102,0.002880658436213992,0.97,1.0,True,0101,0001,cross_time_discovery,True,False,False,False,True,False,False
GFI1B,PCNA,PCNA,ENSG00000132646,0.1375758873603095,0.1375758873603095,True,0.05820106104526144,0.05820106104526144,0.10152284263959391,0.17,1.0,False,0.04,0.93,False,0.050969628502847364,0.050969628502847364,0.17656743037453698,0.1,0.97,False,0.10009213905894312,0.10009213905894312,0.010699588477366255,0.88,1.0,True,0.67,1.0,False,0.10529991804814283,0.10529991804814283,0.01316872427983539,0.82,1.0,True,0.04160893180777953,0.04160893180777953,0.32482853223593966,0.02,0.89,False,0.02,0.9,False,0.08501196204390736,0.08501196204390736,0.0766803840877915,0.22,1.0,False,0.13757588736030946,0.13757588736030946,0.006858710562414266,0.78,1.0,True,0.76,1.0,True,0.20123354513666536,0.20123354513666536,0.003703703703703704,0.96,1.0,True,0101,0001,cross_time_discovery,True,False,False,False,True,False,False
GFI1B,RPA3,RPA3,ENSG00000106399,0.1375320528713148,0.1375320528713148,True,0.03847190144161811,0.03847190144161811,0.27438606118809167,0.04,0.86,False,0.02,0.84,False,0.03496732915572711,0.03496732915572711,0.34243380436273835,0.02,0.9,False,0.06267389753208515,0.06267389753208515,0.06844993141289438,0.15,0.99,False,0.19,0.94,False,0.07541434946146071,0.07541434946146071,0.04526748971193416,0.38,1.0,False,0.007265785068891347,0.007265785068891347,0.8662551440329218,0.0,0.66,False,0.0,0.67,False,0.04761609499425066,0.04761609499425066,0.2968449931412894,0.01,0.95,False,0.13753205287131484,0.13753205287131484,0.0069958847736625515,0.73,1.0,True,0.79,1.0,True,0.18221156044988154,0.18221156044988154,0.011111111111111112,0.96,1.0,True,0001,0001,day14_only_discovery,False,False,False,False,False,False,False
TAL1,GPCPD1,GPCPD1,ENSG00000125772,0.1373651920276634,0.1373651920276634,True,0.041435355042472775,0.041435355042472775,0.21086568802304842,0.07,0.89,False,0.04,0.85,False,0.03619804242445093,0.03619804242445093,0.2679379887501715,0.01,0.89,False,0.05079175746544092,0.05079175746544092,0.04801097393689986,0.24,0.98,False,0.17,0.95,False,0.07531340002842918,0.07531340002842918,0.02496570644718793,0.44,1.0,False,0.094474240424147,0.094474240424147,0.015912208504801097,0.51,1.0,False,0.4,0.99,False,0.18174623444944704,0.18174623444944704,0.0054869684499314125,0.94,1.0,True,0.1373651920276633,0.1373651920276633,0.0015089163237311386,0.97,1.0,True,0.92,1.0,True,0.12563160573049373,0.12563160573049373,0.0024691358024691358,0.87,1.0,True,0001,0001,day14_only_discovery,False,False,False,False,True,False,False
GFI1B,RPL4,RPL4,ENSG00000174444,0.1373417754696115,0.1373417754696115,True,0.03287337723380236,0.03287337723380236,0.3499794210454109,0.0,0.87,False,0.0,0.74,False,0.04460548091620494,0.04460548091620494,0.23638359171354095,0.03,0.93,False,0.018992503269182847,0.018992503269182847,0.5421124828532236,0.0,0.88,False,0.03,0.69,False,0.03108927454377991,0.03108927454377991,0.35034293552812074,0.01,0.9,False,0.052240956703082986,0.052240956703082986,0.2189300411522634,0.04,0.92,False,0.04,0.91,False,0.0863805713189074,0.0863805713189074,0.0720164609053498,0.17,1.0,False,0.1373417754696115,0.1373417754696115,0.007133058984910837,0.83,1.0,True,0.82,1.0,True,0.16454993033895315,0.16454993033895315,0.02373113854595336,0.68,1.0,False,0001,0001,day14_only_discovery,False,False,False,False,False,False,False
NFE2,PTMS,PTMS,ENSG00000159335,0.1372356262233425,0.1372356262233425,True,0.03124696213785342,0.03124696213785342,0.3750857456441213,0.0,0.94,False,0.01,0.94,False,0.028181106373147594,0.028181106373147594,0.4188503224036219,0.03,0.85,False,-0.019820557947889672,0.019820557947889672,0.4914951989026063,0.01,0.8,False,0.01,0.77,False,-0.0006173114906672202,0.0006173114906672202,0.9873799725651577,0.0,0.62,False,0.03415143023870725,0.03415143023870725,0.44430727023319616,0.01,0.9,False,0.0,0.89,False,0.08557109418070057,0.08557109418070057,0.20699588477366254,0.0,1.0,False,0.13723562622334268,0.13723562622334268,0.014128943758573388,0.93,1.0,True,0.8,1.0,True,0.1390158525802537,0.1390158525802537,0.013443072702331962,0.95,1.0,True,0001,0001,day14_only_discovery,False,False,False,False,False,False,False
GATA1,MGST3,MGST3,ENSG00000143198,0.1370052692627831,0.1370052692627831,True,-0.018253706558577745,0.018253706558577745,0.553985457538757,0.02,0.8,False,0.0,0.55,False,-0.012891240602329147,0.012891240602329147,0.682809713266566,0.0,0.71,False,-0.00899842750773622,0.00899842750773622,0.6924554183813443,0.01,0.69,False,0.01,0.6,False,0.022632001595426103,0.022632001595426103,0.37146776406035664,0.0,0.83,False,0.02796628256383699,0.02796628256383699,0.37709190672153636,0.04,0.87,False,0.07,0.76,False,0.08243474272867264,0.08243474272867264,0.028669410150891632,0.4,0.96,False,0.13700526926278322,0.13700526926278322,0.002606310013717421,0.93,1.0,True,0.95,1.0,True,0.14820689650321633,0.14820689650321633,0.0021947873799725653,0.99,1.0,True,0001,0001,day14_only_discovery,False,False,False,False,False,False,False
NFE2,TMEM86B,TMEM86B,ENSG00000180089,0.1368139522239483,0.1368139522239483,True,-0.009307438168527046,0.009307438168527046,0.7881739607627932,0.0,0.62,False,0.01,0.76,False,-0.009312527015297382,0.009312527015297382,0.787213609548635,0.0,0.5700000000000001,False,0.011592715810475962,0.011592715810475962,0.6976680384087791,0.0,0.72,False,0.01,0.62,False,0.02019568221183208,0.02019568221183208,0.5595336076817559,0.0,0.82,False,0.0633874468471953,0.0633874468471953,0.1699588477366255,0.03,0.99,False,0.06,0.95,False,0.09959860858797427,0.09959860858797427,0.1469135802469136,0.04,1.0,False,0.1368139522239483,0.1368139522239483,0.014266117969821674,0.87,1.0,True,0.9,1.0,True,0.13537082855841406,0.13537082855841406,0.015500685871056241,0.9,1.0,True,0001,0001,day14_only_discovery,False,False,False,False,False,False,False
GFI1B,NEDD4,NEDD4,ENSG00000069869,0.1368057342670451,0.1368057342670451,True,-0.052472117638204134,0.052472117638204134,0.1395253121141446,0.04,0.99,False,0.02,0.97,False,-0.06351345403455336,0.06351345403455336,0.0985045959665249,0.07,0.99,False,0.0049363089665809086,0.0049363089665809086,0.8688614540466393,0.0,0.69,False,0.01,0.56,False,-0.016862141271656028,0.016862141271656028,0.603840877914952,0.0,0.8200000000000001,False,0.07463663843325759,0.07463663843325759,0.08943758573388202,0.18,1.0,False,0.21,0.99,False,0.08069740769568923,0.08069740769568923,0.09135802469135802,0.11,1.0,False,0.13680573426704512,0.13680573426704512,0.007270233196159122,0.74,1.0,True,0.76,1.0,True,0.17277142455726097,0.17277142455726097,0.017558299039780522,0.8,1.0,True,0001,0001,day14_only_discovery,False,False,False,False,False,False,False
NFE2,TMOD1,TMOD1,ENSG00000136842,0.1367512973627464,0.1367512973627464,True,0.06135629674174088,0.06135629674174088,0.08149266017286322,0.15,1.0,False,0.08,0.97,False,0.06599398236803354,0.06599398236803354,0.059678968308409935,0.22,0.99,False,0.0594731183626168,0.0594731183626168,0.05089163237311385,0.31,0.99,False,0.18,0.95,False,0.09240764041159179,0.09240764041159179,0.0205761316872428,0.65,1.0,False,0.07820885737873644,0.07820885737873644,0.09780521262002743,0.11,0.99,False,0.12,0.99,False,0.1331129557362916,0.1331129557362916,0.06296296296296296,0.3,1.0,False,0.1367512973627464,0.1367512973627464,0.01440329218106996,0.86,1.0,True,0.82,1.0,True,0.1390018631689557,0.1390018631689557,0.013580246913580247,0.9,1.0,True,0001,0001,day14_only_discovery,False,False,False,False,False,False,False
NFE2,HADHA,HADHA,ENSG00000084754,0.1365642402312992,0.1365642402312992,True,-0.037458031966737096,0.037458031966737096,0.28440115242145697,0.05,0.89,False,0.04,0.84,False,-0.037911074506758305,0.037911074506758305,0.27534641240224994,0.05,0.87,False,-0.021723320366088924,0.021723320366088924,0.454320987654321,0.0,0.84,False,0.02,0.7,False,-0.021745362643029554,0.021745362643029554,0.5290809327846365,0.01,0.87,False,0.004643708445301017,0.004643708445301017,0.9194787379972565,0.0,0.62,False,0.01,0.51,False,-0.012719306815328398,0.012719306815328398,0.8422496570644719,0.0,0.69,False,0.13656424023129934,0.13656424023129934,0.014540466392318244,0.87,1.0,True,0.82,1.0,True,0.13891514685188752,0.13891514685188752,0.013717421124828532,0.87,1.0,True,0001,0001,day14_only_discovery,False,False,False,False,False,False,False
GFI1B,FEN1,FEN1,ENSG00000168496,0.136513422998385,0.136513422998385,True,0.02931895865995392,0.02931895865995392,0.4044450541912471,0.03,0.83,False,0.02,0.88,False,0.03264482981640097,0.03264482981640097,0.3760460968582796,0.0,0.9,False,0.08042046177833452,0.08042046177833452,0.027434842249657063,0.53,1.0,False,0.48,1.0,False,0.07910737173619159,0.07910737173619159,0.036488340192043896,0.33,1.0,False,0.07876654748341312,0.07876654748341312,0.07640603566529493,0.14,0.98,False,0.15,0.98,False,0.10952035618002234,0.10952035618002234,0.028120713305898493,0.48,1.0,False,0.13651342299838506,0.13651342299838506,0.007407407407407408,0.8,1.0,True,0.78,1.0,True,0.1969426973984822,0.1969426973984822,0.0049382716049382715,0.97,1.0,True,0001,0001,day14_only_discovery,False,False,False,False,False,False,False
GFI1B,RPS16,RPS16,ENSG00000105193,0.1365092948918955,0.1365092948918955,True,0.05222781351540896,0.05222781351540896,0.14172040060364932,0.04,0.97,False,0.07,0.96,False,0.056026990628103304,0.056026990628103304,0.1395253121141446,0.09,1.0,False,0.007560645040678542,0.007560645040678542,0.8001371742112483,0.01,0.59,False,0.05,0.58,False,0.026176039421974214,0.026176039421974214,0.42633744855967076,0.08,0.73,False,0.055848822764140986,0.055848822764140986,0.19122085048010973,0.01,0.99,False,0.08,0.99,False,0.09256893309871073,0.09256893309871073,0.05596707818930041,0.25,1.0,False,0.13650929489189556,0.13650929489189556,0.0075445816186556925,0.81,1.0,True,0.84,1.0,True,0.17710869058907733,0.17710869058907733,0.013580246913580247,0.85,1.0,True,0001,0001,day14_only_discovery,False,False,False,False,False,False,False
GFI1B,RPL36A,RPL36A,ENSG00000241343,0.1364998857567472,0.1364998857567472,True,0.019936334292625108,0.019936334292625108,0.574838798189052,0.01,0.82,False,0.02,0.74,False,0.015047363417920647,0.015047363417920647,0.6862395390314172,0.0,0.65,False,0.005032943304013257,0.005032943304013257,0.8659807956104253,0.01,0.66,False,0.0,0.56,False,0.01703946057511086,0.01703946057511086,0.6,0.0,0.74,False,0.03315906723032303,0.03315906723032303,0.4352537722908093,0.0,0.79,False,0.01,0.88,False,0.06500555584802349,0.06500555584802349,0.15953360768175584,0.08,0.97,False,0.13649988575674724,0.13649988575674724,0.007681755829903978,0.8,1.0,True,0.78,1.0,True,0.1701970336270963,0.1701970336270963,0.0196159122085048,0.79,1.0,True,0001,0001,day14_only_discovery,False,False,False,False,False,False,False
TAL1,TENT5C,TENT5C,ENSG00000183508,0.136458480968146,0.136458480968146,True,-0.04019354836221254,0.04019354836221254,0.22554534229661133,0.03,0.92,False,0.04,0.84,False,-0.03992236025985309,0.03992236025985309,0.22238990259294827,0.04,0.9299999999999999,False,0.005840324587822995,0.005840324587822995,0.81440329218107,0.0,0.58,False,0.0,0.57,False,0.015500662974461057,0.015500662974461057,0.5898491083676269,0.01,0.77,False,-0.012322844127516618,0.012322844127516618,0.7411522633744856,0.0,0.6599999999999999,False,0.0,0.61,False,0.04282124344031581,0.04282124344031581,0.40809327846364885,0.0,0.88,False,0.1364584809681462,0.1364584809681462,0.0016460905349794238,0.94,1.0,True,0.96,1.0,True,0.12949387726556394,0.12949387726556394,0.0023319615912208505,0.9,1.0,True,0001,0001,day14_only_discovery,False,False,False,False,False,False,False
GFI1B,RPL5,RPL5,ENSG00000122406,0.1361959327101589,0.1361959327101589,True,0.031012131302043125,0.031012131302043125,0.3775552201948141,0.02,0.94,False,0.0,0.87,False,0.03486143065578102,0.03486143065578102,0.344354506791055,0.01,0.88,False,-0.010376893537808499,0.010376893537808499,0.7267489711934156,0.0,0.63,False,0.02,0.51,False,0.0024060873803503696,0.0024060873803503696,0.9371742112482854,0.0,0.53,False,0.028966071847015246,0.028966071847015246,0.49176954732510286,0.0,0.78,False,0.01,0.84,False,0.060010624898474973,0.060010624898474973,0.19396433470507546,0.06,0.98,False,0.13619593271015887,0.13619593271015887,0.007818930041152264,0.79,1.0,True,0.86,1.0,True,0.15990352175359354,0.15990352175359354,0.028120713305898493,0.59,1.0,False,0001,0001,day14_only_discovery,False,False,False,False,False,False,False
KLF1,CLK3,CLK3,ENSG00000179335,0.1361704055148334,0.1361704055148334,True,-0.024266158999325854,0.024266158999325854,0.4897791192207436,0.0,0.78,False,0.01,0.85,False,-0.02118875055263149,0.02118875055263149,0.6158595143366717,0.0,0.78,False,0.05689225509939564,0.05689225509939564,0.06858710562414266,0.23,1.0,False,0.14,0.99,False,0.11911483073573546,0.11911483073573546,0.022496570644718793,0.76,1.0,True,0.10602014234939337,0.10602014234939337,0.011111111111111112,0.62,1.0,False,0.7,1.0,True,0.20097593248153378,0.20097593248153378,0.011111111111111112,0.99,1.0,True,0.13617040551483348,0.13617040551483348,0.0024691358024691358,0.98,1.0,True,0.9,1.0,True,0.12979020650303655,0.12979020650303655,0.0049382716049382715,0.9,1.0,True,0001,0011,day14_only_discovery,False,False,True,False,True,False,False
TAL1,FOXO3,FOXO3,ENSG00000118689,0.1360982930968913,0.1360982930968913,True,0.06105460198529281,0.06105460198529281,0.07038002469474551,0.16,0.99,False,0.34,0.99,False,0.05706869016285132,0.05706869016285132,0.08259020441761558,0.13,0.98,False,0.03686215519574986,0.03686215519574986,0.13854595336076816,0.09,0.97,False,0.07,0.87,False,0.06539620928683663,0.06539620928683663,0.040329218106995884,0.33,1.0,False,0.09938141904062169,0.09938141904062169,0.012208504801097394,0.5,1.0,False,0.55,1.0,False,0.16858630140896538,0.16858630140896538,0.00905349794238683,0.93,1.0,True,0.1360982930968915,0.1360982930968915,0.0017832647462277093,0.92,1.0,True,0.9,1.0,True,0.1329611816440468,0.1329611816440468,0.0015089163237311386,0.91,1.0,True,0001,0001,day14_only_discovery,False,False,False,False,True,False,False
NFE2,MORC3,MORC3,ENSG00000159256,0.1359914373935448,0.1359914373935448,True,0.008615354372672678,0.008615354372672678,0.8020304568527918,0.01,0.55,False,0.02,0.65,False,0.012470986629729657,0.012470986629729657,0.7199890245575524,0.0,0.65,False,0.03126233412824125,0.03126233412824125,0.2869684499314129,0.03,0.95,False,0.02,0.82,False,0.04045140377283195,0.04045140377283195,0.24636488340192045,0.03,0.98,False,0.05323663818479863,0.05323663818479863,0.24609053497942388,0.0,0.93,False,0.08,0.95,False,0.1097575500420139,0.1097575500420139,0.11207133058984911,0.06,1.0,False,0.1359914373935447,0.1359914373935447,0.014677640603566529,0.85,1.0,True,0.9,1.0,True,0.1345000584114231,0.1345000584114231,0.016323731138545954,0.84,1.0,True,0001,0001,day14_only_discovery,False,False,False,False,False,False,False
GATA1,RPS19,RPS19,ENSG00000105372,0.1359848842992796,0.1359848842992796,True,-0.007386125180534816,0.007386125180534816,0.8101248456578406,0.04,0.52,False,0.08,0.51,False,8.053365291390164e-05,8.053365291390164e-05,0.9984908766634655,0.04,0.65,False,0.01769921210698512,0.01769921210698512,0.4433470507544582,0.02,0.77,False,0.01,0.73,False,0.024022597754265997,0.024022597754265997,0.3429355281207133,0.01,0.88,False,-0.017012615925652928,0.017012615925652928,0.5916323731138546,0.02,0.61,False,0.0,0.61,False,-0.05543416271919682,0.05543416271919682,0.14156378600823044,0.13,0.98,False,0.1359848842992796,0.1359848842992796,0.0027434842249657062,0.92,1.0,True,0.95,1.0,True,0.14492517737041466,0.14492517737041466,0.0027434842249657062,0.96,1.0,True,0001,0001,day14_only_discovery,False,False,False,False,False,False,False
GFI1B,DEK,DEK,ENSG00000124795,0.1359253695934459,0.1359253695934459,True,0.025169974005967773,0.025169974005967773,0.4797640279873782,0.02,0.74,False,0.07,0.94,False,0.024232844745877974,0.024232844745877974,0.5128275483605433,0.0,0.81,False,0.04593009079416061,0.04593009079416061,0.1615912208504801,0.04,0.99,False,0.08,0.97,False,0.06000635328160512,0.06000635328160512,0.09423868312757201,0.15,1.0,False,0.01435565144005844,0.01435565144005844,0.7355281207133059,0.0,0.67,False,0.01,0.69,False,0.06387697156183016,0.06387697156183016,0.1662551440329218,0.12,0.98,False,0.1359253695934459,0.1359253695934459,0.007956104252400549,0.79,1.0,True,0.78,1.0,True,0.2259754565736864,0.2259754565736864,0.0010973936899862826,1.0,1.0,True,0001,0001,day14_only_discovery,False,False,False,False,False,False,False
NFE2,CPLANE1,CPLANE1,ENSG00000197603,0.1359015500343776,0.1359015500343776,True,-0.005206068031529072,0.005206068031529072,0.8821511867197146,0.0,0.6,False,0.0,0.61,False,-0.0033046443344879137,0.0033046443344879137,0.9248182192344628,0.0,0.54,False,0.017439503403312167,0.017439503403312167,0.5467764060356652,0.01,0.86,False,0.02,0.73,False,0.027644073473980124,0.027644073473980124,0.42565157750342936,0.0,0.88,False,0.057563324395388644,0.057563324395388644,0.21001371742112482,0.04,0.96,False,0.01,0.98,False,0.10570905962917672,0.10570905962917672,0.12661179698216735,0.09,1.0,False,0.1359015500343777,0.1359015500343777,0.014814814814814815,0.84,1.0,True,0.9,1.0,True,0.13294003202306962,0.13294003202306962,0.01673525377229081,0.85,1.0,True,0001,0001,day14_only_discovery,False,False,False,False,False,False,False
NFE2,MFHAS1,MFHAS1,ENSG00000147324,0.1358107279253725,0.1358107279253725,True,0.07591264799492366,0.07591264799492366,0.03457264370969955,0.42,1.0,False,0.18,0.98,False,0.08036722521140757,0.08036722521140757,0.024694745506928246,0.36,1.0,False,0.04172547258267998,0.04172547258267998,0.15706447187928668,0.08,0.98,False,0.05,0.83,False,0.07893131479174466,0.07893131479174466,0.03991769547325103,0.38,1.0,False,0.06268950065180277,0.06268950065180277,0.17338820301783264,0.03,0.97,False,0.05,0.98,False,0.13787118395359668,0.13787118395359668,0.05555555555555555,0.28,1.0,False,0.13581072792537247,0.13581072792537247,0.0149519890260631,0.88,1.0,True,0.84,1.0,True,0.13868298224029785,0.13868298224029785,0.013854595336076818,0.89,1.0,True,0001,0001,day14_only_discovery,False,False,False,False,False,False,False
NFE2,RIPOR3,RIPOR3,ENSG00000042062,0.1357763569227049,0.1357763569227049,True,0.04844054079473773,0.04844054079473773,0.16861023460008231,0.05,0.92,False,0.05,0.98,False,0.054465192746389085,0.054465192746389085,0.1200439017697901,0.14,0.97,False,0.05589618120645994,0.05589618120645994,0.06556927297668039,0.17,0.99,False,0.1,0.98,False,0.08074466968269894,0.08074466968269894,0.0355281207133059,0.43,1.0,False,0.060832725537733015,0.060832725537733015,0.1860082304526749,0.08,0.97,False,0.05,0.94,False,0.13491706769151798,0.13491706769151798,0.060905349794238686,0.26,1.0,False,0.13577635692270498,0.13577635692270498,0.015089163237311385,0.87,1.0,True,0.84,1.0,True,0.1349078486190246,0.1349078486190246,0.015912208504801097,0.83,1.0,True,0001,0001,day14_only_discovery,False,False,False,False,False,False,False
KLF1,SOX6,SOX6,ENSG00000110693,0.135595154654474,0.135595154654474,True,0.05586046583136885,0.05586046583136885,0.12251337632048293,0.06,0.99,False,0.02,0.95,False,0.11477688128955663,0.11477688128955663,0.03182878309781863,0.61,1.0,False,0.10763843399555974,0.10763843399555974,0.004801097393689987,0.92,1.0,True,0.76,1.0,True,0.21423971434193262,0.21423971434193262,0.0016460905349794238,1.0,1.0,True,0.0774629381056114,0.0774629381056114,0.047325102880658436,0.26,1.0,False,0.3,0.98,False,0.25763405024271685,0.25763405024271685,0.0024691358024691358,1.0,1.0,True,0.13559515465447403,0.13559515465447403,0.002606310013717421,0.93,1.0,True,0.92,1.0,True,0.1526953311696126,0.1526953311696126,0.0021947873799725653,0.98,1.0,True,0101,0101,cross_time_discovery,True,False,True,False,True,False,False
GATA1,RPSA,RPSA,ENSG00000168028,0.1355598651523606,0.1355598651523606,True,0.03197398033508271,0.03197398033508271,0.2876937851557141,0.03,0.79,False,0.08,0.85,False,0.03620844072226112,0.03620844072226112,0.2415969268761147,0.07,0.85,False,0.0009306186131558897,0.0009306186131558897,0.9695473251028807,0.0,0.52,False,0.0,0.5800000000000001,False,-0.0016904929402451016,0.0016904929402451016,0.9502057613168724,0.01,0.56,False,0.05261792765240236,0.05261792765240236,0.09451303155006859,0.19,0.97,False,0.1,1.0,False,0.015675179980994706,0.015675179980994706,0.6788751714677641,0.02,0.64,False,0.13555986515236065,0.13555986515236065,0.002880658436213992,0.92,1.0,True,0.92,1.0,True,0.14644470789547281,0.14644470789547281,0.0024691358024691358,0.97,1.0,True,0001,0001,day14_only_discovery,False,False,False,False,False,False,False
GFI1B,EXOC5,EXOC5,ENSG00000070367,0.1355563325730968,0.1355563325730968,True,0.030675361907676932,0.030675361907676932,0.3837289065715462,0.02,0.92,False,0.01,0.83,False,0.03594731587085156,0.03594731587085156,0.329400466456304,0.0,0.91,False,0.026443606229872792,0.026443606229872792,0.3954732510288066,0.0,0.85,False,0.02,0.79,False,0.03031958832077049,0.03031958832077049,0.36241426611796984,0.0,0.91,False,0.029434040779750273,0.029434040779750273,0.48367626886145404,0.01,0.78,False,0.01,0.84,False,0.056386794600996305,0.056386794600996305,0.22085048010973937,0.03,0.98,False,0.1355563325730967,0.1355563325730967,0.008093278463648833,0.76,1.0,True,0.77,1.0,True,0.18960081075136484,0.18960081075136484,0.0075445816186556925,0.93,1.0,True,0001,0001,day14_only_discovery,False,False,False,False,False,False,False
GFI1B,HBA1,HBA1,ENSG00000206172,-0.1354038878943175,0.1354038878943175,True,0.16763768379522276,0.16763768379522276,0.0005487721223761833,1.0,1.0,True,0.99,1.0,True,0.20038790227422443,0.20038790227422443,0.00027438606118809165,1.0,1.0,True,0.09274624991857947,0.09274624991857947,0.015363511659807956,0.75,1.0,True,0.52,1.0,False,0.12271069373588732,0.12271069373588732,0.005761316872427984,0.98,1.0,True,-0.04274814244694293,0.04274814244694293,0.3128943758573388,0.01,0.91,False,0.02,0.94,False,-0.026036854791307164,0.026036854791307164,0.568724279835391,0.0,0.87,False,-0.13540388789431754,0.13540388789431754,0.00823045267489712,0.75,1.0,True,0.87,1.0,True,-0.18332332539674465,0.18332332539674465,0.010425240054869684,0.93,1.0,True,1101,1001,cross_time_discovery,True,False,True,False,True,False,False
NFE2,CYTOR,CYTOR,ENSG00000222041,0.1352368068042689,0.1352368068042689,True,0.009572320364704998,0.009572320364704998,0.784606941967348,0.0,0.65,False,0.01,0.77,False,0.014466655731145575,0.014466655731145575,0.673617780216765,0.0,0.64,False,0.03932029214201803,0.03932029214201803,0.18257887517146776,0.06,0.98,False,0.07,0.91,False,0.04591520371860589,0.04591520371860589,0.18916323731138546,0.04,0.98,False,0.042980046539863426,0.042980046539863426,0.34252400548696843,0.04,0.91,False,0.03,0.9,False,0.04626780860431522,0.04626780860431522,0.4821673525377229,0.0,0.94,False,0.13523680680426897,0.13523680680426897,0.015226337448559672,0.82,1.0,True,0.89,1.0,True,0.13824658313541602,0.13824658313541602,0.014266117969821674,0.84,1.0,True,0001,0001,day14_only_discovery,False,False,False,False,False,False,False
GFI1B,LDHB,LDHB,ENSG00000111716,0.1351255141999015,0.1351255141999015,True,0.007005125413776167,0.007005125413776167,0.8426395939086294,0.02,0.53,False,0.0,0.58,False,0.0010360656273439503,0.0010360656273439503,0.979009466319111,0.0,0.5,False,-0.012670211039762614,0.012670211039762614,0.6757201646090535,0.0,0.71,False,0.0,0.74,False,-0.027173376012344656,0.027173376012344656,0.4123456790123457,0.0,0.9,False,0.01852623772623865,0.01852623772623865,0.6628257887517147,0.0,0.69,False,0.0,0.73,False,0.02429257802179869,0.02429257802179869,0.597119341563786,0.0,0.7,False,0.1351255141999015,0.1351255141999015,0.008367626886145405,0.75,1.0,True,0.79,1.0,True,0.15231009700667456,0.15231009700667456,0.035116598079561044,0.53,1.0,False,0001,0001,day14_only_discovery,False,False,False,False,False,False,False
GATA1,RFESD,RFESD,ENSG00000175449,0.1349819892850104,0.1349819892850104,True,-0.03726095833688118,0.03726095833688118,0.2147070928796817,0.09,0.92,False,0.02,0.7,False,-0.02175860693669062,0.02175860693669062,0.4867608725476746,0.03,0.84,False,0.01557366611996921,0.01557366611996921,0.4964334705075446,0.03,0.79,False,0.01,0.75,False,0.032358730716492624,0.032358730716492624,0.2056241426611797,0.07,0.91,False,0.09037903639489753,0.09037903639489753,0.004801097393689987,0.59,0.99,False,0.53,0.99,False,0.11245554720281667,0.11245554720281667,0.003978052126200274,0.65,1.0,False,0.1349819892850104,0.1349819892850104,0.003017832647462277,0.9,1.0,True,0.89,1.0,True,0.1430291977192978,0.1430291977192978,0.0032921810699588477,0.94,1.0,True,0001,0001,day14_only_discovery,False,False,False,False,False,False,False
NFE2,AMMECR1,AMMECR1,ENSG00000101935,0.1348306310324312,0.1348306310324312,True,0.07724735170174939,0.07724735170174939,0.03031965976128413,0.41,0.97,False,0.23,0.97,False,0.08321490548893014,0.08321490548893014,0.02099053368088901,0.49,1.0,False,0.03451086095311013,0.03451086095311013,0.23854595336076817,0.06,0.92,False,0.04,0.87,False,0.055046515151456275,0.055046515151456275,0.12551440329218108,0.05,1.0,False,0.05958766480061712,0.05958766480061712,0.19327846364883403,0.09,1.0,False,0.06,0.96,False,0.09575685167012266,0.09575685167012266,0.15953360768175584,0.05,1.0,False,0.1348306310324313,0.1348306310324313,0.015363511659807956,0.89,1.0,True,0.86,1.0,True,0.13791491937616432,0.13791491937616432,0.014540466392318244,0.89,1.0,True,0001,0001,day14_only_discovery,False,False,False,False,False,False,False
GFI1B,NFIA,NFIA,ENSG00000162599,0.13479163682977,0.13479163682977,True,0.13479119628657069,0.13479119628657069,0.0028810536424749623,0.97,1.0,True,0.9,1.0,True,0.1767549079588223,0.1767549079588223,0.0010975442447523666,1.0,1.0,True,0.1265373559132775,0.1265373559132775,0.002880658436213992,0.97,1.0,True,0.81,1.0,True,0.14635262483891265,0.14635262483891265,0.0019204389574759945,1.0,1.0,True,0.1165246782973546,0.1165246782973546,0.011522633744855968,0.59,1.0,False,0.6,1.0,False,0.13252938268506342,0.13252938268506342,0.009190672153635117,0.78,1.0,True,0.1347916368297701,0.1347916368297701,0.00850480109739369,0.78,1.0,True,0.82,1.0,True,0.20060266857625286,0.20060266857625286,0.004252400548696845,0.99,1.0,True,1101,1101,cross_time_discovery,True,False,True,False,True,False,False
GATA1,SNCA,SNCA,ENSG00000145335,0.1346911414313512,0.1346911414313512,True,0.04340244378618288,0.04340244378618288,0.14775689394978736,0.1,0.93,False,0.09,0.93,False,0.04257395450627633,0.04257395450627633,0.16339689943750857,0.12,0.97,False,0.024582884179792257,0.024582884179792257,0.29149519890260633,0.05,0.81,False,0.07,0.83,False,0.056523842715930854,0.056523842715930854,0.030452674897119343,0.33,0.99,False,-0.008587868683609045,0.008587868683609045,0.7862825788751715,0.0,0.63,False,0.01,0.69,False,0.059761203258321,0.059761203258321,0.11454046639231824,0.11,0.97,False,0.1346911414313512,0.1346911414313512,0.0031550068587105624,0.93,1.0,True,0.97,1.0,True,0.14024589837619855,0.14024589837619855,0.003840877914951989,0.9,1.0,True,0001,0001,day14_only_discovery,False,False,False,False,False,False,False
KLF1,HECTD4,HECTD4,ENSG00000173064,0.1344538985497675,0.1344538985497675,True,0.011415032849901594,0.011415032849901594,0.7419399094525998,0.01,0.58,False,0.0,0.51,False,0.015323935053861435,0.015323935053861435,0.7158732336397311,0.0,0.71,False,0.06109790876588302,0.06109790876588302,0.0541838134430727,0.24,1.0,False,0.21,0.99,False,0.10301283177124326,0.10301283177124326,0.03676268861454047,0.57,1.0,False,0.02370423509277831,0.02370423509277831,0.5244170096021948,0.02,0.8,False,0.0,0.78,False,0.06907007491800632,0.06907007491800632,0.2615912208504801,0.01,0.98,False,0.13445389854976775,0.13445389854976775,0.0027434842249657062,0.9,1.0,True,0.84,1.0,True,0.09777980946805397,0.09777980946805397,0.016049382716049384,0.59,1.0,False,0001,0001,day14_only_discovery,False,False,False,False,False,False,False
NFE2,H1F0,H1F0,ENSG00000189060,0.1344380928862003,0.1344380928862003,True,0.0804650525797641,0.0804650525797641,0.024420359445740156,0.39,1.0,False,0.09,0.92,False,0.08005710641609672,0.08005710641609672,0.02496913156811634,0.44,1.0,False,0.08545789019293394,0.08545789019293394,0.009327846364883402,0.69,1.0,False,0.49,1.0,False,0.13840118586386213,0.13840118586386213,0.002880658436213992,0.99,1.0,True,0.1341153668992965,0.1341153668992965,0.010150891632373114,0.82,1.0,True,0.76,1.0,True,0.21844873371404624,0.21844873371404624,0.0054869684499314125,1.0,1.0,True,0.1344380928862003,0.1344380928862003,0.015500685871056241,0.83,1.0,True,0.89,1.0,True,0.1311206459743333,0.1311206459743333,0.01728395061728395,0.85,1.0,True,0011,0011,cross_time_discovery,True,False,True,False,True,False,False
GFI1B,RPS2,RPS2,ENSG00000140988,0.1344257526636847,0.1344257526636847,True,0.08752988093499871,0.08752988093499871,0.02400878035395802,0.46,1.0,False,0.44,1.0,False,0.09710624481838609,0.09710624481838609,0.02496913156811634,0.5,1.0,False,0.05272789058609788,0.05272789058609788,0.11604938271604938,0.12,1.0,False,0.18,0.97,False,0.06166922522656694,0.06166922522656694,0.08710562414266118,0.15,0.99,False,0.11868094035502037,0.11868094035502037,0.010425240054869684,0.72,1.0,True,0.68,1.0,False,0.14129434305198058,0.14129434305198058,0.007270233196159122,0.81,1.0,True,0.13442575266368478,0.13442575266368478,0.008779149519890261,0.73,1.0,True,0.75,1.0,True,0.16045109180634165,0.16045109180634165,0.02729766803840878,0.66,1.0,False,0011,0001,cross_time_discovery,True,False,False,False,True,False,False
NFE2,TADA3,TADA3,ENSG00000171148,0.134386574235023,0.134386574235023,True,-0.0021973886145075557,0.0021973886145075557,0.949238578680203,0.0,0.5,False,0.02,0.52,False,-0.0006679978413178057,0.0006679978413178057,0.9836740293593086,0.0,0.58,False,0.0088841266099587,0.0088841266099587,0.7676268861454046,0.0,0.7,False,0.03,0.67,False,-0.0007842199790353687,0.0007842199790353687,0.9825788751714678,0.0,0.57,False,0.009013640404724247,0.009013640404724247,0.8358024691358025,0.0,0.64,False,0.0,0.58,False,0.001764199527284022,0.001764199527284022,0.9779149519890261,0.0,0.63,False,0.1343865742350231,0.1343865742350231,0.015637860082304528,0.89,1.0,True,0.89,1.0,True,0.13469113572700223,0.13469113572700223,0.016186556927297667,0.81,1.0,True,0001,0001,day14_only_discovery,False,False,False,False,False,False,False
NFE2,PRR5,PRR5,ENSG00000186654,0.1342859652715215,0.1342859652715215,True,0.04079695634637158,0.04079695634637158,0.24434078748799562,0.02,0.95,False,0.03,0.82,False,0.04596295640089597,0.04596295640089597,0.1868569076690904,0.05,0.93,False,-2.399289227057879e-05,2.399289227057879e-05,0.9994513031550069,0.0,0.54,False,0.01,0.52,False,0.003732290805710777,0.003732290805710777,0.915363511659808,0.0,0.57,False,0.024746504425372073,0.024746504425372073,0.5799725651577503,0.0,0.82,False,0.0,0.78,False,0.04494770077785683,0.04494770077785683,0.4941015089163237,0.0,0.94,False,0.13428596527152148,0.13428596527152148,0.01577503429355281,0.87,1.0,True,0.9,1.0,True,0.13183735205689165,0.13183735205689165,0.01700960219478738,0.79,1.0,True,0001,0001,day14_only_discovery,False,False,False,False,False,False,False
GFI1B,RAF1,RAF1,ENSG00000132155,0.1342845862566095,0.1342845862566095,True,-0.008165905589898964,0.008165905589898964,0.814377829606256,0.0,0.55,False,0.01,0.5700000000000001,False,-0.00904532192994925,0.00904532192994925,0.8047743174646728,0.0,0.61,False,0.006080924763280521,0.006080924763280521,0.8417009602194787,0.0,0.54,False,0.0,0.51,False,0.0061257206631013346,0.0061257206631013346,0.8473251028806584,0.0,0.61,False,0.04784328222904482,0.04784328222904482,0.2598079561042524,0.01,0.92,False,0.03,0.96,False,0.052217674465360006,0.052217674465360006,0.25569272976680385,0.06,0.98,False,0.13428458625660958,0.13428458625660958,0.00905349794238683,0.75,1.0,True,0.67,1.0,False,0.17789063938042457,0.17789063938042457,0.013305898491083675,0.84,1.0,True,0001,0001,day14_only_discovery,False,False,False,False,False,False,False
TAL1,CDC27,CDC27,ENSG00000004897,0.134254922956282,0.134254922956282,True,0.14436651396085992,0.14436651396085992,0.0012347372753464124,0.98,1.0,True,0.97,1.0,True,0.1435944106920812,0.1435944106920812,0.0010975442447523666,0.99,1.0,True,0.07626860477935159,0.07626860477935159,0.003840877914951989,0.7,1.0,True,0.42,1.0,False,0.11552297053922235,0.11552297053922235,0.0021947873799725653,0.97,1.0,True,0.029644520178425712,0.029644520178425712,0.4187928669410151,0.03,0.82,False,0.02,0.84,False,0.1302929378290161,0.1302929378290161,0.029492455418381344,0.55,1.0,False,0.13425492295628202,0.13425492295628202,0.0019204389574759945,0.94,1.0,True,0.96,1.0,True,0.13465631420564647,0.13465631420564647,0.0013717421124828531,0.92,1.0,True,1101,1001,cross_time_discovery,True,False,True,False,True,False,False
GATA1,STRN3,STRN3,ENSG00000196792,0.1342425462783144,0.1342425462783144,True,0.0011906294936743734,0.0011906294936743734,0.9691315681163397,0.0,0.58,False,0.03,0.55,False,-0.0006141283727258385,0.0006141283727258385,0.9846343805734669,0.0,0.5700000000000001,False,-0.0010529796800093822,0.0010529796800093822,0.964883401920439,0.0,0.55,False,0.01,0.58,False,0.010193940843280142,0.010193940843280142,0.6908093278463648,0.01,0.64,False,0.008699793485801757,0.008699793485801757,0.7840877914951989,0.01,0.61,False,0.0,0.58,False,0.042369135778193914,0.042369135778193914,0.26227709190672155,0.05,0.95,False,0.13424254627831445,0.13424254627831445,0.0032921810699588477,0.92,1.0,True,0.91,1.0,True,0.14278029139675924,0.14278029139675924,0.003429355281207133,0.97,1.0,True,0001,0001,day14_only_discovery,False,False,False,False,False,False,False
NFE2,CA8,CA8,ENSG00000178538,0.1342370387221671,0.1342370387221671,True,0.011069589037391794,0.011069589037391794,0.751543421594183,0.0,0.7,False,0.0,0.53,False,0.015144092768640526,0.015144092768640526,0.6604472492797366,0.0,0.73,False,0.015282455206290698,0.015282455206290698,0.5979423868312758,0.0,0.73,False,0.01,0.68,False,0.02176177799570219,0.02176177799570219,0.5289437585733882,0.01,0.88,False,-0.03481452936496657,0.03481452936496657,0.4374485596707819,0.0,0.84,False,0.0,0.88,False,-0.014722110583172944,0.014722110583172944,0.8183813443072703,0.0,0.6699999999999999,False,0.13423703872216713,0.13423703872216713,0.015912208504801097,0.81,1.0,True,0.76,1.0,True,0.13553673692559715,0.13553673692559715,0.015226337448559672,0.88,1.0,True,0001,0001,day14_only_discovery,False,False,False,False,False,False,False
GFI1B,DAAM1,DAAM1,ENSG00000100592,0.134203262298768,0.134203262298768,True,0.07614081758602531,0.07614081758602531,0.04006036493346138,0.3,1.0,False,0.43,1.0,False,0.09429665669515808,0.09429665669515808,0.02853615036356153,0.5,1.0,False,0.09062443029649571,0.09062443029649571,0.01728395061728395,0.75,1.0,True,0.58,1.0,False,0.10943260962970577,0.10943260962970577,0.010699588477366255,0.91,1.0,True,0.05731032694995864,0.05731032694995864,0.1821673525377229,0.05,0.96,False,0.06,0.98,False,0.07201994814426492,0.07201994814426492,0.12647462277091906,0.13,0.99,False,0.1342032622987681,0.1342032622987681,0.009190672153635117,0.81,1.0,True,0.76,1.0,True,0.17059775637573743,0.17059775637573743,0.01906721536351166,0.69,1.0,False,0101,0001,cross_time_discovery,True,False,False,False,True,False,False
NFE2,SLC22A23,SLC22A23,ENSG00000137266,0.1341454338130239,0.1341454338130239,True,0.04562160053556546,0.04562160053556546,0.19687199890245574,0.06,0.93,False,0.02,0.78,False,0.05218672249963753,0.05218672249963753,0.13417478392097681,0.08,0.97,False,0.034731248838277086,0.034731248838277086,0.23470507544581617,0.03,0.91,False,0.03,0.81,False,0.05403928745179658,0.05403928745179658,0.13237311385459533,0.05,1.0,False,0.07174173764951053,0.07174173764951053,0.12674897119341563,0.11,1.0,False,0.11,0.99,False,0.14539520915906798,0.14539520915906798,0.046502057613168724,0.43,1.0,False,0.13414543381302396,0.13414543381302396,0.016049382716049384,0.87,1.0,True,0.84,1.0,True,0.13483962434357552,0.13483962434357552,0.016049382716049384,0.84,1.0,True,0001,0001,day14_only_discovery,False,False,False,False,False,False,False
KLF1,SPAG9,SPAG9,ENSG00000008294,-0.1340784945709444,0.1340784945709444,True,-0.0625098772017981,0.0625098772017981,0.08780353958018933,0.16,0.98,False,0.13,0.97,False,-0.0730315386723699,0.0730315386723699,0.11181231993414735,0.12,0.99,False,-0.04868918375099563,0.04868918375099563,0.11371742112482854,0.2,1.0,False,0.11,0.92,False,-0.06005275775007712,0.06005275775007712,0.1607681755829904,0.02,1.0,False,-0.04162376872246477,0.04162376872246477,0.2663923182441701,0.05,0.87,False,0.05,0.8200000000000001,False,-0.05680746376787834,0.05680746376787834,0.34801097393689984,0.01,0.97,False,-0.13407849457094442,0.13407849457094442,0.002880658436213992,0.97,1.0,True,0.92,1.0,True,-0.13672334225310614,0.13672334225310614,0.00411522633744856,0.92,1.0,True,0001,0001,day14_only_discovery,False,False,False,False,False,False,False
NFE2,TMEM131L,TMEM131L,ENSG00000121210,0.1340282943497926,0.1340282943497926,True,0.016063375461312833,0.016063375461312833,0.6456304019755796,0.0,0.71,False,0.04,0.77,False,0.01713392726515359,0.01713392726515359,0.6183289888873645,0.0,0.69,False,0.03227864305054143,0.03227864305054143,0.2716049382716049,0.04,0.96,False,0.02,0.85,False,0.05310346627813537,0.05310346627813537,0.1374485596707819,0.06,0.99,False,0.025546227984315512,0.025546227984315512,0.5672153635116598,0.0,0.84,False,0.0,0.75,False,0.09721621494761962,0.09721621494761962,0.15473251028806584,0.03,0.99,False,0.13402829434979258,0.13402829434979258,0.016186556927297667,0.87,1.0,True,0.85,1.0,True,0.13530067254847672,0.13530067254847672,0.015637860082304528,0.87,1.0,True,0001,0001,day14_only_discovery,False,False,False,False,False,False,False
KLF1,CDC27,CDC27,ENSG00000004897,0.1339980211217964,0.1339980211217964,True,-0.004854874009680129,0.004854874009680129,0.886266977637536,0.0,0.5,False,0.0,0.55,False,0.03952475436497034,0.03952475436497034,0.3547811771162025,0.0,0.94,False,0.09890606190608624,0.09890606190608624,0.007407407407407408,0.81,1.0,True,0.61,1.0,False,0.16478487728043537,0.16478487728043537,0.006721536351165981,0.99,1.0,True,0.0038436743918200604,0.0038436743918200604,0.9161865569272977,0.0,0.57,False,0.0,0.56,False,0.14348900306566761,0.14348900306566761,0.04101508916323731,0.45,1.0,False,0.13399802112179648,0.13399802112179648,0.003017832647462277,0.95,1.0,True,0.87,1.0,True,0.14505209438647848,0.14505209438647848,0.0032921810699588477,0.97,1.0,True,0101,0001,cross_time_discovery,True,False,False,False,True,False,False
NFE2,TFR2,TFR2,ENSG00000106327,0.1339689267235003,0.1339689267235003,True,0.02759426681978806,0.02759426681978806,0.4327068184936205,0.01,0.84,False,0.01,0.69,False,0.03806919616283431,0.03806919616283431,0.272465358759775,0.06,0.91,False,0.07093747461069855,0.07093747461069855,0.023868312757201648,0.46,1.0,False,0.38,0.99,False,0.07337304548232024,0.07337304548232024,0.051577503429355284,0.32,1.0,False,0.04295201082587189,0.04295201082587189,0.34348422496570646,0.02,0.93,False,0.0,0.88,False,0.03973467309232689,0.03973467309232689,0.5426611796982167,0.0,0.88,False,0.13396892672350028,0.13396892672350028,0.016323731138545954,0.86,1.0,True,0.81,1.0,True,0.135225513495105,0.135225513495105,0.01577503429355281,0.88,1.0,True,0001,0001,day14_only_discovery,False,False,False,False,False,False,False
KLF1,FECH,FECH,ENSG00000066926,0.1338215364648614,0.1338215364648614,True,0.031175121750126194,0.031175121750126194,0.37824118534778434,0.02,0.8,False,0.02,0.83,False,0.07640467264922322,0.07640467264922322,0.1000137193030594,0.15,1.0,False,0.09090190057410023,0.09090190057410023,0.010699588477366255,0.73,1.0,True,0.62,1.0,False,0.14182570874796577,0.14182570874796577,0.011248285322359396,0.91,1.0,True,0.06642721610073536,0.06642721610073536,0.07983539094650206,0.2,0.98,False,0.2,0.95,False,0.15535877158903424,0.15535877158903424,0.030589849108367626,0.62,1.0,False,0.1338215364648613,0.1338215364648613,0.0031550068587105624,0.9,1.0,True,0.95,1.0,True,0.121743473948056,0.121743473948056,0.006584362139917695,0.8,1.0,True,0101,0001,cross_time_discovery,True,False,False,False,True,False,False
GFI1B,GYPC,GYPC,ENSG00000136732,0.1338003640013945,0.1338003640013945,True,0.1068840413755406,0.1068840413755406,0.010289477294553437,0.76,1.0,True,0.48,1.0,False,0.13486503289681895,0.13486503289681895,0.006310879407326108,0.89,1.0,True,0.1253391415712563,0.1253391415712563,0.003017832647462277,1.0,1.0,True,0.85,1.0,True,0.14558279364835475,0.14558279364835475,0.00205761316872428,0.98,1.0,True,0.074320069843374,0.074320069843374,0.0906721536351166,0.21,0.99,False,0.09,0.99,False,0.0926251369784017,0.0926251369784017,0.05569272976680384,0.25,1.0,False,0.13380036400139453,0.13380036400139453,0.009327846364883402,0.85,1.0,True,0.78,1.0,True,0.17004985113716084,0.17004985113716084,0.019890260631001373,0.87,1.0,True,1101,0101,cross_time_discovery,True,False,True,False,True,False,False
NFE2,CPOX,CPOX,ENSG00000080819,0.1337905950399116,0.1337905950399116,True,0.03518349471537354,0.03518349471537354,0.3129373027850185,0.04,0.89,False,0.03,0.84,False,0.03643116077704937,0.03643116077704937,0.293455892440664,0.0,0.92,False,0.055540109732072566,0.055540109732072566,0.06707818930041153,0.22,0.99,False,0.17,0.98,False,0.0963773872352448,0.0963773872352448,0.01728395061728395,0.67,1.0,False,0.10525080919265682,0.10525080919265682,0.03209876543209877,0.48,1.0,False,0.41,0.99,False,0.16990317956398712,0.16990317956398712,0.023045267489711935,0.65,1.0,False,0.13379059503991167,0.13379059503991167,0.01646090534979424,0.86,1.0,True,0.8,1.0,True,0.13636441474383806,0.13636441474383806,0.015089163237311385,0.87,1.0,True,0001,0001,day14_only_discovery,False,False,False,False,False,False,False
NFE2,FAM117A,FAM117A,ENSG00000121104,0.1337719232166762,0.1337719232166762,True,0.0861865928811838,0.0861865928811838,0.017835093977225956,0.52,1.0,False,0.33,0.99,False,0.08629568125279058,0.08629568125279058,0.016600356701879544,0.48,1.0,False,0.09439794503106619,0.09439794503106619,0.005075445816186557,0.86,1.0,True,0.69,1.0,False,0.13388813415890277,0.13388813415890277,0.0035665294924554186,1.0,1.0,True,0.13161691536261022,0.13161691536261022,0.01056241426611797,0.76,1.0,True,0.68,1.0,False,0.20298887324196985,0.20298887324196985,0.009327846364883402,0.98,1.0,True,0.13377192321667633,0.13377192321667633,0.016598079561042523,0.89,1.0,True,0.78,1.0,True,0.13543408580636962,0.13543408580636962,0.015363511659807956,0.87,1.0,True,0111,0001,cross_time_discovery,True,False,False,False,True,False,False
GFI1B,MPC2,MPC2,ENSG00000143158,0.133692125747934,0.133692125747934,True,0.07011932379256351,0.07011932379256351,0.05460282617643024,0.2,0.99,False,0.36,1.0,False,0.09070301926170869,0.09070301926170869,0.032103169159006725,0.4,1.0,False,0.026731851463348406,0.026731851463348406,0.38916323731138547,0.02,0.89,False,0.03,0.85,False,0.04320458264699652,0.04320458264699652,0.20781893004115226,0.04,0.96,False,0.046533201805572626,0.046533201805572626,0.2729766803840878,0.05,0.96,False,0.07,0.92,False,0.08480333225697083,0.08480333225697083,0.07777777777777778,0.16,0.99,False,0.1336921257479339,0.1336921257479339,0.009465020576131687,0.77,1.0,True,0.72,1.0,True,0.1782767634662501,0.1782767634662501,0.01316872427983539,0.84,1.0,True,0001,0001,day14_only_discovery,False,False,False,False,False,False,False
GATA1,HEMGN,HEMGN,ENSG00000136929,0.1335605272671838,0.1335605272671838,True,0.05810119886963448,0.05810119886963448,0.058169844971875426,0.16,0.94,False,0.16,0.97,False,0.07289920613277047,0.07289920613277047,0.0212649197420771,0.34,0.99,False,0.02233550721141446,0.02233550721141446,0.33758573388203017,0.05,0.83,False,0.04,0.84,False,0.07423270137621402,0.07423270137621402,0.0075445816186556925,0.63,1.0,False,0.08451921038875232,0.08451921038875232,0.007818930041152264,0.51,1.0,False,0.47,1.0,False,0.14538556552473783,0.14538556552473783,0.0005486968449931413,0.98,1.0,True,0.13356052726718395,0.13356052726718395,0.003429355281207133,0.96,1.0,True,0.97,1.0,True,0.14337588641908594,0.14337588641908594,0.003017832647462277,0.97,1.0,True,0001,0001,day14_only_discovery,False,False,False,False,True,False,False
GATA1,OSBP2,OSBP2,ENSG00000184792,0.1333556164960074,0.1333556164960074,True,0.017995243825519362,0.017995243825519362,0.5615310742214296,0.03,0.71,False,0.03,0.85,False,0.038255866875825065,0.038255866875825065,0.21539305803265194,0.05,0.9,False,0.016320636956423117,0.016320636956423117,0.47640603566529494,0.04,0.83,False,0.05,0.6,False,0.04708758359541321,0.04708758359541321,0.0737997256515775,0.16,0.98,False,0.038138768814731966,0.038138768814731966,0.22798353909465022,0.02,0.87,False,0.05,0.88,False,0.09385891348929638,0.09385891348929638,0.013580246913580247,0.53,1.0,False,0.13335561649600744,0.13335561649600744,0.0035665294924554186,0.82,1.0,True,0.86,1.0,True,0.13985106522504673,0.13985106522504673,0.003978052126200274,0.93,1.0,True,0001,0001,day14_only_discovery,False,False,False,False,False,False,False
KLF1,AC107223.1,AC107223.1,ENSG00000251600,0.1333216767907816,0.1333216767907816,True,0.06423416873542351,0.06423416873542351,0.08108108108108109,0.13,0.99,False,0.2,1.0,False,0.10167107761595526,0.10167107761595526,0.04499931403484703,0.4,1.0,False,0.09947963000583282,0.09947963000583282,0.007270233196159122,0.86,1.0,True,0.68,0.99,False,0.17343824140967923,0.17343824140967923,0.005075445816186557,1.0,1.0,True,0.14711472793557986,0.14711472793557986,0.0017832647462277093,0.93,1.0,True,0.95,1.0,True,0.2843501740140536,0.2843501740140536,0.0015089163237311386,1.0,1.0,True,0.13332167679078177,0.13332167679078177,0.0032921810699588477,0.96,1.0,True,0.95,1.0,True,0.15389458259786845,0.15389458259786845,0.0019204389574759945,0.97,1.0,True,0111,0011,cross_time_discovery,True,False,True,False,True,False,False
NFE2,AP2A1,AP2A1,ENSG00000196961,0.1333111854951082,0.1333111854951082,True,0.015438279499602704,0.015438279499602704,0.6598984771573604,0.02,0.63,False,0.01,0.7,False,0.019717648050661753,0.019717648050661753,0.571683358485389,0.01,0.68,False,0.046804750457689094,0.046804750457689094,0.11481481481481481,0.16,0.99,False,0.09,0.95,False,0.06494383370127063,0.06494383370127063,0.07626886145404664,0.15,0.99,False,-0.008900008133224292,0.008900008133224292,0.8377229080932784,0.0,0.63,False,0.0,0.65,False,0.02358155822672467,0.02358155822672467,0.7160493827160493,0.0,0.82,False,0.13331118549510826,0.13331118549510826,0.01673525377229081,0.87,1.0,True,0.87,1.0,True,0.13651511197204247,0.13651511197204247,0.0149519890260631,0.84,1.0,True,0001,0001,day14_only_discovery,False,False,False,False,False,False,False
GATA1,FECH,FECH,ENSG00000066926,0.1331056680941106,0.1331056680941106,True,0.010400938778295973,0.010400938778295973,0.7316504321580464,0.0,0.64,False,0.0,0.62,False,0.023994771721630698,0.023994771721630698,0.44080120729866923,0.02,0.74,False,-0.01894307928560146,0.01894307928560146,0.4112482853223594,0.03,0.78,False,0.01,0.62,False,0.0017678655361082778,0.0017678655361082778,0.946639231824417,0.0,0.56,False,0.010777155428473848,0.010777155428473848,0.7353909465020576,0.01,0.55,False,0.02,0.58,False,0.05015933150202813,0.05015933150202813,0.18436213991769548,0.11,0.97,False,0.13310566809411067,0.13310566809411067,0.003703703703703704,0.88,1.0,True,0.94,1.0,True,0.12533000373317688,0.12533000373317688,0.007407407407407408,0.75,1.0,True,0001,0001,day14_only_discovery,False,False,False,False,False,False,False
GATA1,TRIM10,TRIM10,ENSG00000204613,0.1330501012638898,0.1330501012638898,True,0.011661844816796722,0.011661844816796722,0.7020167375497325,0.0,0.58,False,0.0,0.72,False,0.025594841453542762,0.025594841453542762,0.41185347784332554,0.03,0.81,False,0.019029651269119912,0.019029651269119912,0.40919067215363514,0.03,0.86,False,0.09,0.79,False,0.051306993774438044,0.051306993774438044,0.050617283950617285,0.17,0.99,False,0.06268945487768042,0.06268945487768042,0.04636488340192044,0.2,0.98,False,0.2,0.96,False,0.11282060972552699,0.11282060972552699,0.0035665294924554186,0.78,1.0,True,0.13305010126388978,0.13305010126388978,0.003840877914951989,0.89,1.0,True,0.88,1.0,True,0.1368537626357101,0.1368537626357101,0.004526748971193415,0.95,1.0,True,0001,0001,day14_only_discovery,False,False,False,False,True,False,False
GFI1B,RPS7,RPS7,ENSG00000171863,0.1330229952761008,0.1330229952761008,True,0.024912878143936758,0.024912878143936758,0.48525174921114006,0.0,0.86,False,0.01,0.77,False,0.016837329625618222,0.016837329625618222,0.649471806832213,0.0,0.63,False,0.027235182759030776,0.027235182759030776,0.37983539094650204,0.02,0.9,False,0.04,0.83,False,0.034118070128005586,0.034118070128005586,0.30960219478738,0.01,0.95,False,0.037377847855493765,0.037377847855493765,0.3801097393689986,0.02,0.92,False,0.02,0.91,False,0.05918363286192525,0.05918363286192525,0.19958847736625515,0.03,0.96,False,0.13302299527610087,0.13302299527610087,0.009602194787379973,0.73,1.0,True,0.81,1.0,True,0.1604226244685623,0.1604226244685623,0.027434842249657063,0.56,1.0,False,0001,0001,day14_only_discovery,False,False,False,False,False,False,False
GFI1B,RPS15,RPS15,ENSG00000115268,0.1330075758783414,0.1330075758783414,True,0.04351494975152669,0.04351494975152669,0.22033200713403758,0.05,0.95,False,0.04,0.93,False,0.04332208441522108,0.04332208441522108,0.2470846480998765,0.0,0.89,False,-0.00800758429678291,0.00800758429678291,0.7893004115226337,0.02,0.62,False,0.05,0.5800000000000001,False,0.007682123429109176,0.007682123429109176,0.8120713305898491,0.03,0.61,False,0.053269627454869,0.053269627454869,0.2102880658436214,0.04,0.99,False,0.07,0.96,False,0.07481254026826115,0.07481254026826115,0.1157750342935528,0.06,0.97,False,0.13300757587834133,0.13300757587834133,0.009739368998628258,0.8,1.0,True,0.84,1.0,True,0.15322908884345665,0.15322908884345665,0.034156378600823045,0.54,1.0,False,0001,0001,day14_only_discovery,False,False,False,False,False,False,False
GFI1B,RPS3A,RPS3A,ENSG00000145425,0.1326885383557943,0.1326885383557943,True,0.02736888739985363,0.02736888739985363,0.43942927699272877,0.0,0.87,False,0.02,0.77,False,0.021020696465434977,0.021020696465434977,0.5696254630264782,0.02,0.79,False,0.022701457809882405,0.022701457809882405,0.46652949245541836,0.01,0.85,False,0.02,0.78,False,0.03644361253273108,0.03644361253273108,0.27914951989026066,0.02,0.99,False,0.05696095280843885,0.05696095280843885,0.18381344307270234,0.06,0.98,False,0.07,0.93,False,0.08724348913532703,0.08724348913532703,0.06954732510288066,0.19,1.0,False,0.13268853835579428,0.13268853835579428,0.010013717421124828,0.7,1.0,True,0.75,1.0,True,0.16624460380759193,0.16624460380759193,0.02290809327846365,0.74,1.0,True,0001,0001,day14_only_discovery,False,False,False,False,False,False,False
GFI1B,JAZF1,JAZF1,ENSG00000153814,0.1326511115829094,0.1326511115829094,True,0.1302556091274763,0.1302556091274763,0.004115790917821375,0.94,1.0,True,0.78,1.0,True,0.15462226286983854,0.15462226286983854,0.0028810536424749623,1.0,1.0,True,0.14200422284597383,0.14200422284597383,0.0013717421124828531,0.99,1.0,True,0.95,1.0,True,0.15558976537758495,0.15558976537758495,0.0013717421124828531,0.99,1.0,True,0.0672000961248109,0.0672000961248109,0.1215363511659808,0.11,0.99,False,0.04,0.95,False,0.05310086780080033,0.05310086780080033,0.24801097393689986,0.04,0.99,False,0.1326511115829095,0.1326511115829095,0.010150891632373114,0.78,1.0,True,0.68,1.0,False,0.17501610116565927,0.17501610116565927,0.015089163237311385,0.83,1.0,True,1101,1101,cross_time_discovery,True,False,True,False,True,False,False
NFE2,HECTD4,HECTD4,ENSG00000173064,0.1325635317211249,0.1325635317211249,True,0.03420311340954514,0.03420311340954514,0.32651941281382907,0.01,0.83,False,0.02,0.84,False,0.04015269765513957,0.04015269765513957,0.2512004390176979,0.1,0.93,False,0.03917036759791166,0.03917036759791166,0.18381344307270234,0.07,0.97,False,0.1,0.88,False,0.06895656175956794,0.06895656175956794,0.062414266117969824,0.27,1.0,False,0.12737014302675437,0.12737014302675437,0.013031550068587106,0.71,1.0,True,0.68,1.0,False,0.20949647625218662,0.20949647625218662,0.007681755829903978,0.97,1.0,True,0.1325635317211249,0.1325635317211249,0.016872427983539096,0.88,1.0,True,0.79,1.0,True,0.1164034328146673,0.1164034328146673,0.023593964334705075,0.69,1.0,False,0011,0001,cross_time_discovery,True,False,False,False,True,False,False
GATA1,CREBRF,CREBRF,ENSG00000164463,-0.1325034958310748,0.1325034958310748,True,-0.03332067142300879,0.03332067142300879,0.2673892166277953,0.06,0.91,False,0.03,0.89,False,-0.044540122893911474,0.044540122893911474,0.146659349705035,0.16,0.9299999999999999,False,0.01309347988690798,0.01309347988690798,0.565843621399177,0.01,0.76,False,0.02,0.69,False,0.01206375746616029,0.01206375746616029,0.636076817558299,0.0,0.66,False,-0.04260781132346109,0.04260781132346109,0.1765432098765432,0.08,0.97,False,0.06,0.92,False,-0.03544817455405344,0.03544817455405344,0.3465020576131687,0.03,0.88,False,-0.13250349583107485,0.13250349583107485,0.003978052126200274,0.91,1.0,True,0.88,1.0,True,-0.1441850133924249,0.1441850133924249,0.002880658436213992,0.97,1.0,True,0001,0001,day14_only_discovery,False,False,False,False,False,False,False
GFI1B,RBBP4,RBBP4,ENSG00000162521,0.1324597605805807,0.1324597605805807,True,-1.0700577850733854e-05,1.0700577850733854e-05,0.9997256139388119,0.0,0.53,False,0.0,0.52,False,-0.0049309657374219384,0.0049309657374219384,0.8934010152284264,0.0,0.61,False,0.0550343460850688,0.0550343460850688,0.099039780521262,0.14,0.99,False,0.14,0.92,False,0.05029269994667396,0.05029269994667396,0.1522633744855967,0.07,0.99,False,0.11886453672152597,0.11886453672152597,0.0102880658436214,0.69,1.0,False,0.68,1.0,False,0.13643918141751682,0.13643918141751682,0.00823045267489712,0.7,1.0,True,0.13245976058058065,0.13245976058058065,0.0102880658436214,0.74,1.0,True,0.65,1.0,False,0.17961674418253193,0.17961674418253193,0.012345679012345678,0.87,1.0,True,0001,0001,day14_only_discovery,False,False,False,False,True,False,False
GATA1,RHD,RHD,ENSG00000187010,0.1323199119782121,0.1323199119782121,True,0.025775009547513057,0.025775009547513057,0.3963506653861984,0.01,0.82,False,0.02,0.87,False,0.0329438637002999,0.0329438637002999,0.28577308272739743,0.03,0.91,False,-0.013012373338823201,0.013012373338823201,0.5673525377229081,0.0,0.74,False,0.02,0.6799999999999999,False,0.024071284284419403,0.024071284284419403,0.3414266117969822,0.04,0.87,False,0.021366125098471307,0.021366125098471307,0.5008230452674897,0.03,0.71,False,0.01,0.78,False,0.07954431783007807,0.07954431783007807,0.03539094650205761,0.28,0.99,False,0.1323199119782122,0.1323199119782122,0.00411522633744856,0.94,1.0,True,0.89,1.0,True,0.1389088831364408,0.1389088831364408,0.004252400548696845,0.9,1.0,True,0001,0001,day14_only_discovery,False,False,False,False,False,False,False
NFE2,SORBS1,SORBS1,ENSG00000095637,0.1323196345267403,0.1323196345267403,True,0.006155509261273549,0.006155509261273549,0.85622170393744,0.0,0.51,False,0.0,0.56,False,0.008316790854523264,0.008316790854523264,0.8069694059541775,0.0,0.69,False,0.052685986245695086,0.052685986245695086,0.0821673525377229,0.08,1.0,False,0.15,0.94,False,0.074685872359845,0.074685872359845,0.04842249657064472,0.29,1.0,False,0.07557713493511015,0.07557713493511015,0.10919067215363512,0.13,0.98,False,0.18,0.98,False,0.12424762474624901,0.12424762474624901,0.07832647462277093,0.15,1.0,False,0.1323196345267404,0.1323196345267404,0.01700960219478738,0.82,1.0,True,0.76,1.0,True,0.13367743581674085,0.13367743581674085,0.016598079561042523,0.83,1.0,True,0001,0001,day14_only_discovery,False,False,False,False,False,False,False
GFI1B,FAR1,FAR1,ENSG00000197601,0.1321231298965962,0.1321231298965962,True,-0.017662862532675832,0.017662862532675832,0.6179174097955824,0.0,0.71,False,0.0,0.77,False,-0.025907019330518897,0.025907019330518897,0.484977363149952,0.0,0.83,False,0.06917674838334063,0.06917674838334063,0.046502057613168724,0.26,1.0,False,0.17,0.99,False,0.07167162170245468,0.07167162170245468,0.052949245541838136,0.31,1.0,False,0.08252415025427315,0.08252415025427315,0.0654320987654321,0.24,1.0,False,0.21,1.0,False,0.08927057846729584,0.08927057846729584,0.06474622770919067,0.25,1.0,False,0.1321231298965962,0.1321231298965962,0.01056241426611797,0.7,1.0,True,0.61,1.0,False,0.1819459112395126,0.1819459112395126,0.011248285322359396,0.87,1.0,True,0001,0001,day14_only_discovery,False,False,False,False,False,False,False
TAL1,TSPAN5,TSPAN5,ENSG00000168785,0.1321126789338551,0.1321126789338551,True,0.057002524998890115,0.057002524998890115,0.08890108382494169,0.12,0.96,False,0.04,0.94,False,0.052220652366176006,0.052220652366176006,0.11098916175058307,0.14,0.98,False,0.07704559265424805,0.07704559265424805,0.0035665294924554186,0.71,1.0,True,0.51,1.0,False,0.1274382090057599,0.1274382090057599,0.0015089163237311386,0.99,1.0,True,0.1261485982274452,0.1261485982274452,0.003703703703703704,0.81,1.0,True,0.86,1.0,True,0.22654339322791636,0.22654339322791636,0.0010973936899862826,1.0,1.0,True,0.1321126789338551,0.1321126789338551,0.00205761316872428,0.92,1.0,True,0.92,1.0,True,0.1317607405656383,0.1317607405656383,0.0019204389574759945,0.94,1.0,True,0111,0011,cross_time_discovery,True,False,True,False,True,False,False
TAL1,TMOD1,TMOD1,ENSG00000136842,0.1321000253744204,0.1321000253744204,True,-0.004436243800258535,0.004436243800258535,0.8894224173411991,0.0,0.54,False,0.01,0.5900000000000001,False,-0.00794108949250346,0.00794108949250346,0.8016188777610097,0.01,0.6699999999999999,False,0.0008831834811905282,0.0008831834811905282,0.9689986282578875,0.0,0.51,False,0.0,0.51,False,0.030850294038223584,0.030850294038223584,0.2935528120713306,0.03,0.91,False,0.05283492207229033,0.05283492207229033,0.15432098765432098,0.02,0.93,False,0.06,0.95,False,0.11083550045300586,0.11083550045300586,0.05459533607681756,0.3,1.0,False,0.1321000253744203,0.1321000253744203,0.0021947873799725653,0.88,1.0,True,0.9,1.0,True,0.1326566759115544,0.1326566759115544,0.0016460905349794238,0.89,1.0,True,0001,0001,day14_only_discovery,False,False,False,False,False,False,False
GFI1B,GMPS,GMPS,ENSG00000163655,0.131915004630673,0.131915004630673,True,-0.018554038478634512,0.018554038478634512,0.6002195088489505,0.02,0.71,False,0.01,0.71,False,-0.01724167207856292,0.01724167207856292,0.6416518040883523,0.0,0.7,False,0.059649571052042584,0.059649571052042584,0.07914951989026063,0.19,1.0,False,0.18,0.97,False,0.06083011850941955,0.06083011850941955,0.09026063100137174,0.09,1.0,False,0.05744578454005106,0.05744578454005106,0.18093278463648835,0.03,0.98,False,0.06,0.96,False,0.08054491780212275,0.08054491780212275,0.09176954732510288,0.17,1.0,False,0.13191500463067304,0.13191500463067304,0.01083676268861454,0.76,1.0,True,0.79,1.0,True,0.19172687870813268,0.19172687870813268,0.006721536351165981,0.96,1.0,True,0001,0001,day14_only_discovery,False,False,False,False,False,False,False
NFE2,AP000787.1,AP000787.1,ENSG00000245552,0.1319129704317713,0.1319129704317713,True,0.04755687465858803,0.04755687465858803,0.17643023734394292,0.02,0.97,False,0.07,0.97,False,0.046532602665074196,0.046532602665074196,0.18136918644532857,0.05,0.95,False,0.020064716107252564,0.020064716107252564,0.48545953360768174,0.0,0.91,False,0.01,0.89,False,0.04581297879479662,0.04581297879479662,0.1897119341563786,0.01,0.99,False,0.09870481758871683,0.09870481758871683,0.042112482853223596,0.43,1.0,False,0.34,1.0,False,0.15394049357414374,0.15394049357414374,0.03635116598079561,0.59,1.0,False,0.13191297043177128,0.13191297043177128,0.017146776406035666,0.81,1.0,True,0.8,1.0,True,0.13045276817485454,0.13045276817485454,0.01783264746227709,0.8,1.0,True,0001,0001,day14_only_discovery,False,False,False,False,False,False,False
GATA1,JAZF1,JAZF1,ENSG00000153814,0.1318592247362425,0.1318592247362425,True,0.04265213228519218,0.04265213228519218,0.15585128275483606,0.03,0.94,False,0.13,0.95,False,0.056737199932855815,0.056737199932855815,0.06763616408286459,0.17,0.96,False,0.08246540661852596,0.08246540661852596,0.0008230452674897119,0.8,1.0,True,0.56,1.0,False,0.1138199267822795,0.1138199267822795,0.00013717421124828533,0.99,1.0,True,0.0544889765606203,0.0544889765606203,0.08381344307270233,0.17,0.94,False,0.07,0.93,False,0.11391559963958772,0.11391559963958772,0.003017832647462277,0.77,1.0,True,0.1318592247362425,0.1318592247362425,0.004252400548696845,0.91,1.0,True,0.91,1.0,True,0.14255134097125088,0.14255134097125088,0.0035665294924554186,0.95,1.0,True,0101,0001,cross_time_discovery,True,False,False,False,True,False,False
GATA1,SLC22A16,SLC22A16,ENSG00000004809,0.1317608204536208,0.1317608204536208,True,-0.004678492129461686,0.004678492129461686,0.8843462752092194,0.01,0.55,False,0.0,0.55,False,0.005110334122956819,0.005110334122956819,0.871450130333379,0.0,0.51,False,0.024238713689716196,0.024238713689716196,0.29958847736625516,0.04,0.92,False,0.05,0.91,False,0.05299777501559621,0.05299777501559621,0.04156378600823045,0.32,0.98,False,0.041446965495249295,0.041446965495249295,0.18792866941015088,0.05,0.88,False,0.09,0.93,False,0.08662592836862912,0.08662592836862912,0.022359396433470506,0.38,0.99,False,0.13176082045362084,0.13176082045362084,0.0043895747599451305,0.93,1.0,True,0.88,1.0,True,0.14229165103196836,0.14229165103196836,0.003703703703703704,0.92,1.0,True,0001,0001,day14_only_discovery,False,False,False,False,False,False,False
KLF1,SPTB,SPTB,ENSG00000070182,0.1315560814745576,0.1315560814745576,True,0.12262815401355436,0.12262815401355436,0.003841404856633283,0.85,1.0,True,0.89,1.0,True,0.1897620889171418,0.1897620889171418,0.0039785978872273284,1.0,1.0,True,0.15079567206177935,0.15079567206177935,0.0010973936899862826,1.0,1.0,True,0.98,1.0,True,0.23149753941573822,0.23149753941573822,0.0009602194787379973,1.0,1.0,True,0.019277342649439692,0.019277342649439692,0.60480109739369,0.01,0.69,False,0.01,0.58,False,0.18475022511033942,0.18475022511033942,0.015500685871056241,0.86,1.0,True,0.13155608147455755,0.13155608147455755,0.003429355281207133,0.94,1.0,True,0.86,1.0,True,0.15401483379674108,0.15401483379674108,0.0017832647462277093,0.99,1.0,True,1101,1101,cross_time_discovery,True,False,True,False,True,False,False
GFI1B,SYTL4,SYTL4,ENSG00000102362,0.1314656833916276,0.1314656833916276,True,0.010076389808111498,0.010076389808111498,0.7778844834682398,0.0,0.67,False,0.0,0.62,False,-0.0088247059374722,0.0088247059374722,0.8102620386884346,0.0,0.5900000000000001,False,0.0020524692333968135,0.0020524692333968135,0.9440329218106996,0.0,0.56,False,0.0,0.55,False,-0.014634247968813132,0.014634247968813132,0.6544581618655693,0.0,0.77,False,0.07744605798106476,0.07744605798106476,0.08052126200274348,0.22,1.0,False,0.2,1.0,False,0.08501943070143456,0.08501943070143456,0.07654320987654321,0.23,0.99,False,0.1314656833916276,0.1314656833916276,0.011248285322359396,0.7,1.0,True,0.8,1.0,True,0.16766149012508447,0.16766149012508447,0.022085048010973937,0.68,1.0,False,0001,0001,day14_only_discovery,False,False,False,False,False,False,False
GATA1,CCDC14,CCDC14,ENSG00000175455,0.1313152337317818,0.1313152337317818,True,0.05773450579746935,0.05773450579746935,0.06022774043078612,0.11,0.95,False,0.21,0.92,False,0.06267590594000214,0.06267590594000214,0.04719440252435176,0.2,0.99,False,-0.045496756455940764,0.045496756455940764,0.04897119341563786,0.22,0.98,False,0.13,0.85,False,-0.03601333623925954,0.03601333623925954,0.16104252400548696,0.1,0.95,False,0.020595249447511215,0.020595249447511215,0.5160493827160494,0.02,0.75,False,0.02,0.79,False,0.04773801097708546,0.04773801097708546,0.20891632373113855,0.06,0.92,False,0.13131523373178178,0.13131523373178178,0.004526748971193415,0.93,1.0,True,0.88,1.0,True,0.14329941429780516,0.14329941429780516,0.0031550068587105624,0.97,1.0,True,0001,0001,day14_only_discovery,False,False,False,False,False,False,False
KLF1,RABGAP1L,RABGAP1L,ENSG00000152061,0.1312479765842909,0.1312479765842909,True,0.06805800015932328,0.06805800015932328,0.068870901358211,0.24,0.99,False,0.12,0.98,False,0.10412624562053761,0.10412624562053761,0.04170668130058993,0.43,1.0,False,0.04767313618840187,0.04767313618840187,0.12139917695473251,0.12,0.97,False,0.09,0.93,False,0.08885163134457397,0.08885163134457397,0.05459533607681756,0.31,1.0,False,0.022640684664942096,0.022640684664942096,0.5433470507544582,0.0,0.74,False,0.02,0.75,False,0.08815939028581715,0.08815939028581715,0.16803840877914952,0.06,0.99,False,0.13124797658429088,0.13124797658429088,0.0035665294924554186,0.96,1.0,True,0.89,1.0,True,0.15288763151628637,0.15288763151628637,0.00205761316872428,0.95,1.0,True,0001,0001,day14_only_discovery,False,False,False,False,False,False,False
GFI1B,RPL27A,RPL27A,ENSG00000166441,0.1310673345437737,0.1310673345437737,True,0.051679402782999075,0.051679402782999075,0.14597338455206477,0.07,0.98,False,0.03,0.93,False,0.05280317938738707,0.05280317938738707,0.1638084785292907,0.04,0.98,False,-0.01203734649748881,0.01203734649748881,0.6895747599451303,0.0,0.71,False,0.0,0.5900000000000001,False,0.003100418616191127,0.003100418616191127,0.920164609053498,0.0,0.54,False,0.03573910653543881,0.03573910653543881,0.40137174211248283,0.0,0.93,False,0.0,0.92,False,0.07238089942857576,0.07238089942857576,0.12565157750342937,0.06,1.0,False,0.1310673345437737,0.1310673345437737,0.011659807956104253,0.73,1.0,True,0.86,1.0,True,0.16151493426800936,0.16151493426800936,0.02606310013717421,0.61,1.0,False,0001,0001,day14_only_discovery,False,False,False,False,False,False,False
GFI1B,RPL19,RPL19,ENSG00000108298,0.1310671019183166,0.1310671019183166,True,-0.010268573443828416,0.010268573443828416,0.7740430786116065,0.0,0.69,False,0.0,0.5800000000000001,False,-0.009892038401003323,0.009892038401003323,0.7870764165180408,0.0,0.73,False,-0.02091252641092745,0.02091252641092745,0.5012345679012346,0.01,0.78,False,0.0,0.72,False,-0.013269760304197593,0.013269760304197593,0.6847736625514403,0.0,0.76,False,0.05197713954156283,0.05197713954156283,0.22208504801097392,0.03,0.96,False,0.05,0.95,False,0.06983699784843614,0.06983699784843614,0.13525377229080932,0.07,0.97,False,0.13106710191831675,0.13106710191831675,0.011796982167352537,0.7,1.0,True,0.88,1.0,True,0.1519020519996446,0.1519020519996446,0.0355281207133059,0.55,1.0,False,0001,0001,day14_only_discovery,False,False,False,False,False,False,False
NFE2,ARL15,ARL15,ENSG00000185305,0.1309237109086671,0.1309237109086671,True,0.07435313075722298,0.07435313075722298,0.037590890382768555,0.31,0.98,False,0.34,0.97,False,0.06712921375211141,0.06712921375211141,0.05597475648237069,0.27,1.0,False,0.06619179329807114,0.06619179329807114,0.03251028806584362,0.4,1.0,False,0.23,0.96,False,0.06812757978616091,0.06812757978616091,0.06392318244170096,0.22,1.0,False,0.08804217153159925,0.08804217153159925,0.06790123456790123,0.28,1.0,False,0.21,1.0,False,0.08330058959385325,0.08330058959385325,0.21906721536351165,0.02,1.0,False,0.1309237109086671,0.1309237109086671,0.01728395061728395,0.89,1.0,True,0.78,1.0,True,0.13416141629344971,0.13416141629344971,0.01646090534979424,0.89,1.0,True,0001,0001,day14_only_discovery,False,False,False,False,False,False,False
GFI1B,NSD2,NSD2,ENSG00000109685,0.1308382270545672,0.1308382270545672,True,0.025091255807838674,0.025091255807838674,0.48099876526272467,0.02,0.86,False,0.0,0.77,False,0.025565262752091644,0.025565262752091644,0.48964192619014957,0.01,0.8,False,0.07263210600644794,0.07263210600644794,0.03772290809327846,0.38,1.0,False,0.29,1.0,False,0.09042691001037984,0.09042691001037984,0.023593964334705075,0.61,1.0,False,0.08587598249137379,0.08587598249137379,0.05651577503429355,0.27,1.0,False,0.27,0.99,False,0.11106420149525882,0.11106420149525882,0.02606310013717421,0.58,1.0,False,0.13083822705456719,0.13083822705456719,0.011934156378600824,0.72,1.0,True,0.61,1.0,False,0.22052005324320598,0.22052005324320598,0.0013717421124828531,0.99,1.0,True,0001,0001,day14_only_discovery,False,False,False,False,False,False,False
NFE2,SOD1,SOD1,ENSG00000142168,-0.1306518581580211,0.1306518581580211,True,0.05369759511290175,0.05369759511290175,0.1263547811771162,0.15,0.96,False,0.08,0.83,False,0.05317588058087962,0.05317588058087962,0.12827548360543284,0.11,0.94,False,-0.043824848727334303,0.043824848727334303,0.13978052126200274,0.12,0.96,False,0.17,0.94,False,-0.054166646269918794,0.054166646269918794,0.13155006858710563,0.08,0.99,False,-0.05401291852358963,0.05401291852358963,0.2403292181069959,0.05,0.91,False,0.04,0.95,False,-0.08884608492338252,0.08884608492338252,0.19053497942386832,0.03,1.0,False,-0.1306518581580211,0.1306518581580211,0.017421124828532236,0.86,1.0,True,0.77,1.0,True,-0.13275434768571417,0.13275434768571417,0.016872427983539096,0.83,1.0,True,0001,0001,day14_only_discovery,False,False,False,False,False,False,False
TAL1,SLC4A1,SLC4A1,ENSG00000004939,0.1305718637809325,0.1305718637809325,True,0.17424195494039352,0.17424195494039352,0.00027438606118809165,1.0,1.0,True,0.98,1.0,True,0.16940681080206063,0.16940681080206063,0.00027438606118809165,1.0,1.0,True,0.0931989198684095,0.0931989198684095,0.0012345679012345679,0.9,1.0,True,0.68,1.0,False,0.15348927648099178,0.15348927648099178,0.00041152263374485596,1.0,1.0,True,0.140362200982364,0.140362200982364,0.0009602194787379973,0.88,1.0,True,0.91,1.0,True,0.2534668827928129,0.2534668827928129,0.00041152263374485596,1.0,1.0,True,0.13057186378093255,0.13057186378093255,0.0023319615912208505,0.94,1.0,True,0.91,1.0,True,0.13100626384892766,0.13100626384892766,0.00205761316872428,0.94,1.0,True,1111,1011,persistent_discovery,True,False,True,False,True,False,False
NFE2,RHBDD1,RHBDD1,ENSG00000144468,0.1301972273750656,0.1301972273750656,True,0.021334456840379264,0.021334456840379264,0.5432844011524215,0.02,0.74,False,0.02,0.76,False,0.026875736150975393,0.026875736150975393,0.43997804911510496,0.03,0.87,False,0.021290797849388077,0.021290797849388077,0.46145404663923184,0.0,0.85,False,0.05,0.78,False,0.04343325746212477,0.04343325746212477,0.2141289437585734,0.03,0.98,False,0.05676455867773149,0.05676455867773149,0.21550068587105625,0.06,0.97,False,0.02,0.97,False,0.11119157622032516,0.11119157622032516,0.10603566529492456,0.08,1.0,False,0.13019722737506567,0.13019722737506567,0.017558299039780522,0.82,1.0,True,0.81,1.0,True,0.13085107469329724,0.13085107469329724,0.017421124828532236,0.75,1.0,True,0001,0001,day14_only_discovery,False,False,False,False,False,False,False
NFE2,CR1,CR1,ENSG00000203710,0.1299625390650965,0.1299625390650965,True,-0.03941028062206029,0.03941028062206029,0.2621758814652216,0.03,0.92,False,0.08,0.97,False,-0.0437956149752553,0.0437956149752553,0.21031691590067225,0.01,0.97,False,4.0936003142142636e-05,4.0936003142142636e-05,0.999039780521262,0.0,0.5,False,0.03,0.53,False,0.015326924410885106,0.015326924410885106,0.6577503429355281,0.02,0.8,False,0.05653878868924735,0.05653878868924735,0.21659807956104252,0.03,0.95,False,0.02,0.97,False,0.10998533748377975,0.10998533748377975,0.11152263374485596,0.12,1.0,False,0.12996253906509644,0.12996253906509644,0.017695473251028805,0.74,1.0,True,0.8,1.0,True,0.1307293627255081,0.1307293627255081,0.017558299039780522,0.87,1.0,True,0001,0001,day14_only_discovery,False,False,False,False,False,False,False
GATA1,RPS27,RPS27,ENSG00000177954,0.1299008035574904,0.1299008035574904,True,-0.02464349629242124,0.02464349629242124,0.4184387433118398,0.06,0.79,False,0.06,0.75,False,-0.022911146779334677,0.022911146779334677,0.4646727946220332,0.0,0.69,False,-0.03434961655225017,0.03434961655225017,0.13882030178326474,0.08,0.91,False,0.11,0.95,False,-0.02603757352423369,0.02603757352423369,0.3069958847736626,0.03,0.84,False,-0.021771600995891285,0.021771600995891285,0.49286694101508915,0.01,0.75,False,0.02,0.72,False,-0.04250035386563561,0.04250035386563561,0.2606310013717421,0.07,0.9,False,0.1299008035574906,0.1299008035574906,0.004663923182441701,0.93,1.0,True,0.86,1.0,True,0.13655998782068146,0.13655998782068146,0.004801097393689987,0.93,1.0,True,0001,0001,day14_only_discovery,False,False,False,False,False,False,False
TAL1,RYBP,RYBP,ENSG00000163602,0.1296518406643284,0.1296518406643284,True,0.04465175225765331,0.04465175225765331,0.17629304431334888,0.07,0.95,False,0.08,0.87,False,0.03484958972161191,0.03484958972161191,0.28440115242145697,0.03,0.9,False,-0.021060160722104492,0.021060160722104492,0.39039780521262,0.02,0.84,False,0.0,0.69,False,-0.03961341285353145,0.03961341285353145,0.18079561042524006,0.03,0.9299999999999999,False,0.005845026118205193,0.005845026118205193,0.877914951989026,0.0,0.62,False,0.01,0.61,False,-0.01822159344221959,0.01822159344221959,0.7157750342935528,0.0,0.65,False,0.12965184066432842,0.12965184066432842,0.0024691358024691358,0.89,1.0,True,0.91,1.0,True,0.1301503772982063,0.1301503772982063,0.0021947873799725653,0.94,1.0,True,0001,0001,day14_only_discovery,False,False,False,False,False,False,False
GATA1,RPS4X,RPS4X,ENSG00000198034,0.1296430714291128,0.1296430714291128,True,-0.03742300397685883,0.03742300397685883,0.21237481135958294,0.08,0.84,False,0.08,0.89,False,-0.03758868241936,0.03758868241936,0.2230758677459185,0.09,0.84,False,0.02269828428702461,0.02269828428702461,0.3300411522633745,0.03,0.88,False,0.02,0.87,False,0.021184534211822634,0.021184534211822634,0.40411522633744856,0.02,0.9,False,0.007274828292425824,0.007274828292425824,0.8160493827160494,0.03,0.67,False,0.01,0.63,False,-0.0340310016059775,0.0340310016059775,0.3655692729766804,0.0,0.86,False,0.12964307142911285,0.12964307142911285,0.004801097393689987,0.88,1.0,True,0.89,1.0,True,0.13558858139013766,0.13558858139013766,0.005075445816186557,0.89,1.0,True,0001,0001,day14_only_discovery,False,False,False,False,False,False,False
KLF1,TFRC,TFRC,ENSG00000072274,0.1296274664164168,0.1296274664164168,True,0.11709911898330974,0.11709911898330974,0.004801756070791603,0.8,1.0,True,0.62,1.0,False,0.21071594575111857,0.21071594575111857,0.002469474550692825,1.0,1.0,True,0.06528177319774413,0.06528177319774413,0.04101508916323731,0.37,1.0,False,0.35,0.98,False,0.12873387758384583,0.12873387758384583,0.01646090534979424,0.86,1.0,True,0.05262736373806223,0.05262736373806223,0.16611796982167354,0.1,0.94,False,0.09,0.92,False,0.11418227142525736,0.11418227142525736,0.08957475994513031,0.19,1.0,False,0.12962746641641673,0.12962746641641673,0.003703703703703704,0.87,1.0,True,0.94,1.0,True,0.1436936394469464,0.1436936394469464,0.003429355281207133,0.96,1.0,True,1001,0001,cross_time_discovery,True,False,False,False,True,False,False
NFE2,PEAR1,PEAR1,ENSG00000187800,0.1294312109747475,0.1294312109747475,True,0.07551860896344059,0.07551860896344059,0.03567018795445191,0.26,1.0,False,0.27,1.0,False,0.07566183477393654,0.07566183477393654,0.03278913431197695,0.33,1.0,False,0.033370956842332315,0.033370956842332315,0.2550068587105624,0.01,0.96,False,0.03,0.88,False,0.037022476450521875,0.037022476450521875,0.28491083676268864,0.02,0.97,False,0.09619197545862387,0.09619197545862387,0.04705075445816186,0.31,1.0,False,0.3,0.99,False,0.1349241970864981,0.1349241970864981,0.0607681755829904,0.32,1.0,False,0.1294312109747477,0.1294312109747477,0.01783264746227709,0.77,1.0,True,0.76,1.0,True,0.1302489416619672,0.1302489416619672,0.017969821673525378,0.87,1.0,True,0001,0001,day14_only_discovery,False,False,False,False,False,False,False
GFI1B,UROD,UROD,ENSG00000126088,0.1291509824169418,0.1291509824169418,True,0.10814476838554704,0.10814476838554704,0.0098778982027713,0.72,1.0,True,0.65,1.0,False,0.12932266550316726,0.12932266550316726,0.00754561668267252,0.87,1.0,True,0.017472018631731548,0.017472018631731548,0.5710562414266118,0.0,0.82,False,0.02,0.74,False,0.033815014719729114,0.033815014719729114,0.31440329218106994,0.0,0.93,False,-0.04306894708009989,0.04306894708009989,0.307681755829904,0.03,0.9299999999999999,False,0.03,0.85,False,-0.027899233835422695,0.027899233835422695,0.5417009602194788,0.0,0.8,False,0.1291509824169419,0.1291509824169419,0.013305898491083675,0.76,1.0,True,0.7,1.0,True,0.17886040328077124,0.17886040328077124,0.012757201646090535,0.87,1.0,True,1001,0001,cross_time_discovery,True,False,False,False,True,False,False
GATA1,PIGQ,PIGQ,ENSG00000007541,0.1288212291993747,0.1288212291993747,True,-0.001113540162115202,0.001113540162115202,0.9706406914528742,0.01,0.5800000000000001,False,0.0,0.56,False,0.010573175673047377,0.010573175673047377,0.7368637673206201,0.0,0.74,False,0.03207107330680414,0.03207107330680414,0.16968449931412893,0.08,0.92,False,0.14,0.87,False,0.05553135759664325,0.05553135759664325,0.033196159122085046,0.28,0.98,False,0.024530507094805556,0.024530507094805556,0.4378600823045268,0.03,0.74,False,0.03,0.72,False,0.059035974097899194,0.059035974097899194,0.1168724279835391,0.11,0.97,False,0.12882122919937472,0.12882122919937472,0.0049382716049382715,0.88,1.0,True,0.79,1.0,True,0.1342740713190996,0.1342740713190996,0.005349794238683128,0.86,1.0,True,0001,0001,day14_only_discovery,False,False,False,False,False,False,False
GATA1,RPS3,RPS3,ENSG00000149273,0.1287255965842521,0.1287255965842521,True,0.024229357651702983,0.024229357651702983,0.425298394841542,0.01,0.81,False,0.03,0.76,False,0.028492747758997274,0.028492747758997274,0.3587597750034298,0.02,0.87,False,0.017059502443961774,0.017059502443961774,0.4578875171467764,0.0,0.79,False,0.04,0.79,False,0.022555626575417233,0.022555626575417233,0.3736625514403292,0.02,0.92,False,0.03681720024105776,0.03681720024105776,0.24526748971193416,0.05,0.93,False,0.07,0.91,False,-0.0008600799437106418,0.0008600799437106418,0.9823045267489712,0.0,0.62,False,0.12872559658425228,0.12872559658425228,0.005075445816186557,0.91,1.0,True,0.9,1.0,True,0.13958916163699694,0.13958916163699694,0.00411522633744856,0.97,1.0,True,0001,0001,day14_only_discovery,False,False,False,False,False,False,False
NFE2,USP24,USP24,ENSG00000162402,0.1286052639247509,0.1286052639247509,True,0.0025039131438672224,0.0025039131438672224,0.9437508574564412,0.01,0.53,False,0.01,0.55,False,0.012065901597511293,0.012065901597511293,0.7283577994237893,0.01,0.73,False,0.024483939913231365,0.024483939913231365,0.403840877914952,0.01,0.83,False,0.05,0.79,False,0.02031038000018676,0.02031038000018676,0.5570644718792866,0.0,0.81,False,0.033111500905400805,0.033111500905400805,0.45775034293552813,0.02,0.84,False,0.01,0.84,False,0.038563406120999434,0.038563406120999434,0.5563786008230452,0.0,0.88,False,0.1286052639247509,0.1286052639247509,0.017969821673525378,0.84,1.0,True,0.84,1.0,True,0.13168061046218413,0.13168061046218413,0.017146776406035666,0.84,1.0,True,0001,0001,day14_only_discovery,False,False,False,False,False,False,False
GATA1,RHAG,RHAG,ENSG00000112077,0.1282369374308989,0.1282369374308989,True,0.021850008176523245,0.021850008176523245,0.47496227191658663,0.01,0.7,False,0.02,0.69,False,0.04189456215026467,0.04189456215026467,0.17204006036493347,0.01,0.92,False,-0.014910332625362229,0.014910332625362229,0.5145404663923182,0.01,0.75,False,0.03,0.74,False,0.012900894746603903,0.012900894746603903,0.6149519890260631,0.0,0.71,False,0.08514687045428634,0.08514687045428634,0.007407407407407408,0.44,1.0,False,0.4,0.99,False,0.1262091040373083,0.1262091040373083,0.0017832647462277093,0.91,1.0,True,0.12823693743089884,0.12823693743089884,0.005212620027434842,0.87,1.0,True,0.86,1.0,True,0.13469148938633216,0.13469148938633216,0.005212620027434842,0.88,1.0,True,0001,0001,day14_only_discovery,False,False,False,False,True,False,False
KLF1,MARK3,MARK3,ENSG00000075413,0.1282357566676278,0.1282357566676278,True,0.02414523080830835,0.02414523080830835,0.4922485937714364,0.05,0.77,False,0.0,0.64,False,0.017777648311493182,0.017777648311493182,0.6729318150637947,0.0,0.7,False,0.01633147898844834,0.01633147898844834,0.5729766803840878,0.0,0.76,False,0.02,0.7,False,0.028217622514986957,0.028217622514986957,0.48161865569272977,0.0,0.86,False,0.11202102403355374,0.11202102403355374,0.008093278463648833,0.66,1.0,False,0.71,0.99,True,0.15303722197279765,0.15303722197279765,0.03251028806584362,0.57,1.0,False,0.1282357566676278,0.1282357566676278,0.003840877914951989,0.97,1.0,True,0.84,1.0,True,0.11889631223683937,0.11889631223683937,0.0069958847736625515,0.76,1.0,True,0001,0011,day14_only_discovery,False,False,True,False,False,False,False
NFE2,RAP1GAP,RAP1GAP,ENSG00000076864,0.1277071480286655,0.1277071480286655,True,-0.012335145754212308,0.012335145754212308,0.7227328851694333,0.01,0.65,False,0.0,0.5900000000000001,False,-0.010403783693735326,0.010403783693735326,0.7626560570723008,0.01,0.7,False,-0.0020831459267600335,0.0020831459267600335,0.9393689986282578,0.0,0.52,False,0.01,0.53,False,0.0005359817669023171,0.0005359817669023171,0.9890260631001372,0.0,0.58,False,0.08347491116861637,0.08347491116861637,0.08010973936899862,0.1,1.0,False,0.11,1.0,False,0.1262127937015655,0.1262127937015655,0.07462277091906722,0.19,1.0,False,0.12770714802866562,0.12770714802866562,0.01810699588477366,0.81,1.0,True,0.82,1.0,True,0.12221754731804228,0.12221754731804228,0.020713305898491085,0.76,1.0,True,0001,0001,day14_only_discovery,False,False,False,False,False,False,False
GFI1B,UBR2,UBR2,ENSG00000024048,-0.12767818630001,0.12767818630001,True,-0.057349652544902034,0.057349652544902034,0.10728494992454383,0.15,0.98,False,0.13,0.99,False,-0.07652443469477553,0.07652443469477553,0.0541912470846481,0.24,0.98,False,-0.0358870893059214,0.0358870893059214,0.2637860082304527,0.02,0.94,False,0.03,0.87,False,-0.05531078845479596,0.05531078845479596,0.12016460905349795,0.1,1.0,False,0.0009866608492008998,0.0009866608492008998,0.9839506172839506,0.0,0.5700000000000001,False,0.0,0.5,False,-0.040344512287651645,0.040344512287651645,0.3787379972565158,0.01,0.9,False,-0.12767818630001004,0.12767818630001004,0.013991769547325103,0.71,1.0,True,0.62,1.0,False,-0.18869615097607037,0.18869615097607037,0.008093278463648833,0.92,1.0,True,0001,0001,day14_only_discovery,False,False,False,False,False,False,False
KLF1,KLF13,KLF13,ENSG00000169926,0.1276124752664862,0.1276124752664862,True,0.06569667104313368,0.06569667104313368,0.07600493894910139,0.12,0.98,False,0.18,0.97,False,0.10952493182578453,0.10952493182578453,0.036904925229798324,0.48,1.0,False,0.09503089628729888,0.09503089628729888,0.00905349794238683,0.85,1.0,True,0.58,0.98,False,0.1737553679405019,0.1737553679405019,0.004801097393689987,1.0,1.0,True,0.1378336486973333,0.1378336486973333,0.0023319615912208505,0.95,1.0,True,0.88,1.0,True,0.2786152127349254,0.2786152127349254,0.0019204389574759945,1.0,1.0,True,0.1276124752664862,0.1276124752664862,0.003978052126200274,0.94,1.0,True,0.91,1.0,True,0.14595677783762911,0.14595677783762911,0.003017832647462277,0.97,1.0,True,0111,0011,cross_time_discovery,True,False,True,False,True,False,False
GFI1B,RESF1,RESF1,ENSG00000174718,0.127421178713534,0.127421178713534,True,0.07155638279462122,0.07155638279462122,0.05117300041157909,0.24,0.99,False,0.12,0.99,False,0.07667222331502094,0.07667222331502094,0.05377966799286596,0.22,1.0,False,0.026559785175459618,0.026559785175459618,0.39231824417009603,0.0,0.9,False,0.0,0.78,False,0.026113232862719528,0.026113232862719528,0.4270233196159122,0.0,0.84,False,-0.03843848864203925,0.03843848864203925,0.36570644718792866,0.01,0.92,False,0.02,0.9,False,-0.03879147293618996,0.03879147293618996,0.3979423868312757,0.0,0.81,False,0.12742117871353406,0.12742117871353406,0.014677640603566529,0.72,1.0,True,0.65,1.0,False,0.14561579238299008,0.14561579238299008,0.04293552812071331,0.51,1.0,False,0001,0001,day14_only_discovery,False,False,False,False,False,False,False
NFE2,HAGH,HAGH,ENSG00000063854,0.1272087367768383,0.1272087367768383,True,0.02972518043052085,0.02972518043052085,0.39689943750857454,0.03,0.84,False,0.01,0.65,False,0.03497976679732752,0.03497976679732752,0.31458361915214705,0.01,0.83,False,0.04455335287830188,0.04455335287830188,0.1336076817558299,0.11,0.98,False,0.09,0.87,False,0.08116018471892573,0.08116018471892573,0.034705075445816184,0.41,1.0,False,0.1678509471211386,0.1678509471211386,0.0023319615912208505,0.96,1.0,True,0.96,1.0,True,0.2418000107366617,0.2418000107366617,0.0019204389574759945,1.0,1.0,True,0.1272087367768383,0.1272087367768383,0.018244170096021948,0.74,1.0,True,0.74,1.0,True,0.130544826374843,0.130544826374843,0.017695473251028805,0.77,1.0,True,0011,0011,cross_time_discovery,True,False,True,False,True,False,False
TAL1,ALAS2,ALAS2,ENSG00000158578,0.1267968907058301,0.1267968907058301,True,0.1595179009588398,0.1595179009588398,0.0005487721223761833,1.0,1.0,True,0.95,1.0,True,0.1586992991125355,0.1586992991125355,0.0005487721223761833,1.0,1.0,True,0.09676171225974194,0.09676171225974194,0.0010973936899862826,0.93,1.0,True,0.78,1.0,True,0.14168307715831074,0.14168307715831074,0.0010973936899862826,1.0,1.0,True,0.07691470366822518,0.07691470366822518,0.04417009602194787,0.26,0.96,False,0.32,0.99,False,0.1997622336094887,0.1997622336094887,0.003017832647462277,0.99,1.0,True,0.1267968907058302,0.1267968907058302,0.002606310013717421,0.88,1.0,True,0.9,1.0,True,0.12441853265104133,0.12441853265104133,0.0027434842249657062,0.86,1.0,True,1101,1101,cross_time_discovery,True,False,True,False,True,False,False
NFE2,DCAF11,DCAF11,ENSG00000100897,0.1267869571428407,0.1267869571428407,True,0.021533849010561792,0.021533849010561792,0.5376594868980655,0.01,0.78,False,0.01,0.83,False,0.023514280107712913,0.023514280107712913,0.4971875428728221,0.02,0.8,False,0.052710931800105935,0.052710931800105935,0.08189300411522633,0.13,1.0,False,0.11,0.92,False,0.07422930222160569,0.07422930222160569,0.04938271604938271,0.18,1.0,False,0.05358005728718328,0.05358005728718328,0.24375857338820303,0.04,0.96,False,0.04,0.96,False,0.11681794507597323,0.11681794507597323,0.09327846364883402,0.1,1.0,False,0.1267869571428408,0.1267869571428408,0.018381344307270234,0.84,1.0,True,0.79,1.0,True,0.12340529747365361,0.12340529747365361,0.020164609053497942,0.76,1.0,True,0001,0001,day14_only_discovery,False,False,False,False,False,False,False
NFE2,FNBP1L,FNBP1L,ENSG00000137942,0.1264937473078428,0.1264937473078428,True,0.013544295057500084,0.013544295057500084,0.6950198929894361,0.0,0.68,False,0.01,0.75,False,0.010712906679143663,0.010712906679143663,0.7557964055425984,0.02,0.65,False,0.0519987374733946,0.0519987374733946,0.08641975308641975,0.17,0.98,False,0.15,0.94,False,0.05625751317217785,0.05625751317217785,0.11838134430727024,0.16,1.0,False,0.054398484905196436,0.054398484905196436,0.23580246913580247,0.01,0.97,False,0.05,0.96,False,0.07580603224568487,0.07580603224568487,0.25816186556927295,0.02,1.0,False,0.1264937473078428,0.1264937473078428,0.018518518518518517,0.71,1.0,True,0.69,1.0,False,0.12135493411060334,0.12135493411060334,0.021536351165980797,0.69,1.0,False,0001,0001,day14_only_discovery,False,False,False,False,False,False,False
GATA1,PIP5K1B,PIP5K1B,ENSG00000107242,0.1264644084742648,0.1264644084742648,True,0.052332468058074205,0.052332468058074205,0.08368774866236796,0.13,0.96,False,0.11,0.97,False,0.04974926631562641,0.04974926631562641,0.10797091507751407,0.18,0.94,False,0.01599498328127334,0.01599498328127334,0.48477366255144033,0.03,0.8,False,0.04,0.68,False,0.02579072598430472,0.02579072598430472,0.3120713305898491,0.04,0.89,False,0.020780275890878476,0.020780275890878476,0.5120713305898491,0.03,0.74,False,0.03,0.78,False,0.05148854317885069,0.05148854317885069,0.17407407407407408,0.02,0.95,False,0.1264644084742649,0.1264644084742649,0.005349794238683128,0.9,1.0,True,0.84,1.0,True,0.13663192604491034,0.13663192604491034,0.004663923182441701,0.91,1.0,True,0001,0001,day14_only_discovery,False,False,False,False,False,False,False
GATA1,RPL35,RPL35,ENSG00000136942,0.1264507071220765,0.1264507071220765,True,0.01536493082587418,0.01536493082587418,0.6205240773768692,0.01,0.73,False,0.0,0.7,False,0.022459650777210682,0.022459650777210682,0.4727671834270819,0.0,0.74,False,-0.020271796872501354,0.020271796872501354,0.3823045267489712,0.02,0.77,False,0.06,0.78,False,-0.016211406739568605,0.016211406739568605,0.5209876543209877,0.01,0.75,False,-0.024221162321929394,0.024221162321929394,0.44417009602194785,0.03,0.7,False,0.0,0.72,False,-0.046967800548971025,0.046967800548971025,0.2149519890260631,0.04,0.94,False,0.12645070712207654,0.12645070712207654,0.0054869684499314125,0.94,1.0,True,0.9,1.0,True,0.13764983570466705,0.13764983570466705,0.0043895747599451305,0.92,1.0,True,0001,0001,day14_only_discovery,False,False,False,False,False,False,False
NFE2,PHLPP2,PHLPP2,ENSG00000040199,0.1262975573627285,0.1262975573627285,True,-0.0200385839389598,0.0200385839389598,0.5689394978735081,0.0,0.76,False,0.01,0.78,False,-0.017292056133712756,0.017292056133712756,0.6159967073672658,0.02,0.71,False,-0.0379768381643498,0.0379768381643498,0.19670781893004116,0.09,0.98,False,0.05,0.94,False,-0.03328669959082164,0.03328669959082164,0.3374485596707819,0.0,0.92,False,0.03868779416412647,0.03868779416412647,0.39122085048010974,0.03,0.89,False,0.03,0.78,False,0.053606550448412255,0.053606550448412255,0.4186556927297668,0.0,0.89,False,0.1262975573627285,0.1262975573627285,0.018655692729766804,0.82,1.0,True,0.77,1.0,True,0.12826628037242263,0.12826628037242263,0.018381344307270234,0.83,1.0,True,0001,0001,day14_only_discovery,False,False,False,False,False,False,False
NFE2,OXCT1,OXCT1,ENSG00000083720,-0.1261510656474053,0.1261510656474053,True,0.0042870364879451905,0.0042870364879451905,0.9038276855535738,0.01,0.57,False,0.01,0.63,False,0.006221723021227584,0.006221723021227584,0.8551241596926876,0.01,0.56,False,-0.04952801611492231,0.04952801611492231,0.10109739368998628,0.16,0.99,False,0.1,0.9,False,-0.055908817370481145,0.055908817370481145,0.12030178326474623,0.06,1.0,False,-0.07707537252719071,0.07707537252719071,0.102880658436214,0.08,0.99,False,0.09,0.98,False,-0.10898146451028635,0.10898146451028635,0.11467764060356653,0.06,1.0,False,-0.12615106564740533,0.12615106564740533,0.01879286694101509,0.84,1.0,True,0.82,1.0,True,-0.10836892813839964,0.10836892813839964,0.02962962962962963,0.55,1.0,False,0001,0001,day14_only_discovery,False,False,False,False,False,False,False
NFE2,SLC6A9,SLC6A9,ENSG00000196517,0.1259890614579883,0.1259890614579883,True,0.025665127823024277,0.025665127823024277,0.4646727946220332,0.02,0.74,False,0.06,0.88,False,0.03204130027932887,0.03204130027932887,0.3575250377280834,0.0,0.91,False,0.0627896634225173,0.0627896634225173,0.03964334705075446,0.36,1.0,False,0.21,0.99,False,0.12200449004835706,0.12200449004835706,0.006172839506172839,0.94,1.0,True,0.13902044516531784,0.13902044516531784,0.007956104252400549,0.85,1.0,True,0.78,1.0,True,0.2072533605469284,0.2072533605469284,0.008367626886145405,0.94,1.0,True,0.12598906145798835,0.12598906145798835,0.018930041152263374,0.81,1.0,True,0.74,1.0,True,0.1283527589349501,0.1283527589349501,0.018244170096021948,0.81,1.0,True,0011,0011,cross_time_discovery,True,False,True,False,True,False,False
GATA1,EEF1D,EEF1D,ENSG00000104529,0.1256739434109955,0.1256739434109955,True,0.026411282431684568,0.026411282431684568,0.3844148717245164,0.03,0.85,False,0.05,0.61,False,0.028080879679984967,0.028080879679984967,0.36726574290026065,0.01,0.85,False,0.015274450334164686,0.015274450334164686,0.5043895747599452,0.03,0.72,False,0.04,0.53,False,0.025906727111451932,0.025906727111451932,0.3093278463648834,0.06,0.87,False,-0.007202526774858432,0.007202526774858432,0.8178326474622771,0.0,0.54,False,0.05,0.61,False,0.009148363275783944,0.009148363275783944,0.8108367626886145,0.01,0.56,False,0.12567394341099547,0.12567394341099547,0.005624142661179698,0.9,1.0,True,0.8,1.0,True,0.13631070449157123,0.13631070449157123,0.0049382716049382715,0.92,1.0,True,0001,0001,day14_only_discovery,False,False,False,False,False,False,False
NFE2,RFC3,RFC3,ENSG00000133119,-0.1256729769624422,0.1256729769624422,True,-0.035275761923518605,0.035275761923518605,0.31225133763204826,0.01,0.9,False,0.05,0.9,False,-0.033041260586956646,0.033041260586956646,0.3431197695157086,0.02,0.86,False,-0.039712986687144736,0.039712986687144736,0.17873799725651576,0.05,0.95,False,0.04,0.89,False,-0.02702342833510821,0.02702342833510821,0.43621399176954734,0.01,0.9,False,-0.026438697386027776,0.026438697386027776,0.5532235939643347,0.01,0.85,False,0.0,0.76,False,-0.030990583403112112,0.030990583403112112,0.6316872427983539,0.0,0.85,False,-0.1256729769624423,0.1256729769624423,0.01906721536351166,0.77,1.0,True,0.85,1.0,True,-0.11278314122510998,0.11278314122510998,0.02606310013717421,0.64,1.0,False,0001,0001,day14_only_discovery,False,False,False,False,False,False,False
NFE2,CDYL,CDYL,ENSG00000153046,0.1256135805108872,0.1256135805108872,True,0.018983798983502498,0.018983798983502498,0.5880093291260804,0.02,0.72,False,0.03,0.69,False,0.02576164039065649,0.02576164039065649,0.4613801618877761,0.06,0.78,False,0.023326569912214348,0.023326569912214348,0.42208504801097396,0.0,0.89,False,0.03,0.79,False,0.03241264087402969,0.03241264087402969,0.3513031550068587,0.0,0.92,False,0.045046249012485,0.045046249012485,0.3215363511659808,0.01,0.91,False,0.0,0.88,False,0.09227846732992935,0.09227846732992935,0.17530864197530865,0.0,1.0,False,0.12561358051088736,0.12561358051088736,0.019204389574759947,0.73,1.0,True,0.78,1.0,True,0.12912420177572273,0.12912420177572273,0.01810699588477366,0.76,1.0,True,0001,0001,day14_only_discovery,False,False,False,False,False,False,False
KLF1,CD36,CD36,ENSG00000135218,0.1252521874739709,0.1252521874739709,True,0.0676808547288279,0.0676808547288279,0.06983125257236933,0.25,0.99,False,0.08,0.97,False,0.11991540041964661,0.11991540041964661,0.02730141308821512,0.58,1.0,False,0.08213536666103068,0.08213536666103068,0.015226337448559672,0.61,1.0,False,0.44,0.99,False,0.15713887805354174,0.15713887805354174,0.00823045267489712,0.98,1.0,True,0.019112041282662744,0.019112041282662744,0.6074074074074074,0.0,0.78,False,0.0,0.71,False,0.13137227744927682,0.13137227744927682,0.05720164609053498,0.28,1.0,False,0.1252521874739708,0.1252521874739708,0.00411522633744856,0.94,1.0,True,0.93,1.0,True,0.15093000739447165,0.15093000739447165,0.0024691358024691358,0.98,1.0,True,0001,0001,day14_only_discovery,False,False,False,False,True,False,False
KLF1,UROD,UROD,ENSG00000126088,0.1251619176047682,0.1251619176047682,True,0.07558057480263627,0.07558057480263627,0.04746878858553986,0.23,1.0,False,0.23,0.99,False,0.12027840463050275,0.12027840463050275,0.02688983399643298,0.64,1.0,False,0.0651198328727735,0.0651198328727735,0.041700960219478736,0.44,1.0,False,0.28,0.96,False,0.12467957965953855,0.12467957965953855,0.01879286694101509,0.78,1.0,True,0.13423829996736034,0.13423829996736034,0.0027434842249657062,0.83,1.0,True,0.86,1.0,True,0.25422021336398537,0.25422021336398537,0.003017832647462277,1.0,1.0,True,0.12516191760476822,0.12516191760476822,0.004252400548696845,0.93,1.0,True,0.85,1.0,True,0.14770512119995596,0.14770512119995596,0.002880658436213992,0.98,1.0,True,0011,0011,cross_time_discovery,True,False,True,False,True,False,False
TAL1,KLF3,KLF3,ENSG00000109787,0.1249708342047556,0.1249708342047556,True,0.10557811894323156,0.10557811894323156,0.006173686376732062,0.75,1.0,True,0.78,1.0,True,0.10473866194646989,0.10473866194646989,0.005213335162573741,0.78,1.0,True,0.008894351384176944,0.008894351384176944,0.7150891632373114,0.0,0.65,False,0.0,0.61,False,0.04258458261322313,0.04258458261322313,0.15267489711934157,0.04,0.96,False,0.10253172756568359,0.10253172756568359,0.010699588477366255,0.58,1.0,False,0.71,1.0,True,0.17802962252641766,0.17802962252641766,0.0064471879286694105,0.97,1.0,True,0.1249708342047557,0.1249708342047557,0.0027434842249657062,0.85,1.0,True,0.81,1.0,True,0.12534076471373498,0.12534076471373498,0.002606310013717421,0.9,1.0,True,1001,1011,cross_time_discovery,True,False,True,False,True,False,False
GATA1,RPS8,RPS8,ENSG00000142937,0.1248362124518059,0.1248362124518059,True,0.0006872595687614707,0.0006872595687614707,0.9810673617780217,0.0,0.53,False,0.0,0.62,False,0.004835409281651851,0.004835409281651851,0.8787213609548635,0.01,0.62,False,0.02652171408584478,0.02652171408584478,0.25377229080932784,0.03,0.86,False,0.01,0.76,False,0.03644646807632858,0.03644646807632858,0.15816186556927297,0.13,0.97,False,-0.0020920278459092816,0.0020920278459092816,0.9484224965706447,0.0,0.54,False,0.01,0.52,False,-0.02839683819695179,0.02839683819695179,0.4496570644718793,0.02,0.8200000000000001,False,0.12483621245180601,0.12483621245180601,0.005761316872427984,0.89,1.0,True,0.87,1.0,True,0.13413474051541296,0.13413474051541296,0.0054869684499314125,0.92,1.0,True,0001,0001,day14_only_discovery,False,False,False,False,False,False,False
KLF1,UBR4,UBR4,ENSG00000127481,-0.1247701033380885,0.1247701033380885,True,0.03190924487749787,0.03190924487749787,0.3675401289614488,0.03,0.92,False,0.05,0.83,False,0.03267998689953484,0.03267998689953484,0.4355878721360955,0.0,0.92,False,-0.006889979231458853,0.006889979231458853,0.8106995884773662,0.01,0.56,False,0.0,0.52,False,-0.018141589372267806,0.018141589372267806,0.6414266117969821,0.0,0.7,False,0.03691228485911132,0.03691228485911132,0.31893004115226337,0.0,0.92,False,0.05,0.87,False,0.004704102267687756,0.004704102267687756,0.9386831275720164,0.0,0.55,False,-0.12477010333808852,0.12477010333808852,0.0043895747599451305,0.87,1.0,True,0.82,1.0,True,-0.13817581902194126,0.13817581902194126,0.003978052126200274,0.93,1.0,True,0001,0001,day14_only_discovery,False,False,False,False,False,False,False
NFE2,CLEC2B,CLEC2B,ENSG00000110852,-0.1247446809865112,0.1247446809865112,True,-0.01365783143886072,0.01365783143886072,0.6930991905611195,0.0,0.65,False,0.0,0.72,False,-0.015801510269142605,0.015801510269142605,0.6472767183427082,0.0,0.71,False,-0.0041374516398396165,0.0041374516398396165,0.8872427983539095,0.0,0.5900000000000001,False,0.0,0.51,False,-0.0005683182348106504,0.0005683182348106504,0.988477366255144,0.0,0.53,False,-0.07775299031535868,0.07775299031535868,0.10013717421124829,0.14,0.97,False,0.15,0.96,False,-0.07029433941629033,0.07029433941629033,0.29396433470507544,0.01,0.98,False,-0.12474468098651108,0.12474468098651108,0.01934156378600823,0.86,1.0,True,0.69,1.0,False,-0.12693371358253214,0.12693371358253214,0.01879286694101509,0.77,1.0,True,0001,0001,day14_only_discovery,False,False,False,False,False,False,False
NFE2,FAM20B,FAM20B,ENSG00000116199,0.1245954322436043,0.1245954322436043,True,0.0450601378691176,0.0450601378691176,0.2020853340650295,0.07,0.97,False,0.09,0.9,False,0.04656757549852785,0.04656757549852785,0.1810948003841405,0.06,0.99,False,0.055101860441756634,0.055101860441756634,0.06954732510288066,0.24,0.99,False,0.19,0.95,False,0.06698286449531222,0.06698286449531222,0.06831275720164609,0.15,1.0,False,0.09607610485203816,0.09607610485203816,0.047736625514403296,0.33,1.0,False,0.3,1.0,False,0.12504705871217822,0.12504705871217822,0.07626886145404664,0.18,1.0,False,0.1245954322436043,0.1245954322436043,0.019478737997256516,0.71,1.0,True,0.77,1.0,True,0.1276728528866595,0.1276728528866595,0.018518518518518517,0.83,1.0,True,0001,0001,day14_only_discovery,False,False,False,False,False,False,False
TAL1,UBE2H,UBE2H,ENSG00000186591,0.124432431281309,0.124432431281309,True,0.024261189899334793,0.024261189899334793,0.452051035807381,0.0,0.79,False,0.0,0.74,False,0.01865010545472125,0.01865010545472125,0.5564549320894498,0.01,0.77,False,0.0021068933822610968,0.0021068933822610968,0.9330589849108367,0.0,0.5,False,0.01,0.54,False,-0.0009595727010172676,0.0009595727010172676,0.9711934156378601,0.0,0.53,False,0.06138669586090406,0.06138669586090406,0.09958847736625515,0.17,0.98,False,0.15,0.97,False,0.09934572153825424,0.09934572153825424,0.07983539094650206,0.16,1.0,False,0.12443243128130906,0.12443243128130906,0.002880658436213992,0.89,1.0,True,0.92,1.0,True,0.10215379161304504,0.10215379161304504,0.009739368998628258,0.66,1.0,False,0001,0001,day14_only_discovery,False,False,False,False,False,False,False
NFE2,BRAF,BRAF,ENSG00000157764,0.1243988408369134,0.1243988408369134,True,0.002937990649552027,0.002937990649552027,0.9346961174372342,0.02,0.51,False,0.0,0.53,False,0.007726181718377897,0.007726181718377897,0.820414322952394,0.0,0.64,False,0.01414753723159672,0.01414753723159672,0.6270233196159122,0.02,0.76,False,0.01,0.67,False,0.01290213737952378,0.01290213737952378,0.7104252400548697,0.0,0.75,False,0.010834970147864538,0.010834970147864538,0.802880658436214,0.0,0.66,False,0.01,0.75,False,0.013108402873540053,0.013108402873540053,0.8377229080932784,0.0,0.68,False,0.12439884083691341,0.12439884083691341,0.0196159122085048,0.79,1.0,True,0.67,1.0,False,0.1252767753086357,0.1252767753086357,0.01934156378600823,0.84,1.0,True,0001,0001,day14_only_discovery,False,False,False,False,False,False,False
NFE2,TXNRD2,TXNRD2,ENSG00000184470,0.1242800517755914,0.1242800517755914,True,0.05090046578719916,0.05090046578719916,0.14693373576622307,0.1,0.94,False,0.05,0.92,False,0.05172120590655082,0.05172120590655082,0.13842776786939223,0.12,0.92,False,0.006365088407949189,0.006365088407949189,0.8304526748971194,0.01,0.63,False,0.0,0.63,False,0.019432343046207234,0.019432343046207234,0.5743484224965707,0.0,0.85,False,-0.000787963595889297,0.000787963595889297,0.9861454046639232,0.0,0.54,False,0.0,0.55,False,0.009058913985616274,0.009058913985616274,0.8928669410150891,0.0,0.59,False,0.12428005177559141,0.12428005177559141,0.019753086419753086,0.78,1.0,True,0.77,1.0,True,0.12508422482127945,0.12508422482127945,0.019478737997256516,0.78,1.0,True,0001,0001,day14_only_discovery,False,False,False,False,False,False,False
NFE2,ASPH,ASPH,ENSG00000198363,-0.1242271379935563,0.1242271379935563,True,-0.010752718217607994,0.010752718217607994,0.7592262313074496,0.0,0.71,False,0.0,0.55,False,-0.011067526997398484,0.011067526997398484,0.7474276306763616,0.0,0.5900000000000001,False,-0.021439572794277603,0.021439572794277603,0.4587105624142661,0.02,0.78,False,0.04,0.7,False,-0.040028242399115274,0.040028242399115274,0.25102880658436216,0.02,0.95,False,-0.03901930811810873,0.03901930811810873,0.38902606310013715,0.0,0.88,False,0.0,0.89,False,-0.09111796727438282,0.09111796727438282,0.18024691358024691,0.02,1.0,False,-0.1242271379935563,0.1242271379935563,0.019890260631001373,0.77,1.0,True,0.8,1.0,True,-0.12678506519223742,0.12678506519223742,0.018930041152263374,0.78,1.0,True,0001,0001,day14_only_discovery,False,False,False,False,False,False,False
TAL1,MALAT1,MALAT1,ENSG00000251562,0.1242257242551871,0.1242257242551871,True,0.06376392187587429,0.06376392187587429,0.059267389216627796,0.19,1.0,False,0.18,0.98,False,0.05775464756741756,0.05775464756741756,0.0790231856221704,0.13,1.0,False,0.06965745244586914,0.06965745244586914,0.009465020576131687,0.56,1.0,False,0.39,0.99,False,0.09521670515262098,0.09521670515262098,0.008093278463648833,0.89,1.0,True,0.11216937768190557,0.11216937768190557,0.006035665294924554,0.75,1.0,True,0.76,1.0,True,0.18494226584245507,0.18494226584245507,0.004801097393689987,0.99,1.0,True,0.12422572425518721,0.12422572425518721,0.003017832647462277,0.88,1.0,True,0.84,1.0,True,0.11667906529090115,0.11667906529090115,0.003978052126200274,0.8,1.0,True,0011,0011,cross_time_discovery,True,False,True,False,True,False,False
GATA1,SLC11A2,SLC11A2,ENSG00000110911,0.1241836507765457,0.1241836507765457,True,0.024866884717950566,0.024866884717950566,0.41349979421045413,0.01,0.76,False,0.02,0.72,False,0.02843554666168835,0.02843554666168835,0.35972012621758814,0.05,0.86,False,0.005050530873368909,0.005050530873368909,0.823045267489712,0.01,0.59,False,0.0,0.61,False,0.019509465333354157,0.019509465333354157,0.4419753086419753,0.01,0.85,False,0.011646199808495666,0.011646199808495666,0.7156378600823046,0.0,0.57,False,0.0,0.64,False,0.03155574325935005,0.03155574325935005,0.4002743484224966,0.02,0.84,False,0.12418365077654576,0.12418365077654576,0.005898491083676269,0.86,1.0,True,0.79,1.0,True,0.1315482433016283,0.1315482433016283,0.005898491083676269,0.87,1.0,True,0001,0001,day14_only_discovery,False,False,False,False,False,False,False
TAL1,NEAT1,NEAT1,ENSG00000245532,0.1240795998372051,0.1240795998372051,True,0.08872794135423728,0.08872794135423728,0.016325970640691453,0.59,1.0,False,0.51,1.0,False,0.07332625308943606,0.07332625308943606,0.031280010975442446,0.27,1.0,False,0.04161195554506986,0.04161195554506986,0.09945130315500686,0.04,0.98,False,0.1,0.91,False,0.016272839616982525,0.016272839616982525,0.5694101508916324,0.0,0.87,False,0.0735499474510305,0.0735499474510305,0.05363511659807956,0.2,0.98,False,0.33,0.99,False,0.04976291757456565,0.04976291757456565,0.3421124828532236,0.01,0.97,False,0.1240795998372051,0.1240795998372051,0.0031550068587105624,0.83,1.0,True,0.8,1.0,True,0.1075285308026388,0.1075285308026388,0.006310013717421125,0.66,1.0,False,0001,0001,day14_only_discovery,False,False,False,False,False,False,False
NFE2,UBAC1,UBAC1,ENSG00000130560,0.1239162840711322,0.1239162840711322,True,0.09863822746849521,0.09863822746849521,0.007134037590890383,0.61,1.0,False,0.3,0.99,False,0.1045906862871963,0.1045906862871963,0.004527370009603512,0.74,1.0,True,0.0610900396954142,0.0610900396954142,0.044993141289437585,0.35,1.0,False,0.24,0.97,False,0.08798260947644779,0.08798260947644779,0.024142661179698217,0.57,1.0,False,0.07416184913296234,0.07416184913296234,0.1149519890260631,0.16,0.99,False,0.12,0.99,False,0.11586160096807953,0.11586160096807953,0.09561042524005486,0.09,1.0,False,0.12391628407113224,0.12391628407113224,0.020027434842249656,0.71,1.0,True,0.75,1.0,True,0.12719523189357584,0.12719523189357584,0.018655692729766804,0.77,1.0,True,0001,0001,day14_only_discovery,False,False,False,False,True,False,False
NFE2,HIST1H1C,HIST1H1C,ENSG00000187837,-0.1233886146885,0.1233886146885,True,-0.011611081715570503,0.011611081715570503,0.7397448209630951,0.0,0.6699999999999999,False,0.0,0.6799999999999999,False,-0.015338922728743955,0.015338922728743955,0.6566058444231033,0.0,0.6799999999999999,False,0.0819786697323599,0.0819786697323599,0.012071330589849109,0.61,1.0,False,0.5,0.99,False,0.11343333496445063,0.11343333496445063,0.008367626886145405,0.9,1.0,True,-0.025780885105397236,0.025780885105397236,0.5631001371742113,0.0,0.79,False,0.0,0.8,False,0.03430773824545368,0.03430773824545368,0.5975308641975309,0.0,0.83,False,-0.12338861468850001,0.12338861468850001,0.020164609053497942,0.7,1.0,True,0.78,1.0,True,-0.1068567563026066,0.1068567563026066,0.031001371742112482,0.46,1.0,False,0001,0001,day14_only_discovery,False,False,False,False,True,False,False
TAL1,DDX5,DDX5,ENSG00000108654,0.1229549030168616,0.1229549030168616,True,-0.03249877510747193,0.03249877510747193,0.3188366031005625,0.02,0.84,False,0.03,0.85,False,-0.03700295593810607,0.03700295593810607,0.2577857044862121,0.08,0.89,False,-0.031573443472209146,0.031573443472209146,0.20384087791495198,0.06,0.96,False,0.09,0.87,False,-0.04256102461715594,0.04256102461715594,0.15294924554183814,0.11,0.98,False,-0.005122588130205427,0.005122588130205427,0.8916323731138546,0.0,0.5900000000000001,False,0.01,0.51,False,-0.012729730950557907,0.012729730950557907,0.7984910836762689,0.0,0.64,False,0.12295490301686161,0.12295490301686161,0.0032921810699588477,0.84,1.0,True,0.76,1.0,True,0.12277991066197846,0.12277991066197846,0.002880658436213992,0.9,1.0,True,0001,0001,day14_only_discovery,False,False,False,False,False,False,False
KLF1,MAFF,MAFF,ENSG00000185022,-0.1229414773746653,0.1229414773746653,True,-0.038115717689036134,0.038115717689036134,0.2817944848401701,0.08,0.9299999999999999,False,0.06,0.79,False,-0.07138274095527053,0.07138274095527053,0.11771162024969131,0.12,0.98,False,-0.06021034738280745,0.06021034738280745,0.057338820301783264,0.22,1.0,False,0.15,0.97,False,-0.08770358631558298,0.08770358631558298,0.05692729766803841,0.24,1.0,False,-0.05964806998454318,0.05964806998454318,0.11563786008230453,0.11,0.94,False,0.06,0.97,False,-0.09658787021119768,0.09658787021119768,0.13689986282578875,0.06,1.0,False,-0.12294147737466528,0.12294147737466528,0.004526748971193415,0.84,1.0,True,0.89,1.0,True,-0.13101689217561122,0.13101689217561122,0.004526748971193415,0.85,1.0,True,0001,0001,day14_only_discovery,False,False,False,False,False,False,False
NFE2,SRSF2,SRSF2,ENSG00000161547,-0.1226204501566267,0.1226204501566267,True,-0.06726001730349941,0.06726001730349941,0.05720949375771711,0.24,0.97,False,0.28,0.99,False,-0.06392760154161005,0.06392760154161005,0.06763616408286459,0.19,0.99,False,0.003961710966415272,0.003961710966415272,0.8921810699588477,0.0,0.6,False,0.0,0.54,False,0.010485727140563863,0.010485727140563863,0.760082304526749,0.0,0.59,False,-0.08689335942116864,0.08689335942116864,0.07242798353909465,0.19,1.0,False,0.18,0.98,False,-0.10204475481378678,0.10204475481378678,0.13936899862825788,0.05,1.0,False,-0.12262045015662679,0.12262045015662679,0.02030178326474623,0.75,1.0,True,0.67,1.0,False,-0.09587290944518859,0.09587290944518859,0.040329218106995884,0.42,1.0,False,0001,0001,day14_only_discovery,False,False,False,False,False,False,False
KLF1,TESC,TESC,ENSG00000088992,0.1225915771520196,0.1225915771520196,True,0.06921776800300665,0.06921776800300665,0.06475511044038963,0.26,0.99,False,0.05,0.96,False,0.09449768634835126,0.09449768634835126,0.05501440526821238,0.32,1.0,False,0.06781094289707192,0.06781094289707192,0.03388203017832647,0.44,1.0,False,0.3,0.98,False,0.10056894787510297,0.10056894787510297,0.03854595336076817,0.5,1.0,False,0.05739788646275542,0.05739788646275542,0.12935528120713305,0.1,0.93,False,0.15,0.94,False,0.13239613317584645,0.13239613317584645,0.055281207133058986,0.35,1.0,False,0.1225915771520197,0.1225915771520197,0.004663923182441701,0.89,1.0,True,0.83,1.0,True,0.12179393395078728,0.12179393395078728,0.0064471879286694105,0.82,1.0,True,0001,0001,day14_only_discovery,False,False,False,False,False,False,False
GATA1,DIPK2A,DIPK2A,ENSG00000181744,-0.1225908976616769,0.1225908976616769,True,-0.03560863259342331,0.03560863259342331,0.23638359171354095,0.04,0.9299999999999999,False,0.07,0.92,False,-0.03976235003301924,0.03976235003301924,0.1970091919330498,0.05,0.92,False,-0.030318982515636157,0.030318982515636157,0.19286694101508917,0.05,0.91,False,0.06,0.87,False,-0.031128612358626604,0.031128612358626604,0.22496570644718794,0.04,0.9299999999999999,False,-0.017997047831023988,0.017997047831023988,0.5705075445816187,0.01,0.71,False,0.03,0.6699999999999999,False,-0.009205551935027489,0.009205551935027489,0.8091906721536352,0.01,0.64,False,-0.12259089766167705,0.12259089766167705,0.006035665294924554,0.9,1.0,True,0.74,1.0,True,-0.12580338175949582,0.12580338175949582,0.007133058984910837,0.84,1.0,True,0001,0001,day14_only_discovery,False,False,False,False,False,False,False
NFE2,CTSL,CTSL,ENSG00000135047,0.1225626026448965,0.1225626026448965,True,0.046143255991646884,0.046143255991646884,0.19124708464809986,0.09,0.93,False,0.08,0.9,False,0.0460932053135078,0.0460932053135078,0.18534778433255591,0.05,0.95,False,0.025061535986520236,0.025061535986520236,0.39053497942386833,0.0,0.83,False,0.01,0.79,False,0.048443049645304555,0.048443049645304555,0.16913580246913582,0.02,0.97,False,0.11229326046583266,0.11229326046583266,0.023593964334705075,0.54,1.0,False,0.42,1.0,False,0.1715387262289799,0.1715387262289799,0.02139917695473251,0.74,1.0,True,0.12256260264489655,0.12256260264489655,0.020438957475994512,0.71,1.0,True,0.78,1.0,True,0.11659415993394916,0.11659415993394916,0.02345679012345679,0.67,1.0,False,0001,0001,day14_only_discovery,False,False,False,False,True,False,False
NFE2,CITED2,CITED2,ENSG00000164442,-0.1223278441291037,0.1223278441291037,True,0.045665485337844675,0.045665485337844675,0.19618603374948554,0.05,0.96,False,0.03,0.9,False,0.04170904799875355,0.04170904799875355,0.23309095897928386,0.07,0.91,False,0.022533175674389744,0.022533175674389744,0.43840877914951987,0.03,0.95,False,0.06,0.83,False,0.03968100904988398,0.03968100904988398,0.25459533607681756,0.02,0.95,False,0.10834279846594383,0.10834279846594383,0.028120713305898493,0.47,1.0,False,0.48,1.0,False,0.12859795728080695,0.12859795728080695,0.06968449931412894,0.22,1.0,False,-0.1223278441291038,0.1223278441291038,0.0205761316872428,0.73,1.0,True,0.74,1.0,True,-0.1259366169332442,0.1259366169332442,0.01906721536351166,0.77,1.0,True,0001,0001,day14_only_discovery,False,False,False,False,False,False,False
KLF1,RBM38,RBM38,ENSG00000132819,0.1222076109319884,0.1222076109319884,True,0.08168873314824054,0.08168873314824054,0.03553299492385787,0.28,1.0,False,0.33,0.99,False,0.11433737336185361,0.11433737336185361,0.03224036218960077,0.65,1.0,False,0.09841868895704427,0.09841868895704427,0.007956104252400549,0.8,1.0,True,0.6,1.0,False,0.12314337629175043,0.12314337629175043,0.0196159122085048,0.87,1.0,True,0.11354216520238693,0.11354216520238693,0.0069958847736625515,0.67,1.0,False,0.79,1.0,True,0.14040916632571754,0.14040916632571754,0.0438957475994513,0.38,1.0,False,0.1222076109319884,0.1222076109319884,0.004801097393689987,0.88,1.0,True,0.77,1.0,True,0.0900664715336387,0.0900664715336387,0.02373113854595336,0.38,1.0,False,0101,0011,cross_time_discovery,True,False,True,False,True,False,False
NFE2,MGST3,MGST3,ENSG00000143198,0.1221566617719654,0.1221566617719654,True,0.04056669120753335,0.04056669120753335,0.2473590341610646,0.07,0.93,False,0.06,0.88,False,0.038428748611265565,0.038428748611265565,0.26834956784195363,0.06,0.91,False,0.02853251313958474,0.02853251313958474,0.3278463648834019,0.02,0.92,False,0.02,0.72,False,0.06996794269240067,0.06996794269240067,0.060219478737997253,0.3,1.0,False,0.06147636488937461,0.06147636488937461,0.18093278463648835,0.08,0.96,False,0.11,0.95,False,0.14547246925877244,0.14547246925877244,0.04622770919067215,0.39,1.0,False,0.12215666177196546,0.12215666177196546,0.020713305898491085,0.77,1.0,True,0.65,1.0,False,0.12550268121959124,0.12550268121959124,0.019204389574759947,0.78,1.0,True,0001,0001,day14_only_discovery,False,False,False,False,False,False,False
TAL1,SPTA1,SPTA1,ENSG00000163554,0.1219701850093225,0.1219701850093225,True,0.0967713654956069,0.0967713654956069,0.01015228426395939,0.61,1.0,False,0.6,1.0,False,0.09495346737667269,0.09495346737667269,0.010426670325147483,0.65,1.0,False,0.04810302909315809,0.04810302909315809,0.059670781893004114,0.26,1.0,False,0.17,0.9,False,0.09681742450008449,0.09681742450008449,0.007681755829903978,0.81,1.0,True,0.1342619439421827,0.1342619439421827,0.00205761316872428,0.9,1.0,True,0.95,1.0,True,0.23123968569770026,0.23123968569770026,0.0008230452674897119,1.0,1.0,True,0.12197018500932255,0.12197018500932255,0.003429355281207133,0.84,1.0,True,0.89,1.0,True,0.1223631254904791,0.1223631254904791,0.003017832647462277,0.88,1.0,True,0011,0011,cross_time_discovery,True,False,True,False,True,False,False
KLF1,SLC6A9,SLC6A9,ENSG00000196517,0.12192608321008,0.12192608321008,True,0.014285382859538835,0.014285382859538835,0.6815749759912196,0.0,0.73,False,0.0,0.62,False,0.045954867909911414,0.045954867909911414,0.2889285224310605,0.0,0.98,False,0.05341968383592375,0.05341968383592375,0.08491083676268861,0.15,0.99,False,0.11,0.94,False,0.13549111297852406,0.13549111297852406,0.013580246913580247,0.95,1.0,True,0.06614195472830468,0.06614195472830468,0.08093278463648834,0.22,0.97,False,0.16,0.97,False,0.17887645468987073,0.17887645468987073,0.01783264746227709,0.86,1.0,True,0.12192608321007996,0.12192608321007996,0.0049382716049382715,0.93,1.0,True,0.86,1.0,True,0.1303283570709321,0.1303283570709321,0.004801097393689987,0.97,1.0,True,0001,0001,day14_only_discovery,False,False,False,False,True,False,False
GATA1,RPL19,RPL19,ENSG00000108298,0.1218599607820492,0.1218599607820492,True,0.008492016905873055,0.008492016905873055,0.781451502263685,0.01,0.6,False,0.0,0.75,False,0.008540891869070071,0.008540891869070071,0.7855672931815064,0.01,0.64,False,0.0188246685099243,0.0188246685099243,0.4139917695473251,0.03,0.83,False,0.02,0.7,False,0.01921469386685837,0.01921469386685837,0.44979423868312757,0.02,0.82,False,-0.01387151792033683,0.01387151792033683,0.6631001371742112,0.0,0.63,False,0.01,0.6699999999999999,False,-0.05436020033970654,0.05436020033970654,0.14993141289437587,0.12,0.98,False,0.12185996078204923,0.12185996078204923,0.006172839506172839,0.89,1.0,True,0.91,1.0,True,0.1282837291891678,0.1282837291891678,0.006721536351165981,0.88,1.0,True,0001,0001,day14_only_discovery,False,False,False,False,False,False,False
TAL1,RAPGEF2,RAPGEF2,ENSG00000109756,0.121700233782057,0.121700233782057,True,0.05480169883655528,0.05480169883655528,0.10138564960899986,0.13,0.98,False,0.07,0.9,False,0.044504576296597466,0.044504576296597466,0.17341199067087393,0.12,0.93,False,0.06160169995203444,0.06160169995203444,0.019478737997256516,0.43,1.0,False,0.38,0.94,False,0.06998320085192519,0.06998320085192519,0.03196159122085048,0.47,1.0,False,0.0421850346189695,0.0421850346189695,0.2541838134430727,0.03,0.88,False,0.05,0.91,False,0.10145846640886182,0.10145846640886182,0.0747599451303155,0.24,1.0,False,0.12170023378205697,0.12170023378205697,0.0035665294924554186,0.86,1.0,True,0.86,1.0,True,0.11340286845856364,0.11340286845856364,0.004663923182441701,0.76,1.0,True,0001,0001,day14_only_discovery,False,False,False,False,False,False,False
GATA1,RPS9,RPS9,ENSG00000170889,0.1215269476691071,0.1215269476691071,True,0.036274110563188126,0.036274110563188126,0.22705446563314582,0.06,0.87,False,0.1,0.85,False,0.03798208548069432,0.03798208548069432,0.2182741116751269,0.02,0.92,False,0.020936040910761688,0.020936040910761688,0.36707818930041153,0.03,0.75,False,0.06,0.8,False,0.014039363943849878,0.014039363943849878,0.5836762688614541,0.02,0.78,False,0.006533174217132828,0.006533174217132828,0.8356652949245542,0.01,0.58,False,0.01,0.65,False,-0.0383971224514844,0.0383971224514844,0.30713305898491083,0.05,0.89,False,0.12152694766910715,0.12152694766910715,0.006310013717421125,0.85,1.0,True,0.82,1.0,True,0.13150639650803803,0.13150639650803803,0.006035665294924554,0.89,1.0,True,0001,0001,day14_only_discovery,False,False,False,False,False,False,False
KLF1,SLC6A19,SLC6A19,ENSG00000174358,0.1215074839764827,0.1215074839764827,True,0.03439006831248039,0.03439006831248039,0.33077239676224446,0.03,0.84,False,0.03,0.92,False,0.02342444189336928,0.02342444189336928,0.580738098504596,0.0,0.79,False,0.014480754807679037,0.014480754807679037,0.615363511659808,0.0,0.66,False,0.0,0.76,False,0.009774648024127938,0.009774648024127938,0.7973936899862826,0.0,0.62,False,-0.07570336420472387,0.07570336420472387,0.05212620027434842,0.18,0.98,False,0.25,1.0,False,-0.08671657087725401,0.08671657087725401,0.17352537722908093,0.02,0.99,False,0.1215074839764827,0.1215074839764827,0.005075445816186557,0.95,1.0,True,0.88,1.0,True,0.1161452166917101,0.1161452166917101,0.007818930041152264,0.79,1.0,True,0001,0001,day14_only_discovery,False,False,False,False,False,False,False
TAL1,ZBTB7A,ZBTB7A,ENSG00000178951,0.1214986875587556,0.1214986875587556,True,0.058718150243189174,0.058718150243189174,0.08094388805048704,0.16,0.99,False,0.12,0.98,False,0.057255555438729566,0.057255555438729566,0.08162985320345727,0.14,0.99,False,-0.00014130150018044606,0.00014130150018044606,0.996159122085048,0.0,0.5700000000000001,False,0.0,0.54,False,0.009619195129538634,0.009619195129538634,0.7366255144032922,0.0,0.76,False,0.07903081007412081,0.07903081007412081,0.03854595336076817,0.21,0.99,False,0.24,1.0,False,0.1021972954321581,0.1021972954321581,0.07297668038408779,0.17,1.0,False,0.12149868755875562,0.12149868755875562,0.003703703703703704,0.87,1.0,True,0.85,1.0,True,0.12172894749083206,0.12172894749083206,0.0031550068587105624,0.89,1.0,True,0001,0001,day14_only_discovery,False,False,False,False,False,False,False
TAL1,CAT,CAT,ENSG00000121691,0.1214732895876235,0.1214732895876235,True,0.09423003915604639,0.09423003915604639,0.012210179722870078,0.58,0.99,False,0.39,0.98,False,0.09404501675963274,0.09404501675963274,0.010975442447523666,0.61,1.0,False,0.031846536669339336,0.031846536669339336,0.19972565157750344,0.11,0.89,False,0.14,0.79,False,0.06089317260163913,0.06089317260163913,0.05185185185185185,0.27,0.99,False,0.13426359216760297,0.13426359216760297,0.0019204389574759945,0.87,1.0,True,0.85,1.0,True,0.20788871885876894,0.20788871885876894,0.0021947873799725653,0.98,1.0,True,0.12147328958762353,0.12147328958762353,0.003840877914951989,0.84,1.0,True,0.83,1.0,True,0.11855128504565797,0.11855128504565797,0.0035665294924554186,0.83,1.0,True,0011,0011,cross_time_discovery,True,False,True,False,True,False,False
TAL1,COX7B,COX7B,ENSG00000131174,-0.1212843276650907,0.1212843276650907,True,-0.02803258701332972,0.02803258701332972,0.38606118809164497,0.01,0.89,False,0.01,0.6599999999999999,False,-0.024413054166992083,0.024413054166992083,0.4434078748799561,0.0,0.79,False,-0.013186005715743746,0.013186005715743746,0.5930041152263374,0.0,0.6799999999999999,False,0.02,0.65,False,-0.022304282631590084,0.022304282631590084,0.43950617283950616,0.03,0.8,False,-0.05443704975253561,0.05443704975253561,0.14238683127572016,0.02,0.96,False,0.08,0.95,False,-0.08535415785597977,0.08535415785597977,0.12002743484224966,0.15,1.0,False,-0.12128432766509077,0.12128432766509077,0.003978052126200274,0.84,1.0,True,0.91,1.0,True,-0.12122888239085429,0.12122888239085429,0.0032921810699588477,0.85,1.0,True,0001,0001,day14_only_discovery,False,False,False,False,False,False,False
NFE2,CD2AP,CD2AP,ENSG00000198087,0.1211387101062353,0.1211387101062353,True,0.03163616747206047,0.03163616747206047,0.368226094114419,0.04,0.87,False,0.0,0.76,False,0.035796706517896244,0.035796706517896244,0.3015502812457127,0.04,0.89,False,0.013200654622591469,0.013200654622591469,0.6530864197530865,0.0,0.75,False,0.0,0.68,False,0.027367504125643562,0.027367504125643562,0.43031550068587104,0.0,0.88,False,0.0803322543927392,0.0803322543927392,0.08998628257887517,0.19,0.99,False,0.16,1.0,False,0.10229435672946226,0.10229435672946226,0.13854595336076816,0.07,1.0,False,0.12113871010623543,0.12113871010623543,0.020850480109739368,0.76,1.0,True,0.62,1.0,False,0.12333639468084698,0.12333639468084698,0.02030178326474623,0.81,1.0,True,0001,0001,day14_only_discovery,False,False,False,False,False,False,False
NFE2,SLC11A2,SLC11A2,ENSG00000110911,0.1210832872138317,0.1210832872138317,True,0.055602597497512965,0.055602597497512965,0.11400740842365208,0.08,0.99,False,0.12,0.97,False,0.05896235014798511,0.05896235014798511,0.09301687474276307,0.14,0.97,False,0.05822696677822122,0.05822696677822122,0.05555555555555555,0.23,0.99,False,0.17,0.99,False,0.07974846270239652,0.07974846270239652,0.03786008230452675,0.44,1.0,False,0.07890226744478317,0.07890226744478317,0.09423868312757201,0.22,0.99,False,0.07,0.99,False,0.10558066953740741,0.10558066953740741,0.12757201646090535,0.05,1.0,False,0.12108328721383167,0.12108328721383167,0.020987654320987655,0.72,1.0,True,0.79,1.0,True,0.12422156072638509,0.12422156072638509,0.019890260631001373,0.77,1.0,True,0001,0001,day14_only_discovery,False,False,False,False,False,False,False
NFE2,PPOX,PPOX,ENSG00000143224,0.121053264179333,0.121053264179333,True,0.09021590815050663,0.09021590815050663,0.013033337906434354,0.6,1.0,False,0.56,1.0,False,0.09372773927646323,0.09372773927646323,0.009740705172177254,0.57,1.0,False,0.0395999840954107,0.0395999840954107,0.17983539094650206,0.02,0.95,False,0.06,0.9,False,0.054752924285422964,ëz×fòµë(š+my×'VRÅG'VRÅG'VRÅG'VRÅG'VRÄfÇ6P¤tDÅ¥t”åBÅ¥t”åBÄTå4s##“S"ÃãSSsSsƒs#S#“s#“RÃãSSsSsƒs#S#“s#“RÄfÇ6RÃãscC3cc3“ƒs“‚ÃãscC3cc3“ƒs“‚Ãã##ƒƒss“#ScC3srÃã2ÃãÄfÇ6RÃã#rÃã“’ÄfÇ6RÃãs3sCSCS“S3C“S‚Ããs3sCSCS“S3C“S‚Ãã#Sc3#CS“ƒs3ƒbÃã3Ãã“’ÄfÇ6RÃãS“#S#“cScscbÃãS“#S#“cScscbÃãCƒcƒ3#sSs#cCbÃãÃãƒbÄfÇ6RÃãBÃãcrÄfÇ6RÃã#CS#“ƒc3ƒsCRÃã#CS#“ƒc3ƒsCRÃã3C##C“cSscCCsƒbÃãbÃãƒrÄfÇ6RÃãSsS“S“3ƒC2ÃãSsS“S“3ƒC2Ããƒ#3CS#csCƒ“s’Ãã‚Ãã“’ÅG'VRÃã‚ÃãÅG'VRÃã33##ƒCCƒcSƒC“ƒbÃã33##ƒCCƒcSƒC“ƒbÃã“s3“3cƒ““ƒc#ƒ#bÃãƒbÃãÅG'VRÃãSSsSsƒs#S#“s#“S‚ÃãSSsSsƒs#S#“s#“S‚ÃãCc##ss““cs#bÃã2Ãã“rÄfÇ6RÃãbÃã“RÄfÇ6RÃãs33ƒSsC#ss“#‚Ããs33ƒSsC#ss“#‚ÃãƒƒcSƒC3c#3““rÃã2ÃãÄfÇ6RÃÃÆF“ööæÇ•÷&WFW&Ö–æÅöF—66÷fW'’ÅG'VRÅG'VRÅG'VRÅG'VRÅG'VRÅG'VRÄfÇ6P¥DÃÄ”åTBÄ”åTBÄTå4scƒ“‚ÃãSSC“##scCcCRÃãSSC“##scCcCRÄfÇ6RÃãCCƒs#C3ƒ“ÃãCCƒs#C3ƒ“Ããƒ“C3ƒƒƒSCƒsBÃãs"ÃãÅG'VRÃãS‚ÃãÄfÇ6RÃãƒƒCcS#cc3Csƒ"ÃãƒƒCcS#cc3Csƒ"ÃãSS#ƒ#CSs#ss‚ÃãSRÃã“’ÄfÇ6RÃã#s“3ƒcSƒRÃã#s“3ƒcSƒRÃã3““sc“SCs3#S2ÃãÃãƒrÄfÇ6RÃã"Ããs’ÄfÇ6RÃãS#C““#ƒCSƒ3Sc’ÃãS#C““#ƒCSƒ3Sc’ÃãƒS33cscƒsSSƒ2ÃãÃãSrÄfÇ6RÃã3#scc#C3s3“#ƒBÃã3#scc#C3s3“#ƒBÃã3sS3ƒcC“sS3ƒcrÃã2ÃãƒRÄfÇ6RÃã"Ãã“ÄfÇ6RÃã3#cCScƒSCCSc#“RÃã3#cCScƒSCCSc#“RÃã“C3c#3““sc“SC‚ÃãÃãcBÄfÇ6RÃãSSC“##scCcCS‚ÃãSSC“##scCcCS‚Ãã“sS3ƒcC“sS3’ÃãrÃã“’ÄfÇ6RÃãbÃã“bÄfÇ6RÃãScCC#Cƒƒ#“c3#SRÃãScCC#Cƒƒ#“c3#SRÃãsƒƒ“3CS##rÃãrÃã“‚ÄfÇ6RÃÃÆV&Ç•ööæÇ•öF—66÷fW'’ÅG'VRÅG'VRÄfÇ6RÄfÇ6RÄfÇ6RÄfÇ6RÄfÇ6P¤´ÄcÅ54%2Å54%2ÄTå4sSs#bÃãSS3csƒs“cccSCÃãSS3csƒs“cccSCÄfÇ6RÃãSs#ƒs“3ƒCcrÃãSs#ƒs“3ƒCcrÃãScS3s#Cs“sƒc2ÃãBÃã“rÄfÇ6RÃãÃã“"ÄfÇ6RÃãc“CƒS#ss3S2Ããc“CƒS#ss3S2Ãã#c#sSƒƒCcS##RÃãrÃã“’ÄfÇ6RÃãsSƒcƒƒsƒ“Sƒ2ÃãsSƒcƒƒsƒ“Sƒ2ÃãC#S#CSCƒc“cƒCRÃã“RÃãÅG'VRÃãsrÃãÅG'VRÃã3S#SS“3SS#RÃã3S#SS“3SS#RÃã3ƒSCS“S33cscƒ‚Ãã“ÃãÅG'VRÃãCs“S3CcS33ƒ“"ÃãCs“S3CcS33ƒ“"Ãã##cc33ssC2ÃãÃã“RÄfÇ6RÃã’ÃãƒrÄfÇ6RÃãƒS#ƒSssCc#CS##rÃãƒS#ƒSssCc#CS##rÃãs“ƒ3S3““CcS#bÃã2Ãã“’ÄfÇ6RÃãSS3csƒs“cccSCRÃãSS3csƒs“cccSCRÃã“S“ƒ“#cc3"ÃãÃã“rÄfÇ6RÃã‚Ãã“‚ÄfÇ6RÃãcƒs##ccsSs#c2Ããcƒs##ccsSs#c2Ããcƒs#C#s“ƒ3S3““RÃãrÃã“’ÄfÇ6RÃÃÆV&Ç•ööæÇ•öF—66÷fW'’ÅG'VRÅG'VRÅG'VRÅG'VRÅG'VRÅG'VRÄfÇ6P¤´ÄcÄ¥Tä"Ä¥Tä"ÄTå4ss##2ÃãSS“ƒ“3“ƒcScccÃãSS“ƒ“3“ƒcScccÄfÇ6RÃã3Cc3csS“SƒRÃã3Cc3csS“SƒRÃã3#s#S3ss“ccs““#rÃã2ÃãƒrÄfÇ6RÃãRÃãƒRÄfÇ6RÃã“##s3CSƒS“CrÃã“##s3CSƒS“CrÃãcCsƒ#SC“CcSƒCBÃãÃãs’ÄfÇ6RÃã#Ccc3#ƒSCƒcc’Ãã#Ccc3#ƒSCƒcc’ÃãcCCsƒs“#ƒcc“CRÃã’ÃãÅG'VRÃãsbÃãÅG'VRÃã#C“ƒ3Ss#SCSÃã#C“ƒ3Ss#SCSÃãƒSƒSƒSƒSƒSrÃãs’ÃãÅG'VRÃãsC3“ƒCsƒCC#sc2ÃãsC3“ƒCsƒCC#sc2Ãã#sC3CƒC##C“cSscbÃãÃãÅG'VRÃã“‚ÃãÅG'VRÃã#3ƒƒC“c“###sRÃã#3ƒƒC“c“###sRÃãCS##c33sCCƒSbÃãÃãÅG'VRÃãSS“ƒ“3“ƒcSccc2ÃãSS“ƒ“3“ƒcSccc2Ãã“SƒƒCss3cc#SSCBÃã2Ãã“bÄfÇ6RÃãrÃã“‚ÄfÇ6RÃãsSs3c3ƒ“ƒ#ƒ3“bÃãsSs3c3ƒ“ƒ#ƒ3“bÃãCs3#S#ƒƒcSƒC3bÃã3"ÃãÄfÇ6RÃÃÇ&WFW&Ö–æÅööæÇ•öF—66÷fW'’ÅG'VRÅG'VRÅG'VRÅG'VRÅG'VRÅG'VRÄfÇ6P¤´ÄcÄDô4³ÄDô4³ÄTå4sCs#SÃãSSsƒƒƒ#ƒCs##BÃãSSsƒƒƒ#ƒCs##BÄfÇ6RÂÓã3SsƒƒC“ƒƒ#cƒsBÃã3SsƒƒC“ƒƒ#cƒsBÃã#ƒƒS3cC#CsC“c#2Ãã“‚ÃãÅG'VRÃãƒ"ÃãÅG'VRÂÓã##cCƒc#“Cs““ƒ‚Ãã##cCƒc#“Cs““ƒ‚ÃãcCc3c3cs#ƒSC“’ÃãÃãÅG'VRÂÓãcƒSCS“3C#3‚ÃãcƒSCS“3C#3‚Ãã3#“#ƒc““SƒƒCsrÃã“’ÃãÅG'VRÃãsrÃãÅG'VRÂÓãƒƒ#S#cS3ƒ“3s2Ããƒƒ#S#cS3ƒ“3s2Ãã3SScƒSƒsSc#BÃãÃãÅG'VRÃã“ƒ3C3CCCccsCc“bÃã“ƒ3C3CCCccsCc“bÃãs“ScC#S#CSC’ÃãÃãcÄfÇ6RÃãÃãcbÄfÇ6RÂÓãssSc“ƒƒƒsCCBÃãssSc“ƒƒƒsCCBÃã#cS“ƒs“ScC#S"ÃãÃãÄfÇ6RÃãSSsƒƒƒ#ƒCs##C’ÃãSSsƒƒƒ#ƒCs##C’Ãã“cƒCC““3C#ƒ“CBÃãBÃã“RÄfÇ6RÃãBÃã“RÄfÇ6RÃãSSCcc3ƒs#CCCbÃãSSCcc3ƒs#CCCbÃã33ssC##RÃã2Ãã“RÄfÇ6RÃÃÆV&Ç•ööæÇ•öF—66÷fW'’ÅG'VRÅG'VRÅG'VRÅG'VRÅG'VRÅG'VRÄfÇ6P¤´ÄcÅ$#d"Å$#d"ÄTå4sSC“rÃãSCCcc#SS“SSsrÃãSCCcc#SS“SSsrÄfÇ6RÃã3c“Ss3s3S#ƒs"Ãã3c“Ss3s3S#ƒs"Ããc“3“##3CƒsCCcƒ3rÃãÃãc"ÄfÇ6RÃãÃãsrÄfÇ6RÃãCCƒcc3c3#3##C"ÃãCCƒcc3c3#3##C"Ãã33C#####S#s“ScBÃãÃã“‚ÄfÇ6RÃã“ƒcc“cƒsƒs3Ss"Ãã“ƒcc“cƒsƒs3Ss"Ããsƒƒ“3CS##cBÃãsbÃãÅG'VRÃãSbÃãÄfÇ6RÃãScsƒSƒƒ#C#ƒ#rÃãScsƒSƒƒ#C#ƒ#rÃãƒ“c3#3s33ƒSCbÃã“’ÃãÅG'VRÃãƒ33ƒ3cSC3cSc"Ããƒ33ƒ3cSC3cSc"Ãã33ƒƒ#3sƒ3#cCrÃã#rÃã“’ÄfÇ6RÃã#"ÃãÄfÇ6RÃã#sc33C3#C#s2Ãã#sc33C3#C#s2Ãã“s3“3cƒ““ƒc#ƒ#S‚ÃãÃãÅG'VRÃãSCCcc#SS“SSss"ÃãSCCcc#SS“SSss"Ãã““s#ScSSssS3C2ÃãRÃã“bÄfÇ6RÃãÃã“BÄfÇ6RÃãƒs“#s#3c“c“‚Ããƒs“#s#3c“c“‚Ãã3ssC##Cƒ#ƒS3"Ãã3RÃãÄfÇ6RÃÃÆV&Ç•ööæÇ•öF—66÷fW'’ÅG'VRÅG'VRÄfÇ6RÄfÇ6RÅG'VRÅG'VRÄfÇ6P¤td“"Å%5%Å%5%ÄTå4sscbÃãSCC33ƒ3#ssC#“rÃãSCC33ƒ3#ssC#“rÄfÇ6RÃã3#ƒ“cƒCcccSSƒRÃã3#ƒ“cƒCcccSSƒRÃã3C“C3cCƒ“#33CrÃãBÃãƒ’ÄfÇ6RÃãÃãsrÄfÇ6RÃã“CS“ƒ33C3ƒCsrÃã“CS“ƒ33C3ƒCsrÃãS““#S“Ssc3Cs“#"ÃãÃãs2ÄfÇ6RÃãCs#c##cc3C#2ÃãCs#c##cc3C#2ÃãSS“cssƒƒ“3C"ÃãBÃã“bÄfÇ6RÃã‚Ããƒ’ÄfÇ6RÃã333SS#“Cc##cƒ3sRÃã333SS#“Cc##cƒ3sRÃã3##sC3CƒC##C“cbÃã2Ãã“"ÄfÇ6RÃã#C3S“CS““““sƒcbÃã#C3S“CS““““sƒcbÃãs#s#33“cS“#"Ããs2ÃãÅG'VRÃãc‚ÃãÄfÇ6RÃã“scsc3c3sss3C"Ãã“scsc3c3sss3C"ÃãCc“3Sƒ#Cc“3S‚Ãã3‚ÃãÄfÇ6RÃãSCC33ƒ3#ssC#“sƒbÃãSCC33ƒ3#ssC#“sƒbÃã#sƒƒsSsCcsscCÃãÃã“‚ÄfÇ6RÃã"Ãã“’ÄfÇ6RÃã3SC3“S“ƒs3ƒSs“#bÃã3SC3“S“ƒs3ƒSs“#bÃãc33cscƒsSSƒ#“’ÃãÃãƒ‚ÄfÇ6RÃÃÆF“ööæÇ•÷&WFW&Ö–æÅöF—66÷fW'’ÅG'VRÅG'VRÄfÇ6RÄfÇ6RÄfÇ6RÄfÇ6RÄfÇ6P¤$4ÃÄÔ$äÃ"ÄÔ$äÃ"ÄTå4s3“s“2ÃãSC3sƒSs3ƒc#‚ÃãSC3sƒSs3ƒc#‚ÄfÇ6RÂÓãS3CCƒs3scCcsrÃãS3CCƒs3scCcsrÃã3CCC“c““ƒ#cC’ÃãƒrÃãÅG'VRÃãƒBÃãÅG'VRÂÓã#ScsƒS#SCs#S“‚Ãã#ScsƒS#SCs#S“‚Ããƒ#3Sƒƒ3ScC#sRÃã“’ÃãÅG'VRÃãCsc3“c“Scc3C#ƒRÃãCsc3“c“Scc3C#ƒRÃã“c““SƒƒCss3cc"ÃãÃãS"ÄfÇ6RÃãÃãSÄfÇ6RÃãƒScSƒc3333RÃãƒScSƒc3333RÃãƒSccS#“C“#CSSC‚ÃãÃãbÄfÇ6RÃã#s“3c#3S3ƒ3#BÃã#s“3c#3S3ƒ3#BÃãCcc3“#3ƒ#CCsÃãÃãÅG'VRÃãÃãÅG'VRÃã#S“33#S3ƒ3ScsS“RÃã#S“33#S3ƒ3ScsS“RÃã#Cƒ#ƒS3##3S“3“cRÃã“’ÃãÅG'VRÃãSC3sƒSs3ƒc#ƒ#RÃãSC3sƒSs3ƒc#ƒ#RÃã3ƒ#cs3S#S3ss##’ÃãÃã“‚ÄfÇ6RÃãÃã“‚ÄfÇ6RÃãSCSccS“SSscsSRÃãSCSccS“SSscsSRÃãc##ƒSCƒ“s2ÃãÃã“’ÄfÇ6RÃÃÇ&WFW&Ö–æÅööæÇ•öF—66÷fW'’ÅG'VRÅG'VRÅG'VRÅG'VRÅG'VRÅG'VRÄfÇ6P¤´ÄcÅ5E„%RÅ5E„%RÄTå4scCSbÂÓãSC3cs3ScS2ÃãSC3cs3ScS2ÄfÇ6RÂÓã“cs#SScSS3sCƒ"Ãã“cs#SScSS3sCƒ"Ãã3s“33S“CCSƒ"ÃãÃãÅG'VRÃãÃãÅG'VRÂÓã3Scs3#ƒƒc3S“BÃã3Scs3#ƒƒc3S“BÃã3s“33S“CCSƒ"ÃãÃãÅG'VRÂÓãƒ“3sSScs3cCsrÃãƒ“3sSScs3cCsrÃã“3CSc3sƒcƒ#BÃãs2ÃãÅG'VRÃãS"ÃãÄfÇ6RÂÓãƒc3ccƒ“c“s#"Ããƒc3ccƒ“c“s#"Ãã3s3s3s3s3sBÃãÃãÅG'VRÂÓãS#ƒS#csƒƒC“ÃãS#ƒS#csƒƒC“Ããcƒ““ƒc#ƒ#SsƒƒsS2Ãã2Ãã“’ÄfÇ6RÃã‚Ãã“RÄfÇ6RÂÓã“#Cc3C““s#"Ãã“#Cc3C““s#"Ãã3CC3s#s#33“c"Ãã“BÃãÅG'VRÂÓãSC3cs3ScS3SbÃãSC3cs3ScS3SbÃãcƒSƒsSc#CC"Ãã‚Ãã“rÄfÇ6RÃãÃã“RÄfÇ6RÂÓãSCScCSSƒCCcrÃãSCScCSSƒCCcrÃã3ssC##Cƒ#ƒS32ÃãRÃã“bÄfÇ6RÃÃÆV&Ç•ööæÇ•öF—66÷fW'’ÅG'VRÅG'VRÅG'VRÅG'VRÅG'VRÅG'VRÄfÇ6P¤td“"Ädä4Ädä4ÄTå4sƒssCÃãSC#3CcƒCccs’ÃãSC#3CcƒCccs’ÄfÇ6RÃã3cSCSC“sƒcssRÃã3cSCSC“sƒcssRÃã3C“sSSs“cCSSbÃã"Ãã’ÄfÇ6RÃãÃã“BÄfÇ6RÃã3ƒƒssSc“33S‚Ãã3ƒƒssSc“33S‚Ãã#“CCƒSsS“3c3C#bÃãÃã“"ÄfÇ6RÃãƒSSC“C#SScBÃãƒSSC“C#SScBÃãSsSCCSƒcƒcSSrÃã“’ÃãÅG'VRÃã‚ÃãÅG'VRÃã“CS##ƒCsCƒ33BÃã“CS##ƒCsCƒ33BÃãc““SƒƒCss3cc#SSRÃã“BÃãÅG'VRÃãcc33#Ss“#’Ããcc33#Ss“#’Ããƒ3ƒ3CC3s#s#3BÃãC‚Ãã“’ÄfÇ6RÃãC‚ÃãÄfÇ6RÃã#ƒC3#c#c#ƒSƒRÃã#ƒC3#c#c#ƒSƒRÃã“s3“3cƒ““ƒc#ƒ#RÃãc’ÃãÄfÇ6RÃãSC#3CcƒCccs“bÃãSC#3CcƒCccs“bÃã#ƒ3CC3s#s#33"Ãã2Ããƒ’ÄfÇ6RÃã2Ãã“‚ÄfÇ6RÃãC#ƒSƒ#ƒs#ƒ3S“ÃãC#ƒSƒ#ƒs#ƒ3S“Ããs“c#“Csƒs3‚Ãã‚ÃãÄfÇ6RÃÃÆV&Ç•ööæÇ•öF—66÷fW'’ÅG'VRÅG'VRÅG'VRÅG'VRÅG'VRÅG'VRÄfÇ6P¤$4ÃÄe”âÄe”âÄTå4sƒÃãSCCs3Sssƒƒ3SbÃãSCCs3Sssƒƒ3SbÄfÇ6RÂÓã3“ƒs“SSccS#csRÃã3“ƒs“SSccS#csRÃã##ss#csCƒ3SbÃãƒ"ÃãÅG'VRÃãsÃãÅG'VRÂÓã“SSC“Scƒcƒ##RÃã“SSC“Scƒcƒ##RÃã#ƒ“cCCƒsSƒC3rÃã“‚ÃãÅG'VRÃã#333###sƒƒ32Ãã#333###sƒƒ32Ãã“ScC#S#CSCƒrÃãÃãSRÄfÇ6RÃãÃãS’ÄfÇ6RÂÓã3cƒ#ƒƒƒcCƒCÃã3cƒ#ƒƒƒcCƒCÃãCS“cssƒƒ“3CÃãÃã“rÄfÇ6RÃãSCcs3ccssccS#ƒÃãSCcs3ccssccS#ƒÃã3CsCsCsCsCs2ÃãÃã“RÄfÇ6RÃãÃã“bÄfÇ6RÃãC#3s“#cƒƒcƒscƒ“’ÃãC#3s“#cƒƒcƒscƒ“’ÃãScSƒC3c#3““srÃãÃã“ÄfÇ6RÃãSCCs3Sssƒƒ3Sc‚ÃãSCCs3Sssƒƒ3Sc‚Ãã3ƒC##C“cSscCCs"ÃãÃãÄfÇ6RÃãÃã“2ÄfÇ6RÃãscsƒ33css3C“ƒ“2Ããscsƒ33css3C“ƒ“2ÃãCCƒ“s“3CSc3sƒRÃãÃã“’ÄfÇ6RÃÃÆV&Ç•ööæÇ•öF—66÷fW'’ÅG'VRÅG'VRÅG'VRÅG'VRÅG'VRÅG'VRÄfÇ6P¤$4ÃÄ„T5DCÄ„T5DCÄTå4s“#C‚ÃãS3“ssc3c3c“c‚ÃãS3“ssc3c3c“c‚ÄfÇ6RÃã##“sS“#“““ƒCrÃã##“sS“#“““ƒCrÃãCSSCƒƒcSs##3#RÃãCBÃãÄfÇ6RÃã’ÃãÄfÇ6RÃãsc“cSS“ƒƒS3ƒSBÃãsc“cSS“ƒƒS3ƒSBÃãs“c3sƒcS#scCCBÃã#ÃãÄfÇ6RÃãS“s3“ƒƒSs#“c2ÃãS“s3“ƒƒSs#“c2Ãã#ƒSCƒ“s3“3rÃã"ÃãÄfÇ6RÃã"Ãã“bÄfÇ6RÃãC“#“S#“SS#3ƒBÃãC“#“S#“SS#3ƒBÃã33ƒSCS“S33cscƒRÃãÃã“’ÄfÇ6RÃãcC3“Cƒ#sSSScRÃãcC3“Cƒ#sSSScRÃã#CCs“c#“CsƒrÃãƒÃãÅG'VRÃãƒRÃãÅG'VRÃãcsSSS3cc3s3’ÃãcsSSS3cc3s3’ÃãscSC3#“ƒscSC3#Ãã"ÃãÄfÇ6RÃãS3“ssc3c3c“cƒ"ÃãS3“ssc3c3c“cƒ"Ãã3ƒC“ƒ3csc#cƒƒbÃãÃã“’ÄfÇ6RÃãÃã“‚ÄfÇ6RÃãc#“Sƒcs#cƒ#BÃãc#“Sƒcs#cƒ#BÃãScSSssS3C#“3SbÃãÃãÄfÇ6RÃÃÆF“ööæÇ•÷&WFW&Ö–æÅöF—66÷fW'’ÅG'VRÅG'VRÅG'VRÅG'VRÄfÇ6RÄfÇ6RÄfÇ6P¤tDÅ4Ä33TcbÅ4Ä33TcbÄTå4s#3c“’ÂÓãS3“ƒSCc3CCs’ÃãS3“ƒSCc3CCs’ÄfÇ6RÃãc3“SCC3CCcSsbÃãc3“SCC3CCcSsbÃãS“c#C““cs#3"ÃãÃãc2ÄfÇ6RÃã’Ããƒ’ÄfÇ6RÃãƒ“ƒ#C3“Ss#cƒ“srÃãƒ“ƒ#C3“Ss#cƒ“srÃãSC3SSƒsƒs#3c“RÃãÃãsÄfÇ6RÂÓãsC“csCsCSc3ÃãsC“csCsCSc3Ãã#ƒƒcSƒC3c#3““"Ããs’ÃãÅG'VRÃãC2Ãã“’ÄfÇ6RÂÓãs““33“ƒƒ#scÃãs““33“ƒƒ#scÃãC#S#CSCƒc“cƒCRÃãsRÃãÅG'VRÃãssscc3ƒ3#ƒsÃãssscc3ƒ3#ƒsÃãƒ3s3s3s3s3rÃãÃãSÄfÇ6RÃã"Ããc’ÄfÇ6RÃãƒ#3“SCcCC33#3RÃãƒ#3“SCcCC33#3RÃã“ssS3C#“3SS#ƒ"ÃãÃãSbÄfÇ6RÂÓãS3“ƒSCc3CCs“rÃãS3“ƒSCc3CCs“rÃãcƒ#3CS#csCƒ“bÃãÃã“RÄfÇ6RÃãBÃã“’ÄfÇ6RÂÓãSS3CCS3c3“C3SbÃãSS3CCS3c3“C3SbÃã“ƒC“ƒ3csc#cƒƒbÃã"ÃãÄfÇ6RÃÃÆV&Ç•ööæÇ•öF—66÷fW'’ÅG'VRÅG'VRÄfÇ6RÄfÇ6RÅG'VRÅG'VRÄfÇ6P¤´ÄcÅ%ÃÅ%ÃÄTå4sC#csbÃãS3ƒSSS#c33ƒSƒ2ÃãS3ƒSSS#c33ƒSƒ2ÄfÇ6RÃãƒSC#“CcC3ccbÃãƒSC#“CcC3ccbÃãCS#s3s“c3S"Ãã‚ÃãÅG'VRÃã‚ÃãÅG'VRÃã#3S“#“C3##ƒ#"Ãã#3S“#“C3##ƒ#"Ãã#SSs“3c“C“#S#"ÃãS‚ÃãÄfÇ6RÃãCsS#C““c“C“BÃãCsS#C““c“C“BÃãss##“ƒ“3#sƒCcBÃãRÃã“rÄfÇ6RÃãrÃãƒrÄfÇ6RÃãC#cCSC“C#“S“cCbÃãC#cCSC“C#“S“cCbÃã33ssC##Cƒ#ƒRÃãÃã“"ÄfÇ6RÃã3##s#3C3C“cSssBÃã3##s#3C3C“cSssBÃãCcS“ƒs“ScC#RÃãÃãƒ"ÄfÇ6RÃã"Ããƒ‚ÄfÇ6RÂÓãSƒ#3S##c##3#3sc"ÃãSƒ#3S##c##3#3sc"Ãã33cƒ““ƒc#ƒ#SsƒƒsrÃãÃã“bÄfÇ6RÃãS3ƒSSS#c33ƒSƒ3SbÃãS3ƒSSS#c33ƒSƒ3SbÃã#sC3CƒC##C“cSsÃã‚Ãã’ÄfÇ6RÃãRÃã“rÄfÇ6RÃãssS3ƒss3sƒbÃãssS3ƒss3sƒbÃãcC“3ƒ#scC“3ƒ2Ãã#BÃã“’ÄfÇ6RÃÃÆV&Ç•ööæÇ•öF—66÷fW'’ÅG'VRÅG'VRÅG'VRÅG'VRÄfÇ6RÄfÇ6RÄfÇ6P¤tDÄd„•BÄd„•BÄTå4sƒ“#ƒ2ÃãS3scc“SssCsƒƒ’ÃãS3scc“SssCsƒƒ’ÄfÇ6RÃãsSƒCsƒ#S#Sƒ2ÃãsSƒCsƒ#S#Sƒ2Ãã##s“s##ƒss‚ÃãCÃãÄfÇ6RÃã3bÃãÄfÇ6RÃãs3ƒsc3Ss3csSSC‚Ããs3ƒsc3Ss3csSSC‚Ãã“sSSs“cCSSC#bÃã32Ãã“’ÄfÇ6RÃã“3“#cƒCbÃã“3“#cƒCbÃã3ssC##Cƒ#ƒS32Ãã“ÃãÅG'VRÃãs"ÃãÅG'VRÃãƒcS“3s#ƒ#cƒC3sbÃãƒcS“3s#ƒ#cƒC3sbÃã#Ssc3cƒs#C#‚ÃãƒBÃãÅG'VRÃãCsS3cc“C“CSs“2ÃãCsS3cc“C“CSs“2Ãã33sCCƒSS“cssƒ"Ãã‚Ãã“BÄfÇ6RÃã‚Ãã“ÄfÇ6RÃã3sSSS#S#cC3CRÃã3sSSS#S#cC3CRÃã3#3CScs“#3CSc‚Ãã2Ãã“2ÄfÇ6RÃãS3scc“SssCsƒƒ#2ÃãS3scc“SssCsƒƒ#2ÃãcCSCCcc3“#3ƒ"Ãã2Ãã“‚ÄfÇ6RÃãrÃã“‚ÄfÇ6RÃãSC3##cSCccc#S"ÃãSC3##cSCccc#S"Ãã#3SccS#“C“#CSSBÃãRÃã“rÄfÇ6RÃÃÆV&Ç•ööæÇ•öF—66÷fW'’ÅG'VRÅG'VRÅG'VRÅG'VRÅG'VRÅG'VRÄfÇ6P¤td“"ÅDÔTÓD2ÅDÔTÓD2ÄTå4sƒC2ÃãS3s3sƒƒccScƒÃãS3s3sƒƒccScƒÄfÇ6RÃãCS3ƒC#sS3sRÃãCS3ƒC#sS3sRÃã##3S“s##c#sS‚Ãã‚Ãã“2ÄfÇ6RÃãBÃã‚ÄfÇ6RÃãc3S“Csc“ƒ“s“C’Ããc3S“Csc“ƒ“s“C’Ãã“ƒ#3#““S33c‚ÃãÃã“’ÄfÇ6RÃãcCC##c#Csc“rÃãcCC##c#Csc“rÃãc3#3s33ƒSCS“S2ÃãrÃãÄfÇ6RÃã#ÃãÄfÇ6RÃãƒc“#cCS#cSS#“’Ããƒc“#cCS#cSS#“’Ãã#cCsCc##ss““c‚ÃãS’ÃãÄfÇ6RÃãCCScCcc#ƒS3‚ÃãCCScCcc#ƒS3‚Ãã#33“cS“##ƒSRÃãƒrÃãÅG'VRÃãƒ2ÃãÅG'VRÃãsC#ƒC3s#ccƒCƒ‚ÃãsC#ƒC3s#ccƒCƒ‚Ãã“s3“3cƒ““ƒc#ƒ#bÃã“‚ÃãÅG'VRÃãS3s3sƒƒccScƒbÃãS3s3sƒƒccScƒbÃã#ƒSƒSƒSƒSƒS"ÃãÃã“rÄfÇ6RÃãÃã“’ÄfÇ6RÃãs3#ss“CƒCs3cBÃãs3#ss“CƒCs3cBÃã3ƒcC“sS3ƒcC“bÃãÃãÄfÇ6RÃÃÆF“ööæÇ•÷&WFW&Ö–æÅöF—66÷fW'’ÅG'VRÅG'VRÅG'VRÅG'VRÅG'VRÅG'VRÄfÇ6P¤´ÄcÄƒe‚Äƒe‚ÄTå4sƒCƒ“rÃãS3s333#“3C3CsÃãS3s333#“3C3CsÄfÇ6RÃã#sSSƒƒ3cƒcCs’Ãã#sSSƒƒ3cƒcCs’ÃãSCC“3ssS“SRÃãÃãs‚ÄfÇ6RÃãÃãƒRÄfÇ6RÃã###ƒƒCSS“ccbÃã###ƒƒCSS“ccbÃãc3#Cƒ#““Ccsc“ÃãÃãs"ÄfÇ6RÃãs“3“#SScS#2Ããs“3“#SScS#2ÃãsCcsscCc3SccbÃãS"ÃãÄfÇ6RÃãC2Ãã“‚ÄfÇ6RÃã3CCcSƒ“#“C3S‚Ãã3CCcSƒ“#“C3S‚ÃãC#ccs“c“ƒ#csBÃã“BÃãÅG'VRÃã##c3“CSc#ƒƒ“Ãã##c3“CSc#ƒƒ“ÃãCS#csCƒ“s“3CRÃãƒ2ÃãÅG'VRÃãsrÃãÅG'VRÃã#SC#“ƒ3cCs“S‚Ãã#SC#“ƒ3cCs“S‚Ãã3#“#ƒc““SƒƒCsrÃãÃãÅG'VRÃãS3s333#“3C3CsÃãS3s333#“3C3CsÃã3SccS#“C“#CSSCÃãbÃã“rÄfÇ6RÃãbÃãÄfÇ6RÃã“C#cccƒccsƒƒƒ2Ãã“C#cccƒccsƒƒƒ2Ãã“3CSc3sƒcƒ#2ÃãSrÃãÄfÇ6RÃÃÆF“ööæÇ•÷&WFW&Ö–æÅöF—66÷fW'’ÅG'VRÅG'VRÅG'VRÅG'VRÅG'VRÅG'VRÄfÇ6P¤ädS"Ä3#sãÄ3#sãÄTå4s#Cƒc3bÃãS3cCc#S3S“CsÃãS3cCc#S3S“CsÄfÇ6RÃãCƒ333cS#“SRÃãCƒ333cS#“SRÃãscS#SS3c##““3bÃãÃãc‚ÄfÇ6RÃãÃãc2ÄfÇ6RÃãSƒCs“#ƒ#cƒ##cSsRÃãSƒCs“#ƒ#cƒ##cSsRÃãƒcCCsccƒ3RÃãÃãcBÄfÇ6RÃãC#CSsSSSS#ƒƒ3ScRÃãC#CSsSSSS#ƒƒ3ScRÃãC““3C#ƒ“C3sSƒrÃãBÃã“rÄfÇ6RÃã‚Ãã“BÄfÇ6RÃãƒƒC“3#“ƒS#ƒƒSRÃãƒƒC“3#“ƒS#ƒƒSRÃã3S#S3ss##“ƒ“32ÃãC2ÃãÄfÇ6RÃã#ƒ“S##ƒ#“#ƒ3SC‚Ãã#ƒ“S##ƒ#“#ƒ3SC‚Ãã#sSs#cCc“S3RÃãsRÃãÅG'VRÃãcBÃãÄfÇ6RÃãcsCc3Sƒ“S““ƒSrÃãcsCc3Sƒ“S““ƒSrÃã#S#ƒƒcSƒC3c#2Ããc’ÃãÄfÇ6RÃãS3cCc#S3S“Cs’ÃãS3cCc#S3S“Cs’Ãã“C“S“ƒ“#cc2ÃãÃãÄfÇ6RÃãÃã“‚ÄfÇ6RÃãSƒ#sscC#sƒ““#’ÃãSƒ#sscC#sƒ““#’ÃãSCs3#S#ƒƒcSƒBÃãrÃã“’ÄfÇ6RÃÃÆF“ööæÇ•÷&WFW&Ö–æÅöF—66÷fW'’ÅG'VRÅG'VRÄfÇ6RÄfÇ6RÄfÇ6RÄfÇ6RÄfÇ6P¤td“"Ä…5‚Ä…5‚ÄTå4s““sÃãS3Sc#S“3“s#Cƒ"ÃãS3Sc#S“3“s#Cƒ"ÄfÇ6RÂÓã#s#C#C##s3SBÃã#s#C#C##s3SBÃãCccCSc3C“sSS‚Ãã“bÃãÅG'VRÃãƒRÃãÅG'VRÂÓã3#sƒc“C3Sc“cbÃã3#sƒc“C3Sc“cbÃã3sS3“3s#ƒ3“’ÃãsBÃãÅG'VRÂÓã“#ss#33CcS#RÃã“#ss#33CcS#RÃãs#s#33“cS“#"Ãã“RÃãÅG'VRÃãs2ÃãÅG'VRÂÓãS“CC#ƒ3ccCC‚ÃãS“CC#ƒ3ccCC‚ÃãCcsscCc3SccS#’ÃãsrÃãÅG'VRÂÓã3ƒ“3SsC3“3“srÃã3ƒ“3SsC3“3“srÃã3Sƒ#Cc“3Sƒ#CcrÃã2Ããƒ‚ÄfÇ6RÃãÃãƒbÄfÇ6RÂÓã#s“sc“3SS3ƒSƒbÃã#s“sc“3SS3ƒSƒbÃãSS3C#“3SS#ƒ#rÃãÃãsrÄfÇ6RÃãS3Sc#S“3“s#Cƒ#rÃãS3Sc#S“3“s#Cƒ#rÃã#ƒsSc#CC#ccbÃãÃã“RÄfÇ6RÃãRÃã“rÄfÇ6RÃãƒƒccssc33c3#ssRÃãƒƒccssc33c3#ssRÃã##sSs#cCc“S"ÃãÃãÄfÇ6RÃÃÆV&Ç•ööæÇ•öF—66÷fW'’ÅG'VRÅG'VRÅG'VRÅG'VRÅG'VRÅG'VRÄfÇ6P¤´ÄcÄ…5“Ä…5“ÄTå4sƒƒ#BÂÓãS333scS“Cc3RÃãS333scS“Cc3RÄfÇ6RÂÓã#cƒ3SC3Cs##ƒ3Ãã#cƒ3SC3Cs##ƒ3ÃãCCc#ƒƒ“#ƒS##C3rÃãÃã‚ÄfÇ6RÃãÃãƒRÄfÇ6RÃã3ƒsS3c#s“CcssrÃã3ƒsS3c#s“CcssrÃãCSƒc3c3#sSƒ“SbÃãÃãƒbÄfÇ6RÂÓã#3“scs#“sCcCCrÃã#3“scs#“sCcCCrÃã#sC3CƒC##C“cSsc"Ãã“’ÃãÅG'VRÃãƒ"ÃãÅG'VRÂÓãCƒSƒƒ3CscC#“S’ÃãCƒSƒƒ3CscC#“S’Ãã“c#“Csƒs3s““s2Ãã“‚ÃãÅG'VRÂÓãSƒcCS““s#CCSRÃãSƒcCS““s#CCSRÃãs##“ƒ“3#sƒCc3‚ÃãbÃã“’ÄfÇ6RÃãRÃã“‚ÄfÇ6RÂÓã#S###“#sc#s“c‚Ãã#S###“#sc#s“c‚ÃãcccccccccccccccrÃã"ÃãÄfÇ6RÂÓãS333scS“Cc3ScRÃãS333scS“Cc3ScRÃãcCCsƒs“#ƒcc“BÃãBÃã“rÄfÇ6RÃãÃã“#“““““““““““““’ÄfÇ6RÂÓã3CCƒ3S#C#ƒ3Ãã3CCƒ3S#C#ƒ3Ãã3s“ScC#S#CSCrÃã"Ãã‚ÄfÇ6RÃÃÆV&Ç•ööæÇ•öF—66÷fW'’ÅG'VRÅG'VRÅG'VRÅG'VRÅG'VRÅG'VRÄfÇ6P¤td“"ÄDä¤3’ÄDä¤3’ÄTå4s#3SSÃãS3#Sccƒ“s#ƒ3"ÃãS3#Sccƒ“s#ƒ3"ÄfÇ6RÃãSsƒƒCCCƒsƒ“s#ƒ‚ÃãSsƒƒCCCƒsƒ“s#ƒ‚Ãã“cƒCS“3###ccC2ÃãrÃã“‚ÄfÇ6RÃã’Ãã“bÄfÇ6RÃãcCs#ƒccSs#S"ÃãcCs#ƒccSs#S"Ãã“3#“#cƒ3“SbÃãrÃã“’ÄfÇ6RÃãC“#cScSc#“CSBÃãC“#cScSc#“CSBÃãC“#C3ƒ“SsCsbÃã"ÃãÄfÇ6RÃã2Ãã“rÄfÇ6RÃãS“3“sƒ#3#SscrÃãS“3“sƒ#3#SscrÃã“ƒ“#cc33sÃã"ÃãÄfÇ6RÃã#SsS3sƒƒ333#“2Ãã#SsS3sƒƒ333#“2ÃãcƒSƒsSc#CC#cbÃãsrÃãÅG'VRÃãc‚ÃãÄfÇ6RÃãSc33“#ccscS‚ÃãSc33“#ccscS‚ÃãCS##c33sCCƒSbÃã“2ÃãÅG'VRÃãS3#Sccƒ“s#ƒ3#ÃãS3#Sccƒ“s#ƒ3#Ãã#“ƒ“3#sƒCc3cC’ÃãÃãÄfÇ6RÃãÃã“BÄfÇ6RÃãSc3CSƒc““ssƒrÃãSc3CSƒc““ssƒrÃã3csc#cƒƒcCSCCrÃãC’ÃãÄfÇ6RÃÃÆF“ööæÇ•÷&WFW&Ö–æÅöF—66÷fW'’ÅG'VRÅG'VRÄfÇ6RÄfÇ6RÅG'VRÅG'VRÄfÇ6P¤ädS"Ä„å$åBÄ„å$åBÄTå4s3ƒcc‚ÂÓãS33SS3SƒSƒ“3SBÃãS33SS3SƒSƒ“3SBÄfÇ6RÃã“C#3ƒcƒ“ƒ#3rÃã“C#3ƒcƒ“ƒ#3rÃã“s““c“ƒsS33#c“2Ãã2ÃãS"ÄfÇ6RÃã"ÃãcbÄfÇ6RÂÓã#S3c“3“3##C#‚Ãã#S3c“3“3##C#‚Ãã“C3##ƒS33CcRÃã"ÃãcÄfÇ6RÂÓã“CsCcc“ƒ#sƒS‚Ãã“CsCcc“ƒ#sƒS‚ÃãC“3ƒ#scC“3ƒ#sRÃãs‚ÃãÅG'VRÃãS2ÃãÄfÇ6RÂÓã“c“#33““3ƒS“sƒ’Ãã“c“#33““3ƒS“sƒ’Ããs“c#“Csƒs3‚ÃãsBÃãÅG'VRÂÓãC#SC“S3ƒcSƒRÃãC#SC“S3ƒcSƒRÃãc33ssC##RÃãƒ‚ÃãÅG'VRÃãƒBÃãÅG'VRÂÓãs#ƒsC3“#CsBÃãs#ƒsC3“#CsBÃã##Cƒ#ƒS3##3S“BÃã‚ÃãÅG'VRÂÓãS33SS3SƒSƒ“3SC"ÃãS33SS3SƒSƒ“3SC"Ãã“S33cscƒsSSƒ2ÃãBÃã“BÄfÇ6RÃã’Ãã“RÄfÇ6RÂÓã3scƒ“cƒSs#S3bÃã3scƒ“cƒSs#S3bÃã3Cc“S3C“s“C#3’Ãã"Ããƒ‚ÄfÇ6RÃÃÇ&WFW&Ö–æÅööæÇ•öF—66÷fW'’ÅG'VRÅG'VRÅG'VRÅG'VRÅG'VRÅG'VRÄfÇ6P¤td“"Å4Ä3DÅ4Ä3DÄTå4sC“3’ÃãS#C#CCS“C“ƒ‚ÃãS#C#CCS“C“ƒ‚ÄfÇ6RÃãss3S“S3ƒƒsƒSc3‚Ããss3S“S3ƒƒsƒSc3‚Ãã#sC3ƒccƒƒ“cRÃãÃãÅG'VRÃã“rÃãÅG'VRÃã“ƒ33S3C“SSƒ#Ãã“ƒ33S3C“SSƒ#ÃãCSs““sƒ#3sCrÃãÃãÅG'VRÃãS3ƒ#cSƒcCƒrÃãS3ƒ#cSƒcCƒrÃã“s3“3cƒ““ƒc#ƒ#bÃãÃãÅG'VRÃã“’ÃãÅG'VRÃãSs##CsCccC3scCbÃãSs##CsCccC3scCbÃã#3CScs“#3CScs’ÃãÃãÅG'VRÃãcs#3CcssscC‚Ããcs#3CcssscC‚Ãã#3““sc“SCs3#SÃãÃã“bÄfÇ6RÃã"Ãã“rÄfÇ6RÃãSSsƒC#“##“ScrÃãSSsƒC#“##“ScrÃã##ccs“c“ƒ#cs3RÃã2Ãã“‚ÄfÇ6RÃãS#C#CCS“C“ƒƒcRÃãS#C#CCS“C“ƒƒcRÃã#“sS3ƒcC“sS3’ÃãÃãÄfÇ6RÃãÃã“rÄfÇ6RÃãscsSs#“3SC##sÃãscsSs#“3SC##sÃã#ƒ#CCs“c#“RÃãÃãÄfÇ6RÃÃÆV&Ç•ööæÇ•öF—66÷fW'’ÅG'VRÅG'VRÅG'VRÅG'VRÅG'VRÅG'VRÄfÇ6P¤$4ÃÄ$Ã„"Ä$Ã„"ÄTå4s3C‚ÃãS#CCsssSƒ“c“‚ÃãS#CCsssSƒ“c“‚ÄfÇ6RÂÓã33ƒcƒ“#“ƒ#ccSrÃã33ƒcƒ“#“ƒ#ccSrÃã#CC#3S“CCSsCSbÃãsbÃãÅG'VRÃãs"ÃãÅG'VRÂÓãcƒSccƒcCcsc2ÃãcƒSccƒcCcsc2Ãã#cs3sSC“s3#Cs3RÃã“2ÃãÅG'VRÂÓãƒƒCCs##cƒ“ƒS’ÃãƒƒCCs##cƒ“ƒS’Ãã“3cƒ““ƒc#ƒ#Ssƒƒ‚Ãã"ÃãÄfÇ6RÃã#Ãã“’ÄfÇ6RÂÓãs#SC#C##sS“c’Ããs#SC#C##sS“c’ÃãsCCƒSS“cssƒƒ“2Ãã"ÃãÄfÇ6RÃãS#cSc33Scc“s“rÃãS#cSc33Scc“s“rÃã3cC“3ƒ#scC“3ƒ2ÃãÃã“RÄfÇ6RÃãÃã“’ÄfÇ6RÃã3c#C3“#“Cc“S2Ãã3c#C3“#“Cc“S2Ããc##############"ÃãÃãƒRÄfÇ6RÃãS#CCsssSƒ“c“ƒRÃãS#CCsssSƒ“c“ƒRÃãCcƒSƒsSc#CBÃãÃã“‚ÄfÇ6RÃãÃã“RÄfÇ6RÃãs3SSƒ#3C"Ããs3SSƒ#3C"ÃãCsS““CS33SSRÃãÃãÄfÇ6RÃÃÆV&Ç•ööæÇ•öF—66÷fW'’ÅG'VRÅG'VRÅG'VRÅG'VRÅG'VRÅG'VRÄfÇ6P¤td“"Ä…5RÄ…5RÄTå4sCCSsBÂÓãS#3#“ƒ““ƒƒrÃãS#3#“ƒ““ƒƒrÄfÇ6RÂÓãƒ““SsSs““C32Ããƒ““SsSs““C32Ããc3ƒs“Cs3#c‚ÃãƒrÃãÅG'VRÃãcRÃãÄfÇ6RÂÓã#sƒccƒ3cs“CCSrÃã#sƒccƒ3cs“CCSrÃãs“Ss“SssCCSCcSrÃãƒRÃãÅG'VRÂÓã““#ƒ#ssƒ#Sc"Ãã““#ƒ#ssƒ#Sc"ÃãcƒSƒsSc#CC#cbÃã“BÃãÅG'VRÃãc"ÃãÄfÇ6RÂÓã“S#3SC3c““‚Ãã“S#3SC3c““‚ÃãcƒSƒsSc#CC#cbÃã“’ÃãÅG'VRÂÓã“C3ƒ3“S#CS3s“RÃã“C3ƒ3“S#CS3s“RÃã3SccS#“C“#CSSC‚Ãã2ÃãÄfÇ6RÃã#’ÃãÄfÇ6RÂÓãƒ#sc“3#ƒc#2Ããƒ#sc“3#ƒc#2Ãã#““3“sƒS##c"Ãã3‚ÃãÄfÇ6RÂÓãS#3#“ƒ““ƒƒc’ÃãS#3#“ƒ““ƒƒc’Ãã#“ƒ#cs3S#S3ss#2ÃãÃãÄfÇ6RÃã2ÃãÄfÇ6RÂÓãc“S#“CscS“C"Ããc“S#“CscS“C"Ãã33ssC##Cƒ#ƒS3BÃãÃãÄfÇ6RÃÃÆV&Ç•ööæÇ•öF—66÷fW'’ÅG'VRÅG'VRÄfÇ6RÄfÇ6RÅG'VRÅG'VRÄfÇ6P¤td“"Å4tó"Å4tó"ÄTå4sc3S3RÂÓãS#3C#S3cCScs’ÃãS#3C#S3cCScs’ÄfÇ6RÂÓãcS3sC33SBÃãcS3sC33SBÃãƒcC3c“#sC#CƒƒrÃãƒrÃãÅG'VRÃãcRÃãÄfÇ6RÂÓã#3““Sƒ3s#3BÃã#3““Sƒ3s#3BÃã3““3cƒ“#S“#cs2Ããs2ÃãÅG'VRÂÓã“c“C3S“s#“cSC3rÃã“c“C3S“s#“cSC3rÃã##ƒSCƒ“s3“BÃãƒ"ÃãÅG'VRÃãS2ÃãÄfÇ6RÂÓãcsS“cS“ƒ“ƒ3sC"ÃãcsS“cS“ƒ“ƒ3sC"ÃãcCSCCcc3“#3ƒ#RÃã’ÃãÄfÇ6RÂÓãCs“##CƒSS"ÃãCs“##CƒSS"Ãã#Cc“3Sƒ#Cc“3SrÃã3bÃãÄfÇ6RÃãSbÃãÄfÇ6RÂÓãsCC“#“c“#3CcsRÃãsCC“#“c“#3CcsRÃãsCcsscCc3ScrÃãÃã“’ÄfÇ6RÂÓãS#3C#S3cCScs“RÃãS#3C#S3cCScs“RÃã3SCƒc“cƒCC““3BÃãÃã“#“““““““““““““’ÄfÇ6RÃãRÃã“rÄfÇ6RÃãS3SSSCC#3SBÃãS3SSSCC#3SBÃãCcCƒƒ3C“#C3’ÃãÃãÄfÇ6RÃÃÆV&Ç•ööæÇ•öF—66÷fW'’ÅG'VRÅG'VRÄfÇ6RÄfÇ6RÅG'VRÅG'VRÄfÇ6P¤td“"Å$•õ#2Å$•õ#2ÄTå4sC#c"ÃãS#“ƒ3“CSss“s2ÃãS#“ƒ3“CSss“s2ÄfÇ6RÃãƒ3s3SS“3##ScBÃãƒ3s3SS“3##ScBÃãcSƒS#cSCcƒSC““RÃãƒÃãÅG'VRÃãƒÃãÅG'VRÃãCcsSƒS“““ÃãCcsSƒS“““ÃãSc#C“C#SC3SSƒs‚Ãã“RÃãÅG'VRÃã#S3csƒSc““ƒC"Ãã#S3csƒSc““ƒC"Ãã“CcS#Ssc3cƒrÃãƒÃãÅG'VRÃãcbÃãÄfÇ6RÃãƒƒccƒCScSrÃãƒƒccƒCScSrÃãs#s#33“cS“#"Ãã“BÃãÅG'VRÃãC“c#C“SSccC3ƒ#"ÃãC“c#C“SSccC3ƒ#"Ãã#C3ƒ“SsCsS““CS2ÃãÃã“RÄfÇ6RÃã2Ãã“RÄfÇ6RÃãC#3ƒƒƒ#C3“S"ÃãC#3ƒƒƒ#C3“S"Ãã3S#CSCƒc“cƒCRÃãÃã’ÄfÇ6RÃãS#“ƒ3“CSss“s3#BÃãS#“ƒ3“CSss“s3#BÃã3“c#“Csƒs3‚ÃãÃã“’ÄfÇ6RÃãÃã“‚ÄfÇ6RÃãCcCS#3CcC3#SC‚ÃãCcCS#3CcC3#SC‚ÃãS#s“ƒ3S3““CcS"ÃãÃã“bÄfÇ6RÃÃÆV&Ç•ööæÇ•öF—66÷fW'’ÅG'VRÅG'VRÅG'VRÅG'VRÅG'VRÅG'VRÄfÇ6P¤$4ÃÄuƒBÄuƒBÄTå4scsCc‚ÂÓãS“3s“#s“CcSƒRÃãS“3s“#s“CcSƒRÄfÇ6RÂÓãƒ““cCS#cCsc“Ããƒ““cCS#cCsc“ÃãƒSS“csƒ“cƒ3ƒBÃãÃãÄfÇ6RÃã"Ãã“’ÄfÇ6RÂÓã3C3SsS“3“RÃã3C3SsS“3“RÃãsC3Sƒc##Sƒ“s#ƒ2Ãã’ÃãÄfÇ6RÂÓãcc3sƒ“S3#2Ããcc3sƒ“S3#2ÃãssC##Cƒ#ƒS3#2ÃãÃãÄfÇ6RÃãÃã“rÄfÇ6RÂÓãsƒcSƒ3sSCSsrÃãsƒcSƒ3sSCSsrÃãƒ“s“3CSc3sƒbÃã2ÃãÄfÇ6RÂÓãc“cSƒƒs“C##3RÃãc“cSƒƒs“C##3RÃã“sS3ƒcC“sS3ƒbÃãƒRÃãÅG'VRÃãƒbÃãÅG'VRÂÓã#sc3CsS“ƒsƒsRÃã#sc3CsS“ƒsƒsRÃã“c#“Csƒs3s““s2ÃãÃãÅG'VRÂÓãS“3s“#s“CcSƒS#BÃãS“3s“#s“CcSƒS#BÃãCc33ssC#RÃãÃã“’ÄfÇ6RÃãÃã“RÄfÇ6RÂÓãcs3#SSSs3“SsCCRÃãcs3#SSSs3“SsCCRÃãSƒc““SƒƒCss3rÃãÃã“‚ÄfÇ6RÃÃÆF“ööæÇ•÷&WFW&Ö–æÅöF—66÷fW'’ÅG'VRÅG'VRÅG'VRÅG'VRÅG'VRÅG'VRÄfÇ6P¤$4ÃÅ5DRÅ5DRÄTå4sCS3sRÃãS“#cc33SsCsƒcÃãS“#cc33SsCsƒcÄfÇ6RÃãC#3CssSsS3C3RÃãC#3CssSsS3C3RÃã#cs3sSC“s3#Cs3RÃãƒ"ÃãÅG'VRÃãc’ÃãÄfÇ6RÃãs33ssCCSƒ“SÃãs33ssCCSƒ“SÃãƒ3ƒ3ƒcc““c#BÃã“"ÃãÅG'VRÃãc33s33c#“‚Ããc33s33c#“‚Ãã“s3“3cƒ““ƒc#ƒ#RÃã“‚ÃãÅG'VRÃãƒ2ÃãÅG'VRÃãƒƒC“Sc#3#ƒc“s2ÃãƒƒC“Sc#3#ƒc“s2ÃãCƒCƒCƒCƒCƒRÃãÃãÅG'VRÃãC3#c#S#S“2ÃãC3#c#S#S“2ÃãCSCƒc“cƒCC““3ÃãCRÃãÄfÇ6RÃãC‚ÃãÄfÇ6RÃã##C#Cs““3#Cƒ‚Ãã##C#Cs““3#Cƒ‚Ãã3CƒC##C“cSscCCrÃãc‚ÃãÄfÇ6RÃãS“#cc33SsCsƒc‚ÃãS“#cc33SsCsƒc‚ÃãCcSƒC3c#3““srÃãÃã“bÄfÇ6RÃãÃã“"ÄfÇ6RÃãƒSƒ#Cs““3CsBÃãƒSƒ#Cs““3CsBÃãcƒ3#sSs#cCc’Ãã‚ÃãÄfÇ6RÃÃÆV&Ç•ööæÇ•öF—66÷fW'’ÅG'VRÅG'VRÅG'VRÅG'VRÅG'VRÅG'VRÄfÇ6P¤ädS"Å5DôÒÅ5DôÒÄTå4sCƒsRÃãSs“““3##cC#RÃãSs“““3##cC#RÄfÇ6RÃã3cc#S3c#“3sS32Ãã3cc#S3c#“3sS32Ãã#“Ssƒƒs3“csc#‚ÃãrÃã’ÄfÇ6RÃã‚Ããƒ‚ÄfÇ6RÃã3“ƒS#Ss3#sCcSbÃã3“ƒS#Ss3#sCcSbÃã#c#33sCC“SƒSbÃãRÃã“"ÄfÇ6RÃãƒCs#s“S#S#CCS#BÃãƒCs#s“S#S#CCS#BÃã3ssC##Cƒ#‚ÃãcrÃãÄfÇ6RÃãCBÃã“‚ÄfÇ6RÃã#c333ƒC#c“S#3ƒC"Ãã#c333ƒC#c“S#3ƒC"ÃãC“3ƒ#scC“3ƒ#sRÃã“’ÃãÅG'VRÃã3Ccƒs#Ss3CSƒ“‚Ãã3Ccƒs#Ss3CSƒ“‚Ãã3ssC##Cƒ#‚ÃãsrÃãÅG'VRÃãƒRÃãÅG'VRÃã##“sscCcc#C33C‚Ãã##“sscCcc#C33C‚Ãã3C#“3SS#ƒ#s32ÃãÃãÅG'VRÃãSs“““3##cC#CƒbÃãSs“““3##cC#CƒbÃã#C“3ƒ#scC“3ƒ#rÃãbÃã“‚ÄfÇ6RÃãRÃã“’ÄfÇ6RÃãCScCCS“Cs#sccrÃãCScCCS“Cs#sccrÃã#SSCC3#“#ƒrÃã2Ãã“2ÄfÇ6RÃÃÆF“ööæÇ•÷&WFW&Ö–æÅöF—66÷fW'’ÅG'VRÅG'VRÅG'VRÅG'VRÅG'VRÅG'VRÄfÇ6P¤$4ÃÅ%Ã"Å%Ã"ÄTå4s“s“S‚ÃãScƒC“cƒ#’ÃãScƒC“cƒ#’ÄfÇ6RÂÓã“s3#s“#“3rÃã“s3#s“#“3rÃãc““cƒCCSc#“c33bÃã#bÃã“’ÄfÇ6RÃã2Ãã“’ÄfÇ6RÂÓãƒcƒ“Cscsc#3rÃãƒcƒ“Cscsc#3rÃãscc““C#sc"ÃãBÃãÄfÇ6RÂÓã3#““3“s3cC“s#S‚Ãã3#““3“s3cC“s#S‚Ãã#s“ƒ3S3““CcS#bÃãs2ÃãÅG'VRÃãC‚ÃãÄfÇ6RÂÓãC##S#ƒSCsS#CcrÃãC##S#ƒSCsS#CcrÃãC#3ƒcƒ3#sSs#bÃãSbÃãÄfÇ6RÂÓã3Cƒ#cc“ƒSS3‚Ãã3Cƒ#cc“ƒSS3‚ÃãC“s“C#3ƒcƒ3#sSrÃãBÃãÄfÇ6RÃã3’ÃãÄfÇ6RÂÓã#Sƒc#cScCƒ“C#“bÃã#Sƒc#cScCƒ“C#“bÃã3ƒ#CCs“c#“RÃãsBÃãÅG'VRÃãScƒC“cƒ#“BÃãScƒC“cƒ#“BÃãCs“ScC#S#CS2ÃãÃã“’ÄfÇ6RÃãÃã“BÄfÇ6RÃã“CCsCcƒs3c#cS2Ãã“CCsCcƒs3c#cS2Ãã3CS#csCƒ“s“3CbÃãÃãÄfÇ6RÃÃÆV&Ç•ööæÇ•öF—66÷fW'’ÅG'VRÅG'VRÄfÇ6RÄfÇ6RÅG'VRÅG'VRÄfÇ6P¤ädS"ÅDÔÅDÔÄTå4sƒsSBÂÓãSS3cƒcsCƒƒ‚ÃãSS3cƒcsCƒƒ‚ÄfÇ6RÂÓãƒC##c““CƒSƒÃãƒC##c““CƒSƒÃã##c3cƒSCƒsSc"Ãã3BÃãÄfÇ6RÃã#RÃãÄfÇ6RÂÓãƒc##“Cc3“#“3Ããƒc##“Cc3“#“3Ããcs3sSC“s3#Cs3S’ÃãCBÃãÄfÇ6RÂÓã#CCs#Sc“““cs‚Ãã#CCs#Sc“““cs‚Ãã#3CScs“#3CScs’Ãã“’ÃãÅG'VRÃã“ÃãÅG'VRÂÓãS“C3SƒSs33ƒcBÃãS“C3SƒSs33ƒcBÃã“s3“3cƒ““ƒc#ƒ#bÃãÃãÅG'VRÂÓã#ƒ“ƒ#ƒS#cRÃã#ƒ“ƒ#ƒS#cRÃãcƒSƒsSc#CC#cbÃãÃãÅG'VRÃãÃãÅG'VRÂÓã#ƒSscs“Cƒ“3“#ScrÃã#ƒSscs“Cƒ“3“#ScrÃãcƒSƒsSc#CC#cbÃãÃãÅG'VRÂÓãSS3cƒcsCƒƒƒbÃãSS3cƒcsCƒƒƒbÃã#sSCCSƒcƒcSSrÃãBÃãÄfÇ6RÃãRÃã“’ÄfÇ6RÂÓã#S#ƒ3““““ƒ#c#ss2Ãã#S#ƒ3““““ƒ#c#ss2ÃãSC“S“ƒ“#cc3ÃãÃãƒBÄfÇ6RÃÃÇ&WFW&Ö–æÅööæÇ•öF—66÷fW'’ÅG'VRÅG'VRÅG'VRÅG'VRÅG'VRÅG'VRÄfÇ6P¤ädS"Å•TÃBÅ•TÃBÄTå4sccs“2ÃãS3ƒƒcccs3C#ƒSbÃãS3ƒƒcccs3C#ƒSbÄfÇ6RÃãsƒscsCcƒcƒsc#bÃãsƒscsCcƒcƒsc#bÃã#sSsSs““C“C3#Ãã3bÃã“’ÄfÇ6RÃã#"Ãã“bÄfÇ6RÃãƒ#s3ss33#“ƒ##rÃãƒ#s3ss33#“ƒ##rÃã##cC““sC#ssÃã3bÃãÄfÇ6RÃãc“ƒsc“s3s#bÃãc“ƒsc“s3s#bÃã#Cƒ#ƒS3##3S“3“cC2ÃãC2Ãã“’ÄfÇ6RÃãCbÃã“’ÄfÇ6RÃã“c“C3S3“s3““#32Ãã“c“C3S3“s3““#32Ããcƒs#C#s“ƒ3S3““bÃãsrÃãÅG'VRÃãSCc33c“SCcÃãSCc33c“SCcÃã3s3s3s3s3sBÃã“RÃãÅG'VRÃã“"ÃãÅG'VRÃã#S“c#ƒS#SSsƒCrÃã#S“c#ƒS#SSsƒCrÃãSƒ“ƒC“ƒ3csc#c’ÃãÃãÅG'VRÃãS3ƒƒcccs3C#ƒSS’ÃãS3ƒƒcccs3C#ƒSS’Ãã#ƒ“c3#3s33ƒSRÃã2Ãã“‚ÄfÇ6RÃã2Ãã“"ÄfÇ6RÃãC#“S##SSSS“ƒcbÃãC#“S##SSSS“ƒcbÃã#s“ƒ3S3““CcS#bÃãÃãƒ‚ÄfÇ6RÃÃÆF“ööæÇ•÷&WFW&Ö–æÅöF—66÷fW'’ÅG'VRÅG'VRÅG'VRÅG'VRÅG'VRÅG'VRÄfÇ6P¤´ÄcÄ4CS‚Ä4CS‚ÄTå4scƒRÃãS3ƒ3C“3#Ccs“2ÃãS3ƒ3C“3#Ccs“2ÄfÇ6RÃã3““c“ƒ“Sc###bÃã3““c“ƒ“Sc###bÃã#c#SSs“3c“C’ÃãrÃã“bÄfÇ6RÃã"ÃãƒrÄfÇ6RÃãsccƒ3Cs3#SC3S“Ããsccƒ3Cs3#SC3S“Ãã““S33cƒƒƒ“‚ÃãÃã“’ÄfÇ6RÃãCS33“##“#3Cc#sƒRÃãCS33“##“#3Cc#sƒRÃã3ƒCƒss“C“S“ƒ‚Ãã’Ãã“‚ÄfÇ6RÃãbÃã“RÄfÇ6RÃãƒCSs#cC“sS“C2ÃãƒCSs#cC“sS“C2Ããc3#3s33ƒSCS“S2Ãã#BÃãÄfÇ6RÃãSSƒ#3s““##s3BÃãSSƒ#3s““##s3BÃãSƒ“c3#3s33ƒbÃã“"ÃãÅG'VRÃã“BÃãÅG'VRÃã##33s#“sƒ#33s"Ãã##33s#“sƒ#33s"Ããc33ssC##RÃãÃãÅG'VRÃãS3ƒ3C“3#Ccs“3RÃãS3ƒ3C“3#Ccs“3RÃã“#C3ƒ“SsCsS““BÃãbÃã“RÄfÇ6RÃãÃã“‚ÄfÇ6RÃãsƒs#c“#ccc#“’Ããsƒs#c“#ccc#“’ÃãC##Cƒ#ƒS3##3S“bÃã#’ÃãÄfÇ6RÃÃÆF“ööæÇ•÷&WFW&Ö–æÅöF—66÷fW'’ÅG'VRÅG'VRÅG'VRÅG'VRÅG'VRÅG'VRÄfÇ6P¥DÃÄåÓÄåÓÄTå4sƒc2ÂÓãS3sS#ƒs“ƒ‚ÃãS3sS#ƒs“ƒ‚ÄfÇ6RÂÓãCC#3“CScCSS"ÃãCC#3“CScCSS"ÃãcSƒS#cSCcƒSC““RÃãƒBÃãÅG'VRÃãƒÃãÅG'VRÂÓã“cs#c“cc““2Ãã“cs#c“cc““2Ãã“3#“#cƒ3“SbÃãc‚ÃãÄfÇ6RÂÓã#ƒ33CƒƒC“RÃã#ƒ33CƒƒC“RÃã#sC3CƒC##C“cSscbÃã“rÃãÅG'VRÃãsRÃãÅG'VRÂÓãC““CS3ƒƒ“Ccsc‚ÃãC““CS3ƒƒ“Ccsc‚ÃãcƒSƒsSc#CC#cbÃãÃãÅG'VRÂÓãc3c“cSƒCsCcS“‚Ããc3c“cSƒCsCcS“‚ÃãƒscSC3#“ƒscSC32ÃãRÃã“rÄfÇ6RÃãBÃã“’ÄfÇ6RÂÓãƒC#“Sƒƒ3#cƒ‚ÃãƒC#“Sƒƒ3#cƒ‚ÃãSsc3cƒs#C#s“ƒBÃã“‚ÃãÅG'VRÂÓãS3sS#ƒs“ƒƒ"ÃãS3sS#ƒs“ƒƒ"ÃãCsCc##ss““cs2Ãã‚Ãã“rÄfÇ6RÃãÃã“bÄfÇ6RÂÓãCs#ƒ#csƒ“ssc2ÃãCs#ƒ#csƒ“ssc2Ããc“cƒCC““3C#ƒ“2ÃãÃã“BÄfÇ6RÃÃÆV&Ç•ööæÇ•öF—66÷fW'’ÅG'VRÅG'VRÅG'VRÅG'VRÅG'VRÅG'VRÄfÇ6P¤td“"Ä´rÄ´rÄTå4sƒSrÃãSƒs““ScSS##“"ÃãSƒs““ScSS##“"ÄfÇ6RÃãS““s3cCCscƒƒ“BÃãS““s3cCCscƒƒ“BÃãCCS#cƒ##3sCƒÃãrÃã“’ÄfÇ6RÃãRÃã“BÄfÇ6RÃãSsSC##3“csƒ“cRÃãSsSC##3“csƒ“cRÃã#“S##ƒƒss“#bÃãBÃã“’ÄfÇ6RÃã“C3#S3ƒsS2Ãã“C3#S3ƒsS2ÃãcS“ƒs“ScC#S#2ÃãsRÃãÅG'VRÃãSrÃãÄfÇ6RÃã““cCƒS3CsS"Ãã““cCƒS3CsS"ÃãSssS3C#“3SS#ƒÃãs2ÃãÅG'VRÃãSsc3“ccCC“#CbÃãSsc3“ccCC“#CbÃã#3#sƒCc3cCƒƒ3C"Ãã2Ãã“bÄfÇ6RÃãÃã“‚ÄfÇ6RÃãc#c3“##3c“cƒs32Ããc#c3“##3c“cƒs32ÃãƒCC““3C#ƒ“C3srÃã2Ãã“’ÄfÇ6RÃãSƒs““ScSS##“2ÃãSƒs““ScSS##“2Ãã3“S3C“s“C#3ƒcƒRÃãÃã“rÄfÇ6RÃãÃã“RÄfÇ6RÃãƒƒ“ƒcCCSScSSƒcc"Ããƒƒ“ƒcCCSScSSƒcc"Ãã#ƒ3csc#cƒƒcCSBÃã2ÃãÄfÇ6RÃÃÆV&Ç•ööæÇ•öF—66÷fW'’ÅG'VRÅG'VRÄfÇ6RÄfÇ6RÅG'VRÅG'VRÄfÇ6P¥DÃÅ$4ÃÅ$4ÃÄTå4s#S‚ÃãSs33CS3#C‚ÃãSs33CS3#C‚ÄfÇ6RÃã“sƒƒc#3sSs#ss3’Ãã“sƒƒc#3sSs#ss3’Ãã“c3S#CSƒ3#rÃãs2ÃãÅG'VRÃãC’ÃãÄfÇ6RÃã“3#cSƒƒ3ƒ3#SRÃã“3#cSƒƒ3ƒ3#SRÃãccCscC“3ƒ“RÃãSRÃãÄfÇ6RÃã#3CSSCScc“cs#rÃã#3CSSCScc“cs#rÃã3C#“3SS#ƒ#s32ÃãBÃãƒ2ÄfÇ6RÃã’ÃãƒÄfÇ6RÃã3CCs“sSsƒCS#cƒBÃã3CCs“sSsƒCS#cƒBÃã#3“cC33CsSsSCCbÃãRÃã“BÄfÇ6RÃãs#“c“c3cƒ“3CBÃãs#“c“c3cƒ“3CBÃãSSCƒ3ƒ3CC3s#rÃã#BÃã“‚ÄfÇ6RÃã‚Ãã“’ÄfÇ6RÃãcSsSCCc“#“Ccƒ’ÃãcSsSCCc“#“Ccƒ’ÃãcCƒƒ3C“#C3ƒ“RÃã#‚ÃãÄfÇ6RÃãSs33CS3#Cs’ÃãSs33CS3#Cs’ÃãCƒ“s“3CSc3sƒbÃãbÃã“rÄfÇ6RÃãBÃã“bÄfÇ6RÃãCScc#C#S3CS3CrÃãCScc#C#S3CS3CrÃãƒ#ƒS3##3S“3“cC32Ãã"ÃãƒrÄfÇ6RÃÃÆV&Ç•ööæÇ•öF—66÷fW'’ÅG'VRÅG'VRÄfÇ6RÄfÇ6RÄfÇ6RÄfÇ6RÄfÇ6P¤td“"ÅD43ÅD43ÄTå4sCsS#bÃãS“c3scs#“‚ÃãS“c3scs#“‚ÄfÇ6RÃã“3ss“cSS“Ss#CrÃã“3ss“cSS“Ss#CrÃãsS““#“cCcC“’ÃãÃãsBÄfÇ6RÃãÃãSBÄfÇ6RÃã###s““C#sSƒ“CS‚Ãã###s““C#sSƒ“CS‚ÃãSƒ3sSc3CSssccRÃãÃãƒrÄfÇ6RÃãs#““#SsCƒS#“RÃãs#““#SsCƒS#“RÃãCSCƒc“cƒCC““3Ãã3"ÃãÄfÇ6RÃã#RÃã“rÄfÇ6RÃãsC3s“SSs3s#sBÃãsC3s“SSs3s#sBÃãCsSsSCCSƒcƒbÃã3bÃãÄfÇ6RÃã##ƒ“s““333ScC“crÃã##ƒ“s““333ScC“crÃãsƒƒ“3CS##cBÃãsbÃãÅG'VRÃãs2ÃãÅG'VRÃãCcS#cSsC#ScS‚ÃãCcS#cSsC#ScS‚ÃãSsc3cƒs#C#s“ƒBÃãƒRÃãÅG'VRÃãS“c3scs#““RÃãS“c3scs#““RÃã3#ƒƒcSƒC3c#BÃã"Ãã“‚ÄfÇ6RÃã"Ãã“rÄfÇ6RÃãƒsS#c#cS##“#rÃãƒsS#c#cS##“#rÃã#cCc“S3C“s“C#2ÃãÃãÄfÇ6RÃÃÆF“ööæÇ•÷&WFW&Ö–æÅöF—66÷fW'’ÅG'VRÅG'VRÅG'VRÅG'VRÅG'VRÅG'VRÄfÇ6P¤$4ÃÅÅÄTå4sƒ#sS"ÃãS“c3cƒ##“ƒ“SsRÃãS“c3cƒ##“ƒ“SsRÄfÇ6RÂÓã#ss#Ss“3S##rÃã#ss#Ss“3S##rÃã3C#“ƒ#SscCƒSCSbÃãÃãÅG'VRÃãÃãÅG'VRÂÓã#csƒƒCsc#CSrÃã#csƒƒCsc#CSrÃã“#s#C#ƒ3ccCRÃãÃãÅG'VRÂÓãCC333S“3cs2ÃãCC333S“3cs2Ãã#ƒSCƒ“s3“3c‚Ãã“"ÃãÅG'VRÃã‚ÃãÅG'VRÂÓã#c“S#3“S“s"Ãã#c“S#3“S“s"Ããƒ3csc#cƒƒcCSCRÃãÃãÅG'VRÂÓã333ƒcƒSƒ#“Cc2Ãã333ƒcƒSƒ#“Cc2ÃãSC##Cƒ#ƒS3##3bÃãÃã“ÄfÇ6RÃãÃã“#“““““““““““““’ÄfÇ6RÂÓã#“3CcƒcCSSsCSBÃã#“3CcƒcCSSsCSBÃã3S“3“cC33CsSsRÃãÃãÄfÇ6RÃãS“c3cƒ##“ƒ“SsSSbÃãS“c3cƒ##“ƒ“SsSSbÃãCS3c3ScS“ƒs“RÃã"Ãã“‚ÄfÇ6RÃã"Ãã“RÄfÇ6RÃã#c““ƒ#cc#cƒ2Ãã#c““ƒ#cc#cƒ2Ããƒ#C3ƒ“SsCsS““CRÃãÃãƒBÄfÇ6RÃÃÆV&Ç•ööæÇ•öF—66÷fW'’ÅG'VRÅG'VRÅG'VRÅG'VRÅG'VRÅG'VRÄfÇ6P¤$4ÃÄD³ÄD³ÄTå4s“cs3ÂÓãSsƒ““cC33“#ƒc‚ÃãSsƒ““cC33“#ƒc‚ÄfÇ6RÂÓã“sS“C“3SƒƒScc“"Ãã“sS“C“3SƒƒScc“"ÃãCSs““sƒ#3sRÃãÃãÅG'VRÃã“2ÃãÅG'VRÂÓã#SC#“#Sc#c#3“2Ãã#SC#“#Sc#c#3“2Ãã#33##ƒS#“ƒss’ÃãÃãÅG'VRÂÓã“s3Sƒ3S“ScC“#"Ãã“s3Sƒ3S“ScC“#"Ããs3s““s#ScSSssRÃã"ÃãÄfÇ6RÃã#"ÃãÄfÇ6RÂÓãsS3ssƒ3cCs#3ƒSbÃãsS3ssƒ3cCs#3ƒSbÃãƒs“#ƒcc“CS’Ãã“2ÃãÅG'VRÂÓãs#CC3csc3CSssrÃãs#CC3csc3CSssrÃãsC3#“ƒscSC3#“’ÃãÃãsÄfÇ6RÃãÃãs"ÄfÇ6RÂÓã33C“Css“s“#BÃã33C“Css“s“#BÃã#s#33“cS“#"ÃãÃãÄfÇ6RÂÓãSsƒ““cC33“#ƒcƒ3RÃãSsƒ““cC33“#ƒcƒ3RÃãCs“c#“CsƒsBÃãÃã“‚ÄfÇ6RÃãÃã“bÄfÇ6RÂÓã3C#3sSs“ss‚Ãã3C#3sSs“ss‚ÃãsƒCc3cCƒƒ3C“#"ÃãÃãÄfÇ6RÃÃÆV&Ç•ööæÇ•öF—66÷fW'’ÅG'VRÅG'VRÅG'VRÅG'VRÅG'VRÅG'VRÄfÇ6P¤tDÅ”•cbÅ”•cbÄTå4sƒsBÃãSSc3SƒsC##CrÃãSSc3SƒsC##CrÄfÇ6RÂÓãCs33C#S#“#cS"ÃãCs33C#S#“#cS"ÃãsC“s“SSƒ#3ƒCCbÃã2Ãã“RÄfÇ6RÃãRÃãƒ’ÄfÇ6RÂÓã3sSSS#“C#3#S“bÃã3sSSS#“C#3#S“bÃã##3ƒ““#S“#“Cƒ#srÃã2Ãã’ÄfÇ6RÂÓãssSSs3Cs“Ss3BÃãssSSs3Cs“Ss3BÃãsƒ3#cCsCc##ss“2ÃãsBÃãÅG'VRÃãCRÃã“’ÄfÇ6RÂÓãsSƒ#sS““c#Cscƒc‚ÃãsSƒ#sS““c#Cscƒc‚Ããc33ssC##RÃãc2ÃãÄfÇ6RÃã#3##cSCƒs3CS“rÃã#3##cSCƒs3CS“rÃãCcCc“S3C“s“C#BÃã"ÃãsÄfÇ6RÃãBÃãsRÄfÇ6RÃã3##“3CScCcsƒs2Ãã3##“3CScCcsƒs2Ãã3““CcS#Ssc3rÃãÃãƒBÄfÇ6RÃãSSc3SƒsC##C‚ÃãSSc3SƒsC##C‚Ããƒ“ƒC“ƒ3csc#c’Ãã"Ãã“rÄfÇ6RÃãRÃã“BÄfÇ6RÃãS3#Csc3scS“ÃãS3#Csc3scS“Ãã##s33Sƒ“ƒC“"Ãã2Ãã“’ÄfÇ6RÃÃÆV&Ç•ööæÇ•öF—66÷fW'’ÅG'VRÅG'VRÄfÇ6RÄfÇ6RÄfÇ6RÄfÇ6RÄfÇ6P¤tDÅE4ä‚ÅE4ä‚ÄTå4sc“‚ÃãSC3cssscƒsssrÃãSC3cssscƒsssrÄfÇ6RÃãcs#sS33CƒC“3cC3Ããcs#sS33CƒC“3cC3Ããƒ#“Cc“c#“scÃãÃãcÄfÇ6RÃãRÃãrÄfÇ6RÃãs333sCssss“#ƒBÃãs333sCssss“#ƒBÃãƒC“#ccs#ƒc3#"ÃãÃãSrÄfÇ6RÂÓãcsccS3C“S#2ÃãcsccS3C“S#2Ããcs#ƒ3“Scs#ƒ3’Ããs"ÃãÅG'VRÃã3’Ãã“’ÄfÇ6RÂÓãccc#ƒ#S““sc“"Ããccc#ƒ#S““sc“"Ãã3ƒSCS“S33cscƒ‚ÃãC‚ÃãÄfÇ6RÃãSc“S“ƒsƒƒƒC33#BÃãSc“S“ƒsƒƒƒC33#BÃãsSCCSƒcƒcSSrÃã2Ãã“bÄfÇ6RÃãRÃã“ÄfÇ6RÃãCScƒ#3Ccs“SSBÃãCScƒ#3Ccs“SSBÃã#scCCsƒs“#ƒcc“RÃãbÃã“ÄfÇ6RÃãSC3cssscƒssss"ÃãSC3cssscƒssss"Ãã“3“sƒS##c#BÃãRÃã“rÄfÇ6RÃãRÃã“’ÄfÇ6RÃãC“3C#sS“#““c"ÃãC“3C#sS“#““c"Ãã#CSƒcƒcSSc“#s2Ãã"Ãã“‚ÄfÇ6RÃÃÆV&Ç•ööæÇ•öF—66÷fW'’ÅG'VRÅG'VRÄfÇ6RÄfÇ6RÄfÇ6RÄfÇ6RÄfÇ6P¤ädS"ÄÔ4ÓbÄÔ4ÓbÄTå4ssc2ÂÓãS33“sSssƒS“C2ÃãS33“sSssƒS“C2ÄfÇ6RÂÓã##“c“Sƒ#c“Ssƒƒ2Ãã##“c“Sƒ#c“Ssƒƒ2ÃãS#CS“c“#cƒscÃãÃãƒrÄfÇ6RÃãÃãSBÄfÇ6RÂÓã#s3“SƒS“333#s‚Ãã#s3“SƒS“333#s‚ÃãSS#Csc33C#####RÃãÃãs2ÄfÇ6RÂÓãc#S##sC3“#ƒ“’Ããc#S##sC3“#ƒ“’ÃãCC3s#s#33“cbÃã#rÃã“’ÄfÇ6RÃãrÃã“bÄfÇ6RÂÓãscS3“C“ScSƒƒ#2ÃãscS3“C“ScSƒƒ#2ÃãC3c#3““sc“SCs3BÃã3"ÃãÄfÇ6RÂÓãS#ƒCCC“33cƒcsrÃãS#ƒCCC“33cƒcsrÃãC#S#CSCƒc“cƒCRÃã“ÃãÅG'VRÃã“BÃãÅG'VRÂÓã““C#C3C“sRÃã““C#C3C“sRÃã3CC3s#s#33“c"Ãã“2ÃãÅG'VRÂÓãS33“sSssƒS“C3bÃãS33“sSssƒS“C3bÃã#cCc“S3C“s“C#2ÃãÃãÄfÇ6RÃã"Ãã“bÄfÇ6RÂÓãCC“SCC3C“c#Ss"ÃãCC“SCC3C“c#Ss"Ãã#cCSCCcc3“#3ƒ2Ãã"Ãã“’ÄfÇ6RÃÃÆF“ööæÇ•÷&WFW&Ö–æÅöF—66÷fW'’ÅG'VRÅG'VRÅG'VRÅG'VRÅG'VRÅG'VRÄfÇ6P¤$4ÃÄ4õƒt2Ä4õƒt2ÄTå4s#sƒBÃãS##ƒCScC#C#RÃãS##ƒCScC#C#RÄfÇ6RÂÓã“““Ccss#cS“#"Ãã“““Ccss#cS“#"Ããƒcc“S“ƒ“#“ƒ“BÃã"ÃãÄfÇ6RÃã#"Ãã“’ÄfÇ6RÂÓãƒ3“C33ƒs3“3C‚Ããƒ3“C33ƒs3“3C‚Ãã3“cc#SSCCs3ƒcbÃã2ÃãÄfÇ6RÂÓãSs3sƒƒ#C3#S3bÃãSs3sƒƒ#C3#S3bÃã#cCc3SccS#“C“#RÃãÃã“’ÄfÇ6RÃãÃã“BÄfÇ6RÂÓãSƒ#S3CsƒbÃãSƒ#S3CsƒbÃã3#ScSSssS3C#“BÃãÃãÄfÇ6RÂÓãs“#scC3c3#s#ƒ"Ããs“#scC3c3#s#ƒ"ÃãƒcSSc“#s#“sccƒBÃãƒ’ÃãÅG'VRÃãƒÃãÅG'VRÂÓã#33c3C#33c"Ãã#33c3C#33c"ÃãC3#“ƒscSC3#“ƒsBÃãS’ÃãÄfÇ6RÃãS##ƒCScC#C#S#RÃãS##ƒCScC#C#S#RÃãC#3ƒcƒ3#sSs#cbÃãÃã“rÄfÇ6RÃãÃã“"ÄfÇ6RÃãSCc“c“#“sSBÃãSCc“c“#“sSBÃãcsCcsscCc3SrÃãÃã“RÄfÇ6RÃÃÆF“ööæÇ•÷&WFW&Ö–æÅöF—66÷fW'’ÅG'VRÅG'VRÅG'VRÅG'VRÄfÇ6RÄfÇ6RÄfÇ6P¤´ÄcÄ„$Ä„$ÄTå4s#cs"ÃãSscC3“““3#ƒRÃãSscC3“““3#ƒRÄfÇ6RÃãc3C3CC#3sSs2Ããc3C3CC#3sSs2Ãã“c3S#CSƒ3#‚Ãã“‚ÃãÅG'VRÃã“rÃãÅG'VRÃã#s#ƒ#ccc3Cƒsƒ2Ãã#s#ƒ#ccc3Cƒsƒ2ÃãCSs““sƒ#3sCrÃãÃãÅG'VRÃã“3Cs“C3ƒcCƒRÃã“3Cs“C3ƒcCƒRÃã#sC3CƒC##C“cSscbÃãÃãÅG'VRÃãÃãÅG'VRÃã#“ƒ3SƒcSS“C"Ãã#“ƒ3SƒcSS“C"Ãã#sC3CƒC##C“cSscbÃãÃãÅG'VRÃãcS“Cƒcƒ“3#3SC‚ÃãcS“Cƒcƒ“3#3SC‚Ãã#3CScs“#3CScs’Ãã“rÃãÅG'VRÃã“RÃãÅG'VRÃã3“c““CS3ƒCs#"Ãã3“c““CS3ƒCs#"ÃãCS##c33sCCƒSS“bÃãÃãÅG'VRÃãSscC3“““3#ƒC‚ÃãSscC3“““3#ƒC‚Ãã#ccs“c“ƒ#cs3RÃãBÃã“rÄfÇ6RÃã‚Ãã“RÄfÇ6RÃã“sSƒ#Css#SsrÃã“sSƒ#Css#SsrÃãS“Csƒs3s““s#ScSÃãÃãrÄfÇ6RÃÃÇ&WFW&Ö–æÅööæÇ•öF—66÷fW'’ÅG'VRÅG'VRÅG'VRÅG'VRÅG'VRÅG'VRÄfÇ6P¤td“"ÄdcÄdcÄTå4sƒSBÃãC““3SƒSSs3’ÃãC““3SƒSSs3’ÄfÇ6RÃã3ƒs“ccc#3##“C3“‚Ãã3ƒs“ccc#3##“C3“‚Ããc“c3“ƒ#3#“S3scbÃãÃãsBÄfÇ6RÃãÃãc‚ÄfÇ6RÃãsCSC“c“ƒScs#ƒCs’ÃãsCSC“c“ƒScs#ƒCs’Ããƒ3ƒs“ƒƒ“S““c"ÃãÃãc‚ÄfÇ6RÃãsSs“3cscƒSS3RÃãsSs“3cscƒSS3RÃãCCs“c#“CsƒrÃã3rÃãÄfÇ6RÃã#BÃã“‚ÄfÇ6RÃãS“c“cCs3c#“CCbÃãS“c“cCs3c#“CCbÃã“s“3CSc3sƒbÃãrÃãÄfÇ6RÃã3CSS“S#CƒsC#RÃã3CSS“S#CƒsC#RÃãCS##c33sCCƒSbÃãƒ2ÃãÅG'VRÃãƒbÃãÅG'VRÃãS#3#ƒ3ƒ#cs333‚ÃãS#3#ƒ3ƒ#cs333‚Ãã3“sƒS##c##sBÃã“ÃãÅG'VRÃãC““3SƒSSsBÃãC““3SƒSSsBÃã3##3S“3“cC33CsRÃãÃã“2ÄfÇ6RÃãÃã“BÄfÇ6RÃãC#cc“c#c3BÃãC#cc“c#c3BÃãS#Ssc3cƒs#C#bÃã3BÃãÄfÇ6RÃÃÆF“ööæÇ•÷&WFW&Ö–æÅöF—66÷fW'’ÅG'VRÅG'VRÅG'VRÅG'VRÅG'VRÅG'VRÄfÇ6P¥DÃÄ$„CRÄ$„CRÄTå4s“‚ÃãC“ƒcSs3SƒƒS“CÃãC“ƒcSs3SƒƒS“CÄfÇ6RÃãƒCC#cscc“#ÃãƒCC#cscc“#ÃãS3SS#ƒ“3cssƒrÃãƒBÃãÅG'VRÃãsRÃãÅG'VRÃãƒ3#ƒƒƒCƒƒCC3C“2Ããƒ3#ƒƒƒCƒƒCC3C“2ÃãCƒsScss“c2ÃãsrÃãÅG'VRÃãsSs“Cc#sCƒƒ3csbÃãsSs“Cc#sCƒƒ3csbÃãCcc3“#3ƒ#CCsÃãcBÃãÄfÇ6RÃãCBÃã“’ÄfÇ6RÃã“C3cƒS“SC3“rÃã“C3cƒS“SC3“rÃãS##c33sCCƒSS“c‚Ããc‚ÃãÄfÇ6RÃã##3csCcƒƒ3C“ƒRÃã##3csCcƒƒ3C“ƒRÃãCS##c33sCCƒSbÃãƒBÃãÅG'VRÃãƒ"ÃãÅG'VRÃãCsS##C#scSƒS‚ÃãCsS##C#scSƒS‚Ããsƒ3#cCsCc##ss’ÃãsrÃãÅG'VRÃãC“ƒcSs3SƒƒS“CcbÃãC“ƒcSs3SƒƒS“CcbÃãcƒ#3CS#csCƒ“bÃã‚Ãã“2ÄfÇ6RÃã’Ãã“ÄfÇ6RÃãC“ƒcc“3CCcSs#ƒ#BÃãC“ƒcc“3CCcSs#ƒ#BÃãSSc“#s#“sccƒ3ƒBÃã‚Ãã“RÄfÇ6RÃÃÇ&WFW&Ö–æÅööæÇ•öF—66÷fW'’ÅG'VRÅG'VRÅG'VRÅG'VRÅG'VRÅG'VRÄfÇ6P¤´ÄcÄµä"Äµä"ÄTå4sƒ#CƒÂÓãC“scsC3#SCScBÃãC“scsC3#SCScBÄfÇ6RÂÓãc3ƒ#c3SƒCCCSC2Ããc3ƒ#c3SƒCCCSC2Ãã“ƒ“csSSƒ3s2ÃãrÃã“bÄfÇ6RÃãrÃã“BÄfÇ6RÂÓã#cCcƒƒƒ3s#c“#sc"Ãã#cCcƒƒƒ3s#c“#sc"Ããsc#3ƒcs#bÃãÃãsrÄfÇ6RÂÓãc#ƒ#ƒƒƒScƒ“ccRÃãc#ƒ#ƒƒƒScƒ“ccRÃãCƒ“s3“3cƒ““ƒbÃã#RÃã“’ÄfÇ6RÃã#bÃã“’ÄfÇ6RÂÓãSCS#ƒƒ3S#ƒ2ÃãSCS#ƒƒ3S#ƒ2Ããƒƒ#cs3S#S3ss##’ÃãÃãc"ÄfÇ6RÂÓã#“C“cC3“3S33SbÃã#“C“cC3“3S33SbÃã3#“#ƒc““SƒƒCsrÃãƒ"Ãã“’ÅG'VRÃãƒbÃãÅG'VRÂÓãs#S3Ssƒ3ƒ#CssrÃãs#S3Ssƒ3ƒ#CssrÃãssC##Cƒ#ƒS3##BÃãÃãcS“““““““““““““’ÄfÇ6RÂÓãC“scsC3#SCScCrÃãC“scsC3#SCScCrÃã#“3SS#ƒ#s33RÃãrÃã“’ÄfÇ6RÃã"Ãã“’ÄfÇ6RÂÓã#C“#3SsƒƒƒCCs#3BÃã#C“#3SsƒƒƒCCs#3BÃã“SS#ƒ#s33S’ÃãÃãSÄfÇ6RÃÃÆF“ööæÇ•÷&WFW&Ö–æÅöF—66÷fW'’ÅG'VRÅG'VRÅG'VRÅG'VRÄfÇ6RÄfÇ6RÄfÇ6P¤$4ÃÄUõ"ÄUõ"ÄTå4sƒs#cbÃãC“SCS33cSSC“cÃãC“SCS33cSSC“cÄfÇ6RÃãSSƒscccsƒ2ÃãSSƒscccsƒ2ÃãCCS#cƒ##3sCƒÃã“"ÃãÅG'VRÃãcbÃãÄfÇ6RÃã#s##3“SssS#“ƒSrÃã#s##3“SssS#“ƒSrÃãcSƒS#cSCcƒSC““RÃãÃãÅG'VRÃãsƒs“CcSc3c332Ããsƒs“CcSc3c332ÃãSSssS3C#“3SS#‚ÃãBÃãÄfÇ6RÃãRÃã“’ÄfÇ6RÃã3ƒƒƒƒƒ##C#3"Ãã3ƒƒƒƒƒ##C#3"ÃãCc##ss““cs#RÃãCRÃãÄfÇ6RÃãcS3ss“S“ƒ3Cc"ÃãcS3ss“S“ƒ3Cc"ÃãS3C“s“C#3ƒcƒ32Ãã’ÃãÄfÇ6RÃãrÃãÄfÇ6RÃã“c#c“cc3SS“RÃã“c#c“cc3SS“RÃãCc“3Sƒ#Cc“3S‚ÃãSÃãÄfÇ6RÃãC“SCS33cSSC“cRÃãC“SCS33cSSC“cRÃãC3Sƒ“ƒC“ƒ3csbÃãÃã“‚ÄfÇ6RÃãÃã“RÄfÇ6RÃã“#SScƒ#S3s#c’Ãã“#SScƒ#S3s#c’Ãã#SS#ƒ#s33Sƒ“bÃãÃãÄfÇ6RÃÃÆV&Ç•ööæÇ•öF—66÷fW'’ÅG'VRÅG'VRÄfÇ6RÄfÇ6RÅG'VRÅG'VRÄfÇ6P¤ädS"ÄÕ4ƒbÄÕ4ƒbÄTå4scc"ÂÓãC“3SCƒƒc#CSbÃãC“3SCƒƒc#CSbÄfÇ6RÂÓãcC“c“““SƒC32ÃãcC“c“““SƒC32ÃãcƒS“cSS#“s##“"Ãã#BÃã“’ÄfÇ6RÃãRÃã“rÄfÇ6RÂÓãcC3CSƒƒƒƒCc“S‚ÃãcC3CSƒƒƒƒCc“S‚Ããƒ3“SS“#ƒƒbÃãbÃã“bÄfÇ6RÂÓãc“ƒc#cC3Ss3cSbÃãc“ƒc#cC3Ss3cSbÃã#C“cSscCCsƒs“2ÃãCBÃãÄfÇ6RÃã3Ãã“’ÄfÇ6RÂÓãƒ33#cCcCƒC3S#‚Ããƒ33#cCcCƒC3S#‚Ãã3s#s#33“cS“2ÃãC2ÃãÄfÇ6RÂÓãScScS“#ƒ3S"ÃãScScS“#ƒ3S"ÃãCS#csCƒ“s“3CRÃãƒ’ÃãÅG'VRÃãƒbÃãÅG'VRÂÓãƒ“CsƒsSC#3Sc‚Ããƒ“CsƒsSC#3Sc‚ÃãC#ƒ“C3sSƒSs33ƒ‚Ãã’ÃãÅG'VRÂÓãC“3SCƒƒc#CSSbÃãC“3SCƒƒc#CSSbÃã##3ƒcƒ3#sSs#cRÃãRÃã“‚ÄfÇ6RÃãÃã“bÄfÇ6RÂÓãCƒcsƒcsScƒcCrÃãCƒcsƒcsScƒcCrÃã3C#S#CSCƒc“cƒBÃãÃã“#“““““““““““““’ÄfÇ6RÃÃÆF“ööæÇ•÷&WFW&Ö–æÅöF—66÷fW'’ÅG'VRÅG'VRÅG'VRÅG'VRÅG'VRÅG'VRÄfÇ6P¥DÃÄt43"Ät43"ÄTå4s3S“c‚ÃãC“#“sC#ƒ“cƒ33RÃãC“#“sC#ƒ“cƒ33RÄfÇ6RÃãs#C3C“3cc3‚Ããs#C3C“3cc3‚ÃãS“SCssS#ssƒSƒ’ÃãÃãc‚ÄfÇ6RÃã"Ããs‚ÄfÇ6RÃã“Csc3sC###CcÃã“Csc3sC###CcÃãsƒCcCƒ““ƒscS#bÃãÃãcÄfÇ6RÃãSCƒ##Cs“3##c#ƒ‚ÃãSCƒ##Cs“3##c#ƒ‚ÃãS#sC3CƒC##C“cSsÃãÃãs‚ÄfÇ6RÃãÃãsBÄfÇ6RÃã3#ƒC#3sssScCÃã3#ƒC#3sssScCÃã“c3SccS#“C“#CRÃãÃãSÄfÇ6RÃã3#C““3“s“SCCCcC’Ãã3#C““3“s“SCCCcC’Ãã#33“cS“##ƒSRÃãƒ‚ÃãÅG'VRÃã‚ÃãÅG'VRÃã#SƒcC“s‚Ãã#SƒcC“s‚ÃãSCCcc3“#3ƒ#CCBÃã#rÃãÄfÇ6RÃãC“#“sC#ƒ“cƒ33SBÃãC“#“sC#ƒ“cƒ33SBÃãcC33CsSsSCCS‚ÃãbÃã“rÄfÇ6RÃãBÃã“‚ÄfÇ6RÃãCS#“CcCsCsSc“sƒbÃãCS#“CcCsCsSc“sƒbÃãƒcƒ#3CS#csC’Ãã2Ãã“BÄfÇ6RÃÃÆF“ööæÇ•÷&WFW&Ö–æÅöF—66÷fW'’ÅG'VRÅG'VRÅG'VRÅG'VRÄfÇ6RÄfÇ6RÄfÇ6P¤ädS"Ä„$Ä„$ÄTå4s#cs"ÃãC“#“#cƒs#33’ÃãC“#“#cƒs#33’ÄfÇ6RÃãc#“SCC“ƒ333‚Ããc#“SCC“ƒ333‚ÃãC3“sc“s““CcbÃãrÃãÅG'VRÃãC’ÃãÄfÇ6RÃã“c“Sc#S“c#sS“SCBÃã“c“Sc#S“c#sS“SCBÃãs3C3sS“ƒ“3ƒ2ÃãSrÃãÄfÇ6RÃãcSc#3ƒ#sƒ3CC2ÃãcSc#3ƒ#sƒ3CC2Ãã#sC3CƒC##C“cSscbÃãÃãÅG'VRÃãÃãÅG'VRÃã“#cs“###“SCBÃã“#cs“###“SCBÃãCS##c33sCCƒSS“bÃãÃãÅG'VRÃã##cƒ“3CƒCcƒRÃã##cƒ“3CƒCcƒRÃã#sC3CƒC##C“cSscbÃãÃãÅG'VRÃãÃãÅG'VRÃã3ƒ3C#sCS““sScBÃã3ƒ3C#sCS““sScBÃã#sC3CƒC##C“cSscbÃãÃãÅG'VRÃãC“#“#cƒs#33‚ÃãC“#“#cƒs#33‚Ãã##s#“sccƒ3ƒCƒs‚Ãã2Ãã“rÄfÇ6RÃãÃã“bÄfÇ6RÃã3sSCC“#sSSCSBÃã3sSCC“#sSSCSBÃã3C“sS3ƒcC“sS2ÃãÃãƒ‚ÄfÇ6RÃÃÇ&WFW&Ö–æÅööæÇ•öF—66÷fW'’ÅG'VRÅG'VRÅG'VRÅG'VRÅG'VRÅG'VRÄfÇ6P¤td“"Å44$#"Å44$#"ÄTå4s3ƒscÃãCƒ“C“c#CSc3S“BÃãCƒ“C“c#CSc3S“BÄfÇ6RÃãC#“#CCcCssSc“RÃãC#“#CCcCssSc“RÃã##S#s“Sc#3SC#3#2Ãã‚Ãã“BÄfÇ6RÃãBÃã“RÄfÇ6RÃãccCS3#CS“sc2ÃãccCS3#CS“sc2Ãã3CSƒc3c3#sS’ÃãÃã“’ÄfÇ6RÃã“#ƒƒ3ƒ#3ƒss#s2Ãã“#ƒƒ3ƒ#3ƒss#s2ÃãS##c33sCCƒSS“cs"Ããs’ÃãÅG'VRÃãRÃãÄfÇ6RÃã“ƒsSC3cs3S“‚Ãã“ƒsSC3cs3S“‚Ããcƒs#C#s“ƒ3S3““bÃãsbÃãÅG'VRÃãƒƒ#ssc3s3#Cs#‚Ããƒƒ#ssc3s3#Cs#‚ÃãScƒSƒsSc#CCbÃã#’ÃãÄfÇ6RÃã#bÃãÄfÇ6RÃã““ScS“cCc3sƒc‚Ãã““ScS“cCc3sƒc‚ÃãC3sSƒSs33ƒƒ#3"Ãã#‚ÃãÄfÇ6RÃãCƒ“C“c#CSc3S“32ÃãCƒ“C“c#CSc3S“32Ãã33Sƒ“ƒC“ƒ3cscBÃã2Ãã“rÄfÇ6RÃã2Ãã“2ÄfÇ6RÃãS#3cC#3C#C#S“rÃãS#3cC#3C#C#S“rÃãCsc“SCs3#S#ƒƒÃãÃã“‚ÄfÇ6RÃÃÆV&Ç•ööæÇ•öF—66÷fW'’ÅG'VRÅG'VRÄfÇ6RÄfÇ6RÅG'VRÅG'VRÄfÇ6P¤ädS"ÄÔ4Ó‚ÄÔ4Ó‚ÄTå4s#SƒƒRÂÓãCƒƒsC3sƒ“cCƒ3bÃãCƒƒsC3sƒ“cCƒ3bÄfÇ6RÂÓãƒ“3s3“3ƒ3#‚Ããƒ“3s3“3ƒ3#‚Ãã#3Cs3s#sS3CcC#BÃã“bÃãÅG'VRÃãsBÃãÅG'VRÂÓãcscCs3“s#ÃãcscCs3“s#ÃãS“#333cS3CSBÃãƒrÃãÅG'VRÂÓãCCCƒ##33#s#CbÃãCCCƒ##33#s#CbÃãc#“c#“c#“c#“c#“rÃãÃãc’ÄfÇ6RÃãÃãs’ÄfÇ6RÂÓãC“ƒcS“3C“3sC3c‚ÃãC“ƒcS“3C“3sC3c‚Ããƒƒ3C“#C3ƒ“SsRÃãÃãcBÄfÇ6RÂÓã#cs3s#s3##“sC‚Ãã#cs3s#s3##“sC‚ÃãSC“cSscCCsƒs“2ÃãÃãs’ÄfÇ6RÃãÃãƒ2ÄfÇ6RÂÓãCC3#3#c#CC3“cRÃãCC3#3#c#CC3“cRÃãC“ƒ“#cc33rÃãÃã“bÄfÇ6RÂÓãCƒƒsC3sƒ“cCƒ3ccbÃãCƒƒsC3sƒ“cCƒ3ccbÃã##ƒƒcSƒC3c#3“’ÃãÃã“RÄfÇ6RÃã2ÃãÄfÇ6RÂÓã3ƒsƒCƒCsƒƒƒ3BÃã3ƒsƒCƒCsƒƒƒ3BÃã33S3““CcS#SscBÃãÃã“BÄfÇ6RÃÃÆV&Ç•ööæÇ•öF—66÷fW'’ÅG'VRÅG'VRÅG'VRÅG'VRÅG'VRÅG'VRÄfÇ6P¤´ÄcÅ%4Å%4ÄTå4scƒ#‚ÃãCƒƒsC3C“#cbÃãCƒƒsC3C“#cbÄfÇ6RÃã““3CCƒsscScc’Ãã““3CCƒsscScc’ÃãC#S#“ƒ3“CƒCSC"ÃãsRÃãÅG'VRÃãsRÃãÅG'VRÃã#ScSƒCc“SƒC"Ãã#ScSƒCc“SƒC"Ãã#3ƒsSƒs3#33c3“sBÃãc2ÃãÄfÇ6RÃãC##SSCƒ“cCƒ“333BÃãC##SSCƒ“cCƒ“333BÃãc#3““sc“SCs3#bÃã"Ãã“BÄfÇ6RÃã‚Ãã’ÄfÇ6RÃã33ccƒƒSScCC3BÃã33ccƒƒSScCC3BÃãC3#“#ƒc““SƒƒBÃãÃã“BÄfÇ6RÃã#sSƒ#“ƒss3csCRÃã#sSƒ#“ƒss3csCRÃãCSƒ#Cc“3Sƒ#CrÃãÃã‚ÄfÇ6RÃã"ÃãƒRÄfÇ6RÂÓã33S“#3Scƒ“cBÃã33S“#3Scƒ“cBÃãSsCc##ss““cs"ÃãÃãƒÄfÇ6RÃãCƒƒsC3C“#cc‚ÃãCƒƒsC3C“#cc‚Ãã3csc#cƒƒcCSCCrÃãrÃã“bÄfÇ6RÃã’Ãã“2ÄfÇ6RÃãs33“3ƒSSCCƒrÃãs33“3ƒSSCCƒrÃãS3C“s“C#3ƒcƒ3#sRÃã#rÃãÄfÇ6RÃÃÆV&Ç•ööæÇ•öF—66÷fW'’ÅG'VRÅG'VRÅG'VRÅG'VRÄfÇ6RÄfÇ6RÄfÇ6P¤´ÄcÄ„U3bÄ„U3bÄTå4sCCCƒRÃãCƒƒ3Sƒ““C#s’ÃãCƒƒ3Sƒ““C#s’ÄfÇ6RÃãsƒ“3c#ƒ“S““s#ƒRÃãsƒ“3c#ƒ“S““s#ƒRÃãCƒƒ3S#3s#ScbÃã#"ÃãÄfÇ6RÃã#RÃãÄfÇ6RÃãC33cƒS#3#CC#BÃãC33cƒS#3#CC#BÃãCCS#cƒ##3sCƒÃã“ÃãÅG'VRÃãƒS3ƒS#s“3ƒ3ƒBÃãƒS3ƒS#s“3ƒ3ƒBÃã3CC3s#s#33“c"ÃãsRÃãÅG'VRÃã3bÃãÄfÇ6RÃã3“S3#c“““S"Ãã3“S3#c“““S"Ããs“c“ƒ#cs3S#S3rÃã“RÃãÅG'VRÃãc3ScsS3#3SSSCc2Ããc3ScsS3#3SSSCc2Ãã“#CSSCƒ3ƒ3CC2Ãã"Ãã“’ÄfÇ6RÃãBÃã“bÄfÇ6RÃã#SƒC#S3#cCƒcRÃã#SƒC#S3#cCƒcRÃãcS#Ssc3cƒs#BÃã#RÃãÄfÇ6RÃãCƒƒ3Sƒ““C#s“2ÃãCƒƒ3Sƒ““C#s“2Ãã3s33ƒSCS“S33bÃãRÃã“bÄfÇ6RÃã‚Ãã“2ÄfÇ6RÃãsS3“cƒ“#3#333"ÃãsS3“cƒ“#3#333"ÃãCƒ#ƒS3##3S“3“cC3RÃã2ÃãÄfÇ6RÃÃÆV&Ç•ööæÇ•öF—66÷fW'’ÅG'VRÅG'VRÄfÇ6RÄfÇ6RÅG'VRÅG'VRÄfÇ6P¤$4ÃÄ$4ÃtÄ$4ÃtÄTå4s“ƒrÃãCƒcc##SCScCCS"ÃãCƒcc##SCScCCS"ÄfÇ6RÃã3Cs“SSS3#“#cƒrÃã3Cs“SSS3#“#cƒrÃã#3Ccƒ#3Sƒƒ3RÃãsÃãÅG'VRÃãsÃãÅG'VRÃãcƒcSC###S##BÃãcƒcSC###S##BÃã#ƒ3c“ƒcCCS3#ƒbÃãs‚ÃãÅG'VRÃãƒcƒ3ƒƒsSCSCƒrÃãƒcƒ3ƒƒsSCSCƒrÃãcC“3ƒ#scC“3‚Ãã"ÃãÄfÇ6RÃãBÃãÄfÇ6RÃãs3SS#s#C2Ããs3SS#s#C2Ãã##“Csƒs3s““s#SrÃãÃãÄfÇ6RÂÓãCC“CƒS“3c3c#BÃãCC“CƒS“3c3c#BÃãC##ƒSCƒ“s3“bÃãÃã“RÄfÇ6RÃãÃã“BÄfÇ6RÂÓãSc#3C“SCC’ÃãSc#3C“SCC’ÃãC“CcS#Ssc3cƒRÃãÃã“RÄfÇ6RÃãCƒcc##SCScCCS#"ÃãCƒcc##SCScCCS#"ÃãC3ƒCƒss“C“S“ƒrÃãÃã“BÄfÇ6RÃãÃã“"ÄfÇ6RÃã“ƒƒCS3“c3#S#RÃã“ƒƒCS3“c3#S#RÃã3ƒ“3CS##c33rÃãÃãÄfÇ6RÃÃÆV&Ç•ööæÇ•öF—66÷fW'’ÅG'VRÅG'VRÅG'VRÅG'VRÅG'VRÅG'VRÄfÇ6P¤$4ÃÅ44dC"Å44dC"ÄTå4sƒCs‚ÃãCƒcSƒ#c“SC33"ÃãCƒcSƒ#c“SC33"ÄfÇ6RÃãCsƒ#Cc#3c#ƒC#ƒbÃãCsƒ#Cc#3c#ƒC#ƒbÃã#ƒS33CcS#“C“cRÃãƒ"ÃãÅG'VRÃãbÃãÄfÇ6RÃãSs#“#sCCC3’ÃãSs#“#sCCC3’Ãã#s3C3ƒƒ#S"ÃãsrÃãÅG'VRÃã#cc#ƒS“s“c“#ƒbÃã#cc#ƒS“s“c“#ƒbÃã3C#“3SS#ƒ#s32Ããc’ÃãÄfÇ6RÃãCbÃãÄfÇ6RÃã“#ƒsSsCs#3C“2Ãã“#ƒsSsCs#3C“2Ããƒcc“CSƒ“c3"ÃãÃãÄfÇ6RÃãC3C“s33S#Cs3RÃãC3C“s33S#Cs3RÃãC3S“3“cC33CsSsbÃãÃã’ÄfÇ6RÃãÃã“"ÄfÇ6RÂÓã#“ƒc33Ccƒ3#3"Ãã#“ƒc33Ccƒ3#3"Ããsc#cƒƒcCSCCccBÃãÃãƒÄfÇ6RÃãCƒcSƒ#c“SC33#RÃãCƒcSƒ#c“SC33#RÃãC3ƒSCS“S33cscƒ"ÃãÃã“BÄfÇ6RÃãÃã“’ÄfÇ6RÃãSCs3cCƒƒC#ƒS“#CBÃãSCs3cCƒƒC#ƒS“#CBÃãcC#S#CSCƒc“bÃãÃã“’ÄfÇ6RÃÃÆV&Ç•ööæÇ•öF—66÷fW'’ÅG'VRÅG'VRÄfÇ6RÄfÇ6RÅG'VRÅG'VRÄfÇ6P¤td“"Å5U4CÅ5U4CÄTå4scƒc‚ÃãCƒcC“CCC33Ccƒ#‚ÃãCƒcC“CCC33Ccƒ#‚ÄfÇ6RÃã“S“c#ƒ““ƒs“SƒrÃã“S“c#ƒ““ƒs“SƒrÃãs“3Ss“3ccc‚ÃãSRÃãÄfÇ6RÃãc‚ÃãÄfÇ6RÃãƒ“sScSS#Ss3cc"Ããƒ“sScSS#Ss3cc"Ãã33ƒƒccsƒSScs#“3"ÃãC‚ÃãÄfÇ6RÃã3C3“S#ƒ#ƒ“#3’Ãã3C3“S#ƒ#ƒ“#3’Ãã#ƒCC““3C#ƒ“C3sRÃã"Ãã“BÄfÇ6RÃãRÃãƒBÄfÇ6RÃã#cS“S#3ƒSccs“BÃã#cS“S#3ƒSccs“BÃãC#cCc“S3C“s“RÃãÃã’ÄfÇ6RÃã#CS##3Cs3ƒs’Ãã#CS##3Cs3ƒs’Ããc““SƒƒCss3cc#SSRÃãs2ÃãÅG'VRÃãs"ÃãÅG'VRÃã#Cs#ƒ“s#“c“sCƒ‚Ãã#Cs#ƒ“s#“c“sCƒ‚Ãã3““sc“SCs3#S2ÃãcBÃãÄfÇ6RÃãCƒcC“CCC33Ccƒ#“bÃãCƒcC“CCC33Ccƒ#“bÃã333ƒƒ#3sƒ3#cCbÃãBÃã“"ÄfÇ6RÃã"Ãã“RÄfÇ6RÃãs#sc3ScCC#ss#C2Ããs#sc3ScCC#ss#C2Ãã33cƒs#C#s“ƒ3SBÃãÃãÄfÇ6RÃÃÆF“ööæÇ•÷&WFW&Ö–æÅöF—66÷fW'’ÅG'VRÅG'VRÅG'VRÅG'VRÄfÇ6RÄfÇ6RÄfÇ6P¤td“"Ä5”#T"Ä5”#T"ÄTå4s3‚ÃãCƒC3sC#SS##2ÃãCƒC3sC#SS##2ÄfÇ6RÂÓã3C#Csc#C“Cƒ3S2Ãã3C#Csc#C“Cƒ3S2Ãã#s#“ƒcc“##sc3"ÃãsRÃãÅG'VRÃãrÃãÅG'VRÂÓãS“SS“Cs“CƒbÃãS“SS“Cs“CƒbÃã#c#sSƒƒCcS##bÃãs’ÃãÅG'VRÂÓã#33Ssc““cScƒSS‚Ãã#33Ssc““cScƒSS‚Ãã“3Sƒ#Cc“3Sƒ#RÃãÃãSrÄfÇ6RÃãÃãSsÄfÇ6RÂÓãSc#ƒCS#ƒcc#s3rÃãSc#ƒCS#ƒcc#s3rÃãs##############"ÃãÃãs"ÄfÇ6RÃãC3sƒSCcS3c3rÃãC3sƒSCcS3c3rÃã3cƒSƒsSc#CC#bÃã"Ãã“2ÄfÇ6RÃãBÃã“ÄfÇ6RÃãS3Cs3S3“ƒ3SSbÃãS3Cs3S3“ƒ3SSbÃã#s“c#“Csƒs3‚Ãã2Ãã“bÄfÇ6RÃãCƒC3sC#SS###ƒBÃãCƒC3sC#SS###ƒBÃã33“cC33CsSsSCCBÃãÃã“ÄfÇ6RÃãÃãƒ‚ÄfÇ6RÃãs“3ScSC“#CƒcRÃãs“3ScSC“#CƒcRÃã#cSscCCsƒs“#ƒrÃãÃãÄfÇ6RÃÃÆV&Ç•ööæÇ•öF—66÷fW'’ÅG'VRÅG'VRÅG'VRÅG'VRÅG'VRÅG'VRÄfÇ6P¤´ÄcÅDå3ÅDå3ÄTå4ss“3‚ÃãCƒ“#s3“cc“#“C‚ÃãCƒ“#s3“cc“#“C‚ÄfÇ6RÃã33CCSc3c##cCcbÃã33CCSc3c##cCcbÃã3CS3CƒSƒS#332Ãã"Ããƒ‚ÄfÇ6RÃãÃãƒrÄfÇ6RÃãS#CSsƒ3“C“c“‚ÃãS#CSsƒ3“C“c“‚Ãã##“#C“SSC##cSS‚Ãã"Ãã“rÄfÇ6RÃã##ƒss#Ss““cƒrÃã##ƒss#Ss““cƒrÃãcSƒC3c#3““sc“RÃãƒrÃãÅG'VRÃãSRÃã“’ÄfÇ6RÃãS“c““#3CC“CƒbÃãS“c““#3CC“CƒbÃãsƒƒ“3CS##cBÃã“rÃãÅG'VRÃã““CSƒ“#S3scC‚Ãã““CSƒ“#S3scC‚ÃãCcsscCc3SccS#’ÃãSRÃã“’ÄfÇ6RÃãS2Ãã“’ÄfÇ6RÃã“Scƒs#cc#3ƒ“C2Ãã“Scƒs#cc#3ƒ“C2Ãã“3CSc3sƒcƒ#BÃã“rÃãÅG'VRÃãCƒ“#s3“cc“#“Cƒ"ÃãCƒ“#s3“cc“#“Cƒ"ÃãC#s“ƒ3S3““CcS"ÃãÃã“BÄfÇ6RÃãÃã’ÄfÇ6RÃãCSC“c#s#SScƒSƒRÃãCSC“c#s#SScƒSƒRÃã#cƒSƒsSc#CC#bÃãRÃã“"ÄfÇ6RÃÃÆV&Ç•ööæÇ•öF—66÷fW'’ÅG'VRÅG'VRÄfÇ6RÄfÇ6RÅG'VRÅG'VRÄfÇ6P¤´ÄcÅ%Ud$ÃÅ%Ud$ÃÄTå4ssSs“"ÂÓãCsƒƒƒ“3“ƒ3S3C’ÃãCsƒƒƒ“3“ƒ3S3C’ÄfÇ6RÃãCScS“ƒS“c“CbÃãCScS“ƒS“c“CbÃã#CƒCScSsƒCSƒc“rÃã’Ãã“RÄfÇ6RÃãÃã“ÄfÇ6RÃãSsS“#“33#3“C#‚ÃãSsS“#“33#3“C#‚Ãã“S#Css“#ƒs“bÃãÃã“‚ÄfÇ6RÂÓãCCƒs“c3#scsS#“bÃãCCƒs“c3#scsS#“bÃãscC“3ƒ#scC“RÃãÃã“RÄfÇ6RÃã"Ãã’ÄfÇ6RÂÓãS“ss#“3sƒ3CCsRÃãS“ss#“3sƒ3CCsRÃãc#ƒ#SsƒƒsSsCrÃã"Ãã“’ÄfÇ6RÂÓã#ƒsƒ““3#ssRÃã#ƒsƒ““3#ssRÃã3SccS#“C“#CSSCƒbÃãƒbÃãÅG'VRÃã‚ÃãÅG'VRÂÓãƒc“s“ss“3CƒBÃãƒc“s“ss“3CƒBÃãsCcsscCc3SccbÃãƒrÃãÅG'VRÂÓãCsƒƒƒ“3“ƒ3S3C“BÃãCsƒƒƒ“3“ƒ3S3C“BÃãC3c#3““sc“SCsBÃã’Ãã“ÄfÇ6RÃãRÃã“‚ÄfÇ6RÂÓãC#cS3cs#S“C“ƒs’ÃãC#cS3cs#S“C“ƒs’Ãã#3ss##“ƒ“3#sƒCRÃãRÃã’ÄfÇ6RÃÃÆF“ööæÇ•÷&WFW&Ö–æÅöF—66÷fW'’ÅG'VRÅG'VRÅG'VRÅG'VRÅG'VRÅG'VRÄfÇ6P¤td“"Å5âÅ5âÄTå4s“sCsÃãCssƒccSS3C3C#“rÃãCssƒccSS3C3C#“rÄfÇ6RÂÓãS“scC#“S#ƒCC“BÃãS“scC#“S#ƒCC“BÃã“Ccc3““ƒ“c"Ãã‚ÃãÄfÇ6RÃã#"Ãã“‚ÄfÇ6RÂÓãsƒCsCcSS3ƒc"ÃãsƒCsCcSS3ƒc"ÃãC““3ƒ#c33c#3#c‚Ãã#ÃãÄfÇ6RÂÓã“#c#cCCƒƒrÃã“#c#cCCƒƒrÃãS“##ƒSCƒ“rÃãrÃãÅG'VRÃãS‚Ãã“’ÄfÇ6RÂÓã“3C“sƒ3cc“3bÃã“3C“sƒ3cc“3bÃãs33Sƒ“ƒC“ƒ3rÃã“bÃãÅG'VRÂÓã#SC“Sc“ƒ#“bÃã#SC“Sc“ƒ#“bÃãsccs“c“ƒ#cs3bÃãÃãcRÄfÇ6RÃãÃãS“ÄfÇ6RÂÓã#Sƒ#“ƒ#Sƒ3cc3rÃã#Sƒ#“ƒ#Sƒ3cc3rÃãSs#C#s“ƒ3S3““CbÃãÃãs’ÄfÇ6RÃãCssƒccSS3C3C#“sRÃãCssƒccSS3C3C#“sRÃã3C#3ƒcƒ3#sSs#rÃã2Ãã“2ÄfÇ6RÃãBÃã“BÄfÇ6RÃãƒCsƒ#c“CSssÃãƒCsƒ#c“CSssÃã#3#sƒCc3cCƒƒ3C"Ãã"ÃãÄfÇ6RÃÃÆV&Ç•ööæÇ•öF—66÷fW'’ÅG'VRÅG'VRÄfÇ6RÄfÇ6RÅG'VRÅG'VRÄfÇ6P¤td“"ÄÄ3"ÄÄ3"ÄTå4sSƒSs‚ÃãCsss3sSCSCSss‚ÃãCsss3sSCSCSss‚ÄfÇ6RÃãS3CS#“CS“S’ÃãS3CS#“CS“S’Ãã“sSCC#CCsS#3ccbÃã“‚ÃãÅG'VRÃãƒbÃãÅG'VRÃãƒcCc“SƒƒSƒRÃãƒcCc“SƒƒSƒRÃã“c3S#CSƒ3#‚ÃãÃãÅG'VRÃãc#sƒ“s3cSƒƒ#BÃãc#sƒ“s3cSƒƒ#BÃã#sC3CƒC##C“cSscbÃãÃãÅG'VRÃã“’ÃãÅG'VRÃãs“ƒC#c#Ssƒ#CrÃãs“ƒC#c#Ssƒ#CrÃãCS##c33sCCƒSS“bÃãÃãÅG'VRÃãssscS#SSBÃãssscS#SSBÃãƒ#s33Sƒ“ƒC“Ãã2Ãã“’ÄfÇ6RÃã"ÃãÄfÇ6RÃãSƒCƒƒCƒcc“SS#3ÃãSƒCƒƒCƒcc“SS#3Ãã#sSCCSƒcƒcSSrÃã2Ãã“RÄfÇ6RÃãCsss3sSCSCSssƒ‚ÃãCsss3sSCSCSssƒ‚Ãã3C#ccs“c“ƒ#csBÃãÃãÄfÇ6RÃãÃã“‚ÄfÇ6RÃã#C3scCCcƒSs#Cƒ“2Ãã#C3scCCcƒSs#Cƒ“2ÃãsCCCCCCCCCCCCCCRÃãÃãƒ‚ÄfÇ6RÃÃÆV&Ç•ööæÇ•öF—66÷fW'’ÅG'VRÅG'VRÅG'VRÅG'VRÅG'VRÅG'VRÄfÇ6P¤´ÄcÅDÔTÓD2ÅDÔTÓD2ÄTå4sƒC2ÃãCscƒS#CsS3ƒ2ÃãCscƒS#CsS3ƒ2ÄfÇ6RÃãc##s“sccs#cÃãc##s“sccs#cÃãSscC#3“s“c“RÃãsrÃãÅG'VRÃãrÃãÅG'VRÃãSSsS###s“S#rÃãSSsS###s“S#rÃã“ƒssƒ“ƒ##ss2Ãã’ÃãÅG'VRÃãƒs“CSc#3ss“#’Ããƒs“CSc#3ss“#’Ãã#3CScs“#3CScs‚ÃãcRÃãÄfÇ6RÃã3rÃãÄfÇ6RÃã3CcC#ƒc3SÃã3CcC#ƒc3SÃãCSCCcc3“#3ƒ#CBÃãƒrÃãÅG'VRÃãS#ƒƒ“c#cccƒC““SBÃãS#ƒƒ“c#cccƒC““SBÃãc33sCCƒSS“css‚ÃãÃã“BÄfÇ6RÃãÃã“rÄfÇ6RÃãƒ3#S3ƒ#C“3SssRÃãƒ3#S3ƒ#C“3SssRÃãƒƒ3C“#C3ƒ“SsBÃã"ÃãÄfÇ6RÃãCscƒS#CsS3ƒ3ÃãCscƒS#CsS3ƒ3ÃãCSSCƒ3ƒ3CC3s"ÃãrÃã“’ÄfÇ6RÃãrÃã“RÄfÇ6RÃãSscC“CCC##sSc“bÃãSscC“CCC##sSc“bÃã“#C3ƒ“SsCsS““BÃã’Ãã“‚ÄfÇ6RÃÃÆV&Ç•ööæÇ•öF—66÷fW'’ÅG'VRÅG'VRÅG'VRÅG'VRÅG'VRÅG'VRÄfÇ6P¤´ÄcÄ„$"Ä„$"ÄTå4sƒƒS3bÃãCs3#ƒCCcs“ss#’ÃãCs3#ƒCCcs“ss#’ÄfÇ6RÃãS“##s““#C#Ss““rÃãS“##s““#C#Ss““rÃã#3Cs3s#sS3CcC#BÃã“’ÃãÅG'VRÃãÃãÅG'VRÃã#S“cCƒ#sCSCƒsÃã#S“cCƒ#sCSCƒsÃãcƒS“cSS#“s##“ÃãÃãÅG'VRÃãScCCSs#“C“ƒs“SÃãScCCSs#“C“ƒs“SÃãƒ#3CS#csCƒ“s’ÃãÃãÅG'VRÃãÃãÅG'VRÃã#S“CCs3ssSSSƒSsBÃã#S“CCs3ssSSSƒSsBÃãSCƒc“cƒCC““3C2ÃãÃãÅG'VRÃã3ss##“sƒƒ33#S2Ãã3ss##“sƒƒ33#S2Ãã#Cc“3Sƒ#Cc“3S‚Ãã“"ÃãÅG'VRÃãƒÃãÅG'VRÃã3C“s3ssƒ##C2Ãã3C“s3ssƒ##C2ÃãcƒSƒsSc#CC#cbÃãÃãÅG'VRÃãCs3#ƒCCcs“ss#ƒ’ÃãCs3#ƒCCcs“ss#ƒ’ÃãCƒC##C“cSscCCrÃãrÃã“rÄfÇ6RÃãÃã“"ÄfÇ6RÃã#““sc#S3cƒS“"Ãã#““sc#S3cƒS“"ÃãssSsCcsscCc2ÃãÃãc2ÄfÇ6RÃÃÇ&WFW&Ö–æÅööæÇ•öF—66÷fW'’ÅG'VRÅG'VRÅG'VRÅG'VRÅG'VRÅG'VRÄfÇ6P¤ädS"ÄU#CÄU#CÄTå4sS“#2ÃãCsc“3C“scƒ‚ÃãCsc“3C“scƒ‚ÄfÇ6RÃã3c3““33sCS“SRÃã3c3““33sCS“SRÃã3cƒ3c3#ƒsCS3BÃã"ÃãƒBÄfÇ6RÃã"ÃãsÄfÇ6RÃã3cƒsSƒ##s#S“Sc2Ãã3cƒsSƒ##s#S“Sc2Ãã#ƒsCS33333s’ÃãBÃãƒrÄfÇ6RÃãƒS“S“ƒ“SƒS#ÃãƒS“S“ƒ“SƒS#Ããƒss“C“S“ƒ“#cÃãc’ÃãÄfÇ6RÃãRÃã“‚ÄfÇ6RÃãSSƒsSScsƒcbÃãSSƒsSScsƒcbÃãC#ƒ“C3sSƒSs33ƒ‚Ããc’ÃãÄfÇ6RÃãS3ƒC#3Scc##“3"ÃãS3ƒC#3Scc##“3"ÃãCS##c33sCCƒSbÃã“ÃãÅG'VRÃãƒrÃãÅG'VRÃã#“SƒCCC“CSSC#3S"Ãã#“SƒCCC“CSSC#3S"ÃãSsSCCSƒcƒcSSrÃãÃãÅG'VRÃãCsc“3C“scƒscBÃãCsc“3C“scƒscBÃã#CsCc##ss““crÃã2Ãã“RÄfÇ6RÃã2Ãã“RÄfÇ6RÃã3#scƒS3ƒ“srÃã3#scƒS3ƒ“srÃãCs“c“ƒ#cs3S#SRÃãÃãƒrÄfÇ6RÃÃÆF“ööæÇ•÷&WFW&Ö–æÅöF—66÷fW'’ÅG'VRÅG'VRÅG'VRÅG'VRÅG'VRÅG'VRÄfÇ6P¤ädS"ÄäSÄäSÄTå4s#Ss’ÂÓãCc“cs#ƒƒ“s"ÃãCc“cs#ƒƒ“s"ÄfÇ6RÂÓã33cc“cCCC33sƒÃã33cc“cCCC33sƒÃã33CƒƒƒƒscƒcSƒBÃãÃã‚ÄfÇ6RÃãÃãƒ’ÄfÇ6RÂÓã3sCƒsCcScƒs2Ãã3sCƒsCcScƒs2Ãã3scSS““ƒs“#sbÃãRÃãƒrÄfÇ6RÂÓãƒSs“s#3sS3C3“‚ÃãƒSs“s#3sS3C3“‚Ãã“S3C“s“C#3ƒcƒ2ÃãsRÃãÅG'VRÃãc2Ãã“’ÄfÇ6RÂÓã“S“C33csss“3s2Ãã“S“C33csss“3s2Ããƒ#CCs“c#“C‚Ããc‚ÃãÄfÇ6RÂÓãscccc3ƒCscƒ“#S’Ããscccc3ƒCscƒ“#S’ÃãC#S#CSCƒc“cƒRÃãÃã“’ÄfÇ6RÃãRÃã“‚ÄfÇ6RÂÓãcs3S3“#s3S““"Ããcs3S3“#s3S““"Ãã#33“cS“##ƒSÃã‚ÃãÄfÇ6RÂÓãCc“cs#ƒƒ“s#bÃãCc“cs#ƒƒ“s#bÃã#Cƒ#ƒS3##3S“3“cC2Ãã2Ãã“bÄfÇ6RÃãÃã“BÄfÇ6RÂÓãC3#ƒC#Cc3C#“3“BÃãC3#ƒC#Cc3C#“3“BÃã#ss3cc#SSCC3#’Ãã"Ãã“rÄfÇ6RÃÃÆV&Ç•ööæÇ•öF—66÷fW'’ÅG'VRÅG'VRÄfÇ6RÄfÇ6RÄfÇ6RÄfÇ6RÄfÇ6P¤$4ÃÄeDƒÄeDƒÄTå4scs““bÂÓãCcƒSC3“c#ccsC"ÃãCcƒSC3“c#ccsC"ÄfÇ6RÂÓãCC3cS3“c3S“RÃãCC3cS3“c3S“RÃãƒs“SCCS“3ƒC#srÃãƒbÃãÅG'VRÃãc2ÃãÄfÇ6RÂÓãƒCC3#s#S#Cc"ÃãƒCC3#s#S#Cc"Ããs#3s#s#3c#RÃãRÃãÄfÇ6RÂÓã##Sƒcs#ƒS#ƒbÃã##Sƒcs#ƒS#ƒbÃãSƒ“c3#3s33ƒbÃãÃãÅG'VRÃãÃãÅG'VRÂÓã#ƒ3ƒCcCSs“SS#rÃã#ƒ3ƒCcCSs“SS#rÃãs“ScC#S#CSC’ÃãÃãÅG'VRÂÓã#ƒcsCsCcCScRÃã#ƒcsCsCcCScRÃãc33ssC##RÃãÃãÅG'VRÃãÃãÅG'VRÂÓã#CcSs3S#“#“CSCÃã#CcSs3S#“#“CSCÃã“sS3ƒcC“sS3ƒbÃã“BÃãÅG'VRÂÓãCcƒSC3“c#ccsC#SBÃãCcƒSC3“c#ccsC#SBÃãCSƒSs33ƒƒ#3sƒRÃãÃã“‚ÄfÇ6RÃãÃã“rÄfÇ6RÂÓãCc3cS““3cƒ3“BÃãCc3cS““3cƒ3“BÃãcsCsS““CS33SRÃãÃã“bÄfÇ6RÃÃÇ&WFW&Ö–æÅööæÇ•öF—66÷fW'’ÅG'VRÅG'VRÅG'VRÅG'VRÅG'VRÅG'VRÄfÇ6P¤ädS"Ää4ÂÄä4ÂÄTå4sSS2ÂÓãCcƒSC3SƒSs3RÃãCcƒSC3SƒSs3RÄfÇ6RÂÓãc#SsƒcsScƒC3Ããc#SsƒcsScƒC3ÃãCS#s3s“c3S"ÃãbÃãÄfÇ6RÃãbÃãÄfÇ6RÂÓãsccS“ƒcƒ““sRÃãsccS“ƒcƒ““sRÃã3C#“ƒ#SscCƒSCSbÃãcbÃãÄfÇ6RÂÓã“cs##ƒScs3cƒ#S#bÃã“cs##ƒScs3cƒ#S#bÃãCƒ“s3“3cƒ““ƒrÃã’ÃãÅG'VRÃãcBÃãÄfÇ6RÂÓã3SSc““Ccc“CƒC"Ãã3SSc““Ccc“CƒC"Ãã3C#“3SS#ƒ#s32Ãã“’ÃãÅG'VRÂÓã3ccƒs#ƒ“##cC#2Ãã3ccƒs#ƒ“##cC#2Ããƒss“C“S“ƒ“#cÃãsbÃãÅG'VRÃãƒ"ÃãÅG'VRÂÓã###ƒ#c3ƒSC#“CCcrÃã###ƒ#c3ƒSC#“CCcrÃãC#S#CSCƒc“cƒCRÃãÃãÅG'VRÂÓãCcƒSC3SƒSs3SƒbÃãCcƒSC3SƒSs3SƒbÃã#Cƒ“s“3CSc3sƒbÃã"Ãã“bÄfÇ6RÃãÃã“ÄfÇ6RÂÓã3ƒC“csSsc“s‚Ãã3ƒC“csSsc“s‚Ãã33Sƒ“ƒC“ƒ3cscBÃã"Ãã“#“““““““““““““’ÄfÇ6RÃÃÇ&WFW&Ö–æÅööæÇ•öF—66÷fW'’ÅG'VRÅG'VRÅG'VRÅG'VRÅG'VRÅG'VRÄfÇ6P¤$4ÃÄdõ…Ädõ…ÄTå4sCƒcÂÓãCcsCSs#3ƒƒ#ƒ’ÃãCcsCSs#3ƒƒ#ƒ’ÄfÇ6RÃã#“s““#“ƒ3#ƒ"Ãã#“s““#“ƒ3#ƒ"ÃãCScƒS#s“ƒsƒs#bÃãCBÃãÄfÇ6RÃãbÃãÄfÇ6RÃãsCcS“csSc#3ss’ÃãsCcS“csSc#3ss’Ããss#S33“SS#sSs"Ãã2ÃãÄfÇ6RÃã33#3s3CCCCs‚Ãã33#3s3CCCCs‚Ãã#sSs#cCc“S3RÃãsÃãÅG'VRÃãRÃãÄfÇ6RÃã#ƒc3“#cƒcƒ#““bÃã#ƒc3“#cƒcƒ#““bÃãSƒƒCss3cc#SSCBÃã#RÃãÄfÇ6RÃãC“c“Cƒ#ƒƒ2ÃãC“c“Cƒ#ƒƒ2Ãã33CsSsSCCSƒc"ÃãSBÃãÄfÇ6RÃãS’ÃãÄfÇ6RÃãs#3##Sc“Sƒ3“2Ããs#3##Sc“Sƒ3“2ÃãsSsSCCSƒcƒcbÃãRÃãÄfÇ6RÂÓãCcsCSs#3ƒƒ#ƒ“2ÃãCcsCSs#3ƒƒ#ƒ“2ÃãCS““CS33SScbÃãÃã“rÄfÇ6RÃãÃã“#“““““““““““““’ÄfÇ6RÂÓãScsC“ccsƒ3CCRÃãScsC“ccsƒ3CCRÃãS“#S“#S“#S“#S“#bÃãÃãÄfÇ6RÃÃÆV&Ç•ööæÇ•öF—66÷fW'’ÅG'VRÅG'VRÄfÇ6RÄfÇ6RÄfÇ6RÄfÇ6RÄfÇ6P¤td“"ÅT%DbÅT%DbÄTå4sƒ3"ÃãCcs3“sSƒCƒCc3‚ÃãCcs3“sSƒCƒCc3‚ÄfÇ6RÃãCƒ3S3cssSRÃãCƒ3S3cssSRÃã#C““cSssC#3SRÃãrÃã“BÄfÇ6RÃã"ÃãƒBÄfÇ6RÃãSS#33c##c#SƒƒbÃãSS#33c##c#SƒƒbÃãCccS“3C“sS3RÃãbÃã“rÄfÇ6RÂÓã#Css#SCScƒ“#s2Ãã#Css#SCScƒ“#s2ÃãC#s#“sccƒ3ƒCƒ‚ÃãÃã“"ÄfÇ6RÃãÃãs‚ÄfÇ6RÂÓãS#“ƒ“#“CS““3Sc’ÃãS#“ƒ“#“CS““3Sc’Ããc3csc#cƒƒcCSCBÃãÃãs2ÄfÇ6RÃãS3#cSS#ƒƒCƒscbÃãS3#cSS#ƒƒCƒscbÃã3ssC##Cƒ#ƒS3Ãã“RÃãÅG'VRÃã’ÃãÅG'VRÃãSƒSSƒC3#ƒ“sc32ÃãSƒSSƒC3#ƒ“sc32Ãã#sC3CƒC##C“cSsc"Ãã“BÃãÅG'VRÃãCcs3“sSƒCƒCc3’ÃãCcs3“sSƒCƒCc3’Ãã3S#“C“#CSSCƒ3ƒRÃã2Ãã“2ÄfÇ6RÃãÃã“2ÄfÇ6RÃãcS“cCSc3S“"ÃãcS“cCSc3S“"Ãã3c3ScS“ƒs“ScÃãÃãÄfÇ6RÃÃÆF“ööæÇ•÷&WFW&Ö–æÅöF—66÷fW'’ÅG'VRÅG'VRÅG'VRÅG'VRÅG'VRÅG'VRÄfÇ6P¥DÃÄU5âÄU5âÄTå4sƒsrÃãCc3““3S#3cs3s2ÃãCc3““3S#3cs3s2ÄfÇ6RÃãƒƒsƒ“ƒccSc“s’Ããƒƒsƒ“ƒccSc“s’Ãã3SSC3“s3cc3SBÃã“"ÃãÅG'VRÃãsrÃãÅG'VRÃãsS““#S“S#crÃãsS““#S“S#crÃã#sC3ƒccƒƒ“cRÃãƒRÃãÅG'VRÃãcccCC3“3cCSc’ÃãcccCC3“3cCSc’Ãã#c##sC3CƒC##RÃãSbÃãÄfÇ6RÃã2Ãã“rÄfÇ6RÃãcCCsS#ƒƒ#3“#BÃãcCCsS#ƒƒ#3“#BÃãC#3ƒcƒ3#sSs#bÃã3"ÃãÄfÇ6RÃãcc3scc“#3CbÃãcc3scc“#3CbÃãsƒƒsSsCcsscCbÃãrÃãÄfÇ6RÃãÃã“‚ÄfÇ6RÃãCc3ƒƒ#S3Ccs3RÃãCc3ƒƒ#S3Ccs3RÃã3sS3C#“3SS#ƒ#ÃãÃã“2ÄfÇ6RÃãCc3““3S#3cs3s32ÃãCc3““3S#3cs3s32Ããƒss“C“S“ƒ“#c"ÃãBÃã“"ÄfÇ6RÃãRÃã“"ÄfÇ6RÃãCCc#3“SCc3#RÃãCCc#3“SCc3#RÃã##S#ƒƒcSƒC3c#2ÃãÃã“2ÄfÇ6RÃÃÆV&Ç•ööæÇ•öF—66÷fW'’ÅG'VRÅG'VRÅG'VRÅG'VRÅG'VRÅG'VRÄfÇ6P¤td“"Å$C#4Å$C#4ÄTå4ss“#c"ÃãCcsC3ƒsS““##"ÃãCcsC3ƒsS““##"ÄfÇ6RÃãs#SCSC“sscbÃãs#SCSC“sscbÃãƒsƒ3S3“Sƒƒ“32Ãã‚ÃãÅG'VRÃãsbÃãÅG'VRÃã#CSSS“#ƒƒS#“CsÃã#CSSS“#ƒƒS#“CsÃã“c3S#CSƒ3#rÃãs’ÃãÅG'VRÃã3“S3SS“#CƒCcRÃã3“S3SS“#CƒCcRÃã##3CScs“#3CSc‚ÃãbÃã“bÄfÇ6RÃãrÃã’ÄfÇ6RÃãSc##ƒsSc33#c3bÃãSc##ƒsSc33#c3bÃãS##c33sCCƒSS“crÃã"Ãã“’ÄfÇ6RÂÓã3c“c#cSCcƒC“2Ãã3c“c#cSCcƒC“2Ãã3ƒSs33ƒƒ#3sƒ32Ãã2ÃãƒRÄfÇ6RÃã"ÃãƒrÄfÇ6RÂÓã#3C#ƒ3ƒSc#Cc#“2Ãã#3C#ƒ3ƒSc#Cc#“2ÃãcƒcC“sS3ƒcC"ÃãÃã‚ÄfÇ6RÃãCcsC3ƒsS““###RÃãCcsC3ƒsS““###RÃã3Sƒ#““3“sƒS##BÃãÃã“bÄfÇ6RÃãÃã“rÄfÇ6RÃãƒs#ƒs#3CsCccbÃãƒs#ƒs#3CsCccbÃã#sc“SCs3#S#ƒ‚ÃãÃãÄfÇ6RÃÃÆV&Ç•ööæÇ•öF—66÷fW'’ÅG'VRÅG'VRÅG'VRÅG'VRÅG'VRÅG'VRÄfÇ6P¤ädS"Ä4„T³Ä4„T³ÄTå4sC“SSBÂÓãCc“3“S“S““2ÃãCc“3“S“S““2ÄfÇ6RÂÓãcƒscScƒƒ“ƒ#3#ÃãcƒscScƒƒ“ƒ#3#Ãã#ccccsSƒ#ƒcƒsbÃãs2ÃãÅG'VRÃãƒ‚ÃãÅG'VRÂÓãƒS3CCCƒ3ƒ“#sS"ÃãƒS3CCCƒ3ƒ“#sS"Ãã#33##ƒS#“ƒss’ÃãsrÃãÅG'VRÂÓãcs#“CSsS“SCSS"Ããcs#“CSsS“SCSS"Ãã33SScƒSƒsSrÃã3Ãã“’ÄfÇ6RÃã32ÃãÄfÇ6RÂÓãcƒ#33ƒsƒ#ƒsCBÃãcƒ#33ƒsƒ#ƒsCBÃãcC33CsSsSCCSƒ"Ãã#BÃã“’ÄfÇ6RÂÓã#C“3SCSsScS#c"Ãã#C“3SCSsScS#c"ÃãsCcsscCc3SccbÃãcÃãÄfÇ6RÃãRÃãÄfÇ6RÂÓã3s3#csscc#CScRÃã3s3#csscc#CScRÃãScSSssS3C#“3SRÃã3"ÃãÄfÇ6RÂÓãCc“3“S“S““3#RÃãCc“3“S“S““3#RÃã#Ssc3cƒs#C#s“ƒbÃãÃã“‚ÄfÇ6RÃãÃãÄfÇ6RÂÓã3S“Cs#“CSsƒsCrÃã3S“Cs#“CSsƒsCrÃã3c#“c#“c#“c#“c2ÃãÃã“bÄfÇ6RÃÃÆV&Ç•ööæÇ•öF—66÷fW'’ÅG'VRÅG'VRÅG'VRÅG'VRÅG'VRÅG'VRÄfÇ6P¤´ÄcÅ%3bÅ%3bÄTå4sS“2ÃãCc##3cCcCSƒs2ÃãCc##3cCcCSƒs2ÄfÇ6RÃãScƒCsƒCsSsƒcRÃãScƒCsƒCsSsƒcRÃãsC3s#3CƒƒS3#2ÃãrÃã“’ÄfÇ6RÃã#Ãã“’ÄfÇ6RÃãS““#sSƒ3csSSSƒRÃãS““#sSƒ3csSSSƒRÃãsc#“3CC333Cƒƒ‚Ãã2Ãã“‚ÄfÇ6RÃã###“s“c“SscSSsrÃã###“s“c“SscSSsrÃãcs#S3c3ScS“ƒÃãƒrÃãÅG'VRÃãsRÃãÅG'VRÃãƒcSS#SS3sƒ#RÃãƒcSS#SS3sƒ#RÃã##ss““cs#S3c"Ããs‚ÃãÅG'VRÃãCƒƒƒcCƒCc##3rÃãCƒƒƒcCƒCc##3rÃã#cCc3SccS#“C“#RÃãÃã“ÄfÇ6RÃãBÃã“BÄfÇ6RÂÓã“CcSS3S3SCsC3Ss’Ãã“CcSS3S3SCsC3Ss’ÃãƒsS3ƒcC“sS3ƒrÃãÃãSbÄfÇ6RÃãCc##3cCcCSƒs3rÃãCc##3cCcCSƒs3rÃãc#“Csƒs3s““s#RÃã2Ãã“BÄfÇ6RÃãrÃã“2ÄfÇ6RÃãcƒc#ƒScc#S“#BÃãcƒc#ƒScc#S“#BÃãcƒCC““3C#ƒ“C3‚Ãã’Ãã“‚ÄfÇ6RÃÃÆV&Ç•ööæÇ•öF—66÷fW'’ÅG'VRÅG'VRÅG'VRÅG'VRÅG'VRÅG'VRÄfÇ6P¤$4ÃÅ$Å$ÄTå4sƒc“SÃãCSSƒ“3“ssSRÃãCSSƒ“3“ssSRÄfÇ6RÃã#“SSs3CS##ƒsRÃã#“SSs3CS##ƒsRÃã#ccccsSƒ#ƒcƒsbÃãÃãÅG'VRÃãÃãÅG'VRÃã#3““S#3ƒc3“3scrÃã#3““S#3ƒc3“3scrÃã3ƒCCCƒScc33#ƒ2ÃãÃãÅG'VRÃãcSƒƒ33#3#3“CsÃãcSƒƒ33#3#3“CsÃãS#ƒ#s33Sƒ“ƒRÃãBÃãÄfÇ6RÃã3bÃãÄfÇ6RÃã“sc3cScƒƒ‚Ãã“sc3cScƒƒ‚Ããƒ#cs3S#S3ss##’ÃãÃãÄfÇ6RÃãCCƒScS3ƒ3S#bÃãCCƒScS3ƒ3S#bÃã““3“sƒS##c"Ãã’ÃãÄfÇ6RÃãÃãÄfÇ6RÃãcS“s#“S#“#“‚ÃãcS“s#“S#“#“‚Ãã3ƒ“SsCsS““CS32ÃãÃã“‚ÄfÇ6RÃãCSSƒ“3“ssSSbÃãCSSƒ“3“ssSSbÃãCs33Sƒ“ƒC“ƒ3bÃãÃã“rÄfÇ6RÃãÃã“BÄfÇ6RÃãƒC3Cc3cCSsƒ“RÃãƒC3Cc3cCSsƒ“RÃãCcCc“S3C“s“BÃãÃãÄfÇ6RÃÃÆV&Ç•ööæÇ•öF—66÷fW'’ÅG'VRÅG'VRÅG'VRÅG'VRÅG'VRÅG'VRÄfÇ6P¥DÃÅ¤%D##Å¤%D##ÄTå4sƒs#"ÃãCSSS#c33#sSCSrÃãCSSS#c33#sSCSrÄfÇ6RÃã#3“3ƒ#Sc#“#CC“RÃã#3“3ƒ#Sc#“#CC“RÃã#ccccsSƒ#ƒcƒsbÃã“2ÃãÅG'VRÃãƒÃãÅG'VRÃã#ƒ#sSc#cSsSbÃã#ƒ#sSc#cSsSbÃãc3cC“33Cc3ƒbÃã‚ÃãÅG'VRÃãCC#C“#3#ƒ“c#2ÃãCC#C“#3#ƒ“c#2Ããƒ#SsƒƒsSsCcssrÃãBÃã“bÄfÇ6RÃãbÃãƒ‚ÄfÇ6RÃãCc““s“c“s“SCRÃãCc““s“c“s“SCRÃãcSscCCsƒs“#ƒc‚Ãã2Ãã“rÄfÇ6RÃãCcSsC““sƒs3ƒsrÃãCcSsC““sƒs3ƒsrÃãSsc3cƒs#C#s“ƒBÃãc’ÃãÄfÇ6RÃã‚ÃãÅG'VRÃãƒSƒ“ccCs#rÃãƒSƒ“ccCs#rÃãCCSƒcƒcSSc“#s2ÃãCrÃãÄfÇ6RÃãCSSS#c33#sSCSƒÃãCSSS#c33#sSCSƒÃã“S33cscƒsSSƒ2ÃãRÃã“bÄfÇ6RÃã2Ãã“BÄfÇ6RÃãCc3#C“#cCc“ss3CBÃãCc3#C“#cCc“ss3CBÃãss“C“S“ƒ“#crÃã"Ãã“BÄfÇ6RÃÃÆV&Ç•ööæÇ•öF—66÷fW'’ÅG'VRÅG'VRÅG'VRÅG'VRÅG'VRÅG'VRÄfÇ6P¤tDÄu4âÄu4âÄTå4sCƒƒÂÓãCS#cCc#3#“Ssƒc‚ÃãCS#cCc#3#“Ssƒc‚ÄfÇ6RÃãcCC3ƒcs3ƒƒƒƒ#bÃãcCC3ƒcs3ƒƒƒƒ#bÃãcƒS“cSS#“s##“ÃãƒbÃãÅG'VRÃã“2ÃãÅG'VRÃãCc#CS3s3CƒƒC#RÃãCc#CS3s3CƒƒC#RÃã“sSCC#CCsS#3ccbÃãcrÃãÄfÇ6RÃã3SCCs“3#CcSSC2Ãã3SCCs“3#CcSSC2Ãã3Sƒ“ƒC“ƒ3csc2ÃãÃã“rÄfÇ6RÃã’ÃãƒBÄfÇ6RÃã33#csCS“c#sÃã33#csCS“c#sÃã“3ƒ#scC“3ƒ#srÃã‚Ãã“BÄfÇ6RÂÓãsƒƒC“##sC“S3ÃãsƒƒC“##sC“S3ÃãS##c33sCCƒSS“c‚Ãã3‚ÃãÄfÇ6RÃã3BÃã“’ÄfÇ6RÂÓã“33#“Sc#cƒcƒRÃã“33#“Sc#cƒcƒRÃãCƒCƒCƒCƒCƒRÃãC‚ÃãÄfÇ6RÂÓãCS#cCc#3#“SsƒcƒRÃãCS#cCc#3#“SsƒcƒRÃã#3cc#SSCC3#“#"Ãã"Ãã“’ÄfÇ6RÃãBÃã“"ÄfÇ6RÂÓãCƒ#cc3ƒ#ƒsCs2ÃãCƒ#cc3ƒ#ƒsCs2Ãã#Sc“#s#“sccƒ3ƒBÃãbÃã“‚ÄfÇ6RÃÃÆV&Ç•ööæÇ•öF—66÷fW'’ÅG'VRÅG'VRÅG'VRÅG'VRÄfÇ6RÄfÇ6RÄfÇ6P¥DÃÄÔã$"ÄÔã$"ÄTå4s“cSCrÃãCS#C“ƒSƒS“3BÃãCS#C“ƒSƒS“3BÄfÇ6RÃã3ssc#3s3#sCS‚Ãã3ssc#3s3#sCS‚ÃãcƒS“cSS#“s##“ÃãsÃãÅG'VRÃãc2ÃãÄfÇ6RÃã#CƒSS““ƒCCsbÃã#CƒSS““ƒCCsbÃãcs3cƒc3scs3#c"Ãã‚ÃãÅG'VRÃã3CC“cCƒsƒs“csBÃã3CC“cCƒsƒs“csBÃãcCsCc##ss““crÃãÃã“BÄfÇ6RÃãbÃãƒRÄfÇ6RÃãCSƒsƒ#cCsscƒ2ÃãCSƒsƒ#cCsscƒ2Ãã#“C“#CSSCƒ3ƒ3BÃã‚Ãã“’ÄfÇ6RÃãS““3SsccCcƒ’ÃãS““3SsccCcƒ’Ããcccs“c“ƒ#cs3RÃãÃãsbÄfÇ6RÃã2ÃãsRÄfÇ6RÃã#3S#““S3ƒss‚Ãã#3S#““S3ƒss‚ÃãcS##c##sC3CƒBÃãÃãs‚ÄfÇ6RÃãCS#C“ƒSƒS“3SÃãCS#C“ƒSƒS“3SÃã“ƒ#cs3S#S3ss##’ÃãÃã“"ÄfÇ6RÃãRÃãƒbÄfÇ6RÃãCScssS#ƒS“BÃãCScssS#ƒS“BÃãƒcƒ3#sSs#cCbÃã2ÃãƒrÄfÇ6RÃÃÆV&Ç•ööæÇ•öF—66÷fW'’ÅG'VRÅG'VRÄfÇ6RÄfÇ6RÅG'VRÅG'VRÄfÇ6P¤´ÄcÅDÄ4CBÅDÄ4CBÄTå4sS#s‚ÃãCSs“C33SCCScc2ÃãCSs“C33SCCScc2ÄfÇ6RÃãƒ“CƒccCS#ƒCS3c’Ããƒ“CƒccCS#ƒCS3c’Ãã####S#s“Sc#3SC#2ÃãSBÃãÄfÇ6RÃã#rÃã“’ÄfÇ6RÃãsSCƒƒcƒCSsSÃãsSCƒƒcƒCSsSÃãcCCƒs#C3s“#S2ÃãÃãÅG'VRÃã#“#ssc3s3ccsrÃã#“#ssc3s3ccsrÃã#Ssc3cƒs#C#‚Ãã“rÃãÅG'VRÃã“rÃãÅG'VRÃã#“3C#sss#3ƒ#‚Ãã#“3C#sss#3ƒ#‚Ããsƒ3#cCsCc##ss“2ÃãÃãÅG'VRÃã3ƒ“3Cc3ƒSc3s“srÃã3ƒ“3Cc3ƒSc3s“srÃã#Ssc3cƒs#C#‚Ããƒ’ÃãÅG'VRÃãƒBÃãÅG'VRÃã#CSƒS3SSƒCC3BÃã#CSƒS3SSƒCC3BÃã3SccS#“C“#CSSCƒbÃãÃãÅG'VRÃãCSs“C33SCCScc2ÃãCSs“C33SCCScc2Ããcs#S3c3ScS“‚ÃãRÃã“rÄfÇ6RÃãbÃã’ÄfÇ6RÃãccƒƒ#cS3BÃãccƒƒ#cS3BÃãsSs#cCc“S3RÃã"Ãã“’ÄfÇ6RÃÃÇ&WFW&Ö–æÅööæÇ•öF—66÷fW'’ÅG'VRÅG'VRÅG'VRÅG'VRÅG'VRÅG'VRÄfÇ6P¤tDÄ¥$²Ä¥$²ÄTå4s#3CcbÃãCScƒ““Cƒ3“S‚ÃãCScƒ““Cƒ3“S‚ÄfÇ6RÃã3S“3Sc#Cs3C3SbÃã3S“3Sc#Cs3C3SbÃã#3##csƒs“Ss“SrÃãÃãƒ’ÄfÇ6RÃãRÃãsRÄfÇ6RÃã3cS“3CS#S#ƒssc#cBÃã3cS“3CS#S#ƒssc#cBÃã#3SccCscRÃãrÃãƒrÄfÇ6RÃãS#cscSs#Ss2ÃãS#cscSs#Ss2ÃãƒSScƒSƒsSc2ÃãÃãS"ÄfÇ6RÃã2ÃãSƒÄfÇ6RÃãcƒƒ“CS33““3ƒ2Ããcƒƒ“CS33““3ƒ2Ãã“ƒ#Cc“3Sƒ#CrÃãÃãSrÄfÇ6RÂÓãS#cC3“ƒƒ#cÃãS#cC3“ƒƒ#cÃãSƒ“c3#3s33ƒbÃãsBÃãÅG'VRÃãsÃãÅG'VRÂÓãSccCs“CCc“#RÃãSccCs“CCc“#RÃãƒ3csc#cƒƒcCSCRÃãSRÃãÄfÇ6RÃãCScƒ““Cƒ3“SƒsRÃãCScƒ““Cƒ3“SƒsRÃã#3sSƒSs33ƒƒ#3bÃãbÃã“"ÄfÇ6RÃãRÃã“2ÄfÇ6RÃãCƒC#S“#SCSƒ#ÃãCƒC#S“#SCSƒ#Ãã#S“#S“#S“#S“#S“#BÃã2Ãã“RÄfÇ6RÃÃÆF“ööæÇ•÷&WFW&Ö–æÅöF—66÷fW'’ÅG'VRÅG'VRÅG'VRÅG'VRÄfÇ6RÄfÇ6RÄfÇ6P¤ädS"ÄÔD³RÄÔD³RÄTå4s#“ƒ2ÃãCSƒ3“ssccsSrÃãCSƒ3“ssccsSrÄfÇ6RÂÓã#c#“3ƒ“#cS“sSC‚Ãã#c#“3ƒ“#cS“sSC‚ÃãCS3C##“cc33#CRÃãÃãƒ2ÄfÇ6RÃã2ÃãsÄfÇ6RÂÓã#ƒ####““S“"Ãã#ƒ####““S“"ÃãS3CƒSƒS#333RÃãÃãsBÄfÇ6RÂÓã“ƒScS#ƒc“sS““BÃã“ƒScS#ƒc“sS““BÃãCS##c33sCCƒSbÃã’ÃãÅG'VRÃãc’ÃãÄfÇ6RÂÓã3#sCc#sCSƒƒ‚Ãã3#sCc#sCSƒƒ‚Ãã#3CScs“#3CScs‚ÃãsrÃãÅG'VRÂÓãC#ƒ#S3“C“#"ÃãC#ƒ#S3“C“#"Ãã3c##ss““cs#RÃãÃãƒRÄfÇ6RÃãBÃãƒbÄfÇ6RÂÓãS“c“3s“#“SCbÃãS“c“3s“#“SCbÃãƒ#s33Sƒ“ƒC“ÃãÃãc2ÄfÇ6RÃãCSƒ3“ssccsSs’ÃãCSƒ3“ssccsSs’Ãã#cƒSƒsSc#CC#rÃã"Ãã“bÄfÇ6RÃã"Ãã“RÄfÇ6RÃãCSC#cƒƒC“C“Sc‚ÃãCSC#cƒƒC“C“Sc‚Ãã#Sc“#s#“sccƒ3ƒBÃãBÃã“bÄfÇ6RÃÃÆV&Ç•ööæÇ•öF—66÷fW'’ÅG'VRÅG'VRÄfÇ6RÄfÇ6RÅG'VRÅG'VRÄfÇ6P¥DÃÄÄ4õ"ÄÄ4õ"ÄTå4s“c#32ÃãCSCs3sSƒ“sƒÃãCSCs3sSƒ“sƒÄfÇ6RÃã“C3ƒss“csS#‚Ãã“C3ƒss“csS#‚ÃãS#333Sc#Ss3sCÃãsRÃãÅG'VRÃãsbÃãÅG'VRÃãsC#3SCƒcSƒ“SC“ÃãsC#3SCƒcSƒ“SC“ÃãC“3ƒ“C“3ƒScRÃãs’ÃãÅG'VRÃã##CCs#ƒƒS#“ƒƒ332Ãã##CCs#ƒƒS#“ƒƒ332Ãã3c#“c#“c#“c#“c2Ãã"ÃãƒRÄfÇ6RÃãbÃãƒ2ÄfÇ6RÃã3C“c““ƒsSs#“cC‚Ãã3C“c““ƒsSs#“cC‚Ãã#333333333333333BÃãÃã“ÄfÇ6RÃãC#3ƒ“““ƒƒƒRÃãC#3ƒ“““ƒƒƒRÃã#SCS“S33cscƒsSbÃãbÃãƒ2ÄfÇ6RÃãrÃã“bÄfÇ6RÃãccccS##sSc3sC‚ÃãccccS##sSc3sC‚Ãã#sƒƒ“3CS##bÃã2Ãã“rÄfÇ6RÃãCSCs3sSƒ“sƒBÃãCSCs3sSƒ“sƒBÃã#ƒ#3CS#csCƒ“rÃã2Ãã“2ÄfÇ6RÃã‚Ãã“"ÄfÇ6RÃãCcc3“C3sƒƒCs““bÃãCcc3“C3sƒƒCs““bÃãsSCCSƒcƒcSSc“BÃã‚Ãã“bÄfÇ6RÃÃÆV&Ç•ööæÇ•öF—66÷fW'’ÅG'VRÅG'VRÅG'VRÅG'VRÅG'VRÅG'VRÄfÇ6P¤$4ÃÅ4TÃÃ2Å4TÃÃ2ÄTå4s“C“ÃãCC“#sƒc3“ƒƒ’ÃãCC“#sƒc3“ƒƒ’ÄfÇ6RÂÓã““ƒCƒ##“C“c2Ãã““ƒCƒ##“C“c2Ããƒ“3cssƒsscCbÃãÃãcc“““““““““““““’ÄfÇ6RÃãÃãƒ2ÄfÇ6RÂÓãC“ƒc“#3sƒs3sBÃãC“ƒc“#3sƒs3sBÃã33ccsc“ssssƒƒC2ÃãÃã“‚ÄfÇ6RÃãSs3SCs“ƒƒcCCsbÃãSs3SCs“ƒƒcCCsbÃãƒ“3SS#ƒ#s33bÃãÃãS‚ÄfÇ6RÃãÃãbÄfÇ6RÂÓã3S““C3SƒS#CSƒ"Ãã3S““C3SƒS#CSƒ"ÃãCcƒCC““3C#ƒ“C3rÃãÃã“bÄfÇ6RÃãs#3“SsSsCSbÃãs#3“SsSsCSbÃãƒSƒSƒSƒSƒSrÃãƒ‚ÃãÅG'VRÃãƒRÃãÅG'VRÃãS3S#cC3#ƒSs3cs"ÃãS3S#cC3#ƒSs3cs"Ãã“3SS#ƒ#s33bÃãbÃãÄfÇ6RÃãCC“#sƒc3“ƒƒ“BÃãCC“#sƒc3“ƒƒ“BÃãCsƒS##c##sCBÃãÃãƒ‚ÄfÇ6RÃãÃã“2ÄfÇ6RÃã“CƒC#cS“ƒsbÃã“CƒC#cS“ƒsbÃã3ƒcC“sS3ƒcC“bÃãÃãÄfÇ6RÃÃÆF“ööæÇ•÷&WFW&Ö–æÅöF—66÷fW'’ÅG'VRÅG'VRÅG'VRÅG'VRÄfÇ6RÄfÇ6RÄfÇ6P¥DÃÄ„å$åBÄ„å$åBÄTå4s3ƒcc‚ÂÓãCCƒƒs##cScsƒ3‚ÃãCCƒƒs##cScsƒ3‚ÄfÇ6RÂÓãC“ƒc#CsCs“s#CcrÃãC“ƒc#CsCs“s#CcrÃãƒscS#c#s#CcS3SƒrÃãÃãSsÄfÇ6RÃãÃãSbÄfÇ6RÂÓãcSc3cSƒƒC#rÃãcSc3cSƒƒC#rÃãƒ3#ƒ“ƒƒƒƒs3cCS#"ÃãÃãSƒÄfÇ6RÂÓãsƒcƒ3ƒ3S#SccS"Ããsƒcƒ3ƒ3S#SccS"Ãã3SScƒSƒsSc#BÃãs2ÃãÅG'VRÃãC‚Ãã“rÄfÇ6RÂÓãƒcC3cSsSCƒS“ÃãƒcC3cSsSCƒS“Ããs“c“ƒ#cs3S#S3s‚ÃãS’ÃãÄfÇ6RÂÓãSc3ƒƒS##SCCc“ÃãSc3ƒƒS##SCCc“Ãã#“C“#CSSCƒ3ƒ3BÃã2Ãã“’ÄfÇ6RÃã"Ãã“bÄfÇ6RÂÓãƒS#3C3ƒC3“SssbÃãƒS#3C3ƒC3“SssbÃã##Cƒ#ƒS3##3S“BÃãÃãÄfÇ6RÂÓãCCƒƒs##cScsƒ3ƒBÃãCCƒƒs##cScsƒ3ƒBÃã#“#C3ƒ“SsCsbÃãRÃã“RÄfÇ6RÃãRÃã“BÄfÇ6RÂÓã3cSƒ3#ƒ#ƒ“S##cCBÃã3cSƒ3#ƒ#ƒ“S##cCBÃã#ƒSƒsSc#CC#cbÃãBÃãƒRÄfÇ6RÃÃÆV&Ç•ööæÇ•öF—66÷fW'’ÅG'VRÅG'VRÄfÇ6RÄfÇ6RÄfÇ6RÄfÇ6RÄfÇ6P¤$4ÃÅ%32Å%32ÄTå4ssÃãCCC“SƒSƒ“#CsS2ÃãCCC“SƒSƒ“#CsS2ÄfÇ6RÂÓãCsCsC#ƒCSScBÃãCsCsC#ƒCSScBÃã3ƒs“Cs3#csƒbÃã"Ãã“‚ÄfÇ6RÃãÃãƒRÄfÇ6RÂÓãSS“Cc“sc“S#ƒC“#RÃãSS“Cc“sc“S#ƒC“#RÃã#ƒSss3ƒ#s#s3“sC2ÃãÃãÄfÇ6RÂÓã33SSCƒ3sƒc“CcBÃã33SSCƒ3sƒc“CcBÃã#s#“sccƒ3ƒCƒs‚Ããs‚ÃãÅG'VRÃãSrÃãÄfÇ6RÂÓã3S3cc##scs33sƒBÃã3S3cc##scs33sƒBÃãS3C#“3SS#ƒ#sÃãCÃãÄfÇ6RÂÓãƒ#c3“““C#“3CbÃãƒ#c3“““C#“3CbÃã3Sƒ#Cc“3Sƒ#CrÃãƒrÃãÅG'VRÃã“2ÃãÅG'VRÂÓã#3sƒCSCsC“S#ƒ32Ãã#3sƒCSCsC“S#ƒ32Ãã##c##sC3CƒC##BÃã’ÃãÅG'VRÃãCCC“SƒSƒ“#CsSCbÃãCCC“SƒSƒ“#CsSCbÃãCƒsSSƒ#““3“sƒ2ÃãÃã“bÄfÇ6RÃãÃã“rÄfÇ6RÃã“#ƒcS#C“S3cƒ‚Ãã“#ƒcS#C“S3cƒ‚Ãã3S33cscƒsSSƒ2ÃãÃãÄfÇ6RÃÃÇ&WFW&Ö–æÅööæÇ•öF—66÷fW'’ÅG'VRÅG'VRÅG'VRÅG'VRÅG'VRÅG'VRÄfÇ6P¥DÃÅDe#"ÅDe#"ÄTå4sc3#rÃãCCC3SS3CSƒS‚ÃãCCC3SS3CSƒS‚ÄfÇ6RÃãs#Ccs3ƒc3ƒ33c3"Ããs#Ccs3ƒc3ƒ33c3"Ãã3c“C“#S##“s“ƒ3#BÃã3"Ãã“’ÄfÇ6RÃã"Ãã“bÄfÇ6RÃãc““3Scƒ“#“SbÃãc““3Scƒ“#“SbÃãCƒC3ƒsC33ƒ3“‚Ãã#’Ãã“’ÄfÇ6RÃãƒSƒ3ƒƒ#c“#Ss’ÃãƒSƒ3ƒƒ#c“#Ss’Ãã#“Csƒs3s““s#ScS2Ãã‚ÃãÅG'VRÃãcÃãÄfÇ6RÃã“3“sSsCCc#‚Ãã“3“sSsCCc#‚ÃãƒcC“sS3ƒcC“sBÃãƒÃãÅG'VRÃã#ss“##c#cscÃã#ss“##c#cscÃãCCƒC##C“cSscCCrÃãÃãƒrÄfÇ6RÃãÃãƒ2ÄfÇ6RÃã#SC3Css“CcCRÃã#SC3Css“CcCRÃãc“ƒ“#cc3BÃãÃãsbÄfÇ6RÃãCCC3SS3CSƒS“ÃãCCC3SS3CSƒS“Ãã#Ssc3cƒs#C#‚ÃãBÃã“2ÄfÇ6RÃã"Ãã“BÄfÇ6RÃãCC“sScsCƒ#3CC“#BÃãCC“sScsCƒ#3CC“#BÃãƒƒcSƒC3c#3““bÃãBÃã“BÄfÇ6RÃÃÆV&Ç•ööæÇ•öF—66÷fW'’ÅG'VRÅG'VRÄfÇ6RÄfÇ6RÅG'VRÅG'VRÄfÇ6P¥DÃÅU5RÅU5RÄTå4s3ScSRÃãCC3Sƒs#C#3ƒsƒ“bÃãCC3Sƒs#C#3ƒsƒ“bÄfÇ6RÃãcc33“cSƒCCC"Ããcc33“cSƒCCC"ÃãS““cSƒS“SC33cbÃã#bÃã“‚ÄfÇ6RÃã#bÃã“bÄfÇ6RÃãSƒCsƒ#ƒCss#rÃãSƒCsƒ#ƒCss#rÃãss#Cƒ3“3ƒS3sRÃã#2Ãã“rÄfÇ6RÃãƒc3cƒ“sCCSsBÃãƒc3cƒ“sCCSsBÃã“#C3ƒ“SsCsS““CRÃãƒ"ÃãÅG'VRÃãcÃã“’ÄfÇ6RÃãcC#Sƒ3#“S#ƒsRÃãcC#Sƒ3#“S#ƒsRÃã#Ssc3cƒs#C#‚Ãã“’ÃãÅG'VRÃãsS#CƒƒCs#CƒC#rÃãsS#CƒƒCs#CƒC#rÃã3ssC##Cƒ#ƒS32ÃãÃãÅG'VRÃã“rÃãÅG'VRÃã#3“#“ƒcs“CcƒcC“2Ãã#3“#“ƒcs“CcƒcC“2ÃãSCƒc“cƒCC““3C2ÃãÃãÅG'VRÃãCC3Sƒs#C#3ƒsƒ“cƒRÃãCC3Sƒs#C#3ƒsƒ“cƒRÃã#c““SƒƒCss3cc#SBÃãRÃã“"ÄfÇ6RÃã2Ãã“bÄfÇ6RÃãC3#““S“ƒS#3#2ÃãC3#““S“ƒS#3#2Ãã#c3SccS#“C“#CSbÃãrÃã“RÄfÇ6RÃÃÇ&WFW&Ö–æÅööæÇ•öF—66÷fW'’ÅG'VRÅG'VRÅG'VRÅG'VRÅG'VRÅG'VRÄfÇ6P¤´ÄcÄÔã$"ÄÔã$"ÄTå4s“cSCrÃãCC#c#ƒs“s32ÃãCC#c#ƒs“s32ÄfÇ6RÃã3#“C“cƒ“3c#cCrÃã3#“C“cƒ“3c#cCrÃã3#“#c3#s3C#Ss““‚Ãã“"ÃãÅG'VRÃãƒÃãÅG'VRÃã#Cƒ3“#Ssƒ3ƒS“s2Ãã#Cƒ3“#Ssƒ3ƒS“s2Ãã#CCS“s33ƒCSS#cRÃãc‚ÃãÄfÇ6RÃãsss3“CcsCCRÃãsss3“CcsCCRÃã“Csƒs3s““s#ScSbÃãCRÃãÄfÇ6RÃã3"ÃãÄfÇ6RÃã“ƒcSsƒsƒƒSC3sRÃã“ƒcSsƒsƒƒSC3sRÃãCS##c33sCCƒSbÃãC2ÃãÄfÇ6RÃãCSsCƒs#3cƒS“RÃãCSsCƒs#3cƒS“RÃã##ƒ“C3sSƒSs33ƒƒ"Ãã2Ãã’ÄfÇ6RÃãRÃã“RÄfÇ6RÃãC“scsS#Cs“ÃãC“scsS#Cs“ÃãCƒ“3#sƒCc3cCƒƒRÃãÃã“bÄfÇ6RÃãCC#c#ƒs“s33’ÃãCC#c#ƒs“s33’ÃãsSCCSƒcƒcSSc“BÃã’Ãã“RÄfÇ6RÃãRÃã“BÄfÇ6RÃãC33sCscCcS#3SÃãC33sCscCcS#3SÃã##“C“#CSSCƒ3ƒ3BÃãÃã“‚ÄfÇ6RÃÃÆV&Ç•ööæÇ•öF—66÷fW'’ÅG'VRÅG'VRÅG'VRÅG'VRÄfÇ6RÄfÇ6RÄfÇ6P¤$4ÃÄ4$”ã"Ä4$”ã"ÄTå4sƒƒ‚ÃãCC#CC“3ƒsƒcÃãCC#CC“3ƒsƒcÄfÇ6RÃã“CsSs3sc#“SƒsC3bÃã“CsSs3sc#“SƒsC3bÃã3sC#ƒ#c3“#3s"ÃãÃãÅG'VRÃã“’ÃãÅG'VRÃã#C#ƒ3ƒScSSs3Cs“sBÃã#C#ƒ3ƒScSSs3Cs“sBÃã3Scsƒs“SCCS“BÃãÃãÅG'VRÃã3C“s##“Cc#bÃã3C“s##“Cc#bÃã#“#ƒc““SƒƒCssRÃãsBÃãÅG'VRÃãSrÃãÄfÇ6RÃãƒS#CSƒCƒ““3sS‚ÃãƒS#CSƒCƒ““3sS‚Ããc3#3s33ƒSCS“SBÃã“‚ÃãÅG'VRÃã““c“3SSC#Ãã““c“3SSC#Ããƒ#cs3S#S3ss##’ÃãÃãsÄfÇ6RÃãÃãcrÄfÇ6RÃãsC3#ƒs“C3’ÃãsC3#ƒs“C3’Ãã3C#ƒ“C3sSƒSs33’ÃãÃã“rÄfÇ6RÃãCC#CC“3ƒsƒc"ÃãCC#CC“3ƒsƒc"ÃãCƒSCƒ“s3“3c’ÃãÃã“BÄfÇ6RÃãÃã“ÄfÇ6RÃãcƒ“3#ƒ““c3C“"Ããcƒ“3#ƒ““c3C“"Ãã#cƒ#3CS#csCƒ“bÃãÃãÄfÇ6RÃÃÆV&Ç•ööæÇ•öF—66÷fW'’ÅG'VRÅG'VRÅG'VRÅG'VRÅG'VRÅG'VRÄfÇ6P¤td“"Ädõ…Ädõ…ÄTå4sCƒcÂÓãCCS3“#Cs3C“ÃãCCS3“#Cs3C“ÄfÇ6RÃãCs“3c3sC"ÃãCs“3c3sC"Ããsƒ3S“3“ss##S“S‚ÃãÃã“RÄfÇ6RÃã#2Ãã“rÄfÇ6RÃã3“sƒS3cƒCƒ“C"Ãã3“sƒS3cƒCƒ“C"Ãã3ƒs#S3“3Sƒ3#BÃãÃãƒ‚ÄfÇ6RÃã##ƒCsss“#Cs#“33bÃã##ƒCsss“#Cs#“33bÃã3#“#ƒc““SƒƒCsrÃã“bÃãÅG'VRÃãƒRÃãÅG'VRÃãS#3C#SS““c#sSRÃãS#3C#SS““c#sSRÃãƒ3csc#cƒƒcCSCRÃã’ÃãÅG'VRÃãCs3sS3ƒƒccSs3CBÃãCs3sS3ƒƒccSs3CBÃã#ccƒ3ƒCƒss“RÃãÃã“RÄfÇ6RÃã"Ãã“"ÄfÇ6RÃãCC#cSsc#S“Cs’ÃãCC#cSsc#S“Cs’Ãã333ƒSCS“S33c‚ÃãÃã“"ÄfÇ6RÂÓãCCS3“#Cs3C“ÃãCCS3“#Cs3C“Ãã3sƒcƒ#3CS#csRÃãÃã“bÄfÇ6RÃãÃã“BÄfÇ6RÂÓãSCC#“s3“cC“SC‚ÃãSCC#“s3“cC“SC‚ÃãC“#S“#S“#S“#S“#bÃãÃã“’ÄfÇ6RÃÃÆV&Ç•ööæÇ•öF—66÷fW'’ÅG'VRÅG'VRÅG'VRÅG'VRÅG'VRÅG'VRÄfÇ6P¤$4ÃÄ4Ä4ÄTå4s3#3bÃãCC3“C“scCSƒ‚ÃãCC3“C“scCSƒ‚ÄfÇ6RÂÓã33#3ƒ##3s3ƒ#rÃã33#3ƒ##3s3ƒ#rÃã#S3ƒscS“ƒ“ƒCsrÃãsBÃãÅG'VRÃãsÃãÅG'VRÂÓãscƒsCC#3Sƒ2ÃãscƒsCC#3Sƒ2Ããs#ƒc3#ƒSCƒC“ssRÃã“RÃãÅG'VRÂÓãcSƒC3C#sƒƒ“bÃãcSƒC3C#sƒƒ“bÃã“ƒ#cs3S#S3ss##’ÃãÃãÄfÇ6RÃã"Ãã“‚ÄfÇ6RÂÓã#3s3c#CSScƒSbÃã#3s3c#CSScƒSbÃãccs“c“ƒ#cs3S"Ãã#"ÃãÄfÇ6RÂÓãCS3“3cs3cC3ssÃãCS3“3cs3cC3ssÃãCSCCcc3“#3ƒ#CBÃãÃãƒRÄfÇ6RÃãÃã“ÄfÇ6RÂÓãCƒCscSscCc“3BÃãCƒCscSscCc“3BÃã#ƒƒcSƒC3c#BÃã2ÃãÄfÇ6RÃãCC3“C“scCSƒs“BÃãCC3“C“scCSƒs“BÃãCƒcc“CSƒ“c3BÃãÃã“BÄfÇ6RÃãÃã’ÄfÇ6RÃãScC3ƒ3ccc“ƒ‚ÃãScC3ƒ3ccc“ƒ‚ÃãcCCsƒs“#ƒcc“CÃãÃã“rÄfÇ6RÃÃÆV&Ç•ööæÇ•öF—66÷fW'’ÅG'VRÅG'VRÅG'VRÅG'VRÅG'VRÅG'VRÄfÇ6P¤$4ÃÅ%Ã#2Å%Ã#2ÄTå4s#Sc“ÃãC3ƒc#3#ƒCCcƒ"ÃãC3ƒc#3#ƒCCcƒ"ÄfÇ6RÂÓã#ƒcC““cSSs##“RÃã#ƒcC““cSSs##“RÃã#ƒcs33C33“CSSSsrÃãcbÃãÄfÇ6RÃãcÃãÄfÇ6RÂÓã#ƒƒ##cC##“ƒ““’Ãã#ƒƒ##cC##“ƒ““’ÃãCƒ#““Ccsc“C2ÃãCBÃãÄfÇ6RÂÓãc“3ƒCƒcƒ3s#“SrÃãc“3ƒCƒcƒ3s#“SrÃãƒ#3CS#csCƒ“s"ÃãÃãÅG'VRÃã“bÃãÅG'VRÂÓãssscCcSSCCBÃãssscCcSSCCBÃãsC##Cƒ#ƒS3##3bÃã“‚ÃãÅG'VRÂÓãsCC3c3#ssƒc’ÃãsCC3c3#ssƒc’Ããs#ƒ3“Scs#ƒ3“RÃãs’ÃãÅG'VRÃãƒ’ÃãÅG'VRÂÓã#S#“S#scsc“bÃã#S#“S#scsc“bÃãSƒ“c3#3s33ƒRÃã“‚ÃãÅG'VRÃãC3ƒc#3#ƒCCcƒ#rÃãC3ƒc#3#ƒCCcƒ#rÃãCƒƒCss3cc#SSCCBÃãÃã“bÄfÇ6RÃãÃã“BÄfÇ6RÃãcs3C3#“C“#3sC“2Ããcs3C3#“C“#3sC“2ÃãSsƒ3#cCsCc##ssÃãÃãÄfÇ6RÃÃÇ&WFW&Ö–æÅööæÇ•öF—66÷fW'’ÅG'VRÅG'VRÅG'VRÅG'VRÅG'VRÅG'VRÄfÇ6P¤td“"Ää³Ää³ÄTå4s#“S3BÃãC3ƒSssS“ƒ#Cs“‚ÃãC3ƒSssS“ƒ#Cs“‚ÄfÇ6RÃã“#3ƒ#SC3“3S“"Ãã“#3ƒ#SC3“3S“"Ãã#Ssƒ“SCSƒ“cƒsBÃãS"ÃãÄfÇ6RÃã3RÃãÄfÇ6RÃã3Sƒ3ƒ“ƒƒ3Sƒƒ2Ãã3Sƒ3ƒ“ƒƒ3Sƒƒ2Ããcs3cƒc3scs3#c"Ãã“2ÃãÅG'VRÃã“3cCSss#SS’Ãã“3cCSss#SS’ÃãSƒ“c3#3s33ƒRÃãs’ÃãÅG'VRÃãCbÃãÄfÇ6RÃãƒ“sS“c3“bÃãƒ“sS“c3“bÃã“3#sƒCc3cCƒƒ3C"Ãã’ÃãÅG'VRÃãCs#c#ScCCRÃãCs#c#ScCCRÃã#“Csƒs3s““s#ScS2ÃãƒbÃãÅG'VRÃãsÃãÅG'VRÃã#ƒCƒCs#3ƒsSsRÃã#ƒCƒCs#3ƒsSsRÃã#CCs“c#“CsƒrÃãSÃãÄfÇ6RÃãC3ƒSssS“ƒ#Cs“ƒ’ÃãC3ƒSssS“ƒ#Cs“ƒ’Ãã3ƒ#s33Sƒ“ƒC’ÃãÃã“‚ÄfÇ6RÃãÃã“’ÄfÇ6RÃã3s3ƒS“CScS“RÃã3s3ƒS“CScS“RÃãcSƒ“c3#3s32ÃãÃã“2ÄfÇ6RÃÃÇ&WFW&Ö–æÅööæÇ•öF—66÷fW'’ÅG'VRÅG'VRÅG'VRÅG'VRÅG'VRÅG'VRÄfÇ6P¤td“"Ä5ÒÄ5ÒÄTå4scc#s’ÂÓãC3c33#3S#ƒ3ÃãC3c33#3S#ƒ3ÄfÇ6RÂÓã#Css##CCscc32Ãã#Css##CCscc32ÃãSscC#3“s“c“RÃã“ÃãÅG'VRÃãƒ’ÃãÅG'VRÂÓã““S#scCƒs#ƒbÃã““S#scCƒs#ƒbÃã#3CƒC#“3“s““rÃãSrÃãÄfÇ6RÂÓã#ƒC“ƒcC““cCcsBÃã#ƒC“ƒcC““cCcsBÃã#Cc“3Sƒ#Cc“3S‚Ãã“’ÃãÅG'VRÃãƒrÃãÅG'VRÂÓãss#“s333“SƒS2Ããss#“s333“SƒS2ÃãCCcc3“#3ƒ#CCrÃãC"ÃãÄfÇ6RÂÓãƒƒccS##ƒs#C3RÃãƒƒccS##ƒs#C3RÃãC“#CSSCƒ3ƒ3CC3BÃã#RÃã“’ÄfÇ6RÃã3rÃãÄfÇ6RÂÓãC“#ƒ““s#“s“ƒ3cbÃãC“#ƒ““s#“s“ƒ3cbÃã#ƒ3CC3s#s#33"Ãã2Ãã“RÄfÇ6RÂÓãC3c33#3S#ƒ3#"ÃãC3c33#3S#ƒ3#"Ãã3ƒCƒss“C“S“ƒ’ÃãÃã“"ÄfÇ6RÃã2Ãã“ÄfÇ6RÃã“#s#SsSƒcs#ƒRÃã“#s#SsSƒcs#ƒRÃã#3ssC##Cƒ#ƒRÃãÃãÄfÇ6RÃÃÆV&Ç•ööæÇ•öF—66÷fW'’ÅG'VRÅG'VRÅG'VRÅG'VRÄfÇ6RÄfÇ6RÄfÇ6P¤td“"Ä´•$”ã"Ä´•$”ã"ÄTå4s3S33BÂÓãC3SsƒSsƒsS‚ÃãC3SsƒSsƒsS‚ÄfÇ6RÂÓã#C“#SsscRÃã#C“#SsscRÃã3CCC“c““ƒ#cC’Ããs"ÃãÅG'VRÃãSBÃãÄfÇ6RÂÓãSScƒsCC#c‚ÃãSScƒsCC#c‚Ãã#““S33cƒƒƒ“ÃãSÃãÄfÇ6RÂÓã3SC3SscsSƒ“CSSbÃã3SC3SscsSƒ“CSSbÃã#cƒSƒsSc#CC#rÃã2Ãã“BÄfÇ6RÃãBÃãs‚ÄfÇ6RÂÓã3“cs##ƒc“Sƒc33RÃã3“cs##ƒc“Sƒc33RÃã33ƒCƒss“C“S“’ÃãÃã“rÄfÇ6RÂÓã#“#3#cƒ3“SssSbÃã#“#3#cƒ3“SssSbÃãsS“#S“#S“#S“#S“2ÃãÃãrÄfÇ6RÃãÃãs2ÄfÇ6RÂÓãs“CsCScs“3c"Ããs“CsCScs“3c"Ããƒ3ssC##Cƒ#ƒRÃãÃãc2ÄfÇ6RÂÓãC3SsƒSsƒsSƒ‚ÃãC3SsƒSsƒsSƒ‚Ãã3ƒS3##3S“3“cC33CBÃãÃã“rÄfÇ6RÃãÃã“‚ÄfÇ6RÂÓã3CCS““sC3S“csbÃã3CCS““sC3S“csbÃãcC##C“cSscCCs’ÃãÃã“ÄfÇ6RÃÃÆV&Ç•ööæÇ•öF—66÷fW'’ÅG'VRÅG'VRÄfÇ6RÄfÇ6RÄfÇ6RÄfÇ6RÄfÇ6P¤$4ÃÅ%ÃrÅ%ÃrÄTå4sCscBÃãC3Cƒ#“Ss“3rÃãC3Cƒ#“Ss“3rÄfÇ6RÂÓãS#cScc3c#ƒCc“2ÃãS#cScc3c#ƒCc“2Ãã3ƒScC“cƒ“““ƒc#‚Ãã“rÃãÅG'VRÃãsbÃãÅG'VRÂÓãƒS“Ss3“S3scc"ÃãƒS“Ss3“S3scc"ÃãSsss“ƒSƒ3S#rÃã“‚ÃãÅG'VRÂÓã“S#“#ƒ3333#“rÃã“S#“#ƒ3333#“rÃã3#“#ƒc““SƒƒCsrÃãÃãÅG'VRÃãÃãÅG'VRÂÓã#C#3csC“c“C3#RÃã#C#3csC“c“C3#RÃãƒ3csc#cƒƒcCSBÃãÃãÅG'VRÂÓã##3ƒ“Cc3cs2Ãã##3ƒ“Cc3cs2Ãã3s3s3s3s3sBÃãÃãÅG'VRÃãÃãÅG'VRÂÓã#“Ss#“CS#scbÃã#“Ss#“CS#scbÃãS3C“s“C#3ƒcƒ3#‚ÃãÃãÅG'VRÃãC3Cƒ#“Ss“3sRÃãC3Cƒ#“Ss“3sRÃãC“3“cC33CsSsSCRÃãÃã“BÄfÇ6RÃãÃã“bÄfÇ6RÃãcƒ#s#S33“33C“3BÃãcƒ#s#S33“33C“3BÃãSc““SƒƒCss3cc2ÃãÃãÄfÇ6RÃÃÇ&WFW&Ö–æÅööæÇ•öF—66÷fW'’ÅG'VRÅG'VRÅG'VRÅG'VRÅG'VRÅG'VRÄfÇ6P¤´ÄcÅT$4ƒ4"ÅT$4ƒ4"ÄTå4sSC#rÃãC33“ƒƒs#csccSsRÃãC33“ƒƒs#csccSsRÄfÇ6RÂÓã##SCc“3“3Sc#““"Ãã##SCc“3“3Sc#““"Ãã3“sƒS“sƒƒs##s3#ƒBÃãƒ’ÃãÅG'VRÃãS"Ãã“’ÄfÇ6RÂÓãƒƒscƒ“C#3cs"Ããƒƒscƒ“C#3cs"ÃãC#S#“ƒ3“CƒCSC"Ãã“‚ÃãÅG'VRÂÓãS3Sc#3CS““#32ÃãS3Sc#3CS““#32ÃãƒSƒsSc#CC#cc"Ãã‚ÃãÄfÇ6RÃã"Ãã“‚ÄfÇ6RÂÓãsSsƒƒ#“s#“‚ÃãsSsƒƒ#“s#“‚Ãã3#“ƒscSC3#“ƒsrÃãSbÃãÄfÇ6RÃã#ƒS3cS3ƒ#CS3ƒbÃã#ƒS3cS3ƒ#CS3ƒbÃãCCc3SccS#“C“#CRÃãÃãƒ2ÄfÇ6RÃã"Ããs’ÄfÇ6RÂÓãsc3CsCCs3s“cc32Ããsc3CsCCs3s“cc32Ãã##ƒSCƒ“s3“3rÃã"Ãã“’ÄfÇ6RÃãC33“ƒƒs#csccSsS“bÃãC33“ƒƒs#csccSsS“bÃãƒ3“Scs#ƒ3“Sc"ÃãRÃã“BÄfÇ6RÃãRÃã“ÄfÇ6RÃãSS#CC##CsC3’ÃãSS#CC##CsC3’Ããcs#S3c3ScS“‚ÃãBÃã“rÄfÇ6RÃÃÆV&Ç•ööæÇ•öF—66÷fW'’ÅG'VRÅG'VRÄfÇ6RÄfÇ6RÅG'VRÅG'VRÄfÇ6P¤ädS"Ädä4ÂÄdä4ÂÄTå4sS3“"ÂÓãC3#SCsƒ#‚ÃãC3#SCsƒ#‚ÄfÇ6RÂÓã333cC3##“s#s#CCbÃã333cC3##“s#s#CCbÃã33ƒƒccsƒSScs#“3bÃã"Ããƒ’ÄfÇ6RÃãÃãƒ‚ÄfÇ6RÂÓã3ƒ“CƒƒsS3ScbÃã3ƒ“CƒƒsS3ScbÃã3sCcsCccSS#33“RÃãÃãƒ#ÄfÇ6RÂÓãƒssc“sS“CSc“ƒS‚Ããƒssc“sS“CSc“ƒS‚Ããs“ScC#S#CSC’ÃãsrÃãÅG'VRÃãSrÃãÄfÇ6RÂÓãSC“#c#cs#3c“BÃãSC“#c#cs#3c“BÃã#Cƒ#ƒS3##3S“3“bÃãƒ‚ÃãÅG'VRÂÓãCs3Cs“SSS#Cc‚ÃãCs3Cs“SSS#Cc‚Ãã33CsSsSCCSƒc"Ãã3rÃãÄfÇ6RÃã3’ÃãÄfÇ6RÂÓãSc3“ƒ3SsCSbÃãSc3“ƒ3SsCSbÃã33cscƒsSSƒ#““bÃãSÃãÄfÇ6RÂÓãC3#SCsƒ#ƒ2ÃãC3#SCsƒ#ƒ2Ãã#ƒcƒ#3CS#csCƒrÃãÃã“rÄfÇ6RÃãÃã“ÄfÇ6RÂÓã3Sƒ#3“c“ƒ3s##RÃã3Sƒ#3“c“ƒ3s##RÃã3cCCsƒs“#ƒcc“CÃãÃã“"ÄfÇ6RÃÃÆV&Ç•ööæÇ•öF—66÷fW'’ÅG'VRÅG'VRÄfÇ6RÄfÇ6RÅG'VRÅG'VRÄfÇ6P¥DÃÄtÄåCÄtÄåCÄTå4scCSsBÃãC#““33ƒCSƒ#csRÃãC#““33ƒCSƒ#csRÄfÇ6RÃãSs#C“3c3#c3bÃãSs#C“3c3#c3bÃã3sC#ƒ#c3“#3s"Ããƒ2ÃãÅG'VRÃãƒ‚ÃãÅG'VRÃãCcS3“Cƒs“S#ƒCsrÃãCcS3“Cƒs“S#ƒCsrÃãS3SS#ƒ“3cssƒrÃãs"ÃãÅG'VRÂÓãƒscSc““ƒs“ÃãƒscSc““ƒs“Ããs#“ƒscSC3#“ƒsrÃãÃãcRÄfÇ6RÃãÃãc"ÄfÇ6RÂÓã##Cs33“cs3S“S2Ãã##Cs33“cs3S“S2ÃãC3SS#ƒ#s33S’ÃãÃãƒRÄfÇ6RÃãss3ss3“#c#c’Ããss3ss3“#c#c’ÃãC3s#s#33“cS“RÃã#BÃã“’ÄfÇ6RÃã#Ãã“’ÄfÇ6RÃãSc““S“ƒƒCbÃãSc““S“ƒƒCbÃã#ƒSS“cssƒƒ“3BÃã"Ãã“bÄfÇ6RÃãC#““33ƒCSƒ#csSRÃãC#““33ƒCSƒ#csSRÃã##ƒSCƒ“s3“3rÃãRÃã“2ÄfÇ6RÃã’Ãã“rÄfÇ6RÃãC3CsS3SCCCSCScSBÃãC3CsS3SCCCSCScSBÃã#3“sƒS##c##rÃãBÃã“BÄfÇ6RÃÃÆV&Ç•ööæÇ•öF—66÷fW'’ÅG'VRÅG'VRÅG'VRÅG'VRÅG'VRÅG'VRÄfÇ6P¤´ÄcÅ%3"Å%3"ÄTå4sC“ƒ‚ÃãC#s3SƒC3CƒƒÃãC#s3SƒC3CƒƒÄfÇ6RÃãc#c3cc“s#s3#BÃãc#c3cc“s#s3#BÃã“sSCC#CCsS#3ccbÃã“’ÃãÅG'VRÃã“RÃãÅG'VRÃãsSƒ““ƒ33S#ƒbÃãsSƒ““ƒ33S#ƒbÃãc3ƒs“Cs3#c‚Ãã“’ÃãÅG'VRÃãc3cƒ“cCƒssS‚Ããc3cƒ“cCƒssS‚ÃãS##c##sC3CƒC"ÃãƒbÃãÅG'VRÃãsbÃãÅG'VRÃãƒSC“SƒƒC3“C##"ÃãƒSC“SƒƒC3“C##"ÃãcCSCCcc3“#3ƒ#RÃã#BÃãÄfÇ6RÃãC#sSƒcscƒCSccbÃãC#sSƒcscƒCSccbÃã#ƒ“s3“3cƒ““ƒc2Ãã2ÃãƒrÄfÇ6RÃãBÃã“2ÄfÇ6RÂÓãcsccƒC“3CCƒcrÃãcsccƒC“3CCƒcrÃã#s33Sƒ“ƒC“ƒ3RÃãÃãÄfÇ6RÃãC#s3SƒC3Cƒƒ3RÃãC#s3SƒC3Cƒƒ3RÃãƒƒcSƒC3c#3““bÃãRÃã“ÄfÇ6RÃãBÃã“BÄfÇ6RÃãSs3ccƒ“““3cCRÃãSs3ccƒ“““3cCRÃã##c##sC3CƒC#2ÃãBÃã“’ÄfÇ6RÃÃÆV&Ç•ööæÇ•öF—66÷fW'’ÅG'VRÅG'VRÅG'VRÅG'VRÅG'VRÅG'VRÄfÇ6P¤$4ÃÄÄDÓRÄÄDÓRÄTå4sc#SÃãC#s#sc3scCS3rÃãC#s#sc3scCS3rÄfÇ6RÂÓãsƒsƒccƒ“cs3CBÃãsƒsƒccƒ“cs3CBÃãSƒ““33SSC3“rÃãÃãÅG'VRÃã“"ÃãÅG'VRÂÓã##SC“SSC“CƒcrÃã##SC“SSC“CƒcrÃãSCƒss###3scƒ32ÃãÃãÅG'VRÂÓãsƒCcC###“sbÃãsƒCcC###“sbÃãS3C“s“C#3ƒcƒ3#‚ÃãÃãÅG'VRÃã“RÃãÅG'VRÂÓã#ssCC#ƒsC3ƒc“RÃã#ssCC#ƒsC3ƒc“RÃãsƒ3#cCsCc##ss“2ÃãÃãÅG'VRÂÓã#“C3sƒ#s#“#ƒcBÃã#“C3sƒ#s#“#ƒcBÃãSS“cssƒƒ“3CÃã2ÃãÄfÇ6RÃã#BÃãÄfÇ6RÂÓã#ƒƒ“Ss3“#cSCsSrÃã#ƒƒ“Ss3“#cSCsSrÃãsSCCSƒcƒcSSc“#RÃãÃãÅG'VRÃãC#s#sc3scCS3sbÃãC#s#sc3scCS3sbÃãS#sC3CƒC##C“cRÃãÃã“2ÄfÇ6RÃãÃã“ÄfÇ6RÂÓã#“CSS“#cc“rÃã#“CSS“#cc“rÃãƒcƒSƒsSc#CC#rÃãÃãsBÄfÇ6RÃÃÆV&Ç•ööæÇ•öF—66÷fW'’ÅG'VRÅG'VRÅG'VRÅG'VRÅG'VRÅG'VRÄfÇ6P¤ädS"ÅäâÅäâÄTå4s“CÂÓãC#3s#ƒ3#Csc"ÃãC#3s#ƒ3#Csc"ÄfÇ6RÂÓãSssƒsSƒs#cS##’ÃãSssƒsSƒs#cS##’ÃãCƒcƒCs3CSc“RÃãrÃã“"ÄfÇ6RÃãRÃãƒrÄfÇ6RÂÓãC#“s3SSsCS#3ScrÃãC#“s3SSsCS#3ScrÃã#“sƒ3#3SccC"Ãã’Ãã“"ÄfÇ6RÂÓã“#ƒC##S“#“3"Ãã“#ƒC##S“#“3"Ããc3SccS#“C“#CSSBÃã‚ÃãÅG'VRÃãCrÃãÄfÇ6RÂÓã#cS3CCcSSc#3ScRÃã#cS3CCcSSc#3ScRÃãCƒ“s3“3cƒ““ƒrÃã“rÃãÅG'VRÂÓã#SccCs3ƒ3##“BÃã#SccCs3ƒ3##“BÃãC#ƒ“C3sSƒSs33ƒ‚Ããs"ÃãÅG'VRÃãcRÃãÄfÇ6RÂÓã#Sƒƒ3SsCƒ#SrÃã#Sƒƒ3SsCƒ#SrÃãƒSCƒ“s3“3c’Ãã“bÃãÅG'VRÂÓãC#3s#ƒ3#Csc#‚ÃãC#3s#ƒ3#Csc#‚Ãã#“#CSSCƒ3ƒ3CC2ÃãÃã“bÄfÇ6RÃãÃã“rÄfÇ6RÂÓã3S“CsSsƒ#Sƒ3Ãã3S“CsSsƒ#Sƒ3Ãã3c33ssC##RÃãÃã“RÄfÇ6RÃÃÇ&WFW&Ö–æÅööæÇ•öF—66÷fW'’ÅG'VRÅG'VRÄfÇ6RÄfÇ6RÅG'VRÅG'VRÄfÇ6P¤´ÄcÄ„ÔÕ"Ä„ÔÕ"ÄTå4ss#SsÂÓãC#3C“#CCs“ƒbÃãC#3C“#CCs“ƒbÄfÇ6RÂÓã3sc#3C“#ƒ“CƒS#RÃã3sc#3C“#ƒ“CƒS#RÃã#ƒƒSc“C333“#sƒ3RÃãbÃã“"ÄfÇ6RÃã"ÃãƒRÄfÇ6RÃã#3CSSS“SsCƒ3#RÃã#3CSSS“SsCƒ3#RÃãSs“ssssCs#“C3sbÃãÃã‚ÄfÇ6RÂÓãc3“#3#Ss#ƒ“ƒƒRÃãc3“#3#Ss#ƒ“ƒƒRÃãCsSsSCCSƒcƒbÃã#rÃã“‚ÄfÇ6RÃã#Ãã“’ÄfÇ6RÃã#CCCƒ#S#CcSƒ"Ãã#CCCƒ#S#CcSƒ"ÃãS3cƒ““ƒc#ƒ#SsƒƒrÃãÃãƒÄfÇ6RÂÓã#CCƒ“ƒ“SsƒC#‚Ãã#CCƒ“ƒ“SsƒC#‚Ãã3“sƒS##c##sBÃãƒÃãÅG'VRÃãƒrÃãÅG'VRÃãc#S#3Cc3CCSs#"Ããc#S#3Cc3CCSs#"Ãã3#Cc“3Sƒ#Cc“RÃãÃã“bÄfÇ6RÂÓãC#3C“#CCs“ƒc#RÃãC#3C“#CCs“ƒc#RÃã“#S“#S“#S“#S“#bÃã2Ãã“bÄfÇ6RÃãBÃã“BÄfÇ6RÃã#C“3“S33‚Ãã#C“3“S33‚Ããs3CsSsSCCSƒc"ÃãÃãsÄfÇ6RÃÃÆF“ööæÇ•÷&WFW&Ö–æÅöF—66÷fW'’ÅG'VRÅG'VRÅG'VRÅG'VRÄfÇ6RÄfÇ6RÄfÇ6P¤ädS"ÅT4„ÃRÅT4„ÃRÄTå4scsSÃãC#33S3c#ƒ#c#2ÃãC#33S3c#ƒ#c#2ÄfÇ6RÂÓãƒccƒ#3“##sƒ“BÃãƒccƒ#3“##sƒ“BÃã#3s3C3“C#“#sc““2ÃãCBÃãÄfÇ6RÃãbÃã“rÄfÇ6RÂÓãsƒC#cc““3sc2ÃãsƒC#cc““3sc2Ãã#sSsSs““C“C3#Ãã3rÃã“’ÄfÇ6RÂÓãƒs3cCSsSsscRÃãƒs3cCSsSsscRÃãS#“ƒ“3#sƒCc3cRÃãÃãs’ÄfÇ6RÃãÃãsRÄfÇ6RÂÓã##3cCs“3“S3Ãã##3cCs“3“S3ÃãSsSSƒ#““3“sƒbÃãÃãƒÄfÇ6RÂÓã#“cC3S33s““ccsrÃã#“cC3S33s““ccsrÃãS##c33sCCƒSS“c‚ÃãƒÃãÅG'VRÃãsRÃãÅG'VRÂÓãcC#3ss““Sƒ3c2ÃãcC#3ss““Sƒ3c2Ãã#sC3CƒC##C“cSsc2ÃãS’ÃãÄfÇ6RÃãC#33S3c#ƒ#c#BÃãC#33S3c#ƒ#c#BÃã#“#ƒcc“CSƒ“BÃãÃã“"ÄfÇ6RÃãÃã“BÄfÇ6RÃãCcS33“ƒ3C3#scƒRÃãCcS33“ƒ3C3#scƒRÃã#CS“S33cscƒsSbÃãÃã“rÄfÇ6RÃÃÆF“ööæÇ•÷&WFW&Ö–æÅöF—66÷fW'’ÅG'VRÅG'VRÅG'VRÅG'VRÄfÇ6RÄfÇ6RÄfÇ6P¤td“"Ä„Ô%2Ä„Ô%2ÄTå4s#Sc#c’ÃãC#S#sSCƒs“CsBÃãC#S#sSCƒs“CsBÄfÇ6RÃã3ƒcƒ“C##sCSCcƒ2Ãã3ƒcƒ“C##sCSCcƒ2Ãã#Cc“CsCSSc“#ƒ#RÃã“"ÃãÅG'VRÃãƒbÃãÅG'VRÃãS3scs3““C#CCƒ‚ÃãS3scs3““C#CCƒ‚Ãã3ƒ#Cccs3c“‚Ãã“‚ÃãÅG'VRÃãccccƒCC3C3“"ÃãccccƒCC3C3“"ÃãSCs3#S#ƒƒcSƒRÃã3"ÃãÄfÇ6RÃã3bÃãÄfÇ6RÃãƒ“sƒCC3##ƒrÃãƒ“sƒCC3##ƒrÃã33sCCƒSS“cssƒ’Ãã32ÃãÄfÇ6RÃã#“3s3SCc““““rÃã#“3s3SCc““““rÃãc3Sƒ#Cc“3Sƒ#RÃãÃãrÄfÇ6RÃãÃãrÄfÇ6RÃãss33c“Ss3CsrÃãss33c“Ss3CsrÃãc“C“#CSSCƒ3ƒ3RÃã"ÃãcrÄfÇ6RÃãC#S#sSCƒs“CsCÃãC#S#sSCƒs“CsCÃãC3ssC##Cƒ2ÃãÃã“’ÄfÇ6RÃãÃã“2ÄfÇ6RÃã“C#CS####C3SSBÃã“C#CS####C3SSBÃãs“s“3CSc3sƒbÃãÃãƒRÄfÇ6RÃÃÆV&Ç•ööæÇ•öF—66÷fW'’ÅG'VRÅG'VRÅG'VRÅG'VRÅG'VRÅG'VRÄfÇ6P¤td“"ÄDä¤ÄDä¤ÄTå4sƒccÂÓãC##“ƒ#Cc#sC#BÃãC##“ƒ#Cc#sC#BÄfÇ6RÂÓã“C3s3ƒ3ƒƒcs3c’Ãã“C3s3ƒ3ƒƒcs3c’Ãã##cC““sC#ssÃãC’ÃãÄfÇ6RÃãC‚Ãã“’ÄfÇ6RÂÓãƒƒSƒs“Scc3scrÃãƒƒSƒs“Scc3scrÃã3C#“ƒ#SscCƒSCbÃãCÃãÄfÇ6RÂÓãcScCcC3scc#S‚ÃãcScCcC3scc#S‚Ããƒ#3CS#csCƒ“s"Ãã“ÃãÅG'VRÃãc‚ÃãÄfÇ6RÂÓãsƒCSS3s“#CC‚ÃãsƒCSS3s“#CC‚Ããs“c“ƒ#cs3S#S3rÃãƒrÃãÅG'VRÂÓãc““scC“3sCCCc“‚Ããc““scC“3sCCCc“‚Ããƒ#3CS#csCƒ“s"Ãã‚ÃãÄfÇ6RÃã"ÃãÄfÇ6RÂÓãcƒS“s3#c#sc3“rÃãcƒS“s3#c#sc3“rÃãCSc3sƒcƒ#3CBÃãÃã“‚ÄfÇ6RÂÓãC##“ƒ#Cc#sC#3rÃãC##“ƒ#Cc#sC#3rÃãC“s3“3cƒ““ƒc#bÃãÃã“rÄfÇ6RÃãÃã“rÄfÇ6RÂÓã3#sSc#S“S“s3S’Ãã3#sSc#S“S“s3S’ÃãcS“cssƒƒ“3CÃãÃãƒrÄfÇ6RÃÃÆV&Ç•ööæÇ•öF—66÷fW'’ÅG'VRÅG'VRÄfÇ6RÄfÇ6RÅG'VRÅG'VRÄfÇ6P¤$4ÃÅ4TÃÂÅ4TÃÂÄTå4ssS3rÃãC““sƒSsCC#ccCbÃãC““sƒSsCC#ccCbÄfÇ6RÂÓãSCcsƒS#33“3s#ÃãSCcsƒS#33“3s#Ãã#CS#csS#cC“cSƒRÃãÃã“rÄfÇ6RÃãÃã“RÄfÇ6RÂÓãSc#CƒCSSC’ÃãSc#CƒCSSC’Ãã333“#sƒ3cCcS“sRÃãÃã“‚ÄfÇ6RÃã#s“SS#ƒSCssƒbÃã#s“SS#ƒSCssƒbÃãS##“ƒ“3#sƒCc3rÃãÃãƒ’ÄfÇ6RÃãÃãƒ"ÄfÇ6RÃã####“sƒC3sc#RÃã####“sƒC3sc#RÃãs“CcS#Ssc3c‚ÃãÃãS‚ÄfÇ6RÃãS#s“3Csƒ“C#s“BÃãS#s“3Csƒ“C#s“BÃã33ssC##Cƒ"Ããs"ÃãÅG'VRÃãc’ÃãÄfÇ6RÃãcCCsc3ƒcƒƒ3“cBÃãcCCsc3ƒcƒƒ3“cBÃãƒ3#sSs#cCc’ÃãÃãÄfÇ6RÃãC““sƒSsCC#ccCcSBÃãC““sƒSsCC#ccCcSBÃãScƒSƒsSc#CC2ÃãÃã“2ÄfÇ6RÃãÃã“bÄfÇ6RÃãƒcS“#sss“3C“RÃãƒcS“#sss“3C“RÃãCcs3S#S3ss##“‚ÃãÃãÄfÇ6RÃÃÆF“ööæÇ•÷&WFW&Ö–æÅöF—66÷fW'’ÅG'VRÅG'VRÄfÇ6RÄfÇ6RÄfÇ6RÄfÇ6RÄfÇ6P¤´ÄcÅ4Ä3#$#2Å4Ä3#$#2ÄTå4s3s#cbÃãC“S#CCSsƒS“BÃãC“S#CCSsƒS“BÄfÇ6RÃã#CSSCƒCƒC##3ƒcCS2Ãã#CSSCƒCƒC##3ƒcCS2ÃãCƒSS#c3S#s#3#ƒ"ÃãÃãƒbÄfÇ6RÃãÃãcRÄfÇ6RÃãsƒc3S“#3SƒƒƒCrÃãsƒc3S“#3SƒƒƒCrÃã“#sC#CƒƒcƒSsC“rÃã’ÃãÄfÇ6RÃã“cC“ss“#ƒSƒ3C"Ãã“cC“ss“#ƒSƒ3C"Ãã"ÃãrÃãÅG'VRÃãC’Ãã“’ÄfÇ6RÃã3c##SC“cSSƒsssSRÃã3c##SC“cSSƒsssSRÃã#ƒ“C3sSƒSs33ƒƒ#Ãã“rÃãÅG'VRÃãCC“ƒcs3s“C#“SBÃãCC“ƒcs3s“C#“SBÃã#3Sƒ“ƒC“ƒ3csc2ÃãBÃã“2ÄfÇ6RÃã2Ããƒ’ÄfÇ6RÃã#c“#ƒC#c3C“Ãã#c“#ƒC#c3C“Ããc3#3s33ƒSCS“S2Ãã#"ÃãÄfÇ6RÃãC“S#CCSsƒS“C‚ÃãC“S#CCSsƒS“C‚Ãã“c“ƒ#cs3S#S3ss2ÃãrÃã“BÄfÇ6RÃã"Ããƒ2ÄfÇ6RÃãCC#CsSƒssccƒƒRÃãCC#CsSƒssccƒƒRÃã###Cƒ#ƒS3##3S“RÃãÃã’ÄfÇ6RÃÃÆV&Ç•ööæÇ•öF—66÷fW'’ÅG'VRÅG'VRÄfÇ6RÄfÇ6RÅG'VRÅG'VRÄfÇ6P¥DÃÄÕ„“ÄÕ„“ÄTå4s““SÃãC“CƒƒC“ƒ3“ƒ‚ÃãC“CƒƒC“ƒ3“ƒ‚ÄfÇ6RÃãS“ssSƒƒCscBÃãS“ssSƒƒCscBÃã#C#“cƒƒSsƒ#SS"ÃãÃã“RÄfÇ6RÃãBÃãƒbÄfÇ6RÃãS3C““#ssCCCƒBÃãS3C““#ssCCCƒBÃãC“S#ccƒCCCCSbÃãbÃã“‚ÄfÇ6RÃãCs#ƒ#“#Sc3SS“#’ÃãCs#ƒ#“#Sc3SS“#’Ããc3“#3ƒ#CCs“bÃã#rÃãÄfÇ6RÃãrÃã’ÄfÇ6RÃãƒƒƒ#“sƒƒ3ƒƒ3SsrÃãƒƒƒ#“sƒƒ3ƒƒ3SsrÃã#Cƒ#ƒS3##3S“3“cRÃãrÃãÅG'VRÃã#“33cCSSsSCS"Ãã#“33cCSSsSCS"ÃãCS#csCƒ“s“3CRÃãƒ2ÃãÅG'VRÃãƒ2ÃãÅG'VRÃã##cCSƒs#3C3ƒRÃã##cCSƒs#3C3ƒRÃã#ƒƒcSƒC3c#3““"Ãã“rÃãÅG'VRÃãC“CƒƒC“ƒ3“ƒ“SBÃãC“CƒƒC“ƒ3“ƒ“SBÃã#3C#ƒ“C3sSƒSs32ÃãbÃã“bÄfÇ6RÃã"Ãã“ÄfÇ6RÃãC“CCcƒccCcƒCCbÃãC“CCcƒccCcƒCCbÃã#“sS3ƒcC“sS3‚ÃãBÃã“ÄfÇ6RÃÃÆF“ööæÇ•÷&WFW&Ö–æÅöF—66÷fW'’ÅG'VRÅG'VRÅG'VRÅG'VRÅG'VRÅG'VRÄfÇ6P¤td“"ÄÔ•#“#D„rÄÔ•#“#D„rÄTå4s#cs3sBÃãCcc#C3S#“cC’ÃãCcc#C3S#“cC’ÄfÇ6RÃã“3#ƒ#ƒ3c3s3cBÃã“3#ƒ#ƒ3c3s3cBÃã“3CC#s33scCc"ÃãSÃãÄfÇ6RÃãc’ÃãÄfÇ6RÃãƒƒ####3“SƒƒscbÃãƒƒ####3“SƒƒscbÃã3Cs“ƒ3csC#“3S’ÃãC2ÃãÄfÇ6RÃãƒƒc“ƒCƒC“Sc#SrÃãƒƒc“ƒCƒC“Sc#SrÃãsƒƒ“3CS##cBÃã“BÃãÅG'VRÃãs"ÃãÅG'VRÃã#“Cs#Cc#3ƒ#3BÃã#“Cs#Cc#3ƒ#3BÃã““cs#S3c3SrÃã“RÃãÅG'VRÃã3scƒCƒsC#s“#rÃã3scƒCƒsC#s“#rÃã#Cƒ#ƒS3##3S“3“cC2ÃãSRÃãÄfÇ6RÃãCrÃãÄfÇ6RÃã#“cƒ#3cƒCSC3“‚Ãã#“cƒ#3cƒCSC3“‚Ãã#ƒƒcSƒC3c#BÃãsrÃãÅG'VRÃãCcc#C3S#“cC“bÃãCcc#C3S#“cC“bÃãCC#S#CSCƒc“c‚ÃãÃãƒRÄfÇ6RÃãÃã“"ÄfÇ6RÃã“3c“ƒ“C3#S3cSBÃã“3c“ƒ“C3#S3cSBÃã#CCs“c#“Cs’Ãã2ÃãÄfÇ6RÃÃÆV&Ç•ööæÇ•öF—66÷fW'’ÅG'VRÅG'VRÅG'VRÅG'VRÅG'VRÅG'VRÄfÇ6P¤ädS"Ä„$"Ä„$"ÄTå4s#CCs3BÂÓãCSs“#“3C3ƒCƒs‚ÃãCSs“#“3C3ƒCƒs‚ÄfÇ6RÃãscC33C3c3CSBÃãscC33C3c3CSBÃã3333s“cC3C3S3BÃã#’ÃãÄfÇ6RÃã’ÃãÄfÇ6RÃãsCcCƒƒC“SCS#bÃãsCcCƒƒC“SCS#bÃã3cC“33Cc3ƒc’Ãã#ÃãÄfÇ6RÃã“3CCSCSC#ScC“CrÃã“3CCSCSC#ScC“CrÃãSc#CC#ccs“c“‚ÃãƒrÃãÅG'VRÃãSrÃãÄfÇ6RÃã3“sSs“##3ƒ““s“"Ãã3“sSs“##3ƒ““s“"Ãã#sC3CƒC##C“cSsc"ÃãÃãÅG'VRÃã“CCƒƒ3C#cSrÃã“CCƒƒ3C#cSrÃãƒc““SƒƒCss3cbÃãSÃãÄfÇ6RÃãs’ÃãÅG'VRÃã#33Ss#3c#cCCCScBÃã#33Ss#3c#cCCCScBÃã#ƒƒcSƒC3c#3““"ÃãÃãÅG'VRÂÓãCSs“#“3C3ƒCƒsƒÃãCSs“#“3C3ƒCƒsƒÃã33ssC##Cƒ#ƒRÃãÃã“RÄfÇ6RÃãÃã“rÄfÇ6RÂÓãCƒƒ##sC33c33sBÃãCƒƒ##sC33c33sBÃã##“sccƒ3ƒCƒss“ÃãÃã“‚ÄfÇ6RÃÃÆV&Ç•ööæÇ•öF—66÷fW'’ÅG'VRÅG'VRÅG'VRÅG'VRÅG'VRÅG'VRÄfÇ6P¤ädS"ÅtE#C2ÅtE#C2ÄTå4sc3ƒÂÓãCC“s“3“ƒc33rÃãCC“s“3“ƒc33rÄfÇ6RÂÓã#3##C###“SSc“rÃã#3##C###“SSc“rÃãSc“#ƒ#CƒCC“““BÃãÃãsRÄfÇ6RÃãÃãc"ÄfÇ6RÂÓã#CS“ƒC3C‚Ãã#CS“ƒC3C‚ÃãSc3Sƒƒ“c“cƒ3C"ÃãÃãsRÄfÇ6RÂÓãSS##SC“Scc#rÃãSS##SC“Scc#rÃãc““SƒƒCss3cc#SS"Ãã#ÃãÄfÇ6RÃã"Ãã“bÄfÇ6RÂÓã“ƒ“s““##C“S#BÃã“ƒ“s““##C“S#BÃã#ƒSCƒ“s3“3c‚Ããc"ÃãÄfÇ6RÂÓãS3ƒsC3sƒcc3rÃãS3ƒsC3sƒcc3rÃã3“sƒS##c##sBÃã“ÃãÅG'VRÃã“RÃãÅG'VRÂÓã#ccs“3“Sc“cc2Ãã#ccs“3“Sc“cc2ÃãSsc3cƒs#C#s“ƒBÃãÃãÅG'VRÂÓãCC“s“3“ƒc33c’ÃãCC“s“3“ƒc33c’Ãã3#Cc“3Sƒ#Cc“RÃãÃã“BÄfÇ6RÃãÃã“BÄfÇ6RÂÓã3“ƒ#Cc#ƒ#3c“S"Ãã3“ƒ#Cc#ƒ#3c“S"Ãã3cC“3ƒ#scC“BÃãÃã“#“““““““““““““’ÄfÇ6RÃÃÆF“ööæÇ•÷&WFW&Ö–æÅöF—66÷fW'’ÅG'VRÅG'VRÅG'VRÅG'VRÅG'VRÅG'VRÄfÇ6P¤td“"ÄtDcRÄtDcRÄTå4s3S2ÂÓãC#“C#s#Sc“3rÃãC#“C#s#Sc“3rÄfÇ6RÃã3#ƒC#3csSƒSsƒcbÃã3#ƒC#3csSƒSsƒcbÃã3#“#c3#s3C#Ss““‚Ãã“"ÃãÅG'VRÃãƒRÃãÅG'VRÃãC“CCs“3ƒ#sC#“BÃãC“CCs“3ƒ#sC#“BÃã3sC#ƒ#c3“#3s"Ãã“rÃãÅG'VRÃãs3SC“ƒ“c3“ss"Ããs3SC“ƒ“c3“ss"ÃãC3CƒC##C“cSscCRÃã#rÃãÄfÇ6RÃã"Ãã“‚ÄfÇ6RÃãƒs“ccCƒSCsc‚Ããƒs“ccCƒSCsc‚Ãã3C“#C3ƒ“SsCsbÃãCRÃãÄfÇ6RÃã#sCCCcsCcc“s33Ãã#sCCCcsCcc“s33Ããsc##ss““cs#RÃãÃãS’ÄfÇ6RÃãÃãcBÄfÇ6RÃãƒ“ss“sccsƒ3#C"Ããƒ“ss“sccsƒ3#C"ÃãƒCƒss“C“S“ƒ’ÃãÃãSbÄfÇ6RÂÓãC#“C#s#Sc“3ƒRÃãC#“C#s#Sc“3ƒRÃãC“3#sƒCc3cCƒƒ3BÃãÃã“"ÄfÇ6RÃãÃã“‚ÄfÇ6RÂÓãSsc#C#“ƒs’ÃãSsc#C#“ƒs’ÃãC3CsSsSCCSƒc"ÃãÃãÄfÇ6RÃÃÆV&Ç•ööæÇ•öF—66÷fW'’ÅG'VRÅG'VRÅG'VRÅG'VRÅG'VRÅG'VRÄfÇ6P¤td“"Å4ä„sRÅ4ä„sRÄTå4s#3ƒsRÃãC“3SSccc"ÃãC“3SSccc"ÄfÇ6RÂÓãSS#3ƒC3“#C2ÃãSS#3ƒC3“#C2Ãã#C“ƒ#ƒSƒssSrÃãs’ÃãÅG'VRÃãcrÃãÄfÇ6RÂÓã““cC3C33ƒS‚Ãã““cC3C33ƒS‚Ãã##“#3c“#ScS2ÃãC’ÃãÄfÇ6RÂÓãcS3CCƒ““s3ƒƒRÃãcS3CCƒ““s3ƒƒRÃãS“#S“#S“#S“#S“#bÃã#’ÃãÄfÇ6RÃã#"Ãã“’ÄfÇ6RÂÓãcƒ3“C#ƒsƒ#33cBÃãcƒ3“C#ƒsƒ#33cBÃãS“ƒs“ScC#S#BÃã#rÃãÄfÇ6RÃã#sSƒƒc“3s3SCC2Ãã#sSƒƒc“3s3SCC2ÃãSs“c“ƒ#cs3S#bÃã2ÃãsrÄfÇ6RÃãÃãsÄfÇ6RÃã#ccS###s3#CƒCsRÃã#ccS###s3#CƒCsRÃãScƒ#3CS#csC’ÃãÃãsBÄfÇ6RÃãC“3SSccc#RÃãC“3SSccc#RÃãCc““SƒƒCss3cc#bÃãÃãƒ‚ÄfÇ6RÃãÃãƒrÄfÇ6RÃãS#s“CsC“ƒc#ƒBÃãS#s“CsC“ƒc#ƒBÃãCs“ƒ3S3““CcS#rÃãÃã“’ÄfÇ6RÃÃÆV&Ç•ööæÇ•öF—66÷fW'’ÅG'VRÅG'VRÄfÇ6RÄfÇ6RÄfÇ6RÄfÇ6RÄfÇ6P¤$4ÃÅtä³Åtä³ÄTå4sc#3rÃãCs“sƒsscbÃãCs“sƒsscbÄfÇ6RÂÓãcƒ“c“c#ƒcsƒc#S2Ããcƒ“c“c#ƒcsƒc#S2ÃãƒsƒƒSƒSS3“ƒSCSsRÃãÃãcs“““““““““““““’ÄfÇ6RÃãÃãcc“““““““““““““’ÄfÇ6RÂÓãc#Sƒ3ƒsSSƒ#sƒRÃãc#Sƒ3ƒsSSƒ#sƒRÃã“sS##sSCCcScBÃãÃãSRÄfÇ6RÃãcssCcCs“ƒccbÃãcssCcCs“ƒccbÃãC3ƒ“SsCsS““CS2ÃãC’ÃãÄfÇ6RÃãCBÃãÄfÇ6RÃãc3s3“#SS3SCrÃãc3s3“#SS3SCrÃã#S#CSCƒc“cƒCRÃãƒRÃãÅG'VRÃã““C“3s3s#“CCc"Ãã““C“3s3s#“CCc"ÃãƒSCƒ“s3“3c’Ãã“‚ÃãÅG'VRÃã“rÃãÅG'VRÃã#3CC#S#s“s3sCscBÃã#3CC#S#s“s3sCscBÃã##c33sCCƒSS“cs‚Ãã“RÃãÅG'VRÃãCs“sƒssccBÃãCs“sƒssccBÃãSSssS3C#“3SS#‚ÃãÃãÄfÇ6RÃãÃã“ÄfÇ6RÂÓã##3sc#ƒs3CS3Cƒ#bÃã##3sc#ƒs3CS3Cƒ#bÃãƒS#CSCƒc“cƒCRÃãÃãs‚ÄfÇ6RÃÃÆF“ööæÇ•÷&WFW&Ö–æÅöF—66÷fW'’ÅG'VRÅG'VRÅG'VRÅG'VRÅG'VRÅG'VRÄfÇ6P¤´ÄcÄ5ÒÄ5ÒÄTå4scc#s’ÂÓãCƒ“SCSc#ƒ3ƒc"ÃãCƒ“SCSc#ƒ3ƒc"ÄfÇ6RÂÓã“ƒCsScƒs3c3‚Ãã“ƒCsScƒs3c3‚Ãã33ss#3“csc##CCBÃãSBÃãÄfÇ6RÃãCrÃãÄfÇ6RÂÓã#CC#ccsc3csƒ3BÃã#CC#ccsc3csƒ3BÃãSc3ƒc33SSsCS#ƒ2ÃãÃãƒ‚ÄfÇ6RÂÓã#cƒ“Sc#s3SCC3"Ãã#cƒ“Sc#s3SCC3"ÃãCs3cc#SSCC3#“"ÃãÃãƒ#ÄfÇ6RÃãÃãsBÄfÇ6RÃãƒc“cC“C“S“#’Ããƒc“cC“C“S“#’ÃãsC3CƒC##C“cSscBÃã’ÃãÄfÇ6RÂÓã3ƒ“scsC3#ƒcbÃã3ƒ“scsC3#ƒcbÃãcs#S3c3ScS“ƒÃãrÃãÅG'VRÃãs"ÃãÅG'VRÃãƒCCCs3#cs3#C#“ÃãƒCCCs3#cs3#C#“Ããƒ#““3“sƒS##c"ÃãÃãÄfÇ6RÂÓãCƒ“SCSc#ƒ3ƒc"ÃãCƒ“SCSc#ƒ3ƒc"Ãã#sƒƒ“3CS##bÃã2Ãã“"ÄfÇ6RÃãÃã“BÄfÇ6RÃã3““Sƒ““#ƒSc“3rÃã3““Sƒ““#ƒSc“3rÃã3ƒcc“CSƒ“c2ÃãÃãƒ’ÄfÇ6RÃÃÆF“ööæÇ•÷&WFW&Ö–æÅöF—66÷fW'’ÅG'VRÅG'VRÅG'VRÅG'VRÄfÇ6RÄfÇ6RÄfÇ6P¤´ÄcÄtäÃ"ÄtäÃ"ÄTå4s3Cc“rÂÓãCƒƒsCC#3ƒƒCƒRÃãCƒƒsCC#3ƒƒCƒRÄfÇ6RÂÓã#sCCccCcScƒ3S“CBÃã#sCCccCcScƒ3S“CBÃã“Cƒƒ#c“““SƒƒC#’ÃãÃãS2ÄfÇ6RÃãÃãc2ÄfÇ6RÃãc“sƒƒ3#S““C3CbÃãc“sƒƒ3#S““C3CbÃãƒccSƒ#3““3BÃãÃãcBÄfÇ6RÂÓãƒs3sssƒCSƒ3332Ããƒs3sssƒCSƒ3332Ããc““SƒƒCss3cc#SSRÃã“BÃãÅG'VRÃãS2ÃãÄfÇ6RÂÓãc“3ƒsƒc#sƒs3"Ããc“3ƒsƒc#sƒs3"Ãã3#sƒCc3cCƒƒ3C“BÃãS‚ÃãÄfÇ6RÂÓã#C#“s“ƒcƒ#"Ãã#C#“s“ƒcƒ#"ÃãsCC#ccs“c“ƒ#"ÃãÃãSƒÄfÇ6RÃãÃãSƒÄfÇ6RÂÓãc#ƒ3“sc3cSsƒCcRÃãc#ƒ3“sc3cSsƒCcRÃã3cƒSƒsSc#CCRÃãÃã“’ÄfÇ6RÂÓãCƒƒsCC#3ƒƒCƒSsbÃãCƒƒsCC#3ƒƒCƒSsbÃã#ƒ“3#sƒCc3cCƒƒ2ÃãÃã“RÄfÇ6RÃã"ÃãƒRÄfÇ6RÂÓã3#SS#cSsScƒ3rÃã3#SS#cSsScƒ3rÃã3c33sCCƒSS“css‚Ãã"Ãã“ÄfÇ6RÃÃÆV&Ç•ööæÇ•öF—66÷fW'’ÅG'VRÅG'VRÄfÇ6RÄfÇ6RÄfÇ6RÄfÇ6RÄfÇ6P¤´ÄcÄ4Ä4ã2Ä4Ä4ã2ÄTå4s“Ss"ÃãCs##ƒcSƒs’ÃãCs##ƒcSƒs’ÄfÇ6RÃãƒcssC3S“##Sc“’ÃãƒcssC3S“##Sc“’ÃãC3“sc“s““CcbÃã‚ÃãÅG'VRÃãS’ÃãÄfÇ6RÃãCs3#3“Ss#CBÃãCs3#3“Ss#CBÃã#CƒCScSsƒCSƒrÃãƒ2ÃãÅG'VRÃãs3cCƒ3#cƒƒƒƒ2Ããs3cCƒ3#cƒƒƒƒ2Ãã#3s33ƒSCS“S33bÃãC‚ÃãÄfÇ6RÃã3RÃã“’ÄfÇ6RÃã#Sc“#sC“33ƒ3“‚Ãã#Sc“#sC“33ƒ3“‚Ããƒ#CCs“c#“C‚ÃãƒrÃãÅG'VRÃãcCƒ#Cssƒ3s2ÃãcCƒ#Cssƒ3s2ÃãƒcC“sS3ƒcC“sRÃãÃã“2ÄfÇ6RÃã’Ãã“bÄfÇ6RÃãsSCsc####RÃãsSCsc####RÃã##ƒSCƒ“s3“3rÃãs‚ÃãÅG'VRÃãCs##ƒcSƒs“ÃãCs##ƒcSƒs“Ãã#“ƒscSC3#“ƒscS2ÃãbÃãƒBÄfÇ6RÃãrÃã’ÄfÇ6RÃã3ƒ3#ƒCƒCSC3bÃã3ƒ3#ƒCƒCSC3bÃã#ƒ“s“3CSc3sƒbÃã"Ãã’ÄfÇ6RÃÃÆV&Ç•ööæÇ•öF—66÷fW'’ÅG'VRÅG'VRÄfÇ6RÄfÇ6RÅG'VRÅG'VRÄfÇ6P¤´ÄcÅ5$TCÅ5$TCÄTå4sccc‚ÂÓãC3ƒƒC#C“s2ÃãC3ƒƒC#C“s2ÄfÇ6RÂÓã#3ƒC#“cs#cC“CbÃã#3ƒC#“cs#cC“CbÃã3Scsƒs“SCCS“BÃã’ÃãÅG'VRÃãƒRÃãÅG'VRÂÓãsCƒ33C3s2ÃãsCƒ33C3s2ÃãcSƒS#cSCcƒSC““RÃã“’ÃãÅG'VRÂÓãcc###“c33sscs‚Ããcc###“c33sscs‚Ãã3ƒcƒ3#sSs#cCbÃã#BÃãÄfÇ6RÃã#"Ãã“’ÄfÇ6RÂÓã#cccC#C“ƒc#Ss‚Ãã#cccC#C“ƒc#Ss‚Ãã#s#33“cS“##rÃãc‚ÃãÄfÇ6RÂÓãc#s3C#“cSs“#Ããc#s3C#“cSs“#Ãã“sS3ƒcC“sS3ƒbÃã#BÃã“bÄfÇ6RÃã’Ãã“ÄfÇ6RÂÓãCssƒ##“3c3ƒ‚ÃãCssƒ##“3c3ƒ‚ÃãC##C“cSscCCsƒ‚ÃãCrÃãÄfÇ6RÂÓãC3ƒƒC#C“s3"ÃãC3ƒƒC#C“s3"Ãã#“3CSc3sƒcƒ2ÃãBÃã“RÄfÇ6RÃã"Ãã“RÄfÇ6RÂÓã3Ccsƒ3ƒcS3#BÃã3Ccsƒ3ƒcS3#BÃã3s“ƒ3S3““CcS#BÃãÃã’ÄfÇ6RÃÃÆV&Ç•ööæÇ•öF—66÷fW'’ÅG'VRÅG'VRÅG'VRÅG'VRÅG'VRÅG'VRÄfÇ6P¤td“"Ääµ$C#‚Ääµ$C#‚ÄTå4s#cScÃãC33cCCSs3"ÃãC33cCCSs3"ÄfÇ6RÂÓãCs“sSCS#ƒc332ÃãCs“sSCS#ƒc332Ãã#“SƒƒCƒ“SCs32Ãã“‚ÃãÅG'VRÃã“ÃãÅG'VRÂÓãcccC#S"ÃãcccC#S"Ããsƒ3S“3“ss##S“SrÃãÃãÅG'VRÂÓã#3S3s#ƒ3“cSƒ#“C‚Ãã#3S3s#ƒ3“cSƒ#“C‚ÃãCSCC3#“#ƒrÃãÃã‚ÄfÇ6RÃã"Ããs‚ÄfÇ6RÂÓãSCCc“ƒ#cc“CbÃãSCCc“ƒ#cc“CbÃã#csCƒ“s“3CSc2Ãã2ÃãÄfÇ6RÃãC“ƒCc“Cc“SCS“RÃãC“ƒCc“Cc“SCS“RÃã#Cs“c#“Csƒs2ÃãBÃã“rÄfÇ6RÃãBÃã“‚ÄfÇ6RÃã3“s“3#ƒcC#c’Ãã3“s“3#ƒcC#c’Ãã3ƒCC““3C#ƒ“C3‚ÃãÃã“bÄfÇ6RÃãC33cCCSs3"ÃãC33cCCSs3"ÃãC##Cƒ#ƒS3##3S“2ÃãÃã“"ÄfÇ6RÃãÃãƒBÄfÇ6RÃãƒ#“CSSs3SS“33ƒrÃãƒ#“CSSs3SS“33ƒrÃã#C3ƒ“SsCsS““CS2ÃãBÃãÄfÇ6RÃÃÆV&Ç•ööæÇ•öF—66÷fW'’ÅG'VRÅG'VRÅG'VRÅG'VRÅG'VRÅG'VRÄfÇ6P¤ädS"ÄäTCÄäTCÄTå4s#CSS3"ÂÓã3“s#ƒc“##ƒ3"Ãã3“s#ƒc“##ƒ3"ÄfÇ6RÃã3cCCcSCƒsc3SccBÃã3cCCcSCƒsc3SccBÃãsƒ3S“3“ss##S“SrÃãƒ2ÃãÅG'VRÃãc‚ÃãÄfÇ6RÃãC“s3sƒScss3ÃãC“s3sƒScss3Ããsƒ3S“3“ss##S“SrÃãƒRÃãÅG'VRÃã“3ƒs“3Sc3sƒƒCrÃã“3ƒs“3Sc3sƒƒCrÃãS3C“s“C#3ƒcƒ3#‚Ãã‚ÃãÅG'VRÃãS2Ãã“‚ÄfÇ6RÃãc“sC3s““cC"Ããc“sC3s““cC"ÃãcC#S#CSCƒc“cbÃã#’ÃãÄfÇ6RÃãCƒ“s3“#S“ƒsc3RÃãCƒ“s3“#S“ƒsc3RÃã3#“#ƒc““SƒƒC‚ÃãCÃãÄfÇ6RÃãC2ÃãÄfÇ6RÃãƒsC“s#ƒc“3cs3#bÃãƒsC“s#ƒc“3cs3#bÃã“s“3CSc3sƒc"ÃãRÃãÄfÇ6RÂÓã3“s#ƒc“##ƒ3#RÃã3“s#ƒc“##ƒ3#RÃã3#S“#S“#S“#S“#S“RÃãÃã“RÄfÇ6RÃãÃãƒ’ÄfÇ6RÂÓãCƒcƒ3ƒ“CScsc#ÃãCƒcƒ3ƒ“CScsc#Ãã##CSCƒc“cƒCC““BÃã"Ãã“‚ÄfÇ6RÃÃÆV&Ç•ööæÇ•öF—66÷fW'’ÅG'VRÅG'VRÄfÇ6RÄfÇ6RÅG'VRÅG'VRÄfÇ6P¤tDÅ%$3$2Å%$3$2ÄTå4ssS#2Ãã3“csCccƒsƒS“S‚Ãã3“csCccƒsƒS“S‚ÄfÇ6RÂÓãsS#ƒs“sƒ3ss“s2ÃãsS#ƒs“sƒ3ss“s2Ãã3CCC“c““ƒ#cC’ÃãCÃãÄfÇ6RÃã3rÃã“rÄfÇ6RÂÓãƒ33“3scc“ƒƒ3SRÃãƒ33“3scc“ƒƒ3SRÃã“sCsSs#ss#SBÃãC‚Ãã“’ÄfÇ6RÂÓã3ƒ#c#3sss#“C2Ãã3ƒ#c#3sss#“C2Ããsƒ3#cCsCc##srÃãbÃã“RÄfÇ6RÃã"Ããƒ‚ÄfÇ6RÂÓãcsc3ƒsS3C“3SC’Ããcsc3ƒsS3C“3SC’Ãã#“Csƒs3s““s#ScRÃãCBÃãÄfÇ6RÂÓã#Sƒ#ScS333cCÃã#Sƒ#ScS333cCÃãCS##c33sCCƒSS“bÃãƒ’ÃãÅG'VRÃãƒrÃãÅG'VRÂÓãC##CSc#S“Cs“CCbÃãC##CSc#S“Cs“CCbÃãcƒSƒsSc#CC#cbÃã“BÃãÅG'VRÃã3“csCccƒsƒS“S“"Ãã3“csCccƒsƒS“S“"Ãã#“S“ƒ“#cc3ÃãRÃãƒ’ÄfÇ6RÃãbÃã“RÄfÇ6RÃãCscƒ3#sSsC“3"ÃãCscƒ3#sSsC“3"Ãã#c3ScS“ƒs“ScÃã2Ãã“bÄfÇ6RÃÃÆF“ööæÇ•÷&WFW&Ö–æÅöF—66÷fW'’ÅG'VRÅG'VRÅG'VRÅG'VRÅG'VRÅG'VRÄfÇ6P¤$4ÃÄƒ4c4"Äƒ4c4"ÄTå4s3#CsRÃã3“SS3CS3sƒ2Ãã3“SS3CS3sƒ2ÄfÇ6RÂÓã#33CCC“S3c“csrÃã#33CCC“S3c“csrÃã3C#3ƒsSƒs3#33bÃãSbÃãÄfÇ6RÃã3BÃãÄfÇ6RÂÓãScƒƒc#c33“sSCRÃãScƒƒc#c33“sSCRÃã#Cƒ3“3ƒS3sS###“RÃãs‚ÃãÅG'VRÂÓã3#“#“ƒ“sscs3bÃã3#“#“ƒ“sscs3bÃã#ƒ#s33Sƒ“ƒC“2Ããs‚ÃãÅG'VRÃãrÃãÅG'VRÂÓãS3#cccS“c“3C“CRÃãS3#cccS“c“3C“CRÃã3#sƒCc3cCƒƒ3C“BÃã‚ÃãÅG'VRÂÓãssS#s###cSCcRÃãssS#s###cSCcRÃã“3CSc3sƒcƒ#2ÃãÃãÄfÇ6RÃã"Ãã“’ÄfÇ6RÂÓãc#cS#cC3#ƒCs“BÃãc#cS#cC3#ƒCs“BÃãCSƒ“ƒC“ƒ3csc#bÃãÃã“‚ÄfÇ6RÃã3“SS3CS3sƒ2Ãã3“SS3CS3sƒ2ÃãS3cƒs#C#s“ƒ3S3’ÃãÃã“bÄfÇ6RÃãÃã’ÄfÇ6RÃã““CSS3Sƒ“CƒC“Ãã““CSS3Sƒ“CƒC“Ãã3Sƒ“c3#3s3BÃãÃãÄfÇ6RÃÃÆV&Ç•ööæÇ•öF—66÷fW'’ÅG'VRÅG'VRÅG'VRÅG'VRÅG'VRÅG'VRÄfÇ6P¤td“"Å¤u$cÅ¤u$cÄTå4s3ƒcS‚Ãã3“#3S“3Scc3SSs’Ãã3“#3S“3Scc3SSs’ÄfÇ6RÃã3“#S#ƒs#ssc#BÃã3“#S#ƒs#ssc#BÃãsCƒ“s#C#C#ƒbÃãÃãcbÄfÇ6RÃãÃãcRÄfÇ6RÃãSƒ#ccƒƒS“ƒ#bÃãSƒ#ccƒƒS“ƒ#bÃãsSS#Csc33C####2ÃãÃãs2ÄfÇ6RÃã“s33ƒ#“Sƒƒ3s‚Ãã“s33ƒ#“Sƒƒ3s‚ÃãsCcsscCc3SccbÃãsBÃãÅG'VRÃãC"ÃãÄfÇ6RÃã33SS#CSƒc2Ãã33SS#CSƒc2ÃãCƒCƒCƒCƒCƒRÃãsBÃãÅG'VRÃã“ƒ#3#cCƒ3#ccBÃã“ƒ#3#cCƒ3#ccBÃã#ƒƒcSƒC3c#3““"Ãã3bÃãÄfÇ6RÃã3BÃãÄfÇ6RÃã#CƒCSC“ƒƒsssƒƒ3‚Ãã#CƒCSC“ƒƒsssƒƒ3‚Ãã3ssC##Cƒ#ƒS3"ÃãcbÃãÄfÇ6RÃã3“#3S“3Scc3SSs’Ãã3“#3S“3Scc3SSs’ÃãC3#cCsCc##ss“’ÃãÃãƒ’ÄfÇ6RÃãÃã“RÄfÇ6RÃã“#ƒ#sƒƒCSƒ3“Ãã“#ƒ#sƒƒCSƒ3“Ãã“3CSc3sƒcƒ#2ÃãBÃãÄfÇ6RÃÃÆV&Ç•ööæÇ•öF—66÷fW'’ÅG'VRÅG'VRÄfÇ6RÄfÇ6RÅG'VRÅG'VRÄfÇ6P¤td“"Ä4å‚Ä4å‚ÄTå4s#s#"Ãã3ƒƒs#3#“ƒs3ƒ“CRÃã3ƒƒs#3#“ƒs3ƒ“CRÄfÇ6RÂÓã3“S3ƒSc3Sc#ƒ#"Ãã3“S3ƒSc3Sc#ƒ#"Ãã#33##ƒS#“ƒss’Ãã“‚ÃãÅG'VRÃãƒ’ÃãÅG'VRÂÓãCC#“#Cƒ#CƒC“ss"ÃãCC#“#Cƒ#CƒC“ss"ÃãCccCSc3C“sSS‚Ãã“rÃãÅG'VRÂÓã3“Cs3#3“3sC“cbÃã3“Cs3#3“3sC“cbÃã##CC#ccs“c“ƒ#"ÃãÃã“bÄfÇ6RÃãbÃãƒ‚ÄfÇ6RÂÓãSscƒ3cC33#3““‚ÃãSscƒ3cC33#3““‚Ããcs#S3c3ScS“‚ÃãbÃãÄfÇ6RÃãsƒ#sc“Scc“C“RÃãsƒ#sc“Scc“C“RÃãƒSc“#s#“sccƒ3ƒBÃãÃãS‚ÄfÇ6RÃãÃãc2ÄfÇ6RÃãsSƒ“#3CC33#bÃãsSƒ“#3CC33#bÃãƒcƒƒcCSCCcc3“2ÃãÃãc2ÄfÇ6RÃã3ƒƒs#3#“ƒs3ƒ“CCBÃã3ƒƒs#3#“ƒs3ƒ“CCBÃãC3s33ƒSCS“S33c2ÃãÃã“BÄfÇ6RÃãÃã’ÄfÇ6RÃã3Scs“#“cƒS“33"Ãã3Scs“#“cƒS“33"Ããc3ƒcC“sS3ƒcC"ÃãÃã“rÄfÇ6RÃÃÆV&Ç•ööæÇ•öF—66÷fW'’ÅG'VRÅG'VRÅG'VRÅG'VRÅG'VRÅG'VRÄfÇ6P¤td“"Ä”å5"Ä”å5"ÄTå4ssRÃã3ƒƒsCS3ƒ3ss“‚Ãã3ƒƒsCS3ƒ3ss“‚ÄfÇ6RÃãSs#c#“cSScS#2ÃãSs#c#“cSScS#2ÃãS“#333cS3CSBÃã“’ÃãÅG'VRÃã“bÃãÅG'VRÃãCcc#Cc“““3RÃãCcc#Cc“““3RÃãCS#s3s“c3S"Ãã“bÃãÅG'VRÃãƒƒscSS“ƒƒc#’ÃãƒƒscSS“ƒƒc#’Ãã“#C3ƒ“SsCsS““CrÃãc"ÃãÄfÇ6RÃã3RÃãÄfÇ6RÃã“C#“c3c3cC3ƒ‚Ãã“C#“c3c3cC3ƒ‚Ãã#cCc“S3C“s“C"ÃãcBÃãÄfÇ6RÃãc#3“#c“3SsCS2Ããc#3“#c“3SsCS2ÃãCc“3Sƒ#Cc“3bÃã"Ãã“RÄfÇ6RÃã‚Ãã“bÄfÇ6RÃãscƒ3ScCCsSrÃãscƒ3ScCCsSrÃãƒ“c3#3s33ƒSRÃã"Ãã“rÄfÇ6RÃã3ƒƒsCS3ƒ3ss“ƒsRÃã3ƒƒsCS3ƒ3ss“ƒsRÃãC3sSƒSs33ƒƒ#3"ÃãÃã’ÄfÇ6RÃãÃã“ÄfÇ6RÃãscƒcƒs33c3sc"Ããscƒcƒs33c3sc"Ãã3#ƒSCƒ“s3“BÃãÃã“’ÄfÇ6RÃÃÆV&Ç•ööæÇ•öF—66÷fW'’ÅG'VRÅG'VRÅG'VRÅG'VRÅG'VRÅG'VRÄfÇ6P¤ädS"ÄÄ”ä3#cRÄÄ”ä3#cRÄTå4s#SC3"Ãã3ƒƒ#SCC“#Sss‚Ãã3ƒƒ#SCC“#Sss‚ÄfÇ6RÃã##ƒ#ƒSsS#SƒC2Ãã##ƒ#ƒSsS#SƒC2Ãã“#s#C#ƒ3ccCRÃãƒ"ÃãÅG'VRÃãs"ÃãÅG'VRÃãSSsscscƒssƒC‚ÃãSSsscscƒssƒC‚ÃãcCc3c3cs#ƒSC“’Ãã“2ÃãÅG'VRÃãs“c33c“cS“C3BÃãs“c33c“cS“C3BÃãCƒCƒCƒCƒCƒRÃãS‚ÃãÄfÇ6RÃãC2Ãã“’ÄfÇ6RÃãs3SSƒSƒc#ss3Ããs3SSƒSƒc#ss3ÃãS3ƒcC“sS3ƒcC"Ãã3BÃãÄfÇ6RÃãS3c3sC3Sƒ##sSsBÃãS3c3sC3Sƒ##sSsBÃã#c3cƒs#C#s“ƒ3RÃã"Ãã“‚ÄfÇ6RÃãÃã“BÄfÇ6RÃãS3“cCsƒC3SscbÃãS3“cCsƒC3SscbÃãC#3CScs“#3CScsrÃãÃã“RÄfÇ6RÃã3ƒƒ#SCC“#Sssƒ#RÃã3ƒƒ#SCC“#Sssƒ#RÃã33cCƒƒ3C“#C3’ÃãÃã“2ÄfÇ6RÃãÃã“ÄfÇ6RÃãC#CSƒs##S“3CRÃãC#CSƒs##S“3CRÃã3CcsscCc3SccRÃãÃã“‚ÄfÇ6RÃÃÆV&Ç•ööæÇ•öF—66÷fW'’ÅG'VRÅG'VRÅG'VRÅG'VRÅG'VRÅG'VRÄfÇ6P¤td“"ÄU¤ƒÄU¤ƒÄTå4sƒs“’Ãã3ƒSssS“sS“’Ãã3ƒSssS“sS“’ÄfÇ6RÃãCƒ“cC3ss“Ccƒ“sbÃãCƒ“cC3ss“Ccƒ“sbÃãs3C3sS“ƒ“3ƒ2ÃãƒBÃãÅG'VRÃãc‚ÃãÄfÇ6RÃã#C“##CC“Cƒ##ƒC"Ãã#C“##CC“Cƒ##ƒC"Ãã“3#“#cƒ3“SbÃãƒbÃãÅG'VRÃãs#cƒ#C#ƒCs#c2Ããs#cƒ#C#ƒCs#c2Ãã3sSƒSs33ƒƒ#3‚Ãã32ÃãÄfÇ6RÃã‚ÃãÄfÇ6RÃãƒCcSSc#Cc"ÃãƒCcSSc#Cc"Ãã33“cS“##ƒSCbÃãC‚ÃãÄfÇ6RÃãC3CSsƒCCs3s’ÃãC3CSsƒCCs3s’Ãã33SScƒSƒsSRÃãÃã’ÄfÇ6RÃãÃã“BÄfÇ6RÃã3CCƒ3#“#ccsCbÃã3CCƒ3#“#ccsCbÃãCS3C#“3SS#ƒ#rÃãÃãƒRÄfÇ6RÃã3ƒSssS“scÃã3ƒSssS“scÃãCC“#C3ƒ“SsCsbÃãÃã“2ÄfÇ6RÃãÃãƒ‚ÄfÇ6RÃã3cƒ#“S3C3ƒ#"Ãã3cƒ#“S3C3ƒ#"Ããc#C3ƒ“SsCsS““CRÃãÃã“ÄfÇ6RÃÃÆV&Ç•ööæÇ•öF—66÷fW'’ÅG'VRÅG'VRÄfÇ6RÄfÇ6RÅG'VRÅG'VRÄfÇ6P¤ädS"ÄÕE"ÄÕE"ÄTå4sc“ƒBÂÓã3ƒSS#ƒSCc“ƒc“BÃã3ƒSS#ƒSCc“ƒc“BÄfÇ6RÂÓãs“S###SC“S“ssÃãs“S###SC“S“ssÃã3ƒCCCƒScc33#ƒ2ÃãsbÃãÅG'VRÃãc"ÃãÄfÇ6RÂÓã3sƒ#SC“s“ƒS‚Ãã3sƒ#SC“s“ƒS‚ÃãCccCSc3C“sSS‚ÃãcrÃãÄfÇ6RÂÓãc“ccssCSƒ##sÃãc“ccssCSƒ##sÃã#S3ss##“ƒ“3#sƒbÃãCRÃãÄfÇ6RÃã#bÃã“’ÄfÇ6RÂÓãƒCƒƒ3C“ƒsƒs’ÃãƒCƒƒ3C“ƒsƒs’Ãã3c#3““sc“SCs3"ÃãCbÃãÄfÇ6RÂÓãCcc3c3CC“ƒsCƒ2ÃãCcc3c3CC“ƒsCƒ2Ãã3C#S#CSCƒc“cƒBÃãÃã“"ÄfÇ6RÃãÃã“RÄfÇ6RÂÓãsƒ33Ssƒ3cSs“2Ããsƒ33Ssƒ3cSs“2Ãã#CSƒcƒcSSc“#s2ÃãÃãÄfÇ6RÂÓã3ƒSS#ƒSCc“ƒc“C"Ãã3ƒSS#ƒSCc“ƒc“C"Ãã33“#3ƒ#CCs“bÃã"Ãã“RÄfÇ6RÃãÃãƒ‚ÄfÇ6RÂÓã3“c3ƒS““#“RÃã3“c3ƒS““#“RÃãCCcsscCc3SccSBÃãÃãƒbÄfÇ6RÃÃÆV&Ç•ööæÇ•öF—66÷fW'’ÅG'VRÅG'VRÄfÇ6RÄfÇ6RÄfÇ6RÄfÇ6RÄfÇ6P¤td“"ÄU$ÔÄU$ÔÄTå4scCÃã3ƒCƒƒSc#s“sCƒƒrÃã3ƒCƒƒSc#s“sCƒƒrÄfÇ6RÃã3C“###cS“s#"Ãã3C“###cS“s#"Ããsƒ##sC3ƒcc"Ããs‚ÃãÅG'VRÃãsBÃãÅG'VRÃã3#sƒC3ƒƒƒ#‚Ãã3#sƒC3ƒƒƒ#‚ÃãsCƒC#3cS#sƒCsCRÃãƒBÃãÅG'VRÃãScs#c3SCsCs’ÃãScs#c3SCsCs’Ãã#S3c3ScS“ƒ‚Ãã‚Ãã“’ÄfÇ6RÃãRÃã“‚ÄfÇ6RÃãcƒ3“3“c#c“3SbÃãcƒ3“3“c#c“3SbÃãS““CS33SSc’Ãã#BÃãÄfÇ6RÃãCs3#“#ScS#s“S3ÃãCs3#“#ScS#s“S3Ãã#cCsCc##ss““cRÃãrÃã“BÄfÇ6RÃãBÃã’ÄfÇ6RÃãc3sS“scS3Cƒ“ƒ‚Ããc3sS“scS3Cƒ“ƒ‚Ãã“#cc33ssRÃãrÃã“‚ÄfÇ6RÃã3ƒCƒƒSc#s“sCƒƒscbÃã3ƒCƒƒSc#s“sCƒƒscbÃãCCS##c33sCCƒSbÃãÃã’ÄfÇ6RÃãÃã“BÄfÇ6RÃãƒ3Cƒƒ3“#c#“sC’Ããƒ3Cƒƒ3“#c#“sC’Ãã#CC#ccs“c“ƒ#bÃãÃãÄfÇ6RÃÃÆV&Ç•ööæÇ•öF—66÷fW'’ÅG'VRÅG'VRÅG'VRÅG'VRÅG'VRÅG'VRÄfÇ6P¤td“"Ä$„CRÄ$„CRÄTå4s“‚ÂÓã3ƒC#“3“SCC3“ƒ2Ãã3ƒC#“3“SCC3“ƒ2ÄfÇ6RÃãS3S3c3s#c#RÃãS3S3c3s#c#RÃã3s“33S“CCSƒ"Ãã“rÃãÅG'VRÃã“‚ÃãÅG'VRÃãs3S““cƒ““SS#rÃãs3S““cƒ““SS#rÃã3s“33S“CCSƒ"ÃãÃãÅG'VRÃãƒ3#sƒs“sC3ƒrÃãƒ3#sƒs“sC3ƒrÃã#33“cS“##ƒSRÃãbÃãÄfÇ6RÃã3’ÃãÄfÇ6RÃã“sCSƒCs“333#c“C2Ãã“sCSƒCs“333#c“C2ÃãsSSƒ#““3“sƒS#"Ããc‚ÃãÄfÇ6RÃãsƒsccSSƒƒ“3ƒƒsC‚ÃãsƒsccSSƒƒ“3ƒƒsC‚Ããsc#cƒƒcCSCCccBÃã#2Ãã“’ÄfÇ6RÃãÃã“rÄfÇ6RÃãƒƒƒƒ“ƒƒc“““Ss“rÃãƒƒƒƒ“ƒƒc“““Ss“rÃãcSSc“#s#“sccƒ3’Ãã#"ÃãÄfÇ6RÂÓã3ƒC#“3“SCC3“ƒ3BÃã3ƒC#“3“SCC3“ƒ3BÃãCC“sS3ƒcC“sS2ÃãÃã“ÄfÇ6RÃãÃãƒrÄfÇ6RÂÓãCsSƒ3s#ƒBÃãCsSƒ3s#ƒBÃãS#3ƒ#CCs“c"ÃãÃã“’ÄfÇ6RÃÃÆV&Ç•ööæÇ•öF—66÷fW'’ÅG'VRÅG'VRÅG'VRÅG'VRÅG'VRÅG'VRÄfÇ6P¤$4ÃÄäUU$Ã"ÄäUU$Ã"ÄTå4s#C3SrÃã3ƒƒsc#ccSs’Ãã3ƒƒsc#ccSs’ÄfÇ6RÃãsƒ#“C#Cc##““rÃãsƒ#“C#Cc##““rÃãs“Ss“SssCCSCcSrÃã“‚ÃãÅG'VRÃãÃãÅG'VRÃã“Ccsƒ3ƒCCcs“c’Ãã“Ccsƒ3ƒCCcs“c’Ããs“ƒcc3ƒs“BÃãÃãÅG'VRÃãCC“C#sƒ#ƒccSƒ3‚ÃãCC“C#sƒ#ƒccSƒ3‚Ãã3#ScSSssS3C#“BÃãÃã“‚ÄfÇ6RÃãÃã“RÄfÇ6RÃã“ƒ3c#Sƒ#sƒ3sBÃã“ƒ3c#Sƒ#sƒ3sBÃãc““SƒƒCss3cc#bÃãÃãÄfÇ6RÃã3sCƒC“S#SSƒc“BÃã3sCƒC“S#SSƒc“BÃãC“ScC#S#CSC’ÃãÃã’ÄfÇ6RÃãÃã“bÄfÇ6RÃãcƒƒ##C3s“sƒ2Ããcƒƒ##C3s“sƒ2Ããƒ#scC“3ƒ#scRÃãBÃãÄfÇ6RÃã3ƒƒsc#ccSsƒcRÃã3ƒƒsc#ccSsƒcRÃãSCcsscCc3SccS"ÃãÃã“ÄfÇ6RÃãÃãƒ2ÄfÇ6RÃãcScƒc#C““ƒ#cBÃãcScƒc#C““ƒ#cBÃãƒ3csc#cƒƒcCSBÃãBÃãÄfÇ6RÃÃÆV&Ç•ööæÇ•öF—66÷fW'’ÅG'VRÅG'VRÅG'VRÅG'VRÅG'VRÅG'VRÄfÇ6P¤$4ÃÅE#ÅE#ÄTå4sSCƒCRÃã3ƒS3c“““sC‚Ãã3ƒS3c“““sC‚ÄfÇ6RÃãSS“33#scSCc2ÃãSS“33#scSCc2Ãã#CƒCScSsƒCSƒrÃã’ÃãÅG'VRÃã‚ÃãÅG'VRÃã#3sSCc3#ƒ####"Ãã#3sSCc3#ƒ####"ÃãƒcC3c“#sC#CƒƒrÃãÃãÅG'VRÃã#“““#cƒ3CSs"Ãã#“““#cƒ3CSs"ÃãCƒƒ3C“#C3ƒ“SsBÃã3rÃãÄfÇ6RÃã3BÃãÄfÇ6RÃãSsCs3SS33s3#RÃãSsCs3SS33s3#RÃãsƒƒ“3CS##cBÃã‚ÃãÄfÇ6RÃã#sCƒCƒ#c3CCsSbÃã#sCƒCƒ#c3CCsSbÃãcs“c“ƒ#cs3S#bÃãÃãrÄfÇ6RÃãÃãƒBÄfÇ6RÂÓãcS“cƒ3ƒCCcsCc"ÃãcS“cƒ3ƒCCcsCc"Ãã“#c33sCCƒSS“cs‚ÃãÃãcBÄfÇ6RÃã3ƒS3c“““sCs“‚Ãã3ƒS3c“““sCs“‚ÃãSCsSsSCCSƒc’ÃãÃã“rÄfÇ6RÃãÃãƒ2ÄfÇ6RÃãƒc3““C3cCcc’Ããƒc3““C3cCcc’Ãã3ƒƒ#3sƒ3#cCsC2ÃãÃãÄfÇ6RÃÃÆV&Ç•ööæÇ•öF—66÷fW'’ÅG'VRÅG'VRÅG'VRÅG'VRÅG'VRÅG'VRÄfÇ6P¤$4ÃÄÔ$äÃÄÔ$äÃÄTå4sS#cÃã3sƒ3“ƒ3s“c#“BÃã3sƒ3“ƒ3s“c#“BÄfÇ6RÃãscS#ƒCC3scC3“RÃãscS#ƒCC3scC3“RÃãcCCƒs#C3s“#S2ÃãÃãÅG'VRÃã“BÃãÅG'VRÃãss“sCc3“ƒ3c32Ããss“sCc3“ƒ3c32ÃãcƒsCsC#sc3csc3RÃã“‚ÃãÅG'VRÃãƒ“CSS#CSC#3“bÃãƒ“CSS#CSC#3“bÃã3“sƒS##c##sBÃãÃãÅG'VRÃãÃãÅG'VRÃãcCƒS3CsCCSc‚ÃãcCƒS3CsCCSc‚Ãã#CCs“c#“CsƒrÃã“RÃãÅG'VRÃãCƒ3s““Sƒ“3“c‚ÃãCƒ3s““Sƒ“3“c‚Ãã3CSc3sƒcƒ#3CRÃãSRÃãÄfÇ6RÃãSbÃãÄfÇ6RÃã#cssCS“ƒ3ScƒbÃã#cssCS“ƒ3ScƒbÃãC#ƒ“C3sSƒSs33’ÃãÃãÄfÇ6RÃã3sƒ3“ƒ3s“c#“C3bÃã3sƒ3“ƒ3s“c#“C3bÃãSC““3C#ƒ“C3sS’ÃãÃã“bÄfÇ6RÃãÃãƒBÄfÇ6RÃãS#CCC“ScƒƒcC3RÃãS#CCC“ScƒƒcC3RÃãc3s#s#33“cS’ÃãÃã“bÄfÇ6RÃÃÆV&Ç•ööæÇ•öF—66÷fW'’ÅG'VRÅG'VRÅG'VRÅG'VRÅG'VRÅG'VRÄfÇ6P¤´ÄcÅ%Ã2Å%Ã2ÄTå4s3bÃã3scs#S“Cƒ“SBÃã3scs#S“Cƒ“SBÄfÇ6RÃã3sC3#CScC3cC3BÃã3sC3#CScC3cC3BÃã#Cc“CsCSSc“#ƒ#RÃã“BÃãÅG'VRÃã“bÃãÅG'VRÃãC“C#“CCsƒBÃãC“C#“CCsƒBÃãS“#333cS3CSBÃã“"ÃãÅG'VRÃãƒƒƒ3#css“CsrÃãƒƒƒ3#css“CsrÃãcC“3ƒ#scC“3ƒBÃãC’ÃãÄfÇ6RÃãSBÃãÄfÇ6RÃãcssƒ#Cƒ#CcCs"Ããcssƒ#Cƒ#CcCs"Ãã#3s33ƒSCS“S33bÃã"Ãã“’ÄfÇ6RÃãCƒ#cS33sC#c3"ÃãCƒ#cS33sC#c3"Ãã““sc“SCs3#S2Ãã’Ãã’ÄfÇ6RÃãrÃã“BÄfÇ6RÂÓãCƒs3cƒCcS3#S“BÃãCƒs3cƒCcS3#S“BÃãCƒc““SƒƒCss3rÃãÃã“bÄfÇ6RÃã3scs#S“Cƒ“SC#bÃã3scs#S“Cƒ“SC#bÃã#3“cC33CsSsSCCbÃã2Ãã“ÄfÇ6RÃã"Ãã’ÄfÇ6RÃãSCsC3Cƒ“Ssc#bÃãSCsC3Cƒ“Ssc#bÃã3cCƒƒ3C“#C3’ÃãÃã“rÄfÇ6RÃÃÆV&Ç•ööæÇ•öF—66÷fW'’ÅG'VRÅG'VRÅG'VRÅG'VRÅG'VRÅG'VRÄfÇ6P¤´ÄcÅ%3’Å%3’ÄTå4sS3s"Ãã3sS“cƒSS#ƒSs“rÃã3sS“cƒSS#ƒSs“rÄfÇ6RÃãƒƒƒcƒsS3SC3#ƒ3bÃãƒƒƒcƒsS3SC3#ƒ3bÃã#3S“s##c#sSƒ‚Ãã3’ÃãÄfÇ6RÃãSBÃãÄfÇ6RÃã##S3S#sS#C“Sc"Ãã##S3S#sS#C“Sc"ÃãCCCSSC“#CsƒCRÃã3BÃã“’ÄfÇ6RÃã#Cc“3“S3#“s#BÃã#Cc“3“S3#“s#BÃã3ƒCƒss“C“S“ƒ’Ãã’ÃãÅG'VRÃãs’ÃãÅG'VRÃã#“C3ƒS“ƒCƒRÃã#“C3ƒS“ƒCƒRÃãS“##ƒSCƒ“rÃãƒ’ÃãÅG'VRÃãCƒs##c#cS3C3C"ÃãCƒs##c#cS3C3C"Ãã#SCƒc“cƒCC““32Ãã"Ããƒ’ÄfÇ6RÃã’Ããƒ‚ÄfÇ6RÂÓã#““ƒ3#c“S#33s’Ãã#““ƒ3#c“S#33s’Ããcs#ƒ3“Scs#ƒ3’ÃãÃãsbÄfÇ6RÃã3sS“cƒSS#ƒSs“s2Ãã3sS“cƒSS#ƒSs“s2Ãã#3“sƒS##c##sRÃãbÃãƒ’ÄfÇ6RÃãÃã“BÄfÇ6RÃãSSscCS“CC3SC“BÃãSSscCS“CC3SC“BÃã#ƒ#s33Sƒ“ƒRÃã‚Ãã“bÄfÇ6RÃÃÆV&Ç•ööæÇ•öF—66÷fW'’ÅG'VRÅG'VRÅG'VRÅG'VRÅG'VRÅG'VRÄfÇ6P¤$4ÃÄ54ÃBÄ54ÃBÄTå4scƒ3cbÃã3s33ƒSsSsS3RÃã3s33ƒSsSsS3RÄfÇ6RÂÓãCC3##ƒ33“S3CRÃãCC3##ƒ33“S3CRÃãƒ“3#c3ƒ##“sƒ3#2Ãã“"ÃãÅG'VRÃãsBÃãÅG'VRÂÓã##3“SSƒ###sC“2Ãã##3“SSƒ###sC“2Ãã“SCsC“#s#2Ãã“’ÃãÅG'VRÂÓãCƒ#Sƒs#csƒsSbÃãCƒ#Sƒs#csƒsSbÃã#“#ƒc““SƒƒCssBÃãÃãÄfÇ6RÃãÃã“BÄfÇ6RÂÓãS##SSƒƒc“SSƒ3SrÃãS##SSƒƒc“SSƒ3SrÃãsssssssssssssss‚ÃãÃãÄfÇ6RÃãSSC#c““#3cScÃãSSC#c““#3cScÃã“ƒcSSc“#s#“scc‚ÃãÃãSbÄfÇ6RÃãÃãS"ÄfÇ6RÂÓãs#ƒ#3“sscSƒ“3cRÃãs#ƒ#3“sscSƒ“3cRÃã3CƒCƒCƒCƒCƒRÃãÃã“’ÄfÇ6RÃã3s33ƒSsSsS3cÃã3s33ƒSsSsS3cÃãSSS#ƒ#s33S’ÃãÃãƒBÄfÇ6RÃãÃãƒbÄfÇ6RÃã“C3C3s#ƒƒSsƒSÃã“C3C3s#ƒƒSsƒSÃã3CSƒcƒcSSc“#s2ÃãÃãÄfÇ6RÃÃÆV&Ç•ööæÇ•öF—66÷fW'’ÅG'VRÅG'VRÅG'VRÅG'VRÅG'VRÅG'VRÄfÇ6P¤$4ÃÄ4T%"Ä4T%"ÄTå4ss##bÃã3s#ƒ“3##C#“rÃã3s#ƒ“3##C#“rÄfÇ6RÂÓã#3ƒ33ƒ3Scc3S‚Ãã#3ƒ33ƒ3Scc3S‚ÃãS“Cƒcƒ“ƒcSSsƒ#bÃãÃãƒÄfÇ6RÃãÃã“#“““““““““““““’ÄfÇ6RÂÓãs“sC3c3S"Ããs“sC3c3S"Ããƒ#CC3##“S#3“BÃãÃãcÄfÇ6RÃãS#ƒ““SCcƒƒScCBÃãS#ƒ““SCcƒƒScCBÃã#SCCcc3“#3ƒ#CBÃãÃã“’ÄfÇ6RÃãBÃã“‚ÄfÇ6RÃãs#s3CCCC“ƒƒSRÃãs#s3CCCC“ƒƒSRÃãƒ“ƒC“ƒ3csc#c’ÃãÃã“’ÄfÇ6RÃãsSC“s“S#3#CcBÃãsSC“s“S#3#CcBÃãs“c#“Csƒs3‚Ããƒ’ÃãÅG'VRÃã’ÃãÅG'VRÃã##s3SSsƒ##3rÃã##s3SSsƒ##3rÃã#ScSSssS3C#“3SbÃã‚ÃãÅG'VRÃã3s#ƒ“3##C#“sSbÃã3s#ƒ“3##C#“sSbÃãSSSƒ#““3“sƒS#ÃãÃã“"ÄfÇ6RÃãÃã’ÄfÇ6RÃãcsscƒ“ƒƒSCSc"Ããcsscƒ“ƒƒSCSc"ÃãSCSCCcc3“#3ƒ"ÃãÃãÄfÇ6RÃÃÆF“ööæÇ•÷&WFW&Ö–æÅöF—66÷fW'’ÅG'VRÅG'VRÅG'VRÅG'VRÅG'VRÅG'VRÄfÇ6P¥DÃÅ%TäD34Ô3Å%TäD34Ô3ÄTå4s#cssSÃã3s#Cc3cc#c#‚Ãã3s#Cc3cc#c#‚ÄfÇ6RÃã##SsCC#33cs#c"Ãã##SsCC#33cs#c"ÃãCƒcƒCs3CSc“C’ÃãÃãƒRÄfÇ6RÃãÃãƒÄfÇ6RÃã##ƒ“3#ƒ3sCC#‚Ãã##ƒ“3#ƒ3sCC#‚ÃãCs#ƒcsS““S3BÃãÃãƒ’ÄfÇ6RÃã3“Sƒ“c““#s3#bÃã3“Sƒ“c““#s3#bÃãC#ƒ“C3sSƒSs3BÃãRÃã“bÄfÇ6RÃãBÃãƒ’ÄfÇ6RÃãS““C“““ƒs“ƒ3BÃãS““C“““ƒs“ƒ3BÃã“3CS##c33sCRÃãbÃã“’ÄfÇ6RÃã3#“sƒSscCcƒ"Ãã3#“sƒSscCcƒ"ÃãSƒ“ƒC“ƒ3csc#c’ÃãsÃãÅG'VRÃãcRÃãÄfÇ6RÃãCcC3#ƒC#“3ƒCrÃãCcC3#ƒC#“3ƒCrÃãƒSƒSƒSƒSƒSrÃãsBÃãÅG'VRÃã3s#Cc3cc#c#ƒ2Ãã3s#Cc3cc#c#ƒ2Ãã#ƒc“cƒCC““3C#’ÃãÃãƒ’ÄfÇ6RÃãBÃã’ÄfÇ6RÃã3S#“sScCƒƒcRÃã3S#“sScCƒƒcRÃã3#33“cS“##ƒ2ÃãRÃãƒÄfÇ6RÃÃÆF“ööæÇ•÷&WFW&Ö–æÅöF—66÷fW'’ÅG'VRÅG'VRÄfÇ6RÄfÇ6RÅG'VRÅG'VRÄfÇ6P¤tDÄå„cÄå„cÄTå4sc##3Ãã3ss“S3sCƒ33“2Ãã3ss“S3sCƒ33“2ÄfÇ6RÃãCc3CCSƒS#3“BÃãCc3CCSƒS#3“BÃãc3S#3s3cSC3#"ÃãÃãcRÄfÇ6RÃã2ÃãcrÄfÇ6RÃãc#““ccC3cSs##"Ããc#““ccC3cSs##"ÃãcCsCcƒsƒƒSƒSS3’ÃãÃãc’ÄfÇ6RÃãcS33#C“s“Cs’ÃãcS33#C“s“Cs’Ããss#s#33“cS“"ÃãÃãcbÄfÇ6RÃãÃãS"ÄfÇ6RÃãcC#“ƒ#SscccƒRÃãcC#“ƒ#SscccƒRÃãƒc““SƒƒCss3cc"ÃãÃãcÄfÇ6RÂÓã“3#c“3##“2Ãã“3#c“3##“2Ãã“c#“Csƒs3s““s2ÃãsrÃãÅG'VRÃãs‚ÃãÅG'VRÂÓãsS“Cc3##SScBÃãsS“Cc3##SScBÃã#ƒƒcSƒC3c#3““"ÃãsRÃãÅG'VRÃã3ss“S3sCƒ33“C2Ãã3ss“S3sCƒ33“C2Ãã3#c33sCCƒSS“cs‚Ãã"Ãã’ÄfÇ6RÃãRÃãƒRÄfÇ6RÃãC#3CCS33sSCÃãC#3CCS33sSCÃã3C33CsSsSCCSƒRÃãÃã“RÄfÇ6RÃÃÆF“ööæÇ•÷&WFW&Ö–æÅöF—66÷fW'’ÅG'VRÅG'VRÅG'VRÅG'VRÅG'VRÅG'VRÄfÇ6P¤´ÄcÄEc2ÄEc2ÄTå4s#Scƒ2Ãã3scsC“ƒ#sCSrÃã3scsC“ƒ#sCSrÄfÇ6RÃã3s#sSSCC“#ƒ’Ãã3s#sSSCC“#ƒ’Ãã#“cc#Sc#“SƒbÃãÃã“BÄfÇ6RÃãBÃã“rÄfÇ6RÃãS3SCsƒc#sÃãS3SCsƒc#sÃã##cc3“3“S##Sc‚ÃãÃã“bÄfÇ6RÃãƒ“S“ccƒC“cSCrÃãƒ“S“ccƒC“cSCrÃãS3c3ScS“ƒs“SbÃãsÃãÅG'VRÃã3’ÃãÄfÇ6RÃãsƒƒƒS““#ƒbÃãsƒƒƒS““#ƒbÃã#ss““cs#S3c3bÃãs"ÃãÅG'VRÃã3CC“SS3S““SbÃã3CC“SS3S““SbÃã3SCƒc“cƒCC““3CÃã"ÃãƒRÄfÇ6RÃãÃãƒrÄfÇ6RÃãcc3ƒSs3s33#SbÃãcc3ƒSs3s33#SbÃã#sƒS##c##sC3bÃãÃã“’ÄfÇ6RÃã3scsC“ƒ#sCSs’Ãã3scsC“ƒ#sCSs’Ãã#CCs“c#“CsƒbÃãÃã“BÄfÇ6RÃãÃã“BÄfÇ6RÃã3Ssc##“S3CƒRÃã3Ssc##“S3CƒRÃã3#s33Sƒ“ƒC“bÃãÃã’ÄfÇ6RÃÃÆV&Ç•ööæÇ•öF—66÷fW'’ÅG'VRÅG'VRÄfÇ6RÄfÇ6RÅG'VRÅG'VRÄfÇ6P¤´ÄcÅEã’ÅEã’ÄTå4sc“CÃã3sCSCSƒ33#bÃã3sCSCSƒ33#bÄfÇ6RÂÓãC#CSCsCƒcSCRÃãC#CSCsCƒcSCRÃãc3cC“33Cc3ƒbÃãsrÃãÅG'VRÃãS’ÃãÄfÇ6RÂÓãcs33“cSSSƒs3’Ããcs33“cSSSƒs3’Ããscƒ#ƒ“s3#ccScbÃãÃãÅG'VRÂÓãCCC“ƒs3#ƒssbÃãCCC“ƒs3#ƒssbÃãsƒs“#ƒcc“CS"ÃãBÃã“‚ÄfÇ6RÃãbÃã“RÄfÇ6RÂÓã“ccC“C#CC#’Ãã“ccC“C#CC#’ÃãSCƒ“s3“3c’Ãã3bÃãÄfÇ6RÃã“3C#“s#SS“3C"Ãã“3C#“s#SS“3C"ÃãcCS##c33sCCƒRÃãÃãsbÄfÇ6RÃãÃãsrÄfÇ6RÂÓã3ss“c“ScsS3C“‚Ãã3ss“c“ScsS3C“‚Ããc3#“#ƒc““Sƒ’ÃãÃãƒbÄfÇ6RÃã3sCSCSƒ33#S‚Ãã3sCSCSƒ33#S‚Ãã#CCsƒs“#ƒcc“CÃãÃã“‚ÄfÇ6RÃãÃã“bÄfÇ6RÃãSC#cCcCscRÃãSC#cCcCscRÃã3““sc“SCs3#S2ÃãÃãÄfÇ6RÃÃÆV&Ç•ööæÇ•öF—66÷fW'’ÅG'VRÅG'VRÄfÇ6RÄfÇ6RÅG'VRÅG'VRÄfÇ6P¥DÃÄ´TÂÄ´TÂÄTå4s“s““2Ãã3c“#““3ScC#“’Ãã3c“#““3ScC#“’ÄfÇ6RÃãsss#SƒS“#ƒ#sCƒ“rÃãsss#SƒS“#ƒ#sCƒ“rÃã#s#s#s#s#s2ÃãCBÃãÄfÇ6RÃã3‚ÃãÄfÇ6RÃãsƒ##“cƒƒsSƒCƒ“BÃãsƒ##“cƒƒsSƒCƒ“BÃã#C“c“3Scƒc3BÃãC2ÃãÄfÇ6RÃãscs3#ƒCc3ƒSsCbÃãscs3#ƒCc3ƒSsCbÃã3s3s3s3s3sBÃãs‚ÃãÅG'VRÃãSbÃã“’ÄfÇ6RÃã““s“S3ƒ3“3bÃã““s“S3ƒ3“3bÃã3s3s3s3s3sBÃã“"ÃãÅG'VRÃã“#3s““ƒ#SC‚Ãã“#3s““ƒ#SC‚ÃãsSSƒ#““3“sƒS#"Ãã3’ÃãÄfÇ6RÃãCBÃãÄfÇ6RÃãSc“s“S3CcS3S3‚ÃãSc“s“S3CcS3S3‚Ãã#ƒ“C3sSƒSs33ƒƒ#Ãã’ÃãÅG'VRÃã3c“#““3ScC#““‚Ãã3c“#““3ScC#““‚Ãã#““CcS#Ssc3"ÃãRÃãƒ’ÄfÇ6RÃã2Ããƒ‚ÄfÇ6RÃã3ƒcCƒ##S#sƒscBÃã3ƒcCƒ##S#sƒscBÃã#cC“3ƒ#scC“3ƒRÃãÃãƒ‚ÄfÇ6RÃÃÆV&Ç•ööæÇ•öF—66÷fW'’ÅG'VRÅG'VRÄfÇ6RÄfÇ6RÅG'VRÅG'VRÄfÇ6P¥DÃÅ54%2Å54%2ÄTå4sSs#bÃã3c“3ƒSc“s#BÃã3c“3ƒSc“s#BÄfÇ6RÃã#“Cƒ“ƒƒ#CSCc‚Ãã#“Cƒ“ƒƒ#CSCc‚ÃãCS#s3s“c3S"ÃãƒRÃãÅG'VRÃãsbÃãÅG'VRÃãC33#3s3CCc#3ÃãC33#3s3CCc#3ÃãSCƒss###3scƒ32Ããs’ÃãÅG'VRÃãss#ƒ“C“SSsCRÃãss#ƒ“C“SSsCRÃãsSCCSƒcƒcSSc“#RÃãcrÃãÄfÇ6RÃãCbÃã“‚ÄfÇ6RÃãƒsc33sCs““SCCCrÃãƒsc33sCs““SCCCrÃã3cƒs#C#s“ƒ3S3’Ããc’ÃãÄfÇ6RÃãCCSSCC“#“C‚ÃãCCSSCC“#“C‚Ãã##s#33“cS“#"ÃãbÃãƒ’ÄfÇ6RÃãRÃãƒ’ÄfÇ6RÃãS“#S3ƒƒ#sCcs‚ÃãS“#S3ƒƒ#sCcs‚Ãã#S“##ƒSCƒÃãÃã“bÄfÇ6RÃã3c“3ƒSc“s#CcRÃã3c“3ƒSc“s#CcRÃã#“##ƒSCƒ“sbÃã2ÃãƒRÄfÇ6RÃãBÃãƒ‚ÄfÇ6RÃã3ƒ#ƒs““CC““C3bÃã3ƒ#ƒs““CC““C3bÃã#cS#Ssc3cƒs"Ãã2Ããƒ’ÄfÇ6RÃÃÆV&Ç•ööæÇ•öF—66÷fW'’ÅG'VRÅG'VRÅG'VRÅG'VRÅG'VRÅG'VRÄfÇ6P¤´ÄcÄ¥TâÄ¥TâÄTå4ssscbÂÓã3cƒS“C“#SC#ScBÃã3cƒS“C“#SC#ScBÄfÇ6RÂÓã3sSsc“cC3#cCc#2Ãã3sSsc“cC3#cCc#2Ãã#ƒƒ“#ƒS##C3cRÃãRÃãƒ2ÄfÇ6RÃã2Ããs"ÄfÇ6RÂÓãC“sS3C“ƒsC#33“BÃãC“sS3C“ƒsC#33“BÃã#SsC“#CsCÃã2Ãã“bÄfÇ6RÂÓã“cƒS#sƒCcsc2Ãã“cƒS#sƒCcsc2ÃãƒcC“sS3ƒcC“sBÃãsbÃãÅG'VRÃãSRÃã“rÄfÇ6RÂÓã“C“c3sƒc3#‚Ãã“C“c3sƒc3#‚ÃãCC““3C#ƒ“C3sSƒRÃã3‚ÃãÄfÇ6RÂÓãCS#SsS3ƒC#‚ÃãCS#SsS3ƒC#‚Ãã#ssssssssssssss‚ÃãÃã“"ÄfÇ6RÃãÃã“"ÄfÇ6RÂÓãCscs#s3“Cc3BÃãCscs#s3“Cc3BÃãC3##3S“3“cC33CsbÃãÃã“rÄfÇ6RÂÓã3cƒS“C“#SC#Sc3bÃã3cƒS“C“#SC#Sc3bÃã#CsS““CS33SRÃãRÃã“#“““““““““““““’ÄfÇ6RÃãÃãƒ‚ÄfÇ6RÂÓã3ssƒ3s#ƒSƒ3‚Ãã3ssƒ3s#ƒSƒ3‚Ãã3“C“S“ƒ“#cc2ÃãÃãƒ‚ÄfÇ6RÃÃÆV&Ç•ööæÇ•öF—66÷fW'’ÅG'VRÅG'VRÄfÇ6RÄfÇ6RÄfÇ6RÄfÇ6RÄfÇ6P¤ädS"Å…$43"Å…$43"ÄTå4s“cSƒBÂÓã3cCC3Cƒƒ#CCrÃã3cCC3Cƒƒ#CCrÄfÇ6RÂÓãC#“scƒ“Cƒc“s33"ÃãC#“scƒ“Cƒc“s33"Ãã###ccC#ƒƒcSC3c3rÃãÃã“BÄfÇ6RÃãBÃã“ÄfÇ6RÂÓãC#3#“s#3S3ƒ“C“ÃãC#3#“s#3S3ƒ“C“Ãã##Scƒ#S3S3#s#SBÃãrÃã“#“““““““““““““’ÄfÇ6RÂÓã“3ƒCCSCScC33Ãã“3ƒCCSCScC33ÃãSƒ“ƒC“ƒ3csc#c’ÃãƒRÃãÅG'VRÃãcBÃãÄfÇ6RÂÓã““SC#“#C#c##3cÃã““SC#“#C#c##3cÃãCcsscCc3SccS#’ÃãƒbÃãÅG'VRÂÓã“s3“#Scccc#cbÃã“s3“#Scccc#cbÃãCCSƒcƒcSSc“#s2Ãã2ÃãÄfÇ6RÃã#‚ÃãÄfÇ6RÂÓã#ƒ“3CSsc“3SbÃã#ƒ“3CSsc“3SbÃãc“3Sƒ#Cc“3S‚Ãã‚ÃãÄfÇ6RÂÓã3cCC3Cƒƒ#CCsÃã3cCC3Cƒƒ#CCsÃã3cC33CsSsSCCS‚ÃãÃãƒbÄfÇ6RÃãÃã“"ÄfÇ6RÂÓã3C#c3C“S“cƒƒ#““2Ãã3C#c3C“S“cƒƒ#““2ÃãC3Sƒ#Cc“3Sƒ#CRÃãÃã“BÄfÇ6RÃÃÆV&Ç•ööæÇ•öF—66÷fW'’ÅG'VRÅG'VRÄfÇ6RÄfÇ6RÅG'VRÅG'VRÄfÇ6P¤$4ÃÄ5DsÄ5DsÄTå4sƒC’ÂÓã3c3““cƒs“3ƒcCrÃã3c3““cƒs“3ƒcCrÄfÇ6RÂÓã33ƒ3#“cs#Sc3#c"Ãã33ƒ3#“cs#Sc3#c"Ãã#C#ƒ3ccCSCcÃãsÃãÅG'VRÃãc"ÃãÄfÇ6RÂÓã#sCsScc#CS“scsBÃã#sCsScc#CS“scsBÃãƒ“C3ƒƒƒSCƒsBÃã“‚ÃãÅG'VRÂÓãS3C#s#“sC3cCc’ÃãS3C#s#“sC3cCc’ÃãCc##ss““cs#RÃãCÃãÄfÇ6RÃã3rÃãÄfÇ6RÂÓãƒScSCCƒ3#SSƒ"ÃãƒScSCCƒ3#SSƒ"ÃãS##c33sCCƒSS“cs"ÃãÃãÅG'VRÂÓã3“Ssƒss“““sÃã3“Ssƒss“““sÃãC3ƒ“SsCsS““CS2ÃãBÃãÄfÇ6RÃãC"ÃãÄfÇ6RÂÓã#ccC3#cssCBÃã#ccC3#cssCBÃã3cƒs#C#s“ƒ3S3“Ããs"ÃãÅG'VRÂÓã3c3““cƒs“3ƒcCsRÃã3c3““cƒs“3ƒcCsRÃãScS#“C“#CSSCƒ3‚ÃãÃãƒ’ÄfÇ6RÃãÃã“#“““““““““““““’ÄfÇ6RÂÓã3c#ƒ“““c“scƒrÃã3c#ƒ“““c“scƒrÃãsScƒSƒsSc#C"ÃãÃã“"ÄfÇ6RÃÃÆV&Ç•ööæÇ•öF—66÷fW'’ÅG'VRÅG'VRÄfÇ6RÄfÇ6RÅG'VRÅG'VRÄfÇ6P¤´ÄcÄ4cÄ4cÄTå4sƒsRÃã3c3s3ƒs3sƒcƒsrÃã3c3s3ƒs3sƒcƒsrÄfÇ6RÃã3s#S““S“3cƒcCƒBÃã3s#S““S“3cƒcCƒBÃã#ccccsSƒ#ƒcƒsbÃã“"ÃãÅG'VRÃãƒ2ÃãÅG'VRÃãCƒ#csƒƒ#3CSƒ"ÃãCƒ#csƒƒ#3CSƒ"Ãã#s#“ƒcc“##sc3"Ããƒ’ÃãÅG'VRÃã“#C“C#sC“ccÃã“#C“C#sC“ccÃãsCSCCcc3“#3ƒ#BÃãÃãS’ÄfÇ6RÃãÃãs2ÄfÇ6RÃãƒcCccScCƒcCsC‚ÃãƒcCccScCƒcCsC‚ÃãcC3s#s#33“cbÃãÃãs"ÄfÇ6RÃã3Scccƒccc3c3“C3BÃã3Scccƒccc3c3“C3BÃãCÃãBÃã’ÄfÇ6RÃãÃãƒ"ÄfÇ6RÃã3sS3CsƒS“C“BÃã3sS3CsƒS“C“BÃãS3CC3s#s#33“bÃãÃã“"ÄfÇ6RÃã3c3s3ƒs3sƒcƒscsrÃã3c3s3ƒs3sƒcƒscsrÃã#S3““CcS#SscRÃã"Ãã“RÄfÇ6RÃãrÃã“RÄfÇ6RÃãCc#CS#“#cCRÃãCc#CS#“#cCRÃã#CS##c33sCCƒBÃãRÃã“rÄfÇ6RÃÃÆV&Ç•ööæÇ•öF—66÷fW'’ÅG'VRÅG'VRÅG'VRÅG'VRÅG'VRÅG'VRÄfÇ6P¤td“"ÅdÅdÄTå4sSS‚Ãã3c3ccCCƒc“#’Ãã3c3ccCCƒc“#’ÄfÇ6RÂÓã3“““ssƒS3ƒs’Ãã3“““ssƒS3ƒs’Ãã#cS#“ScS“ƒ“2Ãã2Ãã“#“““““““““““““’ÄfÇ6RÃãÃã‚ÄfÇ6RÂÓãSCssƒS3c“SSSC‚ÃãSCssƒS3c“SSSC‚ÃãCƒ““c3##S33sbÃãRÃã“‚ÄfÇ6RÂÓã“S#“#ƒ“S3cCs3C’Ãã“S#“#ƒ“S3cCs3C’Ãã3Sƒ#Cc“3Sƒ#CrÃãs‚ÃãÅG'VRÃãS"ÃãÄfÇ6RÂÓãCƒScCƒsCSs"ÃãCƒScCƒsCSs"ÃãƒcC“sS3ƒcC“sBÃã“bÃãÅG'VRÂÓã3##3ƒƒ3s#“ƒ2Ãã3##3ƒƒ3s#“ƒ2ÃãCs#“sccƒ3ƒCƒs‚ÃãÃãƒÄfÇ6RÃãÃãƒÄfÇ6RÂÓãCƒc3“#cCc“S#“2ÃãCƒc3“#cCc“S#“2Ãã#“#ƒc““SƒƒCssBÃãÃã“ÄfÇ6RÃã3c3ccCCƒc“#“’Ãã3c3ccCCƒc“#“’ÃãCcƒsSSƒ#““3“s‚ÃãÃãƒ‚ÄfÇ6RÃãÃãƒRÄfÇ6RÃã33SSƒƒS#ƒƒsCC#rÃã33SSƒƒS#ƒƒsCC#rÃãcSsCcsscCc3RÃãÃãƒ‚ÄfÇ6RÃÃÆV&Ç•ööæÇ•öF—66÷fW'’ÅG'VRÅG'VRÄfÇ6RÄfÇ6RÅG'VRÅG'VRÄfÇ6P¤$4ÃÅ$EƒÅ$EƒÄTå4ssCSÂÓã3c##“ƒ3scs3srÃã3c##“ƒ3scs3srÄfÇ6RÂÓãCC3#“C3ƒƒ#s“s#BÃãCC3#“C3ƒƒ#s“s#BÃã33“CSSSscƒ“cc“3bÃãÃã“rÄfÇ6RÃã"Ãã“’ÄfÇ6RÂÓãCƒƒƒScccs3SsbÃãCƒƒƒScccs3SsbÃã3CCC“c““ƒ#cC“rÃãÃã“‚ÄfÇ6RÂÓã33c“c33sSÃã33c“c33sSÃã#scC“3ƒ#scC“BÃãsrÃãÅG'VRÃãC’ÃãÄfÇ6RÂÓãS““ƒCScCc3ƒ“#"ÃãS““ƒCScCc3ƒ“#"Ãã#ƒS3##3S“3“cC33RÃãƒ2ÃãÅG'VRÂÓãsƒ#ƒ“CccS“33bÃãsƒ#ƒ“CccS“33bÃã##s#“sccƒ3ƒCƒs‚Ãã"Ãã“‚ÄfÇ6RÃã2Ãã“‚ÄfÇ6RÂÓãC#3SsC3CScCS#ƒrÃãC#3SsC3CScCS#ƒrÃã3Sƒ#Cc“3Sƒ#RÃãRÃãÄfÇ6RÂÓã3c##“ƒ3scs3ss‚Ãã3c##“ƒ3scs3ss‚ÃãSsSsSCCSƒcƒrÃãÃã“RÄfÇ6RÃãÃã’ÄfÇ6RÂÓã“ccCc#csƒsS‚Ãã“ccCc#csƒsS‚Ãã33#sƒCc3cCƒƒ3CrÃãÃãÄfÇ6RÃÃÆV&Ç•ööæÇ•öF—66÷fW'’ÅG'VRÅG'VRÄfÇ6RÄfÇ6RÅG'VRÅG'VRÄfÇ6P¤´ÄcÄE#"ÄE#"ÄTå4s#“#CBÃã3S“““Csƒc“ssÃã3S“““Csƒc“ssÄfÇ6RÃã#3SCc“sƒ#CsCsRÃã#3SCc“sƒ#CsCsRÃãS3C“ƒC###ƒCƒ"ÃãÃãƒRÄfÇ6RÃãÃãƒ2ÄfÇ6RÃãS#ƒ“ƒcƒ3ƒ3ƒ3CbÃãS#ƒ“ƒcƒ3ƒ3ƒ3CbÃã#3“csc##CCCss“ƒBÃãÃã“rÄfÇ6RÃãƒ3C3sCsƒ3ƒÃãƒ3C3sCsƒ3ƒÃãSssS3C#“3SS#ƒÃãrÃãÅG'VRÃã3RÃã“‚ÄfÇ6RÃã“ƒcSCƒs3cƒsSÃã“ƒcSCƒs3cƒsSÃã#ƒƒcSƒC3c#3““"ÃãcbÃãÄfÇ6RÃã#333S3Sƒ“““cc3“BÃã#333S3Sƒ“““cc3“BÃã“S#ƒ#s33Sƒ“’ÃãÃãS2ÄfÇ6RÃãÃãSBÄfÇ6RÃãS“3cƒ#S3Cƒ“s3bÃãS“3cƒ#S3Cƒ“s3bÃã3“3“sƒS##c"ÃãÃã“"ÄfÇ6RÃã3S“““Csƒc“ss’Ãã3S“““Csƒc“ss’Ãã#Sƒ#““3“sƒS##rÃã"Ãã“"ÄfÇ6RÃã2Ãã’ÄfÇ6RÃãCCs3ƒCƒsSC3c’ÃãCCs3ƒCƒsSC3c’Ãã#CSCCcc3“#3ƒ#RÃãBÃã’ÄfÇ6RÃÃÆV&Ç•ööæÇ•öF—66÷fW'’ÅG'VRÅG'VRÄfÇ6RÄfÇ6RÄfÇ6RÄfÇ6RÄfÇ6P¥DÃÅET$"ÅET$"ÄTå4s#3CbÂÓã3Ss“ƒsƒC“#s’Ãã3Ss“ƒsƒC“#s’ÄfÇ6RÂÓãsC“3SSƒ#3ss#2ÃãsC“3SSƒ#3ss#2Ãã33c3S#3s3cSCbÃã#’Ãã“’ÄfÇ6RÃã3"Ãã“’ÄfÇ6RÂÓãc3sss“3c“Ccc3rÃãc3sss“3c“Ccc3rÃãSCCcSc33CSƒ3c’ÃãrÃã“’ÄfÇ6RÂÓãƒ3s3#c3“Cs3#CSSrÃãƒ3s3#c3“Cs3#CSSrÃã#Cc“3Sƒ#Cc“3S‚Ããs’ÃãÅG'VRÃãc‚Ãã“rÄfÇ6RÂÓãccƒ#3“#ƒSSSƒCBÃãccƒ#3“#ƒSSSƒCBÃã3sCCƒSS“cssƒƒ“RÃãSÃãÄfÇ6RÂÓãC#S““c“cƒ33#RÃãC#S““c“cƒ33#RÃã#C“3ƒ#scC“3ƒ#s"ÃãÃã“BÄfÇ6RÃã2Ãã“ÄfÇ6RÂÓã#Cƒƒ3s#c“CƒƒƒCÃã#Cƒƒ3s#c“CƒƒƒCÃãc3S“3“cC33CsS‚ÃãÃãsbÄfÇ6RÂÓã3Ss“ƒsƒC“#s“2Ãã3Ss“ƒsƒC“#s“2Ãã3CS#csCƒ“s“3BÃã"Ãã’ÄfÇ6RÃãÃãƒ#ÄfÇ6RÂÓãScS3Sc3S“s#CcCBÃãScS3Sc3S“s#CcCBÃãcCss3cc#SSCC32ÃãÃãsÄfÇ6RÃÃÆV&Ç•ööæÇ•öF—66÷fW'’ÅG'VRÅG'VRÄfÇ6RÄfÇ6RÄfÇ6RÄfÇ6RÄfÇ6P¤td“"Äµä"Äµä"ÄTå4sƒ#CƒÂÓã3Ss“c3“cS“33sBÃã3Ss“c3“cS“33sBÄfÇ6RÂÓãs3#c“3C“3“#rÃãs3#c“3C“3“#rÃãS““cSƒS“SC33cbÃã3"ÃãÄfÇ6RÃã2Ãã“‚ÄfÇ6RÂÓãSs“C“sSsCƒCÃãSs“C“sSsCƒCÃã#sCS#3#SC#ƒcƒSrÃãÃã“‚ÄfÇ6RÂÓã“#cC333sSsƒ3’Ãã“#cC333sSsƒ3’ÃãSScƒSƒsSc#CÃãsÃãÅG'VRÃãS‚ÃãÄfÇ6RÂÓãc3ƒcS3c3ƒscc3rÃãc3ƒcS3c3ƒscc3rÃãss3cc#SSCC3#“"ÃãrÃãÄfÇ6RÂÓãccC###C“SC’ÃãccC###C“SC’Ãã“3CSc3sƒcƒ#BÃãcÃãÄfÇ6RÃãsÃãÅG'VRÂÓã“ƒC“CScSSS“‚Ãã“ƒC“CScSSS“‚ÃãCSCCcc3“#3ƒ#CCRÃã#’ÃãÄfÇ6RÂÓã3Ss“c3“cS“33sCcBÃã3Ss“c3“cS“33sCcBÃãCscƒsSSƒ#““3“srÃãÃã“ÄfÇ6RÃãÃãƒ’ÄfÇ6RÃãS#SƒƒSƒ3SS#“RÃãS#SƒƒSƒ3SS#“RÃãCsSƒSs33ƒƒ#3‚ÃãÃã“rÄfÇ6RÃÃÆV&Ç•ööæÇ•öF—66÷fW'’ÅG'VRÅG'VRÅG'VRÅG'VRÄfÇ6RÄfÇ6RÄfÇ6P¤ädS"ÄDEƒ#ÄDEƒ#ÄTå4scSs3"ÂÓã3Sc3cƒ#ƒ“csÃã3Sc3cƒ#ƒ“csÄfÇ6RÂÓãC#3ƒ3s3Ss#“cƒsRÃãC#3ƒ3s3Ss#“cƒsRÃã#S##“s“ƒ3#c#CS2Ãã‚ÃãƒbÄfÇ6RÃãÃãsbÄfÇ6RÂÓã3ss3S“c##ScƒsccbÃã3ss3S“c##ScƒsccbÃã#ss#““#s“““s#S2ÃãBÃãƒRÄfÇ6RÂÓãsSsc#ƒcscCsƒRÃãsSsc#ƒcscCsƒRÃãƒ“3CS##c33sBÃãSÃãÄfÇ6RÃãCbÃãÄfÇ6RÂÓã##3sCC#3SRÃã##3sCC#3SRÃã33Sƒ“ƒC“ƒ3csRÃãƒrÃãÅG'VRÂÓã3S“#ƒscS#S#CÃã3S“#ƒscS#S#CÃã““cs#S3c3SrÃãsRÃãÅG'VRÃãs’ÃãÅG'VRÂÓã“SCS#S#S##ssc2Ãã“SCS#S#S##ssc2Ãã3ƒSCS“S33cscƒÃã“2ÃãÅG'VRÂÓã3Sc3cƒ#ƒ“cs#RÃã3Sc3cƒ#ƒ“cs#RÃã3sC##Cƒ#ƒS3##BÃãÃã’ÄfÇ6RÃãÃãƒBÄfÇ6RÂÓã3S#cSSS“SSƒ‚Ãã3S#cSSS“SSƒ‚Ãã3s##“ƒ“3#sƒCc3bÃãÃã“ÄfÇ6RÃÃÆF“ööæÇ•÷&WFW&Ö–æÅöF—66÷fW'’ÅG'VRÅG'VRÅG'VRÅG'VRÅG'VRÅG'VRÄfÇ6P¥DÃÅ%#Å%#ÄTå4s#C3sÂÓã3Sc33“#sssc“#Ãã3Sc33“#sssc“#ÄfÇ6RÂÓãƒc3C3Scƒccs2Ããƒc3C3Scƒccs2Ãã“S3C“Sc#c#ƒcƒBÃãÃãSbÄfÇ6RÃãÃãSrÄfÇ6RÂÓã“ƒS“S3csƒcƒ“ƒ3bÃã“ƒS“S3csƒcƒ“ƒ3bÃã“CƒC3CC3SCSrÃãÃãSÄfÇ6RÂÓãƒs#“sSscsƒbÃãƒs#“sSscsƒbÃãsƒ3#cCsCc##ss“2Ããƒ‚ÃãÅG'VRÃãc’ÃãÄfÇ6RÂÓãƒCsƒssƒ“sSScC3ÃãƒCsƒssƒ“sSScC3ÃãSc3sƒcƒ#3CS#‚Ããs2ÃãÅG'VRÂÓãs#“Sƒ3Sss2Ããs#“Sƒ3Sss2ÃãƒS#ƒƒcSƒC3c#ÃãÃãcÄfÇ6RÃãÃãS2ÄfÇ6RÂÓã3CSCSsc3“2Ãã3CSCSsc3“2ÃãSS3##3S“3“cC33CrÃãÃã’ÄfÇ6RÂÓã3Sc33“#sssc“#"Ãã3Sc33“#sssc“#"Ãã3s#s#33“cS“RÃãÃã“#“““““““““““““’ÄfÇ6RÃã"Ããƒ‚ÄfÇ6RÂÓã3#3ƒc“SSCCƒ#RÃã3#3ƒc“SSCCƒ#RÃã3CCSƒcƒcSSc“#sbÃãÃã“"ÄfÇ6RÃÃÆV&Ç•ööæÇ•öF—66÷fW'’ÅG'VRÅG'VRÄfÇ6RÄfÇ6RÅG'VRÅG'VRÄfÇ6P¥DÃÄU#CÃDÄU#CÃDÄTå4s#“S“RÃã3SCccs“sƒC2Ãã3SCccs“sƒC2ÄfÇ6RÃã“c““#C“###ƒc3Ãã“c““#C“###ƒc3ÃãS“#333cS3CRÃãcrÃãÄfÇ6RÃãS"ÃãÄfÇ6RÃã“sSSƒ#“cƒSScRÃã“sSSƒ#“cƒSScRÃãƒSS“csƒ“cƒ3ƒBÃãcRÃãÄfÇ6RÃã#CCs“ƒc“rÃã#CCs“ƒc“rÃã3ƒ#CCs“c#“CbÃãÃã‚ÄfÇ6RÃã"Ããs‚ÄfÇ6RÃã3#“CsSƒSs3ƒ#SƒbÃã3#“CsSƒSs3ƒ#SƒbÃã#c33ssC##rÃãÃã“"ÄfÇ6RÃã3ss#CSSc##S“32Ãã3ss#CSSc##S“32Ãã“s3“3cƒ““ƒc#ƒ#bÃãƒrÃãÅG'VRÃãƒ’ÃãÅG'VRÃãccƒsSsS“ƒS#BÃãccƒsSsS“ƒS#BÃã“c#“Csƒs3s““s2Ãã’ÃãÅG'VRÃã3SCccs“sƒC33bÃã3SCccs“sƒC33bÃã3Sc#CC#ccs“rÃãbÃã’ÄfÇ6RÃã2Ãã“bÄfÇ6RÃã3cCSsCcsC“csbÃã3cCSsCcsC“csbÃã#ƒs#C#s“ƒ3S3““RÃãÃãƒ’ÄfÇ6RÃÃÆF“ööæÇ•÷&WFW&Ö–æÅöF—66÷fW'’ÅG'VRÅG'VRÅG'VRÅG'VRÅG'VRÅG'VRÄfÇ6P¤td“"Ä´Ä„D3„Ä´Ä„D3„ÄTå4sc#ƒs2ÂÓã3S3#ƒƒ33scSCsrÃã3S3#ƒƒ33scSCsrÄfÇ6RÃãSƒ#C“#ƒsC3s“3rÃãSƒ#C“#ƒsC3s“3rÃã“sSCC#CCsS#3ccbÃãsbÃãÅG'VRÃãCBÃã“’ÄfÇ6RÃã#ƒs#S“#SƒsƒRÃã#ƒs#S“#SƒsƒRÃãCSC#Cc#C#“cƒƒSbÃãs2ÃãÅG'VRÃãcƒ3csƒ“3Sc33bÃãcƒ3csƒ“3Sc33bÃãƒ3“#3ƒ#CCs“bÃãÃãcRÄfÇ6RÃãÃãcBÄfÇ6RÃãs3ƒC3c#ssCSSRÃãs3ƒC3c#ssCSSRÃãƒƒs“#ƒcc“CRÃãÃãcÄfÇ6RÃã##Scc3ƒcSƒsrÃã##Scc3ƒcSƒsrÃãssS3ƒcC“sS3ƒrÃãÃãS’ÄfÇ6RÃãÃãbÄfÇ6RÂÓã“S3c3S#ƒSsƒ#bÃã“S3c3S#ƒSsƒ#bÃã““sccƒ3ƒCƒss“"ÃãÃãSRÄfÇ6RÂÓã3S3#ƒƒ33scSCssrÃã3S3#ƒƒ33scSCssrÃãCƒ#cs3S#S3ss##’ÃãÃã“"ÄfÇ6RÃãÃãƒRÄfÇ6RÂÓãsS““#ƒC“sCƒcC3"ÃãsS““#ƒC“sCƒcC3"Ãã#ƒƒ#3sƒ3#cCsCbÃãÃãÄfÇ6RÃÃÆV&Ç•ööæÇ•öF—66÷fW'’ÅG'VRÅG'VRÄfÇ6RÄfÇ6RÅG'VRÅG'VRÄfÇ6P¤ädS"Ä3ƒCSãÄ3ƒCSãÄTå4s#Ccs’Ãã3SS“3ƒ#scRÃã3SS“3ƒ#scRÄfÇ6RÂÓã3“c“3“CsCcƒ#ƒ“"Ãã3“c“3“CsCcƒ#ƒ“"Ãã“3#““ƒcCsƒƒ’ÃãÃãSbÄfÇ6RÃãÃãSBÄfÇ6RÂÓã3SCs3#SSC’Ãã3SCs3#SSC’Ãã“Ssc3Cs“#S#SS’ÃãÃãcÄfÇ6RÂÓã“cCccsƒ3#ccCc“’Ãã“cCccsƒ3#ccCc“’ÃãsCƒCƒCƒCƒCƒÃãÃãcs“““““““““““““’ÄfÇ6RÃãÃãcRÄfÇ6RÃãc33cƒc33CcSƒRÃãc33cƒc33CcSƒRÃãƒSCCSƒcƒcSSc“"ÃãÃãs2ÄfÇ6RÃã#S#ƒS“ƒ#ƒs#s“RÃã#S#ƒS“ƒ#ƒs#s“RÃãC#ccs“c“ƒ#csBÃãs2ÃãÅG'VRÃãc’ÃãÄfÇ6RÃã3cS#Ss#s#“s3‚Ãã3cS#Ss#s#“s3‚ÃãSƒSs33ƒƒ#3sƒ3bÃã#‚ÃãÄfÇ6RÃã3SS“3ƒ#scS"Ãã3SS“3ƒ#scS"Ãã3ƒsSSƒ#““3“sƒRÃãÃãƒbÄfÇ6RÃãÃãƒRÄfÇ6RÃã3S3sc##S“#CC#3BÃã3S3sc##S“#CC#3BÃã3sSc#CC#cc‚ÃãÃãƒrÄfÇ6RÃÃÆF“ööæÇ•÷&WFW&Ö–æÅöF—66÷fW'’ÅG'VRÅG'VRÄfÇ6RÄfÇ6RÄfÇ6RÄfÇ6RÄfÇ6P¤ädS"ÄDT²ÄDT²ÄTå4s#Cs“RÂÓã3CƒƒƒSssSsƒ“srÃã3CƒƒƒSssSsƒ“srÄfÇ6RÃã#ƒcCs#scc33#3‚Ãã#ƒcCs#scc33#3‚ÃãSSCƒƒcSs##3#2Ãã2ÃãsÄfÇ6RÃã"Ãã‚ÄfÇ6RÃãƒ“3#“S“S#“2Ããƒ“3#“S“S#“2ÃãSƒcssCS“ƒSs3BÃãÃãrÄfÇ6RÂÓãƒ“#ƒsscCC3Cc2Ããƒ“#ƒsscCC3Cc2ÃãsCsCsCsCsC‚ÃãsÃãÅG'VRÃãSrÃãÄfÇ6RÂÓãs#Sc“#c#33bÃãs#Sc“#c#33bÃãS“3“cC33CsSsSBÃã3bÃãÄfÇ6RÂÓãƒƒcc#C“3S#SsrÃãƒƒcc#C“3S#SsrÃãcS“ƒs“ScC#S#RÃã#BÃã“’ÄfÇ6RÃã‚Ãã“’ÄfÇ6RÂÓãsCS“s“c“cCSCbÃãsCS“s“c“cCSCbÃã#cCƒƒ3C“#C3ƒ“rÃãÃãÄfÇ6RÂÓã3CƒƒƒSssSsƒ“ssCRÃã3CƒƒƒSssSsƒ“ssCRÃã3ƒ3ƒ3CC3s#s#2ÃãÃãƒbÄfÇ6RÃãÃã“RÄfÇ6RÂÓã3c#3s#S““s“SsCrÃã3c#3s#S““s“SsCrÃã“#S3ss##“ƒ“3#‚ÃãÃãSBÄfÇ6RÃÃÆV&Ç•ööæÇ•öF—66÷fW'’ÅG'VRÅG'VRÄfÇ6RÄfÇ6RÄfÇ6RÄfÇ6RÄfÇ6P¤ädS"Ä„å$åÄ„å$åÄTå4s3SCƒbÃã3Csc#cƒsS“#ScÃã3Csc#cƒsS“#ScÄfÇ6RÃã#SSSsScc“ƒ#Cc2Ãã#SSSsScc“ƒ#Cc2Ããsƒ#SSSS“ƒ#“’Ãã"ÃãsÄfÇ6RÃã"Ããc’ÄfÇ6RÃã#“CSC3c“S3srÃã#“CSC3c“S3srÃãsC3sCcCcs#s“Cc"Ãã"ÃãcRÄfÇ6RÂÓãCC3ƒƒcC#CS3ƒCBÃãCC3ƒƒcC#CS3ƒCBÃã3CƒC##C“cSscCC‚ÃãÃã“BÄfÇ6RÃãÃã“ÄfÇ6RÂÓãSS“ccƒ#SCS“BÃãSS“ccƒ#SCS“BÃã#C3ƒ“SsCsS““CSÃã2Ãã“‚ÄfÇ6RÂÓã#Cƒ#3c3ƒcSBÃã#Cƒ#3c3ƒcSBÃãCcsscCc3SccS#’ÃãsÃãÅG'VRÃãs2ÃãÅG'VRÂÓã“ss3#3#sƒ#“ccƒBÃã“ss3#3#sƒ#“ccƒBÃãƒ3csc#cƒƒcCSBÃã“bÃãÅG'VRÃã3Csc#cƒsS“#ScSRÃã3Csc#cƒsS“#ScSRÃã3ƒSCƒ“s3“3c’ÃãÃãƒRÄfÇ6RÃãÃãƒ’ÄfÇ6RÃãCCS“sƒƒCƒ““SsRÃãCCS“sƒƒCƒ““SsRÃã#“c“ƒ#cs3S#S3ssBÃãÃãƒ’ÄfÇ6RÃÃÆF“ööæÇ•÷&WFW&Ö–æÅöF—66÷fW'’ÅG'VRÅG'VRÅG'VRÅG'VRÅG'VRÅG'VRÄfÇ6P¤´ÄcÄåTECBÄåTECBÄTå4ss3S“‚Ãã3Cc“C3ssƒsƒ’Ãã3Cc“C3ssƒsƒ’ÄfÇ6RÃã3#sscsS3ss#S‚Ãã3#sscsS3ss#S‚Ããs#ƒ3“ƒ“Ss33#“crÃãÃãsÄfÇ6RÃãÃãcÄfÇ6RÃãC3s“ƒƒ“SCC#RÃãC3s“ƒƒ“SCC#RÃã3ScS3s#Cs“sƒbÃãÃã“bÄfÇ6RÃã“C#“ƒSsCs#““s2Ãã“C#“ƒSsCs#““s2Ãã“CcS#Ssc3cƒrÃãƒÃãÅG'VRÃãS2Ãã“‚ÄfÇ6RÃãCƒc#“ƒs3s3ScRÃãCƒc#“ƒs3s3ScRÃã“CcS#Ssc3cƒrÃã“rÃãÅG'VRÃã3C“cCCS#ƒ3ssc‚Ãã3C“cCCS#ƒ3ssc‚Ãã#cc33ssC#ÃãƒbÃãÅG'VRÃãƒBÃãÅG'VRÃã#33s““ƒc#“CssBÃã#33s““ƒc#“CssBÃãC“3ƒ#scC“3ƒ#sRÃãÃãÅG'VRÃã3Cc“C3ssƒsƒƒ“‚Ãã3Cc“C3ssƒsƒƒ“‚Ãã#sSsCcsscCcBÃãBÃãƒ"ÄfÇ6RÃã‚Ãã’ÄfÇ6RÃã#SC#Cc#sscƒ#3bÃã#SC#Cc#sscƒ#3bÃãCs#s#33“cS“"ÃãÃãs’ÄfÇ6RÃÃÇ&WFW&Ö–æÅööæÇ•öF—66÷fW'’ÅG'VRÅG'VRÅG'VRÅG'VRÅG'VRÅG'VRÄfÇ6P¤ädS"ÄtäRÄtäRÄTå4sS““#ÂÓã3CCs3sƒ##“’Ãã3CCs3sƒ##“’ÄfÇ6RÂÓã“#sSsc#3#ScCcC“BÃã“#sSsc#3#ScCcC“BÃãSƒƒ3ScC#sC“3Cƒ2ÃãÃã‚ÄfÇ6RÃãÃãbÄfÇ6RÂÓãccƒ#s“s#ss““sƒ#"Ããccƒ#s“s#ss““sƒ#"Ããc#ƒsSScS“##S"ÃãÃãsrÄfÇ6RÂÓãƒC#3Sƒc“CcC32ÃãƒC#3Sƒc“CcC32Ãã3CC3s#s#33“c"ÃãsÃãÅG'VRÃã3bÃãÄfÇ6RÂÓãƒSs##3cC#Sƒc"ÃãƒSs##3cC#Sƒc"Ãã#ccs“c“ƒ#cs3RÃãC’ÃãÄfÇ6RÂÓã#C3#S3#“3#c“bÃã#C3#S3#“3#c“bÃãSƒ“C3sSƒSs33ƒƒ"ÃãÃãƒÄfÇ6RÃãÃãƒ2ÄfÇ6RÂÓã3ScsƒSc3Ss3ƒcCRÃã3ScsƒSc3Ss3ƒcCRÃãSƒ3C“#C3ƒ“SsBÃãÃãƒ’ÄfÇ6RÂÓã3CCs3sƒ##““RÃã3CCs3sƒ##““RÃã3ƒ“ƒC“ƒ3csc#c’ÃãÃã“"ÄfÇ6RÃãÃãƒrÄfÇ6RÂÓã33s“ƒcCsss’Ãã33s“ƒcCsss’Ãã3“c3#3s33ƒSCSrÃãÃã“"ÄfÇ6RÃÃÆV&Ç•ööæÇ•öF—66÷fW'’ÅG'VRÅG'VRÄfÇ6RÄfÇ6RÄfÇ6RÄfÇ6RÄfÇ6P¥DÃÄDÕ„ÃÄDÕ„ÃÄTå4ss#ƒc’Ãã3C3SSC#C“ScSs"Ãã3C3SSC#C“ScSs"ÄfÇ6RÃã#Ccs#SSS#SScsc"Ãã#Ccs#SSS#SScsc"ÃãSƒS#S“3“rÃãÃã‚ÄfÇ6RÃãÃã‚ÄfÇ6RÃãcCƒCƒ#3CcCƒCC‚ÃãcCƒCƒ#3CcCƒCC‚ÃãcC“ƒcs3css‚ÃãÃãsÄfÇ6RÃãC#“ƒ#C33ƒƒ#3CbÃãC#“ƒ#C33ƒƒ#3CbÃãƒ“C3sSƒSs33ƒƒ#"Ãã’Ãã“rÄfÇ6RÃã#bÃãƒrÄfÇ6RÃãSs““S“ƒsCS“SssrÃãSs““S“ƒsCS“SssrÃãS“#S“#S“#S“#S“#bÃã#‚ÃãÄfÇ6RÃãƒ#ss3c32Ããƒ#ss3c32ÃãcCCsƒs“#ƒcc“CRÃãs‚ÃãÅG'VRÃãcBÃãÄfÇ6RÃã#Cs“##““3cƒ##"Ãã#Cs“##““3cƒ##"Ãã3c#3““sc“SCs3"ÃãCBÃãÄfÇ6RÃã3C3SSC#C“ScSs#BÃã3C3SSC#C“ScSs#BÃã3#3ƒ#CCs“c"ÃãrÃãƒbÄfÇ6RÃã2Ãã’ÄfÇ6RÃã3cCssC“s#ccÃã3cCssC“s#ccÃã#ƒs“#ƒcc“CS’ÃãRÃãƒRÄfÇ6RÃÃÆF“ööæÇ•÷&WFW&Ö–æÅöF—66÷fW'’ÅG'VRÅG'VRÄfÇ6RÄfÇ6RÄfÇ6RÄfÇ6RÄfÇ6P¤$4ÃÄD•$"ÄD•$"ÄTå4sccƒBÃã3C3s333ƒc#ƒ#Ãã3C3s333ƒc#ƒ#ÄfÇ6RÂÓãcƒCCƒ“ƒcsC“bÃãcƒCCƒ“ƒcsC“bÃãƒ3ƒ#C“Cc“#“c"Ãã“RÃãÅG'VRÃã“bÃãÅG'VRÂÓã#33scCSSCƒCS‚Ãã#33scCSSCƒCS‚ÃãCccCSc3C“sSS‚ÃãÃãÅG'VRÂÓãƒsC“3##“ƒƒCbÃãƒsC“3##“ƒƒCbÃã“c#“Csƒs3s““s"Ãã’ÃãÄfÇ6RÃã’ÃãÄfÇ6RÂÓãsƒ33CScc“CCSCrÃãsƒ33CScc“CCSCrÃãs#ƒ3“Scs#ƒ3“RÃã“RÃãÅG'VRÂÓãC“sƒSsc3sƒCS‚ÃãC“sƒSsc3sƒCS‚ÃãssCc##ss““cs"ÃãÃãrÄfÇ6RÃãÃãrÄfÇ6RÂÓã#3Cƒƒ“#sS3c’Ãã#3Cƒƒ“#sS3c’ÃãScƒSƒsSc#CRÃãÃãÄfÇ6RÃã3C3s333ƒc#ƒ#rÃã3C3s333ƒc#ƒ#rÃãSƒƒ#3sƒ3#cCsRÃãÃãƒbÄfÇ6RÃãÃã’ÄfÇ6RÃãCƒc“3““c3ƒƒc‚ÃãCƒc“3““c3ƒƒc‚Ããccs#ƒ3“Scs#ƒBÃãÃã“2ÄfÇ6RÃÃÆV&Ç•ööæÇ•öF—66÷fW'’ÅG'VRÅG'VRÅG'VRÅG'VRÅG'VRÅG'VRÄfÇ6P¥DÃÄtD‚ÄtD‚ÄTå4scCÂÓã3C#“Cƒ3“sƒ“#“’Ãã3C#“Cƒ3“sƒ“#“’ÄfÇ6RÂÓãCSS3c3s“33#Ss"ÃãCSS3c3s“33#Ss"ÃãcCCƒs#C3s“#S2Ããs2ÃãÅG'VRÃãsRÃãÅG'VRÂÓã###ƒsS3c““ƒcSÃã###ƒsS3c““ƒcSÃãcSƒS#cSCcƒSC““RÃãc’ÃãÄfÇ6RÂÓãcƒsCCs3#“S“rÃãcƒsCCs3#“S“rÃã#ƒƒcSƒC3c#BÃãSRÃã“’ÄfÇ6RÃãCrÃãÄfÇ6RÂÓã3scƒ#ƒ#“cƒ“CbÃã3scƒ#ƒ#“cƒ“CbÃãSsSCCSƒcƒcSSrÃãƒbÃãÅG'VRÂÓã3CcSƒCC3““#ƒ2Ãã3CcSƒCC3““#ƒ2Ããsc3cƒs#C#s“ƒ3RÃãÃãcS“““““““““““““’ÄfÇ6RÃãÃãc’ÄfÇ6RÂÓãC33cCcS#CBÃãC33cCcS#CBÃãC“cSscCCsƒs“#ƒbÃã#"ÃãÄfÇ6RÂÓã3C#“Cƒ3“sƒ“3Ãã3C#“Cƒ3“sƒ“3Ãã3#CC#ccs“c“ƒ"ÃãÃãƒ’ÄfÇ6RÃãRÃã“rÄfÇ6RÂÓã3#3“sC#scC“RÃã3#3“sC#scC“RÃã3SCƒ“s3“3c’Ãã"Ãã’ÄfÇ6RÃÃÆV&Ç•ööæÇ•öF—66÷fW'’ÅG'VRÅG'VRÅG'VRÅG'VRÅG'VRÅG'VRÄfÇ6P¥DÃÅT%#"ÅT%#"ÄTå4s#CC‚Ãã3C#ss3““SƒbÃã3C#ss3““SƒbÄfÇ6RÂÓã3cs#33#3cs#“BÃã3cs#33#3cs#“BÃã#sSSsSCSccrÃã2Ãã“RÄfÇ6RÃãrÃã“#“““““““““““““’ÄfÇ6RÂÓãC“33Ss#sBÃãC“33Ss#sBÃã#3Cs#3SScC33S2ÃãRÃã“"ÄfÇ6RÂÓãS#s#ScsSc#ƒcs2ÃãS#s#ScsSc#ƒcs2Ãã“ƒcSƒC3c#3““rÃãÃãS2ÄfÇ6RÃãÃãS2ÄfÇ6RÂÓãcƒ“ƒ#ƒ#3Sc#‚Ããcƒ“ƒ#ƒ#3Sc#‚Ããssƒƒ“3CS#2ÃãÃãsrÄfÇ6RÃãcccss3“cscƒc3Ããcccss3“cscƒc3ÃãS3C“s“C#3ƒcƒ3#‚ÃãsBÃãÅG'VRÃãs‚ÃãÅG'VRÃã#“#####crÃã#“#####crÃã33ƒSCS“S33csrÃãCrÃãÄfÇ6RÃã3C#ss3““SƒcrÃã3C#ss3““SƒcrÃã3#SSCC3#“#ƒbÃãÃãƒRÄfÇ6RÃãÃã’ÄfÇ6RÃã#cc““c3cS#bÃã#cc““c3cS#bÃãCC#“3SS#ƒ#s32ÃãÃãs2ÄfÇ6RÃÃÆF“ööæÇ•÷&WFW&Ö–æÅöF—66÷fW'’ÅG'VRÅG'VRÅG'VRÅG'VRÄfÇ6RÄfÇ6RÄfÇ6P¤ädS"ÄE42ÄE42ÄTå4s33cSrÂÓã3C#C#sƒs“cSBÃã3C#C#sƒs“cSBÄfÇ6RÂÓã#Cc“S#“Ss#ƒƒ#3Ãã#Cc“S#“Ss#ƒƒ#3ÃãSc#Sccƒƒc#CBÃãÃãs2ÄfÇ6RÃãBÃãs"ÄfÇ6RÂÓãCs#3cc“#SSBÃãCs#3cc“#SSBÃãcc“##sc3#3ssSSRÃãÃãcc“““““““““““““’ÄfÇ6RÂÓãƒ##3SsSscƒ“sƒÃãƒ##3SsSscƒ“sƒÃãcS“ƒs“ScC#S2ÃãsRÃãÅG'VRÃãS‚ÃãÄfÇ6RÂÓãcSssSƒ““#““#cS‚ÃãcSssSƒ““#““#cS‚ÃãsSCCSƒcƒcSSc“#RÃã“bÃãÅG'VRÂÓã“sC3ƒ“CssCBÃã“sC3ƒ“CssCBÃã#csCƒ“s“3CSc3‚ÃãC"ÃãÄfÇ6RÃã3’ÃãÄfÇ6RÂÓãƒSc#cccƒcSRÃãƒSc#cccƒcSRÃãƒ#CCs“c#“C‚ÃãƒbÃãÅG'VRÂÓã3C#C#sƒs“cS3“‚Ãã3C#C#sƒs“cS3“‚Ãã3“3CS##c33sCBÃãÃã“"ÄfÇ6RÃãÃãƒ‚ÄfÇ6RÂÓã#sSs“3##sƒc“s3bÃã#sSs“3##sƒc“s3bÃãCƒ“s3“3cƒ““ƒcBÃãÃãƒ‚ÄfÇ6RÃÃÆV&Ç•ööæÇ•öF—66÷fW'’ÅG'VRÅG'VRÄfÇ6RÄfÇ6RÅG'VRÅG'VRÄfÇ6P¤$4ÃÄd%4"Äd%4"ÄTå4sc#ÂÓã3Csƒc““c#‚Ãã3Csƒc““c#‚ÄfÇ6RÃãƒ3#cCs“#cSƒÃãƒ3#cCs“#cSƒÃãSssSƒ#cSƒƒ“BÃãbÃãÄfÇ6RÃã2ÃãÄfÇ6RÃãc33#3ƒsCCƒ“Ããc33#3ƒsCCƒ“Ããs3“CsC3C““rÃã2ÃãÄfÇ6RÃãC#s“ƒƒ3ƒSsƒƒScbÃãC#s“ƒƒ3ƒSsƒƒScbÃã#“Csƒs3s““s#ScRÃãƒRÃãÅG'VRÃãs’ÃãÅG'VRÃãCS#33S3SCCsSC3bÃãCS#33S3SCCsSC3bÃã3“#3ƒ#CCs“bÃãSrÃãÄfÇ6RÃãs3#sc33cC3csCbÃãs3#sc33cC3csCbÃã#3ƒSCS“S33csc‚ÃãÃã“rÄfÇ6RÃãÃãÄfÇ6RÃãc“sscSc3sc3Ããc“sscSc3sc3ÃãC“s3“3cƒ““ƒc#ƒ2ÃãÃãÄfÇ6RÂÓã3Csƒc““c#ƒBÃã3Csƒc““c#ƒBÃãSƒ“#cc33s"ÃãÃã“BÄfÇ6RÃãÃãƒrÄfÇ6RÃã3cs#s3ƒCcƒSc““bÃã3cs#s3ƒCcƒSc““bÃãsCSƒcƒcSSc“#s2ÃãÃã“"ÄfÇ6RÃÃÆV&Ç•ööæÇ•öF—66÷fW'’ÅG'VRÅG'VRÅG'VRÅG'VRÄfÇ6RÄfÇ6RÄfÇ6P¤´ÄcÄä4ÂÄä4ÂÄTå4sSS2Ãã3CCcs“s“s3‚Ãã3CCcs“s“s3‚ÄfÇ6RÂÓã“Cs3C3ƒcS“c“CSRÃã“Cs3C3ƒcS“c“CSRÃãSsss“ƒSƒ3S#rÃãS‚ÃãÄfÇ6RÃãC2Ãã“RÄfÇ6RÂÓãs33Cƒ“c3C“###rÃãs33Cƒ“c3C“###rÃãCC3ƒ“c#ƒ#cƒ’Ãã"ÃãÄfÇ6RÂÓãC33“C#3##csCbÃãC33“C#3##csCbÃã#3CScs“#3CScs’ÃãÃãÅG'VRÃã“RÃãÅG'VRÂÓãƒ“3cs3ƒCƒ3ccRÃãƒ“3cs3ƒCƒ3ccRÃã3sƒ3#cCsCc##srÃãÃãÅG'VRÂÓã“““#scc#c#3RÃã“““#scc#c#3RÃã““cs#S3c3SrÃãcRÃãÄfÇ6RÃãS‚ÃãÄfÇ6RÂÓã#ccƒƒƒ“cCcRÃã#ccƒƒƒ“cCcRÃãs“ScC#S#CSC’ÃãÃãÅG'VRÃã3CCcs“s“s3‚Ãã3CCcs“s“s3‚Ãã#ƒ#3CS#csCƒ“s"Ãã"Ãã“"ÄfÇ6RÃã2Ãã“RÄfÇ6RÃãSC““Cc3cSScc#2ÃãSC““Cc3cSScc#2Ãã3S3““CcS#SsbÃãrÃã“’ÄfÇ6RÃÃÆV&Ç•ööæÇ•öF—66÷fW'’ÅG'VRÅG'VRÅG'VRÅG'VRÅG'VRÅG'VRÄfÇ6P¤ädS"ÄÔäCÄÔäCÄTå4s##ÂÓã33ƒ“#“##33“rÃã33ƒ“#“##33“rÄfÇ6RÂÓã#SƒsC“ƒ“Cc#CcrÃã#SƒsC“ƒ“Cc#CcrÃã“sSCC#CCsS#3ccbÃãƒrÃãÅG'VRÃãƒrÃãÅG'VRÂÓã#cs“sc“"Ãã#cs“sc“"Ãã3s“33S“CCSƒ"ÃãƒrÃãÅG'VRÂÓã3S#“ƒs#3ƒCcƒƒ2Ãã3S#“ƒs#3ƒCcƒƒ2Ãã##ƒcc“CSƒ“c"Ãã2Ãã“"ÄfÇ6RÃãbÃã“"ÄfÇ6RÂÓãC##SsCsƒsCSƒRÃãC##SsCsƒsCSƒRÃã##CSCƒc“cƒCC““BÃãÃã“‚ÄfÇ6RÂÓã““ƒS3SC#S2Ãã““ƒS3SC#S2Ããƒ#CCs“c#“C‚ÃãcÃãÄfÇ6RÃãRÃãÄfÇ6RÂÓãCc“cS“#CS#3C“Sƒ‚ÃãCc“cS“#CS#3C“Sƒ‚ÃãCC3s#s#33“cbÃãC"ÃãÄfÇ6RÂÓã33ƒ“#“##33“sRÃã33ƒ“#“##33“sRÃã3“cSscCCsƒs“#’ÃãÃã“BÄfÇ6RÃãÃã“"ÄfÇ6RÂÓã#Cƒ#333c#Ccƒ‚Ãã#Cƒ#333c#Ccƒ‚ÃãS##c33sCCƒSS“crÃãÃãƒBÄfÇ6RÃÃÆV&Ç•ööæÇ•öF—66÷fW'’ÅG'VRÅG'VRÅG'VRÅG'VRÅG'VRÅG'VRÄfÇ6P¤td“"Äd„D3Äd„D3ÄTå4s3sCcÂÓã33ccCCs3s“C’Ãã33ccCCs3s“C’ÄfÇ6RÃã33cs##“s“#cRÃã33cs##“s“#cRÃã3sC#ƒ#c3“#3s"Ãã“bÃãÅG'VRÃã‚ÃãÅG'VRÃãSc##“Ccƒ#ƒ“ƒrÃãSc##“Ccƒ#ƒ“ƒrÃã3Scsƒs“SCCS“BÃã“‚ÃãÅG'VRÃãCƒS33ƒ“3c“s#‚ÃãCƒS33ƒ“3c“s#‚ÃãCCSƒcƒcSSc“#s"ÃãbÃã“rÄfÇ6RÃãBÃã“ÄfÇ6RÃãcsƒC#SS3ƒScBÃãcsƒC#SS3ƒScBÃãc3cCƒƒ3C“#C3’Ãã#"Ãã“’ÄfÇ6RÃãƒs“s3s33CCcscsRÃãƒs“s3s33CCcscsRÃãcSƒ#““3“sƒS#2ÃãÃãcBÄfÇ6RÃãÃãs2ÄfÇ6RÂÓã###3“s3csRÃã###3“s3csRÃã“s“c“ƒ#cs3S#S3‚ÃãÃãS2ÄfÇ6RÂÓã33ccCCs3s“S"Ãã33ccCCs3s“S"ÃãSƒ#3CS#csCƒ“rÃãÃãƒrÄfÇ6RÃãÃã“#“““““““““““““’ÄfÇ6RÂÓã3“““ƒ3#3#Cc3SsbÃã3“““ƒ3#3#Cc3SsbÃãSƒ“#cc33s"ÃãÃã“"ÄfÇ6RÃÃÆV&Ç•ööæÇ•öF—66÷fW'’ÅG'VRÅG'VRÅG'VRÅG'VRÅG'VRÅG'VRÄfÇ6P¥DÃÄÔtC2ÄÔtC2ÄTå4s#ƒ#c‚Ãã33ScsS“#ƒ“CRÃã33ScsS“#ƒ“CRÄfÇ6RÃã““s“ƒ“sc#3S’Ãã““s“ƒ“sc#3S’Ããƒ“sSCc“ƒƒc#“s‚Ããs"ÃãÅG'VRÃãcRÃãÄfÇ6RÃã“CƒƒCsc“S“‚Ãã“CƒƒCsc“S“‚Ããƒ3ƒ#C“Cc“#“c"ÃãcÃãÄfÇ6RÃãSSƒc“sCƒcS#“ÃãSSƒc“sCƒcS#“Ããƒ#S“#S“#S“#S“#bÃãÃãbÄfÇ6RÃã2ÃãS2ÄfÇ6RÂÓãc#“cSƒSCsƒƒ#c2Ããc#“cSƒSCsƒƒ#c2Ãã“S“ƒ“#cc3ÃãÃãSRÄfÇ6RÃãS#““C““3ssS’ÃãS#““C““3ssS’Ããcƒ3S3““CcS#S‚ÃãÃãc2ÄfÇ6RÃãÃãc"ÄfÇ6RÂÓã#ƒ““ƒƒ#“##s3ƒ3rÃã#ƒ““ƒƒ#“##s3ƒ3rÃãs“SCs3#S#ƒƒcbÃãÃãcc“““““““““““““’ÄfÇ6RÃã33ScsS“#ƒ“CSCBÃã33ScsS“#ƒ“CSCBÃã33SccS#“C“#CSSCbÃã2ÃãƒrÄfÇ6RÃã"Ãã’ÄfÇ6RÃã33sc3cƒ“scsSCbÃã33sc3cƒ“scsSCbÃã3##“ƒ“3#sƒCc3cRÃãBÃãƒRÄfÇ6RÃÃÆV&Ç•ööæÇ•öF—66÷fW'’ÅG'VRÅG'VRÄfÇ6RÄfÇ6RÄfÇ6RÄfÇ6RÄfÇ6P¤ädS"ÄÕ„õ5ƒÄÕ„õ5ƒÄTå4s#C3ƒ2Ãã333cS#“s3“3’Ãã333cS#“s3“3’ÄfÇ6RÂÓã3#3ƒ#S3cc“CBÃã3#3ƒ#S3cc“CBÃãcs3cƒc3scs3#c"ÃãsÃãÅG'VRÃãc"ÃãÄfÇ6RÂÓã#CƒSc#S#3bÃã#CƒSc#S#3bÃãS3SS#ƒ“3cssƒrÃãS’ÃãÄfÇ6RÂÓã#ƒ33#c#ƒc“3ƒcBÃã#ƒ33#c#ƒc“3ƒcBÃã33#“ƒscSC3#“ƒsbÃãÃãƒ’ÄfÇ6RÃã2ÃãƒÄfÇ6RÂÓãCsS#Csc“C#““ƒ2ÃãCsS#Csc“C#““ƒ2ÃãsscCc3SccS#“RÃãBÃã“’ÄfÇ6RÂÓãcCSCƒCSc2ÃãcCSCƒCSc2ÃãcSscCCsƒs“#ƒc‚ÃãbÃã“bÄfÇ6RÃãBÃã“rÄfÇ6RÂÓã3Sƒc“s3ƒ“cCS’Ãã3Sƒc“s3ƒ“cCS’Ãã33ƒƒ#3sƒ3#cC‚ÃãrÃãÄfÇ6RÃã333cS#“s3“3“rÃã333cS#“s3“3“rÃãC#sC3CƒC##C“cSrÃãÃã’ÄfÇ6RÃãÃã“"ÄfÇ6RÃã3C3ƒƒC3C“S3sc““BÃã3C3ƒƒC3C“S3sc““BÃã3ƒC##C“cSscCCs"ÃãÃãƒ’ÄfÇ6RÃÃÆV&Ç•ööæÇ•öF—66÷fW'’ÅG'VRÅG'VRÄfÇ6RÄfÇ6RÄfÇ6RÄfÇ6RÄfÇ6P¤$4ÃÄ3#C“CrãÄ3#C“CrãÄTå4s#Ss#S"Ãã333##C3#“sC“srÃã333##C3#“sC“srÄfÇ6RÃã“sƒscSCCSS#C“‚Ãã“sƒscSCCSS#C“‚ÃãcSCSCs“Cƒ“cC“#rÃãÃãs‚ÄfÇ6RÃãÃãƒRÄfÇ6RÃã3#3#ƒ“sS’Ãã3#3#ƒ“sS’ÃãSS“cs#ƒcScƒ‚ÃãÃãs’ÄfÇ6RÃãS“ƒCs3“S#33S3ÃãS“ƒCs3“S#33S3Ãã#cƒs#C#s“ƒ3S3““2ÃãÃã“’ÄfÇ6RÃãÃã“BÄfÇ6RÃã“#“Cccƒss“c#SbÃã“#“Cccƒss“c#SbÃã#“c#“c#“c#“c#“c"ÃãÃãÄfÇ6RÃãsƒ3SCƒSƒCƒSssBÃãsƒ3SCƒSƒCƒSssBÃãS“##ƒSCƒ“rÃãƒ‚ÃãÅG'VRÃã“"ÃãÅG'VRÃã#3#cs#ccs2Ãã#3#cs#ccs2ÃãC#ƒ“C3sSƒSs33ƒ‚ÃãSRÃãÄfÇ6RÃã333##C3#“sC“srÃã333##C3#“sC“srÃãS“s3“3cƒ““ƒc#ƒ#bÃãÃã’ÄfÇ6RÃãÃã’ÄfÇ6RÂÓãc3#ƒC##CcC#2Ããc3#ƒC##CcC#2Ãã“c3SccS#“C“#CSRÃãÃãbÄfÇ6RÃÃÆF“ööæÇ•÷&WFW&Ö–æÅöF—66÷fW'’ÅG'VRÅG'VRÅG'VRÅG'VRÄfÇ6RÄfÇ6RÄfÇ6P¤´ÄcÄ´C$"Ä´C$"ÄTå4sCcbÃã33333ƒCs“ƒƒRÃã33333ƒCs“ƒƒRÄfÇ6RÃãsCSƒ#s“c“cS“sbÃãsCSƒ#s“c“cS“sbÃãS3C“ƒC###ƒCƒBÃã3RÃãÄfÇ6RÃã’Ãã“‚ÄfÇ6RÃã“3#cCc#ƒC#ƒ"Ãã“3#cCc#ƒC#ƒ"Ãã3sC#ƒ#c3“#3rÃãCBÃãÄfÇ6RÃãcƒ3#3c“s#SCƒ‚Ããcƒ3#3c“s#SCƒ‚ÃãSsSCCSƒcƒcSSrÃã“ÃãÅG'VRÃãsrÃãÅG'VRÃãcSSsC#s“Cs“rÃãcSSsC#s“Cs“rÃãc33ssC##RÃã“’ÃãÅG'VRÃãsCCƒƒ#cƒS““cRÃãsCCƒƒ#cƒS““cRÃãcccccccccccccccrÃãrÃã“‚ÄfÇ6RÃãrÃã“‚ÄfÇ6RÃãƒcs##33c3SC#ƒ‚Ããƒcs##33c3SC#ƒ‚ÃãCcsscCc3SccS#’Ãã“2ÃãÅG'VRÃã33333ƒCs“ƒƒS"Ãã33333ƒCs“ƒƒS"Ãã#“C“#CSSCƒ3ƒ3CrÃãBÃã“ÄfÇ6RÃã2ÃãƒÄfÇ6RÃãScSCccƒs#CsScƒbÃãScSCccƒs#CsScƒbÃã#3ƒ#CCs“c#"ÃãrÃã“‚ÄfÇ6RÃÃÆV&Ç•ööæÇ•öF—66÷fW'’ÅG'VRÅG'VRÅG'VRÅG'VRÅG'VRÅG'VRÄfÇ6P¤ädS"Å$äc#rÅ$äc#rÄTå4sCc3s2Ãã33#““#3ƒƒcƒc“bÃã33#““#3ƒƒcƒc“bÄfÇ6RÃãC3s#3S#CS3Ss3‚ÃãC3s#3S#CS3Ss3‚Ãã#cC“c##ssCC2Ãã2Ãã“2ÄfÇ6RÃãbÃãƒ’ÄfÇ6RÃãC#3SccSS“3rÃãC#3SccSS“3rÃã##S#s“Sc#3SC#3#2ÃãBÃã“RÄfÇ6RÃã“s#CCSƒC3“crÃã“s#CCSƒC3“crÃãcƒSƒsSc#CC#cbÃãƒ"ÃãÅG'VRÃãS2ÃãÄfÇ6RÃã#C“ccCcƒS“S32Ãã#C“ccCcƒS“S32ÃãSc#CC#ccs“c“‚Ãã“bÃãÅG'VRÃãsƒCSCC#S“SCƒbÃãsƒCSCC#S“SCƒbÃã“ƒ“#cc33sÃã"Ãã“’ÄfÇ6RÃãÃãÄfÇ6RÃãsSS3CCsc“ƒ3SBÃãsSS3CCsc“ƒ3SBÃã“3Sƒ#Cc“3Sƒ"ÃãRÃãÄfÇ6RÃã33#““#3ƒƒcƒc“S‚Ãã33#““#3ƒƒcƒc“S‚ÃãC3ƒCƒss“C“S"ÃãÃãƒrÄfÇ6RÃãÃãƒRÄfÇ6RÃã3cc#“ƒcsScƒcBÃã3cc#“ƒcsScƒcBÃã3S33cscƒsSSƒ2ÃãÃãƒ‚ÄfÇ6RÃÃÆV&Ç•ööæÇ•öF—66÷fW'’ÅG'VRÅG'VRÄfÇ6RÄfÇ6RÅG'VRÅG'VRÄfÇ6P¤tDÅ$CS"Å$CS"ÄTå4sƒ#ƒRÃã33#S##S“#3#3#bÃã33#S##S“#3#3#bÄfÇ6RÃã#SC“ss3s“c3#sƒrÃã#SC“ss3s“c3#sƒrÃãC3ƒ“c#ƒ#cƒƒs’ÃãBÃãƒ2ÄfÇ6RÃãBÃãs’ÄfÇ6RÃãSSCsccƒ3C“C3cBÃãSSCsccƒ3C“C3cBÃãc3C““S“ƒ#C3“#’ÃãÃãsÄfÇ6RÃãsc3s#CC3“SCCRÃãsc3s#CC3“SCCRÃã#Ssc3cƒs#C#‚ÃãsBÃãÅG'VRÃãC‚Ãã“’ÄfÇ6RÃãcs3ƒƒ“#sS##“‚Ããcs3ƒƒ“#sS##“‚Ãã#Cƒ#ƒS3##3S“3“cRÃãBÃãÄfÇ6RÂÓã3#c“s3SccccsRÃã3#c“s3SccccsRÃã3sƒ3#cCsCc##srÃãBÃãƒbÄfÇ6RÃãBÃãƒ‚ÄfÇ6RÂÓãC#cs““C#SSs#s“BÃãC#cs““C#SSs#s“BÃã#S“#S“#S“#S“#S“#BÃã2Ãã“RÄfÇ6RÃã33#S##S“#3#3#cƒbÃã33#S##S“#3#3#cƒbÃã3ƒ#s33Sƒ“ƒC’ÃãÃãƒ‚ÄfÇ6RÃãÃã’ÄfÇ6RÃãC“sƒƒsƒ3C#3cC“BÃãC“sƒƒsƒ3C#3cC“BÃã#Cs“c#“Csƒs2ÃãÃã“rÄfÇ6RÃÃÆV&Ç•ööæÇ•öF—66÷fW'’ÅG'VRÅG'VRÄfÇ6RÄfÇ6RÄfÇ6RÄfÇ6RÄfÇ6P¥DÃÅD„bÅD„bÄTå4ssCs“bÃã3#“ƒsƒ#ƒCRÃã3#“ƒsƒ#ƒCRÄfÇ6RÃã#3S“##ccs“C3#“c2Ãã#3S“##ccs“C3#“c2ÃãCc3SsS#S3ss#ƒ‚ÃãÃãƒrÄfÇ6RÃãÃãs"ÄfÇ6RÃã#3sS333scC“RÃã#3sS333scC“RÃãSSSSc3ss3“Sƒ‚Ãã"ÃãsrÄfÇ6RÃã#S3s“3CsC3sƒ’Ãã#S3s“3CsC3sƒ’Ãã“ƒ#CCs“c#"ÃãÃãSbÄfÇ6RÃãÃãRÄfÇ6RÂÓãcƒƒs#ƒ3“ƒs#ƒ’Ããcƒƒs#ƒ3“ƒs#ƒ’Ããƒc33ssC#"ÃãÃãc"ÄfÇ6RÃã#cSsS#sSCCSCSc2Ãã#cSsS#sSCCSCSc2Ãã3C#“3SS#ƒ#s32ÃãƒRÃãÅG'VRÃã“ÃãÅG'VRÃã“S3“C3ƒC#ss“3‚Ãã“S3“C3ƒC#ss“3‚ÃãsSs#cCc“S3RÃã#bÃãÄfÇ6RÃã3#“ƒsƒ#ƒCSrÃã3#“ƒsƒ#ƒCSrÃã3CS33SScƒSƒRÃãÃãƒRÄfÇ6RÃãÃãƒBÄfÇ6RÃã33#C3#c#Scc3c#CRÃã33#C3#c#Scc3c#CRÃã333ssC##CrÃãRÃãƒRÄfÇ6RÃÃÆF“ööæÇ•÷&WFW&Ö–æÅöF—66÷fW'’ÅG'VRÅG'VRÅG'VRÅG'VRÄfÇ6RÄfÇ6RÄfÇ6P¤ädS"ÄÔ4Ô%ÄÔ4Ô%ÄTå4s“sssÂÓã3#SsS3“s#ƒ3SBÃã3#SsS3“s#ƒ3SBÄfÇ6RÂÓãs3#cs“##sssrÃãs3#cs“##sssrÃãc3ƒs“Cs3#c‚Ããs"ÃãÅG'VRÃã3’ÃãÄfÇ6RÂÓã““s“cs3ƒ“3cSƒ’Ãã““s“cs3ƒ“3cSƒ’Ããc3cC“33Cc3ƒbÃãcrÃãÄfÇ6RÂÓãSC#c3c33ssƒ“bÃãSC#c3c33ssƒ“bÃãs3S#S3ss##“ƒ“BÃãBÃãÄfÇ6RÃãBÃã“RÄfÇ6RÂÓãcsc“CSc3CsSCbÃãcsc“CSc3CsSCbÃã“Scs#ƒ3“Scs2Ãã"ÃãÄfÇ6RÂÓãs“SSƒCCCs“c##rÃãs“SSƒCCCs“c##rÃã3#sSs#cCc“bÃãBÃã“’ÄfÇ6RÃã’ÃãÄfÇ6RÂÓãC#ƒsC#CScCC32ÃãC#ƒsC#CScCC32Ãã““3“sƒS##c"ÃãbÃãÄfÇ6RÂÓã3#SsS3“s#ƒ3SCRÃã3#SsS3“s#ƒ3SCRÃãC3ƒSCS“S33cscrÃãÃã’ÄfÇ6RÃãÃã“BÄfÇ6RÂÓã#SCC“cCC“ƒC#"Ãã#SCC“cCC“ƒC#"ÃãScS“ƒs“ScC"ÃãÃãƒbÄfÇ6RÃÃÆV&Ç•ööæÇ•öF—66÷fW'’ÅG'VRÅG'VRÄfÇ6RÄfÇ6RÄfÇ6RÄfÇ6RÄfÇ6P¥DÃÅ$$tÂÅ$$tÂÄTå4sS#cÃã3#SSƒ3C3““3sS#"Ãã3#SSƒ3C3““3sS#"ÄfÇ6RÃã“Cc#s#3ƒ“SC3sÃã“Cc#s#3ƒ“SC3sÃãs“ƒcc3ƒs“BÃãcbÃãÄfÇ6RÃãbÃãÄfÇ6RÃã“S3sSSss“3s#“bÃã“S3sSSss“3s#“bÃã#c#sSƒƒCcS##bÃãSbÃãÄfÇ6RÃãsSc33“###3s#C‚ÃãsSc33“###3s#C‚ÃãCƒ“s3“3cƒ““ƒrÃãs"ÃãÅG'VRÃãCbÃã“bÄfÇ6RÃã“SCC#““Sƒsc’Ãã“SCC#““Sƒsc’Ããsƒƒ“3CS##cBÃãsBÃãÅG'VRÃãƒscS3scCCSƒbÃãƒscS3scCCSƒbÃã3CƒC##C“cSscCCrÃã2ÃãÄfÇ6RÃã3RÃãÄfÇ6RÃãƒSC“3ss#CCƒbÃãƒSC“3ss#CCƒbÃãCCs“c#“CsƒrÃãCBÃãÄfÇ6RÃã3#SSƒ3C3““3sS##bÃã3#SSƒ3C3““3sS##bÃã3S##c##sC3CƒC2ÃãÃãƒbÄfÇ6RÃãBÃãƒ2ÄfÇ6RÃã3CsC3CS3ssC“CBÃã3CsC3CS3ssC“CBÃã3“3#sƒCc3cCƒƒ3BÃãÃãƒ‚ÄfÇ6RÃÃÆV&Ç•ööæÇ•öF—66÷fW'’ÅG'VRÅG'VRÄfÇ6RÄfÇ6RÅG'VRÅG'VRÄfÇ6P¤td“"Ää$bÄä$bÄTå4sCSc"ÂÓã3#Scƒ#cƒCCbÃã3#Scƒ#cƒCCbÄfÇ6RÃãsƒsSƒƒsCƒ“c#2ÃãsƒsSƒƒsCƒ“c#2Ãã3Cs“ƒ3csC#“3S’Ãã3RÃãÄfÇ6RÃã’ÃãÄfÇ6RÃã“ƒ#3#sSS3#‚Ãã“ƒ#3#sSS3#‚Ãã3c“S“cs##CSƒbÃãCbÃãÄfÇ6RÃãSCƒ“sC#cBÃãSCƒ“sC#cBÃãcs#S3c3ScS“ƒÃãƒ’ÃãÅG'VRÃãsRÃãÅG'VRÃãs#“3SCƒ“c3SRÃãs#“3SCƒ“c3SRÃãsSCCSƒcƒcSSc“#RÃã“2ÃãÅG'VRÃãS“C“#ƒcsc“SÃãS“C“#ƒcsc“SÃãcs#S3c3ScS“‚ÃãÃã“‚ÄfÇ6RÃãrÃã“RÄfÇ6RÃãCCCs#ƒ3scc2ÃãCCCs#ƒ3scc2Ãã3#ƒ“C3sSƒSs33ƒƒ"ÃãÃã’ÄfÇ6RÂÓã3#Scƒ#cƒCCcÃã3#Scƒ#cƒCCcÃãSSssS3C#“3SS#‚ÃãÃãƒ‚ÄfÇ6RÃãÃã’ÄfÇ6RÂÓãs#CS“3Cƒcc““ƒ‚Ããs#CS“3Cƒcc““ƒ‚Ãã3ƒ3ƒ3CC3s#s"ÃãÃãÄfÇ6RÃÃÆV&Ç•ööæÇ•öF—66÷fW'’ÅG'VRÅG'VRÅG'VRÅG'VRÅG'VRÅG'VRÄfÇ6P¤ädS"Å%ÅÅ%ÅÄTå4sƒ“SrÃã3#CSCcC#C#ccbÃã3#CSCcC#C#ccbÄfÇ6RÃãCS3ƒƒsS#C3S3BÃãCS3ƒƒsS#C3S3BÃãCSs““sƒ#3sCrÃã“’ÃãÅG'VRÃã“rÃãÅG'VRÃãCCsƒ“cs#csSbÃãCCsƒ“cs#csSbÃãcƒS“cSS#“s##“Ãã“rÃãÅG'VRÃãc33““csƒscSSƒ2Ããc33““csƒscSSƒ2Ãã3ƒCƒss“C“S“ƒ“BÃã#’ÃãÄfÇ6RÃã‚Ãã“rÄfÇ6RÃãCƒ““SScƒ3““ƒccbÃãCƒ““SScƒ3““ƒccbÃã##cƒƒcCSCCcc3“"ÃãÃã“‚ÄfÇ6RÂÓã3C#Cƒƒ3#CsS“BÃã3C#Cƒƒ3#CsS“BÃãCC33CsSsSCCSƒ"ÃãÃã“ÄfÇ6RÃãÃãƒ#ÄfÇ6RÂÓã#ƒS“#“C33ƒ3RÃã#ƒS“#“C33ƒ3RÃãc“ƒ#cs3S#S3ss#2Ãã#"ÃãÄfÇ6RÃã3#CSCcC#C#ccsRÃã3#CSCcC#C#ccsRÃãC33Sƒ“ƒC“ƒ3rÃãÃã“ÄfÇ6RÃãÃã“"ÄfÇ6RÃã3ƒCƒsSs3ƒsƒRÃã3ƒCƒsSs3ƒsƒRÃã33ƒcC“sS3ƒcC"ÃãÃãƒRÄfÇ6RÃÃÆV&Ç•ööæÇ•öF—66÷fW'’ÅG'VRÅG'VRÅG'VRÅG'VRÅG'VRÅG'VRÄfÇ6P¤$4ÃÄ…5‚Ä…5‚ÄTå4s““sÂÓã3#CC““s3C#SBÃã3#CC““s3C#SBÄfÇ6RÂÓãc3c3“SCcsSSCS3’Ããc3c3“SCcsSSCS3’ÃãƒCccƒ“s“SƒSc‚ÃãÃãÄfÇ6RÃãÃã“’ÄfÇ6RÂÓã#“C3#s#SC“CcC“rÃã#“C3#s#SC“CcC“rÃãScCcƒcS3“#S“#bÃãÃãƒRÄfÇ6RÂÓã3c“sSƒc#CSSbÃã3c“sSƒc#CSSbÃã#S#CSCƒc“cƒCRÃã‚ÃãÅG'VRÃãs2ÃãÅG'VRÂÓãCSCSscS33#3’ÃãCSCSscS33#3’ÃãCC3s#s#33“cbÃãSBÃãÄfÇ6RÂÓãS3#cS#csƒs“3s2ÃãS3#cS#csƒs“3s2Ãã3Sƒ“ƒC“ƒ3csc#bÃãc"ÃãÄfÇ6RÃãc‚ÃãÄfÇ6RÂÓãƒ3ƒc3“#33s“3ƒc’Ããƒ3ƒc3“#33s“3ƒc’ÃãS“ƒs“ScC#S#BÃã#‚ÃãÄfÇ6RÂÓã3#CC““s3C#SCsbÃã3#CC““s3C#SCsbÃãcƒ3csc#cƒƒcCSBÃãÃã“#“““““““““““““’ÄfÇ6RÃãÃãƒbÄfÇ6RÃã33“cCcsC#3#SSs“BÃã33“cCcsC#3#SSs“BÃãscc#SSCC3#“#‚ÃãÃãƒ’ÄfÇ6RÃÃÆV&Ç•ööæÇ•öF—66÷fW'’ÅG'VRÅG'VRÅG'VRÅG'VRÄfÇ6RÄfÇ6RÄfÇ6P¤ädS"Ä„%Ä„%ÄTå4sƒcSbÃã3#3S“ƒ“s3cƒƒs‚Ãã3#3S“ƒ“s3cƒƒs‚ÄfÇ6RÃãSc#cƒ3CC#33ƒ3"ÃãSc#cƒ3CC#33ƒ3"Ããcc3Scsƒs’ÃãRÃã“‚ÄfÇ6RÃã"Ããƒ’ÄfÇ6RÃãSscSs3ƒscssc#CcRÃãSscSs3ƒscssc#CcRÃã#ƒ“Css#“CSS3C3rÃã’Ãã“‚ÄfÇ6RÃã3sƒ#3#“c#SCc"Ãã3sƒ#3#“c#SCc"Ãã“sccƒ3ƒCƒss“BÃãÃã“ÄfÇ6RÃãrÃãƒBÄfÇ6RÃãCcSc“3CSBÃãCcSc“3CSBÃã#CCs“c#“CsƒbÃã"Ãã“BÄfÇ6RÃã3“Cƒs“c3c3SbÃã3“Cƒs“c3c3SbÃãsƒƒ“3CS##cBÃãs’ÃãÅG'VRÃãƒbÃãÅG'VRÃãcS““ƒc“SSƒƒS2ÃãcS““ƒc“SSƒƒS2Ãã#cCsCc##ss““c‚ÃãcBÃãÄfÇ6RÃã3#3S“ƒ“s3cƒƒsƒƒbÃã3#3S“ƒ“s3cƒƒsƒƒbÃãCCƒCƒCƒCƒC‚ÃãÃãƒRÄfÇ6RÃãÃãƒBÄfÇ6RÃã3ƒc#ƒcsss“Sƒ“3bÃã3ƒc#ƒcsss“Sƒ“3bÃãC3SScƒSƒsScRÃãÃãƒbÄfÇ6RÃÃÆF“ööæÇ•÷&WFW&Ö–æÅöF—66÷fW'’ÅG'VRÅG'VRÅG'VRÅG'VRÄfÇ6RÄfÇ6RÄfÇ6P¥DÃÅT5"ÅT5"ÄTå4ssSScrÃã3#3c##ƒ“c’Ãã3#3c##ƒ“c’ÄfÇ6RÃãS#“cCCcS“S3sRÃãS#“cCCcS“S3sRÃã“c3#3##csƒs“RÃã"Ãã“RÄfÇ6RÃã"Ãã“rÄfÇ6RÃãScS3“CScc3S3ƒcÃãScS3“CScc3S3ƒcÃãƒSCs#Sƒc“SRÃã‚Ãã“bÄfÇ6RÃãCC“S“C3“CC“csbÃãCC“S“C3“CC“csbÃãsƒƒsSsCcsscCbÃã’Ãã“rÄfÇ6RÃãRÃã“"ÄfÇ6RÃãƒ#“#CCsS##c"Ããƒ#“#CCsS##c"ÃãƒcSSc“#s#“sccƒBÃãSRÃãÄfÇ6RÃã3cS#ƒCSƒ“Cƒ’Ãã3cS#ƒCSƒ“Cƒ’Ãã#3CScs“#3CScs’Ãã“ÃãÅG'VRÃã’ÃãÅG'VRÃãƒƒsC“s“ccscBÃãƒƒsC“s“ccscBÃãC#S#CSCƒc“cƒCRÃã“RÃãÅG'VRÃã3#3c##ƒ“c“BÃã3#3c##ƒ“c“BÃã3SSSSSSSSSSSSSSSrÃãÃãƒ’ÄfÇ6RÃã"Ããƒ"ÄfÇ6RÃã33s“c“33CsSSSC#bÃã33s“c“33CsSSSC#bÃã3###############BÃã2Ãã’ÄfÇ6RÃÃÆF“ööæÇ•÷&WFW&Ö–æÅöF—66÷fW'’ÅG'VRÅG'VRÅG'VRÅG'VRÅG'VRÅG'VRÄfÇ6P¤$4ÃÄå#D"Äå#D"ÄTå4sS3#3BÃã3#cCSc“s2Ãã3#cCSc“s2ÄfÇ6RÂÓã#ƒ“S“ƒƒS#ss‚Ãã#ƒ“S“ƒƒS#ss‚Ãã#ƒ3“ƒ“Ss33#“csCƒbÃãrÃãÅG'VRÃãc’ÃãÄfÇ6RÂÓãc#ƒScs#ƒScrÃãc#ƒScs#ƒScrÃã##cC““sC#ssÃãƒ‚ÃãÅG'VRÂÓãcSsS#S3SƒrÃãcSsS#S3SƒrÃãƒs““s#ScSSssSBÃãÃãc2ÄfÇ6RÃãÃãc2ÄfÇ6RÂÓã3ƒSƒcSƒ#SCƒC#bÃã3ƒSƒcSƒ#SCƒC#bÃãS#ss““cs#S3bÃãÃã“ÄfÇ6RÃã#s“3cƒSc3ƒ3C##RÃã#s“3cƒSc3ƒ3C##RÃãcSCƒc“cƒCC““3BÃãÃãƒBÄfÇ6RÃãÃã“2ÄfÇ6RÃã#ƒ3cSc3ccƒSC’Ãã#ƒ3cSc3ccƒSC’Ãã““s“C#3ƒcƒ3#sSrÃãÃãSbÄfÇ6RÃã3#cCSc“s32Ãã3#cCSc“s32Ããc##ƒSCƒ“s2ÃãÃãƒ‚ÄfÇ6RÃãÃã“ÄfÇ6RÃã#cƒc#S#s““ƒCC#CRÃã#cƒc#S#s““ƒCC#CRÃãƒ##c##sC3CƒC2ÃãÃãƒBÄfÇ6RÃÃÆV&Ç•ööæÇ•öF—66÷fW'’ÅG'VRÅG'VRÄfÇ6RÄfÇ6RÅG'VRÅG'VRÄfÇ6P¤td“"Å…$432Å…$432ÄTå4s#c#RÃã3ƒƒƒSC#CSC“RÃã3ƒƒƒSC#CSC“RÄfÇ6RÃãC3C#sSsSSs3S“rÃãC3C#sSsSSs3S“rÃã##33S#S3ƒscbÃãBÃã’ÄfÇ6RÃãBÃãƒBÄfÇ6RÃãCƒCCC“CCƒCƒc“sCbÃãCƒCCC“CCƒCƒc“sCbÃã“s“c“SC3Cs#ƒ2Ãã"Ãã“rÄfÇ6RÃã“Ss“#S#3sSƒCs#‚Ãã“Ss“#S#3sSƒCs#‚Ãã33SScƒSƒsbÃãsbÃãÅG'VRÃãS"ÃãÄfÇ6RÃã“s“ƒs#scS“#“3rÃã“s“ƒs#scS“#“3rÃãs“c#“Csƒs3‚ÃãsrÃãÅG'VRÃãS#ƒssƒ#SC“bÃãS#ƒssƒ#SC“bÃã#“Csƒs3s““s#ScRÃãBÃã“‚ÄfÇ6RÃãrÃã“rÄfÇ6RÃãscSsƒ#cs3ƒC3#“BÃãscSsƒ#cs3ƒC3#“BÃãSCƒc“cƒCC““3CÃã‚Ãã“’ÄfÇ6RÃã3ƒƒƒSC#CSC“S3bÃã3ƒƒƒSC#CSC“S3bÃãS#Cc“3Sƒ#Cc“BÃãÃãƒBÄfÇ6RÃã2Ãã“"ÄfÇ6RÃãs#“3cC“Sc#“#ƒRÃãs#“3cC“Sc#“#ƒRÃã3ÃãÃãÄfÇ6RÃÃÆV&Ç•ööæÇ•öF—66÷fW'’ÅG'VRÅG'VRÄfÇ6RÄfÇ6RÅG'VRÅG'VRÄfÇ6P¤´ÄcÄ…5ƒÄ…5ƒÄTå4s#c“BÂÓã3ƒCƒ“ƒ3cSC"Ãã3ƒCƒ“ƒ3cSC"ÄfÇ6RÂÓãƒc“3ƒSƒƒ“ssƒbÃãƒc“3ƒSƒƒ“ssƒbÃãƒC3c#s3ƒ3s#ƒ“bÃãÃãcs“““““““““““““’ÄfÇ6RÃãÃãcBÄfÇ6RÃã#““ƒ#““#3“3#ƒCrÃã#““ƒ#““#3“3#ƒCrÃãsSS“33S“ƒSs3“#RÃãÃãcrÄfÇ6RÂÓã“3CƒSƒS3sSƒ“’Ãã“3CƒSƒS3sSƒ“’Ãã“ƒscSC3#“ƒscSC2ÃãsbÃãÅG'VRÃãc‚ÃãÄfÇ6RÂÓãcƒSsƒC3ƒƒC“"ÃãcƒSsƒC3ƒƒC“"Ãã3333333333333332ÃãS’ÃãÄfÇ6RÂÓãƒƒc“sƒcƒ333“cbÃãƒƒc“sƒcƒ333“cbÃã#S#CSCƒc“cƒCRÃãCÃãÄfÇ6RÃã32Ãã“’ÄfÇ6RÂÓã3ƒSSƒcc“ƒ3c3Ãã3ƒSSƒcc“ƒ3c3ÃãCc##ss““cs#RÃã3ÃãÄfÇ6RÂÓã3ƒCƒ“ƒ3cSC#RÃã3ƒCƒ“ƒ3cSC#RÃã3Sƒ“c3#3s3BÃãbÃãƒ’ÄfÇ6RÃãRÃã‚ÄfÇ6RÂÓã3C3CSc#CSS“’Ãã3C3CSc#CSS“’Ãã33ƒ3CC3s#s#32Ãã2Ããs’ÄfÇ6RÃÃÆV&Ç•ööæÇ•öF—66÷fW'’ÅG'VRÅG'VRÄfÇ6RÄfÇ6RÄfÇ6RÄfÇ6RÄfÇ6P¤td“"ÅDõ$ÅDõ$ÄTå4s3sCrÂÓã3ƒ3sCcCƒ#C"Ãã3ƒ3sCcCƒ#C"ÄfÇ6RÂÓã#ƒ3#cƒ3SSss““2Ãã#ƒ3#cƒ3SSss““2ÃãCS#s3s“c3S"Ãã“2ÃãÅG'VRÃãƒ’ÃãÅG'VRÂÓã#SSSsssCC3cÃã#SSSsssCC3cÃã#3ƒ#Cccs3c’ÃãcrÃãÄfÇ6RÂÓãƒ“CƒƒC#S#3’Ããƒ“CƒƒC#S#3’ÃãƒSƒSƒSƒSƒSrÃãcbÃãÄfÇ6RÃãC"ÃãÄfÇ6RÂÓã3cƒƒ33#scCSƒ#’Ãã3cƒƒ33#scCSƒ#’Ãã#sCCƒSS“cssƒƒ’ÃãÃã“#“““““““““““““’ÄfÇ6RÂÓãccs“333cSC‚Ããccs“333cSC‚Ããƒs“#ƒcc“CS’ÃãCbÃãÄfÇ6RÃãcÃãÄfÇ6RÂÓãS#C“s“#3“cs2ÃãS#C“s“#3“cs2Ãã#ScSSssS3C#“3SrÃãÃã“bÄfÇ6RÂÓã3ƒ3sCcCƒ#C#RÃã3ƒ3sCcCƒ#C#RÃãS#S3ss##“ƒ“3#‚Ãã"ÃãƒrÄfÇ6RÃãÃãƒRÄfÇ6RÃã#3ƒ3ƒ3sS“C‚Ãã#3ƒ3ƒ3sS“C‚ÃãSƒ“c3#3s33’ÃãrÃãÄfÇ6RÃÃÆV&Ç•ööæÇ•öF—66÷fW'’ÅG'VRÅG'VRÅG'VRÅG'VRÄfÇ6RÄfÇ6RÄfÇ6P¤$4ÃÄÔD³RÄÔD³RÄTå4s#“ƒ2Ãã3cƒc“C“ss#C32Ãã3cƒc“C“ss#C32ÄfÇ6RÃã“#cƒƒcc#cC##rÃã“#cƒƒcc#cC##rÃãƒ#sƒc#S3#Sƒ33CRÃãrÃãÄfÇ6RÃã‚ÃãÄfÇ6RÃãsc“CC3C#s’Ããsc“CC3C#s’ÃãsƒS3#3ƒ“SƒsBÃã"ÃãÄfÇ6RÃãƒcsSc33Cƒsc’ÃãƒcsSc33Cƒsc’Ãã“ƒ#cs3S#S3ss#2ÃãÃãÄfÇ6RÃã"ÃãÄfÇ6RÃãSs#“ƒc#ccSsc2ÃãSs#“ƒc#ccSsc2Ãã#sƒS##c##sC3bÃãÃãÄfÇ6RÃãc3#ƒSScƒ“3Sƒ“2Ããc3#ƒSScƒ“3Sƒ“2Ãã#C“cSscCCsƒs“2ÃãsBÃãÅG'VRÃãcrÃãÄfÇ6RÃã#3SsC““C3Sƒ“bÃã#3SsC““C3Sƒ“bÃãScS“ƒs“ScC"ÃãÃãÄfÇ6RÃã3cƒc“C“ss#C33"Ãã3cƒc“C“ss#C33"Ããccƒs#C#s“ƒ3S3“ÃãÃã“ÄfÇ6RÃãÃã‚ÄfÇ6RÃã33“ƒ3#s“3SBÃã33“ƒ3#s“3SBÃãscc“CSƒ“c3"ÃãÃãƒrÄfÇ6RÃÃÆF“ööæÇ•÷&WFW&Ö–æÅöF—66÷fW'’ÅG'VRÅG'VRÄfÇ6RÄfÇ6RÄfÇ6RÄfÇ6RÄfÇ6P¤tDÄdÓc„"ÄdÓc„"ÄTå4sS#"ÂÓã3S#CcsS3“sbÃã3S#CcsS3“sbÄfÇ6RÂÓãS3C3CSC“Cs#ƒRÃãS3C3CSC“Cs#ƒRÃãs“#“sSscƒ33SƒC’Ãã’Ãã“bÄfÇ6RÃãÃã“rÄfÇ6RÂÓãSS##“ScSS#srÃãSS##“ScSS#srÃã“cCCcsSscC#Ãã2Ãã“‚ÄfÇ6RÃã#ccc##ƒ3c“ƒc#CcBÃã#ccc##ƒ3c“ƒc#CcBÃã#c3cCƒƒ3C“#CBÃãRÃãƒrÄfÇ6RÃã2ÃãsBÄfÇ6RÃãCSsS“Cs#s“cSsbÃãCSsS“Cs#s“cSsbÃãScsscCc3SccS#’ÃãÃãrÄfÇ6RÂÓãSSƒCScCsCCs3srÃãSSƒCScCsCCs3srÃã3ssC##Cƒ#ƒS3ÃãrÃãÅG'VRÃãcbÃãÄfÇ6RÂÓã3ssSs#C3S#c“RÃã3ssSs#C3S#c“RÃã3#“#ƒc““SƒƒCsrÃãsRÃãÅG'VRÂÓã3S#CcsS3“scBÃã3S#CcsS3“scBÃãCƒ“3#sƒCc3cCƒƒRÃãÃã“"ÄfÇ6RÃãBÃã“RÄfÇ6RÂÓã#Scƒ“C3cc“ƒ3‚Ãã#Scƒ“C3cc“ƒ3‚ÃãSScSSssS3C#“3RÃãÃãƒ2ÄfÇ6RÃÃÆF“ööæÇ•÷&WFW&Ö–æÅöF—66÷fW'’ÅG'VRÅG'VRÄfÇ6RÄfÇ6RÅG'VRÅG'VRÄfÇ6P¥DÃÄdÓ#"ÄdÓ#"ÄTå4s#C“‚Ãã3Cc“Cs“CsScC#’Ãã3Cc“Cs“CsScC#’ÄfÇ6RÃãƒ““s#CscCcCcsbÃãƒ““s#CscCcCcsbÃãSS#ƒ#CSs#ss‚ÃãcÃãÄfÇ6RÃãRÃãÄfÇ6RÃãƒ“3S33“ƒ3“ƒsCRÃãƒ“3S33“ƒ3“ƒsCRÃãCcs“cSC#s3Sc#“BÃãbÃãÄfÇ6RÃãƒCsSCc##sc3RÃãƒCsSCc##sc3RÃã#33“cS“##ƒSRÃãƒBÃãÅG'VRÃãS2Ãã“’ÄfÇ6RÃã#Csc““Ssƒ#‚Ãã#Csc““Ssƒ#‚Ãã3SccS#“C“#CSSCƒbÃã“RÃãÅG'VRÃãc#ssc“c#CCSƒrÃãc#ssc“c#CCSƒrÃã“ScC#S#CSCƒbÃã"Ãã“‚ÄfÇ6RÃã"Ãã“BÄfÇ6RÃãcS33#CsCC“’ÃãcS33#CsCC“’ÃãcS“ƒs“ScC#S#RÃã3BÃãÄfÇ6RÃã3Cc“Cs“CsScC3bÃã3Cc“Cs“CsScC3bÃã3c“#s#“sccƒ3ƒCÃãBÃãƒrÄfÇ6RÃã"Ããƒ"ÄfÇ6RÃã3“cSSsCccS#S2Ãã3“cSSsCccS#S2Ãã3SCC3#“#ƒrÃã"ÃãƒRÄfÇ6RÃÃÆV&Ç•ööæÇ•öF—66÷fW'’ÅG'VRÅG'VRÄfÇ6RÄfÇ6RÅG'VRÅG'VRÄfÇ6P¤ädS"ÄTÄôÄTÄôÄTå4srÂÓã333C#“#ƒ3#CC"Ãã333C#“#ƒ3#CC"ÄfÇ6RÂÓã#S#ƒSSƒ3ScSS“crÃã#S#ƒSSƒ3ScSS“crÃãCs“CC#S#C3SscBÃãÃãƒBÄfÇ6RÃã"ÃãƒÄfÇ6RÂÓã##csSƒ##scSrÃã##csSƒ##scSrÃãSSƒCSs“S33c#2ÃãÃã‚ÄfÇ6RÂÓãƒC#ccc““SScC“3"ÃãƒC#ccc““SScC“3"ÃãsSssS3C#“3SS#‚ÃãÃãs"ÄfÇ6RÃãÃãc’ÄfÇ6RÂÓãcc3“ƒƒs3#s#Ããcc3“ƒƒs3#s#Ããc33CsSsSCCSƒrÃãÃãƒ2ÄfÇ6RÂÓãCs#ƒc“s#“ƒ"ÃãCs#ƒc“s#“ƒ"ÃãsCsCsCsCsC‚ÃãsrÃãÅG'VRÃãƒrÃãÅG'VRÂÓãS3cSSCcC“s“’ÃãS3cSSCcC“s“’Ãã3cc#SSCC3#“#‚ÃãS2ÃãÄfÇ6RÂÓã333C#“#ƒ3#CC#bÃã333C#“#ƒ3#CC#bÃãC#ƒ#SsƒƒsSsCc‚ÃãÃã“RÄfÇ6RÃã"Ããƒ#ÄfÇ6RÂÓã#“Ss#ssƒsSƒC#‚Ãã#“Ss#ssƒsSƒC#‚ÃãCSSSSSSSSSSSSSSSRÃãÃãƒ‚ÄfÇ6RÃÃÆF“ööæÇ•÷&WFW&Ö–æÅöF—66÷fW'’ÅG'VRÅG'VRÅG'VRÅG'VRÄfÇ6RÄfÇ6RÄfÇ6P¤td“"ÅT$S%2ÅT$S%2ÄTå4sƒbÂÓã33“ƒc#s3c“’Ãã33“ƒc#s3c“’ÄfÇ6RÂÓã#SSC3C“s#ƒc3SRÃã#SSC3C“s#ƒc3SRÃãCs3s#sS3CcC#C#2ÃãÃã‚ÄfÇ6RÃã"Ãã‚ÄfÇ6RÂÓãsSSƒ3Cscƒ#s‚ÃãsSSƒ3Cscƒ#s‚Ããc3c3#sSƒ“SƒCRÃãÃãs‚ÄfÇ6RÂÓãSC#333CS“S#sƒBÃãSC#333CS“S#sƒBÃã#3ƒcƒ3#sSs#cBÃãÃã“’ÄfÇ6RÃãRÃã“bÄfÇ6RÂÓã##sscsc3#ƒ3bÃã##sscsc3#ƒ3bÃãC““ƒc#ƒ#SsƒƒsSsBÃãÃãƒRÄfÇ6RÂÓãƒ“##“3cS“s##sRÃãƒ“##“3cS“s##sRÃã3ssC##Cƒ#ƒS32ÃãÃãÅG'VRÃãÃãÅG'VRÂÓãC3Sc33S“cS“c33"ÃãC3Sc33S“cS“c33"ÃãcCCsƒs“#ƒcc“CRÃãƒ"ÃãÅG'VRÂÓã33“ƒc#s3c““cBÃã33“ƒc#s3c““cBÃãS33Sƒ“ƒC“ƒ3c‚ÃãÃãƒbÄfÇ6RÃãÃãƒ‚ÄfÇ6RÃãƒ“c3SsSs3rÃãƒ“c3SsSs3rÃã#sSCCSƒcƒcSSrÃãÃãÄfÇ6RÃÃÆF“ööæÇ•÷&WFW&Ö–æÅöF—66÷fW'’ÅG'VRÅG'VRÅG'VRÅG'VRÅG'VRÅG'VRÄfÇ6P¤$4ÃÄ4ôÄ4ôÄTå4scc2Ãã3sC“cc3“S"Ãã3sC“cc3“S"ÄfÇ6RÃãCƒ#cC3cc#CsSbÃãCƒ#cC3cc#CsSbÃãc3#S“scCc“CS2Ãã“2ÃãÅG'VRÃã“2ÃãÅG'VRÃãSƒSCCc“3S“ƒSC‚ÃãSƒSCCc“3S“ƒSC‚Ãã#3s3C3“C#“#sc““2ÃãƒBÃãÅG'VRÃã“ƒc#Cs3#SCC3SRÃã“ƒc#Cs3#SCC3SRÃãs#cCc“S3C“‚Ãã’ÃãÄfÇ6RÃãrÃãÄfÇ6RÃãsC“ƒCCssssSSbÃãsC“ƒCCssssSSbÃãƒ3ƒCƒss“C“S"ÃãÃãÄfÇ6RÃãssSCS“ƒ3#csC’ÃãssSCS“ƒ3#csC’Ãã“3#sƒCc3cCƒƒ3C2ÃãÃãÄfÇ6RÃãÃã“’ÄfÇ6RÃãSƒ“““c##3S#ƒ“3ƒRÃãSƒ“““c##3S#ƒ“3ƒRÃãC3#“#ƒc““SƒƒCbÃãÃã“‚ÄfÇ6RÃã3sC“cc3“S‚Ãã3sC“cc3“S‚Ããc##c33sCCƒSS“csÃãÃãƒBÄfÇ6RÃãÃãƒ2ÄfÇ6RÃã“ƒsScsC#3s2Ãã“ƒsScsC#3s2Ãã3c“SCs3#S#ƒƒrÃãÃãÄfÇ6RÃÃÆV&Ç•ööæÇ•öF—66÷fW'’ÅG'VRÅG'VRÅG'VRÅG'VRÅG'VRÅG'VRÄfÇ6P¤´ÄcÅ$d3RÅ$d3RÄTå4sCCRÂÓã3c#CScƒ3C’Ãã3c#CScƒ3C’ÄfÇ6RÃã3“S3Sƒs“SC“S##’Ãã3“S3Sƒs“SC“S##’Ãã#cSSc“3Ssc“cRÃã2Ãã“"ÄfÇ6RÃãÃã’ÄfÇ6RÃãCCSS“s#SSCƒƒBÃãCCSS“s#SSCƒƒBÃã3Cs3s#sS3CcC#BÃãÃã’ÄfÇ6RÂÓbãScCSSscƒƒfRÓRÃbãScCSSscƒƒfRÓRÃã““ƒc#ƒ#SsƒƒsSs"ÃãÃãSrÄfÇ6RÃãÃãS’ÄfÇ6RÃã##3ƒƒ“CƒbÃã##3ƒƒ“CƒbÃãsS#S3ss##“ƒ“32ÃãÃãcrÄfÇ6RÃã3c#CSss#cƒ3sS2Ãã3c#CSss#cƒ3sS2ÃãcƒSƒsSc#CC#cbÃãsBÃãÅG'VRÃãcRÃãÄfÇ6RÃã#s#ƒ“Cs##ƒC‚Ãã#s#ƒ“Cs##ƒC‚Ããc#ƒ#SsƒƒsSsCc‚Ãã#bÃãÄfÇ6RÂÓã3c#CScƒ3C“ƒ2Ãã3c#CScƒ3C“ƒ2Ãã3#S#CSCƒc“cƒCRÃãÃã“ÄfÇ6RÃãÃã‚ÄfÇ6RÂÓãƒC33ƒscƒsS3srÃãƒC33ƒscƒsS3srÃãƒCcsscCc3SccRÃãÃãcs“““““““““““““’ÄfÇ6RÃÃÆF“ööæÇ•÷&WFW&Ö–æÅöF—66÷fW'’ÅG'VRÅG'VRÄfÇ6RÄfÇ6RÄfÇ6RÄfÇ6RÄfÇ6P¤$4ÃÅ$4ÃÅ$4ÃÄTå4s#S‚Ãã3sƒs##cS333SBÃã3sƒs##cS333SBÄfÇ6RÃãSssƒƒSSƒ“ƒ33bÃãSssƒƒSSƒ“ƒ33bÃãC3ƒƒ#Sƒcs"Ãã’ÃãÅG'VRÃãsRÃãÅG'VRÃãƒssSS“3sSs3ƒrÃãƒssSS“3sSs3ƒrÃãScCSCƒss###2Ãã“2ÃãÅG'VRÃã“CcsƒC#c#s“CÃã“CcsƒC#c#s“CÃãSCs3#S#ƒƒcSƒRÃã3bÃãÄfÇ6RÃã2ÃãÄfÇ6RÃã3Sc3ƒ#ƒƒ3“rÃã3Sc3ƒ#ƒƒ3“rÃãScs#ƒ3“Scs#ƒRÃãSrÃãÄfÇ6RÃãƒ3cCSssCSƒSbÃãƒ3cCSssCSƒSbÃãcƒsSSƒ#““3“s‚ÃãÃãÄfÇ6RÃã"Ãã“’ÄfÇ6RÃãS“C#S“s“#CscBÃãS“C#S“s“#CscBÃãC#sSs#cCc“S3rÃãÃã“BÄfÇ6RÃã3sƒs##cS333SS#‚Ãã3sƒs##cS333SS#‚Ããc#s#“sccƒ3ƒCƒ‚ÃãÃã’ÄfÇ6RÃãÃãƒRÄfÇ6RÂÓãc#“S3ƒ3“cCs3#“#‚Ããc#“S3ƒ3“cCs3#“#‚ÃãSCsƒs“#ƒcc“CÃãÃãÄfÇ6RÃÃÆV&Ç•ööæÇ•öF—66÷fW'’ÅG'VRÅG'VRÅG'VRÅG'VRÅG'VRÅG'VRÄfÇ6P¤$4ÃÄDô4³ÄDô4³ÄTå4sCs#SÃã3sscSSS#““3“ƒrÃã3sscSSS#““3“ƒrÄfÇ6RÂÓãC“ƒ#Cƒs3c3sƒ‚ÃãC“ƒ#Cƒs3c3sƒ‚ÃãSS#ƒ#CSs#ss‚Ãã“"ÃãÅG'VRÃãƒÃãÅG'VRÂÓã#““ScCSc#“ScBÃã#““ScCSc#“ScBÃãc3ƒs“Cs3#c‚ÃãÃãÅG'VRÂÓãSscƒcC“““cc#sCBÃãSscƒcC“““cc#sCBÃã###Cƒ#ƒS3##3S“RÃãÃãÄfÇ6RÃãÃãÄfÇ6RÂÓãC3ƒ#s333#3ÃãC3ƒ#s333#3ÃãCsCsCsCsCsCBÃãbÃãÄfÇ6RÃãCC#C“sƒs#S"ÃãCC#C“sƒs#S"ÃãC#ƒ“C3sSƒSs33ƒƒ"ÃãÃã“bÄfÇ6RÃãÃã“RÄfÇ6RÂÓã3ƒ#c333ccCBÃã3ƒ#c333ccCBÃãcSCƒc“cƒCC““3BÃãÃã’ÄfÇ6RÃã3sscSSS#““3“ƒsBÃã3sscSSS#““3“ƒsBÃãc#sC3CƒC##C“cSsÃãÃãƒ‚ÄfÇ6RÃãÃãƒ2ÄfÇ6RÃã3ssƒcCs33sSs2Ãã3ssƒcCs33sSs2Ããsƒ“s“3CSc3sƒbÃãÃãƒrÄfÇ6RÃÃÆV&Ç•ööæÇ•öF—66÷fW'’ÅG'VRÅG'VRÅG'VRÅG'VRÅG'VRÅG'VRÄfÇ6P¤ädS"ÅÓrÅÓrÄTå4sS#CÃã3ss33CSƒcSRÃã3ss33CSƒcSRÄfÇ6RÂÓã#33S3cS##sCSsC‚Ãã#33S3cS##sCSsC‚ÃãSCƒs3S#SƒcƒƒbÃãÃãcs“““““““““““““’ÄfÇ6RÃãÃãSƒÄfÇ6RÂÓã##C“##SC#c#3rÃã##C“##SC#c#3rÃãS#3“Cƒ3ƒ3ƒccÃã"ÃãsBÄfÇ6RÂÓãƒC#C#CScSƒccC“bÃãƒC#C#CScSƒccC“bÃã#ƒƒcSƒC3c#BÃãsÃãÅG'VRÃãc"ÃãÄfÇ6RÂÓã“ƒSC#SCcSCrÃã“ƒSC#SCcSCrÃã3Sƒ#Cc“3Sƒ#CrÃãs’ÃãÅG'VRÂÓã““C##ƒCSSsS32Ãã““C##ƒCSSsS32ÃãSsCsS““CS33SRÃã#"ÃãÄfÇ6RÃã#bÃã“’ÄfÇ6RÂÓã33cS#ƒ#SSS#sbÃã33cS#ƒ#SSS#sbÃãc#CC#ccs“c“ƒ#BÃã#BÃãÄfÇ6RÃã3ss33CSƒcSSsrÃã3ss33CSƒcSSsrÃãC3C#“3SS#ƒ#s2ÃãÃã’ÄfÇ6RÃãÃãƒ2ÄfÇ6RÃã3“##cƒƒ3Sss#“sRÃã3“##cƒƒ3Sss#“sRÃã3##c33sCCƒSS“csÃãÃã“BÄfÇ6RÃÃÆV&Ç•ööæÇ•öF—66÷fW'’ÅG'VRÅG'VRÄfÇ6RÄfÇ6RÅG'VRÅG'VRÄfÇ6P¤$4ÃÄÄU"ÄÄU"ÄTå4sccs‚Ãã3scCScC3s"Ãã3scCScC3s"ÄfÇ6RÃãCs#c#“CC3s3sƒRÃãCs#c#“CC3s3sƒRÃãcƒsCsC#sc3csc3RÃã“"ÃãÅG'VRÃã‚ÃãÅG'VRÃã#ƒ#“ƒƒƒ3ƒƒS“‚Ãã#ƒ#“ƒƒƒ3ƒƒS“‚Ããs“Ss“SssCCSCcSrÃã“’ÃãÅG'VRÃã3sS3ƒ3#“SsS##Ãã3sS3ƒ3#“SsS##ÃãCƒ#ƒS3##3S“3“cC3RÃãCbÃãÄfÇ6RÃã#rÃãÄfÇ6RÃã#C“ƒCcCCC3s’Ãã#C“ƒCcCCC3s’ÃãcS#“C“#CSSCƒ3ƒÃã#BÃãÄfÇ6RÃãs“cƒƒ““sssRÃãs“cƒƒ““sssRÃã##cCsCc##ss““rÃãÃãÄfÇ6RÃãÃã“rÄfÇ6RÃãCcS“#““ccƒ##C“’ÃãCcS“#““ccƒ##C“’Ãã“CSCCcc3“#3ƒ#RÃãÃãSbÄfÇ6RÃã3scCScC3s#“BÃã3scCScC3s#“BÃãc#ƒ3“Scs#ƒ3“SÃãÃãs’ÄfÇ6RÃãÃãƒRÄfÇ6RÃãS#3ƒ3ƒ#ƒƒƒrÃãS#3ƒ3ƒ#ƒƒƒrÃãcCsS““CS33SRÃãÃã“BÄfÇ6RÃÃÆV&Ç•ööæÇ•öF—66÷fW'’ÅG'VRÅG'VRÅG'VRÅG'VRÅG'VRÅG'VRÄfÇ6P¤´ÄcÄTTcrÄTTcrÄTå4s#SCss"Ãã3cSs3Scs##“bÃã3cSs3Scs##“bÄfÇ6RÃãCsSƒSC#3ssC“‚ÃãCsSƒSC#3ssC“‚Ãã“““33C“ƒrÃãcbÃãÄfÇ6RÃãcRÃã“’ÄfÇ6RÃã““3#“s3ƒcƒSBÃã““3#“s3ƒcƒSBÃãCƒ#““Ccsc“C2Ãã3’ÃãÄfÇ6RÃã“Cc#3“S“3“ƒ#BÃã“Cc#3“S“3“ƒ#BÃã“3#sƒCc3cCƒƒ3C"Ããs"ÃãÅG'VRÃãcÃãÄfÇ6RÃã“CS3ƒƒS3ƒƒ3ƒrÃã“CS3ƒƒS3ƒƒ3ƒrÃãScS“ƒs“ScC#RÃãBÃãÄfÇ6RÃãs#ƒ“sSC#CsCÃãs#ƒ“sSC#CsCÃãcscƒsSSƒ#““BÃã#BÃã“‚ÄfÇ6RÃã#Ãã“‚ÄfÇ6RÂÓãc#ƒ#Ss#ƒƒƒC“BÃãc#ƒ#Ss#ƒƒƒC“BÃã“cs3S#S3ss##“‚ÃãÃãSbÄfÇ6RÃã3cSs3Scs##“crÃã3cSs3Scs##“crÃã3333333333333332ÃãbÃãƒ"ÄfÇ6RÃãrÃãƒbÄfÇ6RÃãC3ƒSSC#“ƒ“RÃãC3ƒSSC#“ƒ“RÃã#3ƒ#CCs“c#’ÃãÃã“"ÄfÇ6RÃÃÆV&Ç•ööæÇ•öF—66÷fW'’ÅG'VRÅG'VRÄfÇ6RÄfÇ6RÄfÇ6RÄfÇ6RÄfÇ6P¤$4ÃÅDtd#ÅDtd#ÄTå4sS3#’Ãã3#C“s3s3scSC2Ãã3#C“s3s3scSC2ÄfÇ6RÂÓã33cCƒ“ƒSƒCS#“RÃã33cCƒ“ƒSƒCS#“RÃã#Cc“CsCSSc“#ƒ#CbÃãrÃãÅG'VRÃã3’ÃãÄfÇ6RÂÓã“Sƒƒc#Cƒc“3sSƒ’Ãã“Sƒƒc#Cƒc“3sSƒ’Ãã“sSCC#CCsS#3ccbÃã“‚ÃãÅG'VRÂÓãSCSscCscCccCc3bÃãSCSscCscCccCc3bÃã#C#3ƒcƒ3#sSs#rÃãÃã“’ÄfÇ6RÃãÃã“rÄfÇ6RÂÓã#sƒ#CsSCcƒ3c’Ãã#sƒ#CsSCcƒ3c’Ããcƒs#C#s“ƒ3S3““RÃã"ÃãÄfÇ6RÂÓã3“ƒScs#3cƒCCSC3bÃã3“ƒScs#3cƒCCSC3bÃãCsSc#CC#cc‚ÃãÃã“"ÄfÇ6RÃãÃã’ÄfÇ6RÂÓãSƒ3cƒS“3#ÃãSƒ3cƒS“3#Ãã“c#“Csƒs3s““s"Ãã2ÃãÄfÇ6RÃã3#C“s3s3scSC3Ãã3#C“s3s3scSC3Ããc3C“#C3ƒ“SsCrÃãÃãƒ2ÄfÇ6RÃãÃãrÄfÇ6RÃã“3ƒ#ƒs“#cC“cRÃã“3ƒ#ƒs“#cC“cRÃãƒs#C#s“ƒ3S3““CrÃãÃãrÄfÇ6RÃÃÆV&Ç•ööæÇ•öF—66÷fW'’ÅG'VRÅG'VRÄfÇ6RÄfÇ6RÅG'VRÅG'VRÄfÇ6P¤tDÄTäõ4cÄTäõ4cÄTå4s3#“’Ãã3#“S#3ƒ“2Ãã3#“S#3ƒ“2ÄfÇ6RÂÓã“sCƒ““S3#cÃã“sCƒ““S3#cÃã“Cƒcƒ“ƒcSSsƒ#c’ÃãÃãS“ÄfÇ6RÃãÃãS2ÄfÇ6RÃã3Cc3cƒCsCCcrÃã3Cc3cƒCsCCcrÃã“CS#ƒsC“3“““BÃã"ÃãSbÄfÇ6RÃãƒ“3“sƒsC#“RÃãƒ“3“sƒsC#“RÃã“s3“3cƒ““ƒc#ƒ#bÃãsrÃãÅG'VRÃãS2Ãã“’ÄfÇ6RÃãƒ“##cscCc3“‚Ããƒ“##cscCc3“‚Ãã3SccS#“C“#CSSCƒbÃãsbÃãÅG'VRÃã“Ss#“ƒSCscRÃã“Ss#“ƒSCscRÃãS3c3ScS“ƒs“SbÃãBÃãs2ÄfÇ6RÃãRÃãcbÄfÇ6RÃãƒS#“s3sS““sScCRÃãƒS#“s3sS““sScCRÃãc#3CS#csCƒ“s’ÃãÃãsRÄfÇ6RÃã3#“S#3ƒ“332Ãã3#“S#3ƒ“332ÃãC#csCƒ“s“3CScRÃãÃã“bÄfÇ6RÃãÃãƒbÄfÇ6RÃãS3s3ss“ƒsBÃãS3s3ss“ƒsBÃã#3CƒC##C“cSscCCbÃãÃã“BÄfÇ6RÃÃÆV&Ç•ööæÇ•öF—66÷fW'’ÅG'VRÅG'VRÄfÇ6RÄfÇ6RÅG'VRÅG'VRÄfÇ6P¥DÃÄäd”Ääd”ÄTå4sc#S“’Ãã#“ƒ“ƒ“cƒCc3SrÃã#“ƒ“ƒ“cƒCc3SrÄfÇ6RÃãSC##ƒ3ƒ“333“SƒrÃãSC##ƒ3ƒ“333“SƒrÃãc3ƒs“Cs3#c‚ÃãsrÃãÅG'VRÃãsrÃãÅG'VRÃã“ƒs#ƒƒ#sSRÃã“ƒs#ƒƒ#sSRÃãƒ3cƒssCƒcc#3cs“RÃãsBÃãÅG'VRÃãS“C3CCS“C3sC"ÃãS“C3CCS“C3sC"Ãã#S#CSCƒc“cƒCRÃã3rÃãÄfÇ6RÃã#’Ãã“"ÄfÇ6RÃã“3“CCs3sS33ƒƒRÃã“3“CCs3sS33ƒƒRÃãƒss“C“S“ƒ“#cÃãsRÃãÅG'VRÃãSc#cƒCss#“S33s"ÃãSc#cƒCss#“S33s"ÃãSCƒc“cƒCC““3C2Ãã“BÃãÅG'VRÃã“2ÃãÅG'VRÃã“3CƒCƒ##Ss“sC"Ãã“3CƒCƒ##Ss“sC"Ãã3SccS#“C“#CSSCƒbÃã“’ÃãÅG'VRÃã#“ƒ“ƒ“cƒCc3SƒÃã#“ƒ“ƒ“cƒCc3SƒÃã3“C#3ƒcƒ3#sSs#BÃãÃãƒRÄfÇ6RÃãRÃãƒ‚ÄfÇ6RÃã3##SCSs3#CC#SsÃã3##SCSs3#CC#SsÃã3CsCc##ss““csRÃãBÃãƒrÄfÇ6RÃÃÇ&WFW&Ö–æÅööæÇ•öF—66÷fW'’ÅG'VRÅG'VRÅG'VRÅG'VRÅG'VRÅG'VRÄfÇ6P¥DÃÄôtÄôtÄTå4s“ƒC‚Ãã#“ƒsƒ3sC“ƒS‚Ãã#“ƒsƒ3sC“ƒS‚ÄfÇ6RÃãScsCScƒ3ƒ3C3cƒRÃãScsCScƒ3ƒ3C3cƒRÃãc3cC“33Cc3ƒbÃãs’ÃãÅG'VRÃãc2ÃãÄfÇ6RÃã““C#CCcc“Cc“#ƒ‚Ãã““C#CCcc“Cc“#ƒ‚Ããs“Ss“SssCCSCcSrÃãrÃãÅG'VRÂÓãC33s#sƒs3sÃãC33s#sƒs3sÃãƒsSc#CC#cc‚ÃãÃãcÄfÇ6RÃãÃãS"ÄfÇ6RÂÓãCSƒ“S“““ƒRÃãCSƒ“S“““ƒRÃãƒƒs3s““s#ScSSs‚ÃãÃãcS“““““““““““““’ÄfÇ6RÃãƒ#ƒ“ƒ3CƒS“#cÃãƒ#ƒ“ƒ3CƒS“#cÃã33SScƒSƒsSrÃã32Ãã“’ÄfÇ6RÃã3rÃãÄfÇ6RÃãƒccC#3#3ƒSCScÃãƒccC#3#3ƒSCScÃãSƒSs33ƒƒ#3sƒ3bÃã#BÃãÄfÇ6RÃã#“ƒsƒ3sC“ƒSƒBÃã#“ƒsƒ3sC“ƒSƒBÃã3“C“#CSSCƒ3ƒ3CRÃã"ÃãƒbÄfÇ6RÃã"ÃãƒBÄfÇ6RÃã#ƒcƒscsS#“SƒS3RÃã#ƒcƒscsS#“SƒS3RÃãCSc#CC#ccs“rÃã2Ããƒ2ÄfÇ6RÃÃÆV&Ç•ööæÇ•öF—66÷fW'’ÅG'VRÅG'VRÄfÇ6RÄfÇ6RÅG'VRÅG'VRÄfÇ6P¤´ÄcÄåÓÄåÓÄTå4sƒc2Ãã#“cƒsc““S““SBÃã#“cƒsc““S““SBÄfÇ6RÃã3“c3SCCƒƒC“C2Ãã3“c3SCCƒƒC“C2Ããsc3csc3ccCƒ#’ÃãÃãcBÄfÇ6RÃãÃãc‚ÄfÇ6RÃã#cC#Cƒ“S#3CCc‚Ãã#cC#Cƒ“S#3CCc‚ÃãS#S““ƒs“#“sSsrÃãÃã‚ÄfÇ6RÂÓã#“sC#“3c““sSS‚Ãã#“sC#“3c““sSS‚Ãã“#C3ƒ“SsCsS““CRÃãÃãÅG'VRÃãƒ2ÃãÅG'VRÂÓãƒ3scS“3##c“3“‚Ããƒ3scS“3##c“3“‚Ãã3ƒCƒss“C“S“ƒ’ÃãÃãÅG'VRÃã#3C#cCs3ƒcc“RÃã#3C#cCs3ƒcc“RÃãS#ƒ#SsƒƒsSsCc‚Ãã"Ããs"ÄfÇ6RÃã‚ÃãsRÄfÇ6RÂÓãSCcc##SSsƒ3ƒrÃãSCcc##SSsƒ3ƒrÃã3ƒcC“sS3ƒcC“bÃãcÃãÄfÇ6RÃã#“cƒsc““S““SCSrÃã#“cƒsc““S““SCSrÃã3CsCc##ss““csRÃãÃãƒ‚ÄfÇ6RÃã2Ãã’ÄfÇ6RÃãC““cC##3C“ƒ#S"ÃãC““cC##3C“ƒ#S"Ããs##“ƒ“3#sƒCc3‚ÃãrÃã“bÄfÇ6RÃÃÆV&Ç•ööæÇ•öF—66÷fW'’ÅG'VRÅG'VRÅG'VRÅG'VRÅG'VRÅG'VRÄfÇ6P¤ädS"ÄäõS‚ÄäõS‚ÄTå4sSSCBÂÓã#“SƒCS3ƒs##s“bÃã#“SƒCS3ƒs##s“bÄfÇ6RÂÓãs#3C3s“s“3S“’Ããs#3C3s“s“3S“’ÃãC#S#“ƒ3“CƒCSC"Ãã#bÃãÄfÇ6RÃã32ÃãÄfÇ6RÂÓãccsSCSƒ#3“cBÃãccsSCSƒ#3“cBÃãSsCƒ3ƒs“ƒƒ“S"Ãã#2Ãã“’ÄfÇ6RÂÓãcSCsSƒ#“#ÃãcSCsSƒ#“#ÃãCsSsSCCSƒcƒbÃã#’ÃãÄfÇ6RÃã"Ãã“‚ÄfÇ6RÂÓãƒSSS“3C“s#ƒCƒcSbÃãƒSSS“3C“s#ƒCƒcSbÃã#sC3CƒC##C“cSsc2ÃãSÃãÄfÇ6RÂÓãCƒS#sc33##sSBÃãCƒS#sc33##sSBÃãC“3ƒ#scC“3ƒ#sRÃã“ÃãÅG'VRÃãƒrÃãÅG'VRÂÓã#““3c#c#Cs““3RÃã#““3c#c#Cs““3RÃãCƒ“s3“3cƒ““ƒrÃãÃãÅG'VRÂÓã#“SƒCS3ƒs##s“crÃã#“SƒCS3ƒs##s“crÃãCSsCcsscCc3bÃãÃã“ÄfÇ6RÃãÃãƒ2ÄfÇ6RÂÓã#S3C“c##s“ƒ3sbÃã#S3C“c##s“ƒ3sbÃãSC#ƒ“C3sSƒSs3BÃãÃãƒ‚ÄfÇ6RÃÃÆF“ööæÇ•÷&WFW&Ö–æÅöF—66÷fW'’ÅG'VRÅG'VRÅG'VRÅG'VRÅG'VRÅG'VRÄfÇ6P¤td“"Ä´”#Ä´”#ÄTå4s“#cRÃã#“C“C3CSS“CcCrÃã#“C“C3CSS“CcCrÄfÇ6RÃãƒs3s““ƒ“C3SƒƒƒRÃãƒs3s““ƒ“C3SƒƒƒRÃã#CC#3S“CCSsCSbÃãCbÃãÄfÇ6RÃãC’ÃãÄfÇ6RÃã“SC#Cƒƒƒc3ƒƒBÃã“SC#Cƒƒƒc3ƒƒBÃã#s3C3ƒƒ#S"ÃãSrÃãÄfÇ6RÃãƒS“#SƒS“s3sbÃãƒS“#SƒS“s3sbÃã“s3“3cƒ““ƒc#ƒ#S‚Ããƒ‚ÃãÅG'VRÃãc‚ÃãÄfÇ6RÃãcC“ƒ#ScC“ScsƒrÃãcC“ƒ#ScC“ScsƒrÃã#Cƒ#ƒS3##3S“3“cRÃãs’ÃãÅG'VRÃãccS#C#33“‚ÃãccS#C#33“‚ÃãCC3#“#ƒc““bÃãcBÃãÄfÇ6RÃãSBÃãÄfÇ6RÃã#CSc“#ƒc“S#“#Ãã#CSc“#ƒc“S#“#ÃãC#ƒ“C3sSƒSs33ƒ‚ÃãcRÃãÄfÇ6RÃã#“C“C3CSS“CcCsrÃã#“C“C3CSS“CcCsrÃãSSS#ƒ#s33S’ÃãÃãƒ"ÄfÇ6RÃãÃãƒrÄfÇ6RÃã33Ccc3ƒsƒc3cCCc"Ãã33Ccc3ƒsƒc3cCCc"ÃãcS##c33sCCƒSS“crÃãÃã“"ÄfÇ6RÃÃÆV&Ç•ööæÇ•öF—66÷fW'’ÅG'VRÅG'VRÄfÇ6RÄfÇ6RÅG'VRÅG'VRÄfÇ6P¤td“"Ä44ä#Ä44ä#ÄTå4s3CSrÂÓã#“3#SƒCsƒcs#2Ãã#“3#SƒCsƒcs#2ÄfÇ6RÂÓã3#“S“c33#sbÃã3#“S“c33#sbÃã3Scsƒs“SCCS“BÃã“BÃãÅG'VRÃã“2ÃãÅG'VRÂÓã#sc#3s“#CS3c#BÃã#sc#3s“#CS3c#BÃã3CCC“c““ƒ#cC’ÃãsRÃãÅG'VRÂÓãCƒsCS#c3SSsƒ2ÃãCƒsCS#c3SSsƒ2Ããƒss“C“S“ƒ“#cÃãƒbÃãÅG'VRÃãcrÃãÄfÇ6RÂÓãs3c“ƒs“Cs3S“bÃãs3c“ƒs“Cs3S“bÃãC“s“C#3ƒcƒ3#sSrÃã#bÃãÄfÇ6RÂÓã3ssCSCsƒscƒ##3"Ãã3ssCSCsƒscƒ##3"Ãã3#“#ƒc““SƒƒCsrÃãƒRÃãÅG'VRÃã“2ÃãÅG'VRÂÓã“#c#ƒ“33CScc"Ãã“#c#ƒ“33CScc"Ããƒ#CCs“c#“C‚ÃãS"ÃãÄfÇ6RÂÓã#“3#SƒCsƒcs#32Ãã#“3#SƒCsƒcs#32ÃãSSssS3C#“3SS#ƒ"ÃãÃãƒBÄfÇ6RÃãÃãƒbÄfÇ6RÃãS“3cSc##Ss“RÃãS“3cSc##Ss“RÃãCƒƒcSƒC3c#3““RÃãÃã“‚ÄfÇ6RÃÃÇ&WFW&Ö–æÅööæÇ•öF—66÷fW'’ÅG'VRÅG'VRÅG'VRÅG'VRÅG'VRÅG'VRÄfÇ6P¤´ÄcÄä$bÄä$bÄTå4sCSc"Ãã#“##Sc3“C“#“"Ãã#“##Sc3“C“#“"ÄfÇ6RÃã3#SS3S“333ƒƒBÃã3#SS3S“333ƒƒBÃã3SSC3“s3cc3SBÃãƒbÃãÅG'VRÃãs’ÃãÅG'VRÃãc#ƒcƒ#S#ScS“BÃãc#ƒcƒ#S#ScS“BÃã“SCsC“#s#2Ãã“rÃãÅG'VRÃãCƒ3c“#ƒƒccs#‚ÃãCƒ3c“#ƒƒccs#‚ÃãcƒcSSc“#s#“scrÃãrÃã“‚ÄfÇ6RÃã‚Ãã“"ÄfÇ6RÃãƒ3cC#3cƒs“#bÃãƒ3cC#3cƒs“#bÃãs#ScSSssS3C#“2Ãã#2ÃãÄfÇ6RÃã#“#SCssC##RÃã#“#SCssC##RÃãC3s#s#33“cS“2ÃãBÃãs’ÄfÇ6RÃãÃãsBÄfÇ6RÃãSSƒ“3S“cƒsSƒ#sbÃãSSƒ“3S“cƒsSƒ#sbÃã3SssS3C#“3SS#ƒÃãÃã“rÄfÇ6RÃã#“##Sc3“C“#“#“2Ãã#“##Sc3“C“#“#“2Ãã3SCƒ3ƒ3CC3s#rÃãRÃãƒbÄfÇ6RÃã"Ããs’ÄfÇ6RÃãss“““3S3#ss’Ããss“““3S3#ss’Ããƒ#ƒƒcSƒC3c#3“’ÃãÃãSRÄfÇ6RÃÃÆV&Ç•ööæÇ•öF—66÷fW'’ÅG'VRÅG'VRÅG'VRÅG'VRÅG'VRÅG'VRÄfÇ6P¤$4ÃÄä4ôÄä4ôÄTå4sƒCcsbÃã#“ccc“3C“c“"Ãã#“ccc“3C“c“"ÄfÇ6RÃãS“s3ƒcsS“#s’ÃãS“s3ƒcsS“#s’Ãã#CSCƒ“3#cc2ÃãBÃã“bÄfÇ6RÃã"Ãã“rÄfÇ6RÃãcsc“Sƒ“cƒ#3C“BÃãcsc“Sƒ“cƒ#3C“BÃã#CCCcCSC#Cc"ÃãÃãÄfÇ6RÃã#c#CsSSC3sƒ#s“"Ãã#c#CsSSC3sƒ#s“"ÃãSCsƒs“#ƒcc“CÃãÃã“ÄfÇ6RÃãÃãsbÄfÇ6RÃãsC#ƒ#“c3#C“2ÃãsC#ƒ#“c3#C“2ÃãƒsCc##ss““cs2ÃãÃãcÄfÇ6RÃãs“cCSs#c3RÃãs“cCSs#c3RÃãƒs“#ƒcc“CS’ÃãƒBÃãÅG'VRÃã“ÃãÅG'VRÃãcƒSC3#SS##C‚ÃãcƒSC3#SS##C‚Ããƒ#ƒS3##3S“3“cC3BÃã"ÃãÄfÇ6RÃã#“ccc“3C“c“#Ãã#“ccc“3C“c“#ÃãcCcS#Ssc3cƒrÃãÃãƒ’ÄfÇ6RÃãÃãsRÄfÇ6RÃã#Ss“S“S“C“33C“rÃã#Ss“S“S“C“33C“rÃãƒ#ƒ#SsƒƒsSsCc‚ÃãÃãƒÄfÇ6RÃÃÆF“ööæÇ•÷&WFW&Ö–æÅöF—66÷fW'’ÅG'VRÅG'VRÅG'VRÅG'VRÄfÇ6RÄfÇ6RÄfÇ6P¤tDÅDôÔÓrÅDôÔÓrÄTå4s“ccƒ2Ãã#“#c#ƒsc“3’Ãã#“#c#ƒsc“3’ÄfÇ6RÂÓã3ƒs3scSc3Cc"Ãã3ƒs3scSc3Cc"Ããs3#Cs3S“3CcbÃãÃãSbÄfÇ6RÃãÃãS"ÄfÇ6RÂÓã“cc#cccƒSCsrÃã“cc#cccƒSCsrÃãss33ƒƒccsƒSScs2ÃãÃãc2ÄfÇ6RÃã#“S3Cc“ƒ“#ƒ3sBÃã#“S3Cc“ƒ“#ƒ3sBÃã#c33ssC#BÃã‚Ãã“ÄfÇ6RÃãÃãƒ’ÄfÇ6RÃã3CƒsSƒCCSScs“"Ãã3CƒsSƒCCSScs“"Ãã#3SccS#“C“#CSSC‚ÃãbÃã“2ÄfÇ6RÃãƒ“3#3SƒSS#3ScBÃãƒ“3#3SƒSS#3ScBÃã“s3“3cƒ““ƒc#ƒ#bÃãsbÃãÅG'VRÃãc2ÃãÄfÇ6RÃã“ƒsccC33CSsBÃã“ƒsccC33CSsBÃãsCcsscCc3SccbÃãRÃãÄfÇ6RÃã#“#c#ƒsc“3“sBÃã#“#c#ƒsc“3“sBÃãCC#3ƒcƒ3#sSs#RÃãÃã’ÄfÇ6RÃãÃãƒbÄfÇ6RÃã3SScƒƒ“SsCSccRÃã3SScƒƒ“SsCSccRÃãCƒ3csc#cƒƒcCRÃãÃã“ÄfÇ6RÃÃÆF“ööæÇ•÷&WFW&Ö–æÅöF—66÷fW'’ÅG'VRÅG'VRÄfÇ6RÄfÇ6RÄfÇ6RÄfÇ6RÄfÇ6P¤$4ÃÅdãÅdãÄTå4sƒS‚Ãã#ƒƒcCƒ“cƒs3cCbÃã#ƒƒcCƒ“cƒs3cCbÄfÇ6RÂÓãƒƒs3#CS#ƒc“RÃãƒƒs3#CS#ƒc“RÃãƒƒ3S#3s#ScSSÃã"ÃãÄfÇ6RÃã’ÃãÄfÇ6RÂÓã#ScCs3SSC3sss’Ãã#ScCs3SSC3sss’ÃãS“3“cƒc33sRÃã#‚ÃãÄfÇ6RÂÓãƒ#Sss3#c2Ããƒ#Sss3#c2ÃãC#s“ƒ3S3““CcS"ÃãS’ÃãÄfÇ6RÃãBÃãÄfÇ6RÂÓãs33c“ccCS3ƒC“BÃãs33c“ccCS3ƒC“BÃã“ƒ“#cc33s2Ãã“rÃãÅG'VRÂÓãsƒ3s“C“Cs3"Ããsƒ3s“C“Cs3"ÃãSssS3C#“3SS#ƒÃã’ÃãÅG'VRÃãƒRÃãÅG'VRÂÓã###s#3ƒ#ƒƒC3c#rÃã###s#3ƒ#ƒƒC3c#rÃã#ss““cs#S3c3bÃãsBÃãÅG'VRÃã#ƒƒcCƒ“cƒs3cCcSBÃã#ƒƒcCƒ“cƒs3cCcSBÃãcS33SScƒSƒ‚ÃãÃãƒrÄfÇ6RÃãÃãƒÄfÇ6RÃãSS#3“ƒCS#S#sBÃãSS#3“ƒCS#S#sBÃã#s33Sƒ“ƒC“‚ÃãÃãÄfÇ6RÃÃÆF“ööæÇ•÷&WFW&Ö–æÅöF—66÷fW'’ÅG'VRÅG'VRÅG'VRÅG'VRÅG'VRÅG'VRÄfÇ6P¤td“"ÅET$#D"ÅET$#D"ÄTå4sƒƒ##’ÂÓã#ƒC“Scc#S“3BÃã#ƒC“Scc#S“3BÄfÇ6RÂÓã3S“Sƒ“3s3ƒc3sC"Ãã3S“Sƒ“3s3ƒc3sC"Ãã3C“ƒsSc3’ÃãBÃãƒ’ÄfÇ6RÃãÃãcc“““““““““““““’ÄfÇ6RÂÓãs#“Sc#3C#““Sƒcƒ2Ããs#“Sc#3C#““Sƒcƒ2ÃãcCSSC#S“ƒC3S““’ÃãÃã‚ÄfÇ6RÂÓã“ƒs3“ƒs“S“33c’Ãã“ƒs3“ƒs“S“33c’ÃãCcc3“#3ƒ#CCsÃã“‚ÃãÅG'VRÃãs’ÃãÅG'VRÂÓã“c“SƒcCsƒSƒCRÃã“c“SƒcCsƒSƒCRÃãƒc““SƒƒCss3cbÃãs"ÃãÅG'VRÂÓãcs#ƒSSSc3““SBÃãcs#ƒSSSc3““SBÃã"ÃãcbÃãÄfÇ6RÃãc’ÃãÄfÇ6RÂÓãƒƒ#Cs#C3c#bÃãƒƒ#Cs#C3c#bÃãccƒ3ƒCƒss“C“RÃã#2ÃãÄfÇ6RÂÓã#ƒC“Scc#S“3CCbÃã#ƒC“Scc#S“3CCbÃãScƒ““ƒc#ƒ#SsƒƒsRÃãÃãƒ#ÄfÇ6RÃãÃãƒÄfÇ6RÃãcs“ƒ“s#SC33Sc2Ããcs“ƒ“s#SC33Sc2Ãã3C“3ƒ#scC“3ƒ#rÃãÃãÄfÇ6RÃÃÆV&Ç•ööæÇ•öF—66÷fW'’ÅG'VRÅG'VRÅG'VRÅG'VRÅG'VRÅG'VRÄfÇ6P¤´ÄcÄ„$"Ä„$"ÄTå4s#CCs3BÃã#ƒ3“Sss“cC3“RÃã#ƒ3“Sss“cC3“RÄfÇ6RÃãƒsc3“cƒSc#BÃãƒsc3“cƒSc#BÃã#S“#“Cƒ#sƒ##sCcc"Ãã3’ÃãÄfÇ6RÃãCÃãÄfÇ6RÃãsS“C#Sc3CS‚ÃãsS“C#Sc3CS‚Ããs3C3sS“ƒ“3ƒ2ÃãÃãÅG'VRÃã3ƒƒsccƒsCC“‚Ãã3ƒƒsccƒsCC“‚ÃãcCc“S3C“s“C#3‚ÃãÃãÅG'VRÃã“BÃãÅG'VRÃã###“S#cs#sC3“ƒ3‚Ãã###“S#cs#sC3“ƒ3‚Ãã3ssC##Cƒ#ƒS3ÃãÃãÅG'VRÃãC#C#S3sƒ#SSbÃãC#C#S3sƒ#SSbÃã#Sƒ#Cc“3Sƒ#CrÃã"Ãã“BÄfÇ6RÃãÃã“"ÄfÇ6RÃã#s3ƒ#Sƒ“3#SSƒc3BÃã#s3ƒ#Sƒ“3#SSƒc3BÃã“ƒscSC3#“ƒscSC2ÃãÃãÅG'VRÃã#ƒ3“Sss“cC3“C“‚Ãã#ƒ3“Sss“cC3“C“‚Ãã3cc#SSCC3#“#‚ÃãÃãƒbÄfÇ6RÃãÃãƒBÄfÇ6RÃãsss3ssƒc3““c2Ããsss3ssƒc3““c2Ãã“c##ss““cs#RÃãÃãSÄfÇ6RÃÃÆV&Ç•ööæÇ•öF—66÷fW'’ÅG'VRÅG'VRÅG'VRÅG'VRÅG'VRÅG'VRÄfÇ6P¥DÃÄÃsƒcãÄÃsƒcãÄTå4s#ƒsÃã#ƒ“3Csscss"Ãã#ƒ“3Csscss"ÄfÇ6RÃãCS“S3SƒSƒc’ÃãCS“S3SƒSƒc’Ãã“sSCC#CCsS#3ccbÃã“’ÃãÅG'VRÃã“bÃãÅG'VRÃã3s33C“Sc3sbÃã3s33C“Sc3sbÃã3s“33S“CCSƒ"Ãã“‚ÃãÅG'VRÃãsC#“3ƒS3SsRÃãsC#“3ƒS3SsRÃãCsƒS##c##sCBÃãÃãsÄfÇ6RÃã"Ããc’ÄfÇ6RÃã#33S“sƒ3SSƒcc"Ãã#33S“sƒ3SSƒcc"ÃãCcS“ƒs“ScC#RÃãÃãƒbÄfÇ6RÃã3“ƒsƒs#CSƒsrÃã3“ƒsƒs#CSƒsrÃã“cCc“S3C“s“C"ÃãÃãSbÄfÇ6RÃãÃãSƒÄfÇ6RÃã#SƒSScs“CRÃã#SƒSScs“CRÃãc3ƒSCS“S33csc‚ÃãÃãƒ"ÄfÇ6RÃã#ƒ“3Csscss#"Ãã#ƒ“3Csscss#"ÃãC#S3ss##“ƒ“3#‚Ãã"Ãã‚ÄfÇ6RÃã2Ããƒ‚ÄfÇ6RÃã#sƒ33#“##ccSƒbÃã#sƒ33#“##ccSƒbÃãC#“ƒscSC3#“ƒscrÃã"Ããƒ2ÄfÇ6RÃÃÆV&Ç•ööæÇ•öF—66÷fW'’ÅG'VRÅG'VRÅG'VRÅG'VRÅG'VRÅG'VRÄfÇ6P¤$4ÃÅ4Ôõ‚Å4Ôõ‚ÄTå4sƒƒƒ#bÃã#ƒƒ#S#C33CbÃã#ƒƒ#S#C33CbÄfÇ6RÂÓã3cS#cƒ#““##‚Ãã3cS#cƒ#““##‚Ãã##C““cSssC#3S2ÃãƒRÃãÅG'VRÃãCRÃãÄfÇ6RÂÓã#C“ƒc#sSƒBÃã#C“ƒc#sSƒBÃãƒ3cƒssCƒcc#3cs“RÃãÃãÅG'VRÂÓãcƒ#sƒCsƒ#sC#3BÃãcƒ#sƒCsƒ#sC#3BÃãcCc“S3C“s“C#BÃãÃãÄfÇ6RÃãRÃãÄfÇ6RÂÓãsƒcƒƒ#SCƒCSÃãsƒcƒƒ#SCƒCSÃãcƒsSSƒ#““3“s‚Ãã"ÃãÄfÇ6RÃãScS#Sc“CS#c“ÃãScS#Sc“CS#c“Ãã“#3s33ƒSCS“S32ÃãÃãSrÄfÇ6RÃãÃãS‚ÄfÇ6RÃã##3ƒsSc“S3s3"Ãã##3ƒsSc“S3s3"ÃãsSƒsSc#CC#cc"ÃãÃãs’ÄfÇ6RÃã#ƒƒ#S#C33CccBÃã#ƒƒ#S#C33CccBÃãcS“#S“#S“#S“#S“"ÃãÃãsRÄfÇ6RÃãÃã‚ÄfÇ6RÃã3s#“ƒSƒCc33“rÃã3s#“ƒSƒCc33“rÃã““s“3CSc3sƒbÃãÃãcÄfÇ6RÃÃÆV&Ç•ööæÇ•öF—66÷fW'’ÅG'VRÅG'VRÄfÇ6RÄfÇ6RÅG'VRÅG'VRÄfÇ6P¤´ÄcÅDÄ”ÓRÅDÄ”ÓRÄTå4sc3ÂÓã#sƒƒ“ƒ#3ƒSSS3Ãã#sƒƒ“ƒ#3ƒSSS3ÄfÇ6RÂÓãS#“ƒC#Cs3Cƒ‚ÃãS#“ƒC#Cs3Cƒ‚ÃãcCc3c3cs#ƒSC“’Ãã“‚ÃãÅG'VRÃãƒ’ÃãÅG'VRÂÓã##scc3sSƒC#ccSC#2Ãã##scc3sSƒC#ccSC#2ÃãS“#333cS3CSBÃãÃãÅG'VRÂÓã“sc“ssƒ3ss2Ãã“sc“ssƒ3ss2ÃãC“3SS#ƒ#s33bÃãÃãƒÄfÇ6RÃãRÃã‚ÄfÇ6RÂÓãƒ“ƒ333SCs3S3s"Ããƒ“ƒ333SCs3S3s"ÃãS##c33sCCƒSS“csÃã32ÃãÄfÇ6RÃãƒss#sccCSc“c"Ããƒss#sccCSc“c"ÃãƒSssS3C#“3SS#‚ÃãÃãcrÄfÇ6RÃãÃãc"ÄfÇ6RÂÓã#s“C3ƒ3S3C#Cc"Ãã#s“C3ƒ3S3C#Cc"Ããcs#ƒ3“Scs#ƒ3’Ãã#’ÃãÄfÇ6RÂÓã#sƒƒ“ƒ#3ƒSSS3c‚Ãã#sƒƒ“ƒ#3ƒSSS3c‚Ãã3sSCCSƒcƒcSSc’ÃãÃãs‚ÄfÇ6RÃã"Ããs‚ÄfÇ6RÂÓã3““3“3ƒSCs’Ãã3““3“3ƒSCs’Ãã#cƒsSSƒ#““3“s‚Ãã"Ãã“bÄfÇ6RÃÃÆV&Ç•ööæÇ•öF—66÷fW'’ÅG'VRÅG'VRÅG'VRÅG'VRÅG'VRÅG'VRÄfÇ6P¤td“"Ä4Ä4ÄTå4s33sC"Ãã#ss3#“c3“cƒ32Ãã#ss3#“c3“cƒ32ÄfÇ6RÃãƒs#3##c“#“ƒRÃãƒs#3##c“#“ƒRÃã“3#“#cƒ3“SbÃãsRÃãÅG'VRÃãcÃãÄfÇ6RÃã#C33ƒƒcssC#c"Ãã#C33ƒƒcssC#c"Ãã“sCsSs#ss#SBÃãƒ2ÃãÅG'VRÃãcƒƒcƒ#cCƒÃãcƒƒcƒ#cCƒÃãCsCc##ss““cs"Ãã32ÃãÄfÇ6RÃã#RÃã“’ÄfÇ6RÃãƒ##“Sƒƒƒ3Cc“cRÃãƒ##“Sƒƒƒ3Cc“cRÃã3SScƒSƒsSc"ÃãCRÃãÄfÇ6RÂÓã3“ƒ3CC3ss3ssƒBÃã3“ƒ3CC3ss3ssƒBÃã3CSƒcƒcSSc“#s2ÃãÃã“bÄfÇ6RÃãÃã“#“““““““““““““’ÄfÇ6RÂÓã#“#ƒ#“sƒS#ccc#BÃã#“#ƒ#“sƒS#ccc#BÃãS#“Csƒs3s““s#SbÃãÃã‚ÄfÇ6RÃã#ss3#“c3“cƒ33‚Ãã#ss3#“c3“cƒ33‚ÃãSs“ƒ3S3““CcS"ÃãÃãƒ"ÄfÇ6RÃãÃã“ÄfÇ6RÃãss“ScC#““sc"Ããss“ScC#““sc"Ãã#s“#ƒcc“CSƒ’ÃãÃã“’ÄfÇ6RÃÃÆV&Ç•ööæÇ•öF—66÷fW'’ÅG'VRÅG'VRÄfÇ6RÄfÇ6RÅG'VRÅG'VRÄfÇ6P¥DÃÅD$3C3"ÅD$3C3"ÄTå4sCc3SÃã#sSCƒƒCC#“CƒCBÃã#sSCƒƒCC#“CƒCBÄfÇ6RÃãSƒ#“#ƒc#CSc“cbÃãSƒ#“#ƒc#CSc“cbÃã33333s“cC3C3S2ÃãÃã“’ÄfÇ6RÃã#2Ãã“‚ÄfÇ6RÃãCSCscCƒcS“3“sbÃãCSCscCƒcS“3“sbÃãcCscƒƒ#“sC3CC“2ÃãRÃã“RÄfÇ6RÃãSƒ3S3sC#“ƒs#C‚ÃãSƒ3S3sC#“ƒs#C‚ÃãS3ƒ“SsCsS““CS2ÃãÃãƒ2ÄfÇ6RÃã"ÃãsRÄfÇ6RÃã#c3ƒsS“S#S#ƒ“RÃã#c3ƒsS“S#S#ƒ“RÃã3c3ScS“ƒs“ScÃãÃãƒrÄfÇ6RÃãsc“#S#CsCssS‚Ããsc“#S#CsCssS‚ÃãS##c##sC3CƒC"ÃãsBÃãÅG'VRÃãs‚ÃãÅG'VRÃã“cSƒc3“““#sc2Ãã“cSƒc3“““#sc2ÃãƒƒsSsCcsscCbÃã2ÃãÄfÇ6RÃã#sSCƒƒCC#“CƒCCƒrÃã#sSCƒƒCC#“CƒCCƒrÃãC3CƒC##C“cSscCRÃãÃãƒbÄfÇ6RÃãÃãƒ"ÄfÇ6RÃã#sC3sCCƒ“ScCCRÃã#sC3sCCƒ“ScCCRÃãC#c33sCCƒSS“cssbÃãÃãƒrÄfÇ6RÃÃÆF“ööæÇ•÷&WFW&Ö–æÅöF—66÷fW'’ÅG'VRÅG'VRÅG'VRÅG'VRÄfÇ6RÄfÇ6RÄfÇ6P¤´ÄcÅD„ÅD„ÄTå4s3ƒ#‚Ãã#s3SCCS33S#32Ãã#s3SCCS33S#32ÄfÇ6RÃã3s#S3csSc3cƒs2Ãã3s#S3csSc3cƒs2Ãã“c3S#CSƒ3#rÃãrÃãÅG'VRÃãƒ"ÃãÅG'VRÃã3##sCcCSbÃã3##sCcCSbÃã#3ƒ#Cccs3c’ÃãsbÃãÅG'VRÃãS“C#S“sc#S“ƒ“ÃãS“C#S“sc#S“ƒ“Ãã#sC3CƒC##C“cSbÃã"Ãã“rÄfÇ6RÃãBÃã“RÄfÇ6RÃãS#SCCS#ƒsc33#“RÃãS#SCCS#ƒsc33#“RÃã##ƒƒcSƒC3c#BÃãÃã“‚ÄfÇ6RÃã#SS##Cƒƒ’Ãã#SS##Cƒƒ’ÃãSƒƒ#3sƒ3#cCsRÃãÃã‚ÄfÇ6RÃã"Ããs"ÄfÇ6RÃã#ƒS#s3“C#“c3cCrÃã#ƒS#s3“C#“c3cCrÃãc3#cCsCc##ss“’ÃãÃãs’ÄfÇ6RÃã#s3SCCS33S#32Ãã#s3SCCS33S#32Ãã3ƒCc3cCƒƒ3C“#BÃãÃãƒrÄfÇ6RÃã"ÃãƒBÄfÇ6RÃãC##Sc3S##c“‚ÃãC##Sc3S##c“‚Ãã#Cƒ3ƒ3CC3s#s"Ãã"Ãã“‚ÄfÇ6RÃÃÆV&Ç•ööæÇ•öF—66÷fW'’ÅG'VRÅG'VRÅG'VRÅG'VRÅG'VRÅG'VRÄfÇ6P¤ädS"ÄåÓÄåÓÄTå4sƒc2ÂÓã#s““3s#3#cbÃã#s““3s#3#cbÄfÇ6RÂÓã3ƒ““Cƒcƒ“c"Ãã3ƒ““Cƒcƒ“c"Ãã#cc“ssc3sS3c3rÃã"Ããƒ‚ÄfÇ6RÃã2ÃãsrÄfÇ6RÂÓãC#3#CƒSccSCƒcbÃãC#3#CƒSccSCƒcbÃã##ƒssƒ##sC3‚ÃãRÃã“ÄfÇ6RÂÓãƒƒ#3ss3“cs“2Ããƒƒ#3ss3“cs“2Ãã3cƒs#C#s“ƒ3S3’ÃãsBÃãÅG'VRÃã3bÃãÄfÇ6RÂÓã#CS#ƒcs“#ƒ#s“’Ãã#CS#ƒcs“#ƒ#s“’ÃãSCƒc“cƒCC““3C#RÃã“rÃãÅG'VRÂÓãCƒs3“#"ÃãCƒs3“#"Ããs33Sƒ“ƒC“ƒ3rÃã‚ÃãÅG'VRÃãƒ’ÃãÅG'VRÂÓã#3“s#3s“ƒs“3#rÃã#3“s#3s“ƒs“3#rÃã#“Csƒs3s““s#ScS2ÃãÃãÅG'VRÂÓã#s““3s#3#cbÃã#s““3s#3#cbÃãC“sc“SCs3#S#ƒbÃãÃãƒ’ÄfÇ6RÃãÃãƒ‚ÄfÇ6RÂÓã“ccccc3ƒ“SƒBÃã“ccccc3ƒ“SƒBÃãcSƒ“ƒC“ƒ3csc"ÃãÃãsrÄfÇ6RÃÃÇ&WFW&Ö–æÅööæÇ•öF—66÷fW'’ÅG'VRÅG'VRÅG'VRÅG'VRÅG'VRÅG'VRÄfÇ6P¤´ÄcÄÃ3ssƒ’ã"ÄÃ3ssƒ’ã"ÄTå4s#ƒS#3’ÂÓã#ss3sCƒ3cƒÃã#ss3sCƒ3cƒÄfÇ6RÂÓã#SCcSs#cƒ33CC“ƒ‚Ãã#SCcSs#cƒ33CC“ƒ‚ÃãS3c#ƒsSScS“##SÃãÃãsBÄfÇ6RÃãÃãSbÄfÇ6RÂÓãsCc3ccs“S“CsrÃãsCc3ccs“S“CsrÃãcs“cSC#s3Sc#“2ÃãÃãcÄfÇ6RÃã#ssScc3CscC32Ãã#ssScc3CscC32Ãã3SssS3C#“3SS#ƒÃãÃãƒ2ÄfÇ6RÃãBÃãsBÄfÇ6RÃãSScC3SCCƒ3cBÃãSScC3SCCƒ3cBÃãƒƒ3C“#C3ƒ“SsBÃãÃãÄfÇ6RÃãcCc#3ssCƒcsSS"ÃãcCc#3ssCƒcsSS"ÃãS3C“s“C#3ƒcƒ3#‚ÃãsRÃãÅG'VRÃãs"ÃãÅG'VRÃã3“ƒ“sSSƒ3ƒ#rÃã3“ƒ“sSSƒ3ƒ#rÃãCCsƒs“#ƒcc“CÃãCRÃãÄfÇ6RÂÓã#ss3sCƒ3cƒbÃã#ss3sCƒ3cƒbÃã3ƒƒCss3cc#SSCBÃãÃãƒbÄfÇ6RÃãÃã‚ÄfÇ6RÂÓãcƒ#Sƒƒscs“sRÃãcƒ#Sƒƒscs“sRÃãcC“#C3ƒ“SsCsbÃãÃãsrÄfÇ6RÃÃÆF“ööæÇ•÷&WFW&Ö–æÅöF—66÷fW'’ÅG'VRÅG'VRÅG'VRÅG'VRÄfÇ6RÄfÇ6RÄfÇ6P¤td“"ÄÄU"ÄÄU"ÄTå4sccs‚Ãã#sCCCCsƒ3CScsÃã#sCCCCsƒ3CScsÄfÇ6RÃãCƒCƒ3cƒ“#C3CsrÃãCƒCƒ3cƒ“#C3CsrÃãs#c“#ƒ3c“rÃãrÃã“‚ÄfÇ6RÃã"Ãã“2ÄfÇ6RÃãsss“s“cƒC“3C#cbÃãsss“s“cƒC“3C#cbÃãSs3CSs“’Ãã’ÃãÄfÇ6RÃãƒƒ#S“ss“CcRÃãƒƒ#S“ss“CcRÃã#cƒƒcCSCCcc3“#BÃãCbÃãÄfÇ6RÃã3‚Ãã“’ÄfÇ6RÃãƒ“C3c#c#cCRÃãƒ“C3c#c#cCRÃãSƒ“c3#3s33ƒRÃãƒ"ÃãÅG'VRÃãCs““3sSs3“#3Cƒ‚ÃãCs““3sSs3“#3Cƒ‚Ãã“#C3ƒ“SsCsS““CRÃã“2ÃãÅG'VRÃã“2ÃãÅG'VRÃãcƒ“ƒSCC““SƒRÃãcƒ“ƒSCC““SƒRÃãsƒ3#cCsCc##ss“2Ãã“‚ÃãÅG'VRÃã#sCCCCsƒ3CScs2Ãã#sCCCCsƒ3CScs2ÃãSƒƒƒƒƒƒƒƒƒƒƒƒƒƒ’ÃãÃãs‚ÄfÇ6RÃãÃãƒ’ÄfÇ6RÃã3ƒc3sƒ#CC#ssSBÃã3ƒc3sƒ#CC#ssSBÃãcSCƒc“cƒCC““3ÃãÃã“"ÄfÇ6RÃÃÆF“ööæÇ•÷&WFW&Ö–æÅöF—66÷fW'’ÅG'VRÅG'VRÅG'VRÅG'VRÅG'VRÅG'VRÄfÇ6P¤ädS"Ä„å$åDÂÄ„å$åDÂÄTå4sS#s“RÂÓã#c“sccCsSC3rÃã#c“sccCsSC3rÄfÇ6RÃã#CcCs3Sƒss3#s"Ãã#CcCs3Sƒss3#s"ÃãCƒ3Scccs#c3S32ÃãRÃãs’ÄfÇ6RÃãRÃãƒ"ÄfÇ6RÃã#C3#sSCƒ#csƒ“ƒBÃã#C3#sSCƒ#csƒ“ƒBÃãCƒ333Ccsƒ#ƒ#3CbÃãÃã‚ÄfÇ6RÂÓãCCC“ƒscs3sRÃãCCC“ƒscs3sRÃãsSsSCCSƒcƒcRÃã"Ãã“bÄfÇ6RÃãbÃã’ÄfÇ6RÂÓãSSS“CCC“S3s“cbÃãSSS“CCC“S3s“cbÃã###############"Ãã’ÃãÄfÇ6RÂÓãS3ƒƒcsccS““#CRÃãS3ƒƒcsccS““#CRÃã3ƒCƒss“C“S“ƒ’Ãã“ÃãÅG'VRÃã“bÃãÅG'VRÂÓã“c###css3bÃã“c###css3bÃã“s3“3cƒ““ƒc#ƒ#RÃã“"ÃãÅG'VRÂÓã#c“sccCsSC3sBÃã#c“sccCsSC3sBÃãC“C3sSƒSs33ƒƒ#2ÃãÃãƒÄfÇ6RÃãÃãƒÄfÇ6RÂÓã“c#“cc#RÃã“c#“cc#RÃãcc3SccS#“C“#CbÃãÃãsBÄfÇ6RÃÃÆF“ööæÇ•÷&WFW&Ö–æÅöF—66÷fW'’ÅG'VRÅG'VRÅG'VRÅG'VRÅG'VRÅG'VRÄfÇ6P¤´ÄcÅ4eÅ4eÄTå4scScÂÓã#cSƒSƒƒCƒ33"Ãã#cSƒSƒƒCƒ33"ÄfÇ6RÂÓãc“ƒSsS3“ƒC3s“"Ããc“ƒSsS3“ƒC3s“"Ããc#“scC#ccsBÃã#‚Ãã“‚ÄfÇ6RÃã#‚ÃãÄfÇ6RÂÓãS“C#3c#CC““#bÃãS“C#3c#CC““#bÃã#C“S3SS#ƒ“3rÃã2Ãã’ÄfÇ6RÂÓãCƒƒƒCcSCSsCSBÃãCƒƒƒCcSCSsCSBÃãSsc3cƒs#C#s“ƒBÃãƒrÃãÅG'VRÃãcrÃãÄfÇ6RÂÓã3SCs#“3#Cƒ#2Ãã3SCs#“3#Cƒ#2Ãã3cscƒsSSƒ#““BÃãSBÃãÄfÇ6RÂÓãCsS“s“SsCccBÃãCsS“s“SsCccBÃã#cCc“S3C“s“C#BÃãRÃãƒRÄfÇ6RÃã2Ããƒ’ÄfÇ6RÂÓãCCs“ƒ3#ƒs“SC#2ÃãCCs“ƒ3#ƒs“SC#2ÃãCScC#S#CSCƒrÃãÃã“ÄfÇ6RÂÓã#cSƒSƒƒCƒ33#‚Ãã#cSƒSƒƒCƒ33#‚Ãã3“s“C#3ƒcƒ3#sSrÃã"Ããs’ÄfÇ6RÃãbÃãƒbÄfÇ6RÂÓãs3#“ƒCC33cS3#ƒSRÃãs3#“ƒCC33cS3#ƒSRÃãƒ3ƒcƒ3#sSs#cRÃãÃãSƒÄfÇ6RÃÃÆV&Ç•ööæÇ•öF—66÷fW'’ÅG'VRÅG'VRÄfÇ6RÄfÇ6RÄfÇ6RÄfÇ6RÄfÇ6P¤ädS"Ä´Ä„D3„Ä´Ä„D3„ÄTå4sc#ƒs2Ãã#cCsƒS““#ssccRÃã#cCsƒS““#ssccRÄfÇ6RÃã#SSScƒ##“ƒƒ3BÃã#SSScƒ##“ƒƒ3BÃãSS“sCsScCƒ#3sc’ÃãÃãsrÄfÇ6RÃãÃãcBÄfÇ6RÃã##scSs“CƒbÃã##scSs“CƒbÃãS#3ccSs“ssssCs#’ÃãÃãs’ÄfÇ6RÃã#CC#s#3CsCÃã#CC#s#3CsCÃãcƒ3C“#C3ƒ“SsBÃãÃãcRÄfÇ6RÃãÃãSbÄfÇ6RÃã#“#ƒCs“S3Sc““bÃã#“#ƒCs“S3Sc““bÃã3“s3“3cƒ““ƒc#ƒ#bÃãÃã’ÄfÇ6RÃã#SS#s#S33SÃã#SS#s#S33SÃãCC3#“#ƒc““bÃãrÃãÅG'VRÃãc‚ÃãÄfÇ6RÃãSscSƒSSc##ƒcscBÃãSscSƒSSc##ƒcscBÃã3#“#ƒc““SƒƒC‚ÃãcÃãÄfÇ6RÃã#cCsƒS““#ssccc2Ãã#cCsƒS““#ssccc2ÃãS#33“cS“##‚ÃãÃãƒ2ÄfÇ6RÃãÃãsbÄfÇ6RÃãƒ“Cs##“ƒ#ƒ#BÃãƒ“Cs##“ƒ#ƒ#BÃãcƒ#CCs“c#"ÃãÃãsBÄfÇ6RÃÃÆF“ööæÇ•÷&WFW&Ö–æÅöF—66÷fW'’ÅG'VRÅG'VRÄfÇ6RÄfÇ6RÄfÇ6RÄfÇ6RÄfÇ6P¤$4ÃÄtD"ÄtD"ÄTå4ss“3C‚ÂÓã#cCCs3ƒCsƒCSƒÃã#cCCs3ƒCsƒCSƒÄfÇ6RÂÓãCsccC3ƒc#RÃãCsccC3ƒc#RÃã#CCscSSƒS#ƒ2Ããs‚ÃãÅG'VRÃãc‚ÃãÄfÇ6RÂÓã#““S“CS“CƒƒSsRÃã#““S“CS“CƒƒSsRÃãcCCƒs#C3s“#S2ÃãÃãÅG'VRÂÓã33cs3cƒƒc2Ãã33cs3cƒƒc2ÃãcsscCc3SccS#“BÃã‚ÃãÄfÇ6RÃã’ÃãÄfÇ6RÂÓãs3ScsƒscCCCcsÃãs3ScsƒscCCCcsÃã“cS“##ƒSC‚Ãã“‚ÃãÅG'VRÂÓãS“3S“3Sc““Sc“SsrÃãS“3S“3Sc““Sc“SsrÃã3SsSCCSƒcƒcSbÃãÃãÄfÇ6RÃãÃã“‚ÄfÇ6RÂÓãcCƒsƒ#ƒc#C3“bÃãcCƒsƒ#ƒc#C3“bÃãƒ3csc#cƒƒcCSCRÃã‚ÃãÄfÇ6RÂÓã#cCCs3ƒCsƒCSƒƒrÃã#cCCs3ƒCsƒCSƒƒrÃãcs“C#3ƒcƒ3#sSs2ÃãÃãƒ’ÄfÇ6RÃãÃã‚ÄfÇ6RÃã#ScS33Cƒ3C#“3crÃã#ScS33Cƒ3C#“3crÃãƒSƒC3c#3““sc“RÃãÃãƒ2ÄfÇ6RÃÃÆV&Ç•ööæÇ•öF—66÷fW'’ÅG'VRÅG'VRÄfÇ6RÄfÇ6RÅG'VRÅG'VRÄfÇ6P¥DÃÅ”uÅ”uÄTå4ssSCÃã#cCC3#3sC33SCs’Ãã#cCC3#3sC33SCs’ÄfÇ6RÃãcc3“3ƒ#SScc3"Ããcc3“3ƒ#SScc3"Ããs##c3CcƒsCbÃã"Ãã“’ÄfÇ6RÃãÃã“‚ÄfÇ6RÃãcs3CS3ƒƒcC““bÃãcs3CS3ƒƒcC““bÃãc#CƒCC#ƒS“#sbÃãBÃã“‚ÄfÇ6RÃãs“ƒƒsSƒCsCC#Ããs“ƒƒsSƒCsCC#Ãã#ƒƒcSƒC3c#3““"ÃãsrÃãÅG'VRÃãC’ÃãÄfÇ6RÃã3ƒScssC3SSsBÃã3ƒScssC3SSsBÃã#sC3CƒC##C“cSsc"Ãã“‚ÃãÅG'VRÃãsC“Cscs#S#cS’ÃãsC“Cscs#S#cS’ÃãS“3“cC33CsSsSBÃã#Ãã“rÄfÇ6RÃã2ÃãÄfÇ6RÃã#3s#c3##““CC#bÃã#3s#c3##““CC#bÃã3sCCƒSS“cssƒƒ“RÃãCÃãÄfÇ6RÃã#cCC3#3sC33SCƒBÃã#cCC3#3sC33SCƒBÃãCS3##3S“3“cC33CrÃãBÃãƒRÄfÇ6RÃã2ÃãƒrÄfÇ6RÃã#sc#CS“cƒ3“CSƒ‚Ãã#sc#CS“cƒ3“CSƒ‚ÃãC#3S“3“cC33CsSÃã2Ããs‚ÄfÇ6RÃÃÆV&Ç•ööæÇ•öF—66÷fW'’ÅG'VRÅG'VRÄfÇ6RÄfÇ6RÅG'VRÅG'VRÄfÇ6P¤´ÄcÅDÔ43ÅDÔ43ÄTå4ss#scRÃã#c3Cs3cC“cSƒs’Ãã#c3Cs3cC“cSƒs’ÄfÇ6RÂÓãCCs3ƒC3SCsccBÃãCCs3ƒC3SCsccBÃã#s“s##ƒssƒ"Ãã"Ãã“rÄfÇ6RÃã"Ãã“rÄfÇ6RÂÓãcsc#Sƒccscƒcƒ#"Ããcsc#Sƒccscƒcƒ#"Ãã3CsSs#“C“3sSbÃãBÃãÄfÇ6RÂÓãƒC“c3C33#bÃãƒC“c3C33#bÃã3ƒSCS“S33cscƒ‚Ããs2ÃãÅG'VRÃãC2ÃãÄfÇ6RÂÓã#scSƒ“#sScƒrÃã#scSƒ“#sScƒrÃãsC##Cƒ#ƒS3##3bÃãƒrÃãÅG'VRÂÓã3Ss3ƒƒ“s#c“scS2Ãã3Ss3ƒƒ“s#c“scS2ÃãC“s3“3cƒ““ƒc#ƒBÃã"Ããƒ2ÄfÇ6RÃã"ÃãƒbÄfÇ6RÂÓã““33“s3“C3#CC’Ãã““33“s3“C3#CC’Ãã#“C“#CSSCƒ3ƒ3BÃãRÃãÄfÇ6RÃã#c3Cs3cC“cSƒs“’Ãã#c3Cs3cC“cSƒs“’ÃãC#3CScs“#3CbÃãÃã“ÄfÇ6RÃãÃãƒ’ÄfÇ6RÃãC3ƒ3Cs3c#c““CBÃãC3ƒ3Cs3c#c““CBÃã##C“cSscCCsƒs“BÃãÃã“’ÄfÇ6RÃÃÆV&Ç•ööæÇ•öF—66÷fW'’ÅG'VRÅG'VRÄfÇ6RÄfÇ6RÅG'VRÅG'VRÄfÇ6P¤tDÅ$ätÅ$ätÄTå4sCÂÓã#c#CƒSƒƒc“Ãã#c#CƒSƒƒc“ÄfÇ6RÃã“cs3CCsSSC#3BÃã“cs3CCsSSC#3BÃãs3s“c3ScS3s#RÃãÃãbÄfÇ6RÃãÃãSRÄfÇ6RÃã“C“s#ƒ33ƒ3C‚Ãã“C“s#ƒ33ƒ3C‚ÃãS3#Sc3#CS“ƒsÃãÃãsRÄfÇ6RÃã3#Scƒ#3S““S#c“BÃã3#Scƒ#3S““S#c“BÃãcCƒƒ3C“#C3ƒ“RÃãÃãs"ÄfÇ6RÃã"ÃãS"ÄfÇ6RÃã#ƒ““S#cƒcSƒcSBÃã#ƒ““S#cƒcSƒcSBÃã3ƒscSC3#“ƒscSC3BÃã"ÃãƒrÄfÇ6RÂÓãSƒC“c##Sƒc“C3BÃãSƒC“c##Sƒc“C3BÃã#3CScs“#3CScs’Ããs"ÃãÅG'VRÃãs"ÃãÅG'VRÂÓãcS3Cƒs“ƒc#c3ÃãcS3Cƒs“ƒc#c3Ããƒcƒ#3CS#csC’ÃãbÃãÄfÇ6RÂÓã#c#CƒSƒƒc“BÃã#c#CƒSƒƒc“BÃãCƒSƒsSc#CC#cbÃãÃãƒBÄfÇ6RÃãÃãƒÄfÇ6RÂÓãs##“Sƒss“ƒ‚Ããs##“Sƒss“ƒ‚Ããƒc“ƒ#cs3S#S3ss"ÃãÃãcs“““““““““““““’ÄfÇ6RÃÃÆF“ööæÇ•÷&WFW&Ö–æÅöF—66÷fW'’ÅG'VRÅG'VRÅG'VRÅG'VRÄfÇ6RÄfÇ6RÄfÇ6P¤ädS"Å5”ä5$•Å5”ä5$•ÄTå4s3S3bÂÓã#c#CSƒs#3S#bÃã#c#CSƒs#3S#bÄfÇ6RÂÓãc“ƒ3S33c“#ƒC“2Ããc“ƒ3S33c“#ƒC“2ÃãCƒs3S#Sƒcƒƒc#rÃã#BÃã“‚ÄfÇ6RÃã#‚Ãã“‚ÄfÇ6RÂÓãccS#s3sS“cC#cC"ÃãccS#s3sS“cC#cC"ÃãSƒ3#cS“C#ƒ3ƒBÃã#’Ãã“‚ÄfÇ6RÂÓãƒSSc3cC#‚ÃãƒSSc3cC#‚Ãã“CcS#Ssc3cƒrÃãsRÃãÅG'VRÃãCÃãÄfÇ6RÂÓã#Cc“#“SCCCcc’Ãã#Cc“#“SCCCcc’Ãã““cs#S3c3SrÃã“"ÃãÅG'VRÂÓãsƒ“ƒƒ#cƒc“ƒBÃãsƒ“ƒƒ#cƒc“ƒBÃã“ƒC“ƒ3csc#cƒƒrÃãÃã“’ÄfÇ6RÃã"ÃãÄfÇ6RÂÓãC#3ƒ“ƒc#3ƒ3rÃãC#3ƒ“ƒc#3ƒ3rÃãC““3C#ƒ“C3sSƒbÃã32ÃãÄfÇ6RÂÓã#c#CSƒs#3S#c32Ãã#c#CSƒs#3S#c32ÃãSs#s#33“cS“"ÃãÃãƒ‚ÄfÇ6RÃãÃãƒbÄfÇ6RÂÓãƒ#ssc“cCC#ƒƒSCbÃãƒ#ssc“cCC#ƒƒSCbÃãc3s#s#33“cS’ÃãÃã‚ÄfÇ6RÃÃÆV&Ç•ööæÇ•öF—66÷fW'’ÅG'VRÅG'VRÄfÇ6RÄfÇ6RÅG'VRÅG'VRÄfÇ6P¥DÃÅ„c#ÃÅ„c#ÃÄTå4s#“#“"Ãã#ccSS“C“““3‚Ãã#ccSS“C“““3‚ÄfÇ6RÃãCC#s#3##ƒ#3ƒ32ÃãCC#s#3##ƒ#3ƒ32ÃãcS3CSCCs“CC2ÃãÃãcbÄfÇ6RÃãÃãcÄfÇ6RÃãCsƒCSsƒSƒSRÃãCsƒCSsƒSƒSRÃãcSC“S“S#ƒSS“sC‚ÃãÃãcBÄfÇ6RÃã##“c#C3#sc“#‚Ãã##“c#C3#sc“#‚Ãã3c“3Sƒ#Cc“3S‚ÃãBÃãƒBÄfÇ6RÃãbÃãsbÄfÇ6RÃã“ƒCc33CS“c#srÃã“ƒCc33CS“c#srÃãC“3CSc3sƒcƒ#2ÃãÃãs‚ÄfÇ6RÃã#S“ƒ#SƒƒCC‚Ãã#S“ƒ#SƒƒCC‚Ããcs#ƒ3“Scs#ƒ3’ÃãsBÃãÅG'VRÃãcbÃãÄfÇ6RÃã“ƒ3Sc3“c“sc“3rÃã“ƒ3Sc3“c“sc“3rÃãƒ#scC“3ƒ#scRÃãBÃãÄfÇ6RÃã#ccSS“C“““3ƒ"Ãã#ccSS“C“““3ƒ"ÃãCS“S33cscƒsSSƒ2Ãã"Ããƒ2ÄfÇ6RÃã"ÃãƒRÄfÇ6RÃã#cSC“cSscƒ“SƒÃã#cSC“cSscƒ“SƒÃãCC3ƒ“SsCsS““CS32ÃãÃãs’ÄfÇ6RÃÃÆF“ööæÇ•÷&WFW&Ö–æÅöF—66÷fW'’ÅG'VRÅG'VRÄfÇ6RÄfÇ6RÄfÇ6RÄfÇ6RÄfÇ6P¤td“"ÄS$c"ÄS$c"ÄTå4ss“c‚Ãã#S“cƒcc“CcsƒS‚Ãã#S“cƒcc“CcsƒS‚ÄfÇ6RÃãƒcs#Cc33##“crÃãƒcs#Cc33##“crÃã#C“c“3Scƒc3BÃãCBÃãÄfÇ6RÃã3RÃãÄfÇ6RÃãƒs#sCC#cc3CC#S"Ããƒs#sCC#cc3CC#S"ÃãC3C““c“ƒ3#S#BÃã3’ÃãÄfÇ6RÃã“ƒ3sCs3#3ƒÃã“ƒ3sCs3#3ƒÃãc““SƒƒCss3cc#SSRÃã“"ÃãÅG'VRÃãsBÃãÅG'VRÃãƒ3#3C#c’Ããƒ3#3C#c’ÃãsCsCsCsCsC‚Ãã“RÃãÅG'VRÃã3cƒ3CS#CsƒBÃã3cƒ3CS#CsƒBÃãSCƒc“cƒCC““3C#RÃãƒ"ÃãÅG'VRÃãƒ2ÃãÅG'VRÃã3“sƒsCcƒ“s##"Ãã3“sƒsCcƒ“s##"Ããs“ScC#S#CSC’ÃãƒbÃãÅG'VRÃã#S“cƒcc“CcsƒSƒS"Ãã#S“cƒcc“CcsƒSƒS"Ããc#sC3CƒC##C“cSrÃãÃãsbÄfÇ6RÃãÃãsbÄfÇ6RÃãcCƒƒSs#Scs#‚ÃãcCƒƒSs#Scs#‚Ãã3sƒS##c##sC3BÃãÃãÄfÇ6RÃÃÇ&WFW&Ö–æÅööæÇ•öF—66÷fW'’ÅG'VRÅG'VRÅG'VRÅG'VRÅG'VRÅG'VRÄfÇ6P¤td“"ÄU#CÄU#CÄTå4sS“#2ÂÓã#Sƒƒ#s“3ccƒScƒbÃã#Sƒƒ#s“3ccƒScƒbÄfÇ6RÃã“#3cCSƒ#‚Ãã“#3cCSƒ#‚Ãã3s“33S“CCSƒ"ÃãsÃãÅG'VRÃãC’ÃãÄfÇ6RÃã#3“SSSsc#C“Ãã#3“SSSsc#C“Ãã“ƒssƒ“ƒ##ss2ÃãƒbÃãÅG'VRÃãƒc“ScsS“S3c#s3‚Ããƒc“ScsS“S3c#s3‚Ãã#C3ƒ“SsCsS““CS"ÃãSbÃãÄfÇ6RÃãCÃãÄfÇ6RÃã““s“sƒcS3S32Ãã““s“sƒcS3S32ÃãSc3sƒcƒ#3CS#‚Ããc‚ÃãÄfÇ6RÂÓã#ƒcƒCssCs3cSSrÃã#ƒcƒCssCs3cSSrÃã“Cƒ“s“3CSc3s‚ÃãÃãS2ÄfÇ6RÃãÃãSRÄfÇ6RÂÓã#sƒS“C“ƒƒ3“CSRÃã#sƒS“C“ƒƒ3“CSRÃãSSsSCCSƒcƒcSRÃãÃãsRÄfÇ6RÂÓã#Sƒƒ#s“3ccƒScƒrÃã#Sƒƒ#s“3ccƒScƒrÃãc3ƒCƒss“C“S"ÃãÃã‚ÄfÇ6RÃãÃãƒ#ÄfÇ6RÂÓã“3ƒ“sC3cƒSsS"Ãã“3ƒ“sC3cƒSsS"ÃãƒC3c#3““sc“SC‚ÃãÃãÄfÇ6RÃÃÆV&Ç•ööæÇ•öF—66÷fW'’ÅG'VRÅG'VRÄfÇ6RÄfÇ6RÅG'VRÅG'VRÄfÇ6P¤´ÄcÄäµ$C#‚Ääµ$C#‚ÄTå4s#cScÂÓã#Ss3#3scC3#“bÃã#Ss3#3scC3#“bÄfÇ6RÂÓã3S3ƒƒ###“cC’Ãã3S3ƒƒ###“cC’Ãã3ƒ#Cccs3c“‚Ãã“’ÃãÅG'VRÃãƒRÃãÅG'VRÂÓã#SCsƒs#s3s#rÃã#SCsƒs#s3s#rÃã#33##ƒS#“ƒss’ÃãÃãÅG'VRÂÓãcC#“C3Cs3“ÃãcC#“C3Cs3“ÃãSccS#“C“#CSSCƒBÃã#BÃãÄfÇ6RÃã#"Ãã“bÄfÇ6RÂÓã##sC“#“#“CcBÃã##sC“#“#“CcBÃã##Cƒ#ƒS3##3S“BÃãƒbÃãÅG'VRÃãS“s#sƒc“C##ƒƒ2ÃãS“s#sƒc“C##ƒƒ2Ããƒ“#3ƒ#CCs“bÃãÃãRÄfÇ6RÃãÃãSBÄfÇ6RÂÓãS“s“SC#ss3“‚ÃãS“s“SC#ss3“‚Ãã3#CCs“c#“C‚ÃãÃã“’ÄfÇ6RÂÓã#Ss3#3scC3#“SRÃã#Ss3#3scC3#“SRÃãC#3CScs“#3CSrÃãÃãƒ’ÄfÇ6RÃã"Ãã“RÄfÇ6RÂÓã#S“s3“csS#BÃã#S“s3“csS#BÃã“CS#csCƒ“s“3C"ÃãÃãS“ÄfÇ6RÃÃÆV&Ç•ööæÇ•öF—66÷fW'’ÅG'VRÅG'VRÅG'VRÅG'VRÅG'VRÅG'VRÄfÇ6P¤´ÄcÄ3cƒSƒrãBÄ3cƒSƒrãBÄTå4s#ƒ3csBÃã#ScCCscSScƒ2Ãã#ScCCscSScƒ2ÄfÇ6RÂÓã3C#3s““c“sRÃã3C#3s““c“sRÃã3“Sƒƒ“3#c3ƒ##"Ãã"Ããƒ’ÄfÇ6RÃãÃãƒ#ÄfÇ6RÂÓãcƒƒ#CCSƒ3SbÃãcƒƒ#CCSƒ3SbÃã#sCS#3#SC#ƒcƒSrÃãRÃãÄfÇ6RÃãƒcSScƒC3s3cSCrÃãƒcSScƒC3s3cSCrÃãcƒcSSc“#s#“sccrÃãcBÃãÄfÇ6RÃãCÃãÄfÇ6RÃã##s#ƒs#S3“#2Ãã##s#ƒs#S3“#2Ãã#3sƒ3#cCsCc#2Ãã‚ÃãÅG'VRÃã##“S#sScCss#bÃã##“S#sScCss#bÃãs“ScC#S#CSC’ÃãsRÃãÅG'VRÃãcÃãÄfÇ6RÃã##cCcCS3ƒC3s"Ãã##cCcCS3ƒC3s"Ããc““SƒƒCss3cc#SSRÃãÃãÅG'VRÃã#ScCCscSScƒ32Ãã#ScCCscSScƒ32ÃãC3““sc“SCs3#SÃãBÃãƒÄfÇ6RÃãBÃãƒÄfÇ6RÃãCsSsc3ƒcCC3rÃãCsSsc3ƒcCC3rÃã“3C#ƒ“C3sSƒSsBÃãbÃã“BÄfÇ6RÃÃÆF“ööæÇ•÷&WFW&Ö–æÅöF—66÷fW'’ÅG'VRÅG'VRÄfÇ6RÄfÇ6RÅG'VRÅG'VRÄfÇ6P¤´ÄcÄ$„CRÄ$„CRÄTå4s“‚Ãã#ScCC33Sƒ#RÃã#ScCC33Sƒ#RÄfÇ6RÃãcS#“3ƒS3“sC#CRÃãcS#“3ƒS3“sC#CRÃãƒ3cƒssCƒcc#3cs“RÃãs2ÃãÅG'VRÃãS"ÃãÄfÇ6RÃãS#ƒs#“cƒ“3#csbÃãS#ƒs#“cƒ“3#csbÃãC#ccs3#SCsCƒ2Ãã“BÃãÅG'VRÃãs#CsCƒ#s#scCBÃãs#CsCƒ#s#scCBÃã#ƒS3##3S“3“cC33RÃãC2ÃãÄfÇ6RÃã3BÃãÄfÇ6RÃãc““##S3Cc3ƒ#bÃãc““##S3Cc3ƒ#bÃã3#cCsCc##ss““ÃãcBÃãÄfÇ6RÃã“3cCƒC#cS#cÃã“3cCƒC#cS#cÃã“#C3ƒ“SsCsS““CrÃãC"ÃãÄfÇ6RÃãC2Ãã“’ÄfÇ6RÃã33c3“ƒC3SsCƒ##RÃã33c3“ƒC3SsCƒ##RÃãSCCcc3“#3ƒ#CCBÃã#RÃãÄfÇ6RÃã#ScCC33Sƒ#RÃã#ScCC33Sƒ#RÃãCC“S“ƒ“#cc3ÃãÃãƒ2ÄfÇ6RÃãrÃãƒ‚ÄfÇ6RÃã#sssS#c“SsSbÃã#sssS#c“SsSbÃãSc##ss““cs#RÃã2Ããs’ÄfÇ6RÃÃÆV&Ç•ööæÇ•öF—66÷fW'’ÅG'VRÅG'VRÄfÇ6RÄfÇ6RÅG'VRÅG'VRÄfÇ6P¥DÃÄäôÄ3ÄäôÄ3ÄTå4scc“rÂÓã#SCsC#c3#c““Ãã#SCsC#c3#c““ÄfÇ6RÂÓãSscs“ƒs“ƒcS“ÃãSscs“ƒs“ƒcS“Ããƒc#3ƒ#Cccs2ÃãBÃãÄfÇ6RÃã"Ãã“‚ÄfÇ6RÂÓãSScSScCsc3ÃãSScSScCsc3Ãã““cs#3CCCcC2ÃãrÃã“‚ÄfÇ6RÂÓãsSƒƒCCCsƒS332ÃãsSƒƒCCCsƒS332ÃãC#S#CSCƒc“cƒCRÃãsrÃãÅG'VRÃã3bÃã“rÄfÇ6RÂÓã#“c3ƒƒ3sƒ“ƒ3"Ãã#“c3ƒƒ3sƒ“ƒ3"ÃãSc#CC#ccs“c“‚Ãã“ÃãÅG'VRÂÓãSC3ƒSC“SSS"ÃãSC3ƒSC“SSS"ÃãsS““CS33SSbÃãBÃãƒ‚ÄfÇ6RÃãBÃã“ÄfÇ6RÂÓãƒ“s#cCSScsƒ2Ããƒ“s#cCSScsƒ2ÃãC33CsSsSCCSƒbÃãBÃãÄfÇ6RÂÓã#SCsC#c3#c““bÃã#SCsC#c3#c““bÃãCsC3CƒC##C“cSscrÃãÃãƒÄfÇ6RÃãÃãƒRÄfÇ6RÂÓã#S“ƒSc“ƒCc#rÃã#S“ƒSc“ƒCc#rÃãCc“#s#“sccƒ3ƒCÃãÃã“BÄfÇ6RÃÃÆV&Ç•ööæÇ•öF—66÷fW'’ÅG'VRÅG'VRÄfÇ6RÄfÇ6RÅG'VRÅG'VRÄfÇ6P¤$4ÃÅE5òÅE5òÄTå4s3Ãã#S#ƒCS#S“cBÃã#S#ƒCS#S“cBÄfÇ6RÂÓã3C“#“CS##ƒrÃã3C“#“CS##ƒrÃãCC#S#C3Ssc#“32ÃãÃã“"ÄfÇ6RÃãÃãrÄfÇ6RÂÓãCCSC“#C““ƒ3sC“SRÃãCCSC“#C““ƒ3sC“SRÃãC#“3“s““c“ƒsS3BÃãÃã“BÄfÇ6RÂÓãC#Cƒ3“c“ss#"ÃãC#Cƒ3“c“ss#"Ãã##ƒSCƒ“s3“3rÃã“"ÃãÅG'VRÃãSrÃãÄfÇ6RÂÓãs“cC#C#Ss#S“#3bÃãs“cC#C#Ss#S“#3bÃãcƒs#C#s“ƒ3S3““bÃã“’ÃãÅG'VRÂÓãS#C#3ƒS“SSsC“C’ÃãS#C#3ƒS“SSsC“C’Ãã3Sƒ#““3“sƒS##BÃãÃãÄfÇ6RÃãÃã“RÄfÇ6RÂÓã3ƒ3“3ƒ3#c#“Sc“2Ãã3ƒ3“3ƒ3#c#“Sc“2Ãã“sS3ƒcC“sS3’ÃãRÃãÄfÇ6RÃã#S#ƒCS#S“cCÃã#S#ƒCS#S“cCÃãc“cC33CsSsSCCbÃãÃãƒRÄfÇ6RÃãÃãƒ"ÄfÇ6RÃãSC#C3S#ss##sS‚ÃãSC#C3S#ss##sS‚ÃãccC“3ƒ#scC“BÃãÃã“rÄfÇ6RÃÃÆV&Ç•ööæÇ•öF—66÷fW'’ÅG'VRÅG'VRÄfÇ6RÄfÇ6RÅG'VRÅG'VRÄfÇ6P¤tDÅDå$3‚ÅDå$3‚ÄTå4sƒ#“RÃã#C“ƒs“ƒcƒS“RÃã#C“ƒs“ƒcƒS“RÄfÇ6RÃã#ƒƒsc3c3ssSÃã#ƒƒsc3c3ssSÃã3C“#Ccƒ#c#3’ÃãBÃãƒ2ÄfÇ6RÃãÃãsrÄfÇ6RÃãc3c#S#S#ƒ##s#rÃãc3c#S#S#ƒ##s#rÃãc3#3ssSSS##“RÃãÃãsbÄfÇ6RÂÓãƒcCƒ##C“SCƒ#“’ÃãƒcCƒ##C“SCƒ#“’ÃãCS##c33sCCƒSS“bÃã’ÃãÅG'VRÃãc2ÃãÄfÇ6RÂÓã#C#3cƒƒS3““Ãã#C#3cƒƒS3““ÃãCS##c33sCCƒSS“bÃã“’ÃãÅG'VRÂÓã#S“ƒ3C““#c’Ãã#S“ƒ3C““#c’Ãã“3Sƒ#Cc“3Sƒ#RÃãÃãcÄfÇ6RÃãÃãSBÄfÇ6RÂÓãsCCs3ƒƒ3csCƒC‚ÃãsCCs3ƒƒ3csCƒC‚ÃãcCSƒcƒcSSc“#s2ÃãÃãs’ÄfÇ6RÃã#C“ƒs“ƒcƒS“SBÃã#C“ƒs“ƒcƒS“SBÃãSscƒsSSƒ#““3’ÃãÃãƒbÄfÇ6RÃãÃãƒ2ÄfÇ6RÃã3ƒsc“ƒ““ƒcscBÃã3ƒsc“ƒ““ƒcscBÃãCs#S3c3ScS“ƒÃãÃã‚ÄfÇ6RÃÃÆV&Ç•ööæÇ•öF—66÷fW'’ÅG'VRÅG'VRÄfÇ6RÄfÇ6RÅG'VRÅG'VRÄfÇ6P¤´ÄcÄE$ÄE$ÄTå4ssSSSÃã#CƒCSc#“#32Ãã#CƒCSc#“#32ÄfÇ6RÃãCƒƒc“#C##csc3BÃãCƒƒc“#C##csc3BÃã#3ƒsSƒs3#33c3“sBÃã’Ãã’ÄfÇ6RÃãBÃãƒRÄfÇ6RÃã33CS“s“s3sƒ"Ãã33CS“s“s3sƒ"ÃãC#c#SS3#Sc3RÃãÃãƒ‚ÄfÇ6RÃãc“#C3c“ƒcƒSc2Ããc“#C3c“ƒcƒSc2ÃãSSƒsSc#CC#ccÃãÃãsbÄfÇ6RÃãBÃãSbÄfÇ6RÃã3#ƒc““““s#“CSÃã3#ƒc““““s#“CSÃãs3#sSs#cCc“ÃãÃãcRÄfÇ6RÃã33Sƒs#3s“s“RÃã33Sƒs#3s“s“RÃãs#s#33“cS“#"ÃãsBÃãÅG'VRÃãcbÃãÄfÇ6RÃã““s““ss“CsƒRÃã““s““ss“CsƒRÃã3ssC##Cƒ#ƒbÃãBÃãÄfÇ6RÃã#CƒCSc#“#332Ãã#CƒCSc#“#332ÃãC#sSs#cCc“S3rÃã"Ããs’ÄfÇ6RÃãÃã‚ÄfÇ6RÃã3ƒs#“3““SCcS“RÃã3ƒs#“3““SCcS“RÃã#ƒsSSƒ#““3“sƒÃãbÃã“bÄfÇ6RÃÃÆF“ööæÇ•÷&WFW&Ö–æÅöF—66÷fW'’ÅG'VRÅG'VRÄfÇ6RÄfÇ6RÄfÇ6RÄfÇ6RÄfÇ6P¤´ÄcÅ$4Å$4ÄTå4sCSsRÃã#CƒScC#Cƒ“bÃã#CƒScC#Cƒ“bÄfÇ6RÂÓãc33“sCCƒ##SssbÃãc33“sCCƒ##SssbÃãC“3ƒ“C“3ƒScRÃãƒ"ÃãÅG'VRÃã“ÃãÅG'VRÂÓãcCSƒc##ƒƒ3#bÃãcCSƒc##ƒƒ3#bÃãƒSS“csƒ“cƒ3ƒBÃã“‚ÃãÅG'VRÂÓã#C#S“ƒC“ƒSs3ƒrÃã#C#S“ƒC“ƒSs3ƒrÃãCC“3ƒ#scC“3ƒ2ÃãÃãs’ÄfÇ6RÃãBÃãƒ2ÄfÇ6RÂÓãsS3#ƒs“cƒƒ32ÃãsS3#ƒs“cƒƒ32Ãã“c3#3s33ƒSCbÃãÃãÄfÇ6RÂÓãc#sCcsƒScSS‚Ããc#sCcsƒScSS‚Ãã“s3“3cƒ““ƒc#ƒ#S‚ÃãbÃã“‚ÄfÇ6RÃã‚Ãã“’ÄfÇ6RÂÓã“ƒCcCssƒSsRÃã“ƒCcCssƒSsRÃã3ƒ#CCs“c#"ÃãRÃãÄfÇ6RÃã#CƒScC#Cƒ“c2Ãã#CƒScC#Cƒ“c2ÃãC#ƒ#s33Sƒ“ƒRÃãÃãƒRÄfÇ6RÃãÃãs‚ÄfÇ6RÃã3cƒCCC#cS33S3#’Ãã3cƒCCC#cS33S3#’Ãã3S##c##sC3C‚ÃãÃã“"ÄfÇ6RÃÃÆV&Ç•ööæÇ•öF—66÷fW'’ÅG'VRÅG'VRÅG'VRÅG'VRÅG'VRÅG'VRÄfÇ6P¤$4ÃÅDcD"ÅDcD"ÄTå4sC3ƒBÂÓã#Cs##33CSsscrÃã#Cs##33CSsscrÄfÇ6RÃãCSƒƒ“#SC#C3S#S‚ÃãCSƒƒ“#SC#C3S#S‚ÃãsC#3SCƒƒSCC3ƒ"Ãã‚ÃãÅG'VRÃãƒ’ÃãÅG'VRÃãSs“ƒc“#3ƒƒSƒCBÃãSs“ƒc“#3ƒƒSƒCBÃã#C#ƒ3ccCSCcÃãƒrÃãÅG'VRÃã#sCcsCcSs##33ƒBÃã#sCcsCcSs##33ƒBÃã3333333333333332ÃãsÃãÅG'VRÃãC‚ÃãÄfÇ6RÃã3ssƒSsC3Sƒ“Ssc"Ãã3ssƒSsC3Sƒ“Ssc"ÃãCsCc##ss““cs"ÃãCBÃãÄfÇ6RÃã3ƒ#“s#“ScS#2Ãã3ƒ#“s#“ScS#2ÃãCƒƒcSƒC3c#3““RÃãÃãƒ’ÄfÇ6RÃãÃãƒRÄfÇ6RÃã#sƒcsCCƒS#C#srÃã#sƒcsCCƒS#C#srÃãƒc3SccS#“C“#CSbÃãÃãS’ÄfÇ6RÂÓã#Cs##33CSsscsƒ‚Ãã#Cs##33CSsscsƒ‚Ããc““ƒc#ƒ#SsƒƒsSrÃãÃãƒRÄfÇ6RÃãÃãsbÄfÇ6RÂÓãCS3#ƒ3“C““#ƒ3#ƒrÃãCS3#ƒ3“C““#ƒ3#ƒrÃãcƒCƒss“C“S“ƒ’ÃãÃã“RÄfÇ6RÃÃÆV&Ç•ööæÇ•öF—66÷fW'’ÅG'VRÅG'VRÅG'VRÅG'VRÅG'VRÅG'VRÄfÇ6P¤$4ÃÅ4U$c"Å4U$c"ÄTå4sC#cBÂÓã#Cc“ƒ#c3##‚Ãã#Cc“ƒ#c3##‚ÄfÇ6RÂÓãCc3CSsƒC“c#srÃãCc3CSsƒC“c#srÃãSƒ3s3ƒ#Cc“CsRÃã"ÃãÄfÇ6RÃã#2ÃãÄfÇ6RÂÓãƒƒScSccC#c#RÃãƒƒScSccC#c#RÃã#S3“CC#““c#“Ssƒ‚ÃãBÃãÄfÇ6RÂÓã3s3#3“#s#33cc2Ãã3s3#3“#s#33cc2Ãã#“ƒ“3#sƒCc3cCƒ‚ÃãsRÃãÅG'VRÃãc’ÃãÄfÇ6RÂÓã3S“CSsƒƒ3c##33s2Ãã3S“CSsƒƒ3c##33s2ÃãC“S“ƒ“#cc3ÃãBÃãÄfÇ6RÂÓã#33CcCcƒ“Cƒ2Ãã#33CcCcƒ“Cƒ2Ãã#Cc“3Sƒ#Cc“3S‚ÃãÃãÅG'VRÃãÃãÅG'VRÂÓã#“s“3S#c3ss“rÃã#“s“3S#c3ss“rÃãSsSCCSƒcƒcSSrÃãÃãÅG'VRÂÓã#Cc“ƒ#c3##ƒ‚Ãã#Cc“ƒ#c3##ƒ‚Ããs3ssC##Cƒ2ÃãÃãƒÄfÇ6RÃãÃãs"ÄfÇ6RÂÓã33Cc#3c“c##S“ƒRÃã33Cc#3c“c##S“ƒRÃãs“c#“c#“c#“c#“c2ÃãÃãƒ2ÄfÇ6RÃÃÇ&WFW&Ö–æÅööæÇ•öF—66÷fW'’ÅG'VRÅG'VRÅG'VRÅG'VRÅG'VRÅG'VRÄfÇ6P¤$4ÃÄ$#Ä$#ÄTå4sc#RÃã#CSSC333cƒ#CscBÃã#CSSC333cƒ#CscBÄfÇ6RÃã#ScCƒC3cCCƒs“BÃã#ScCƒC3cCCƒs“BÃã3C#ƒs“CCƒCƒBÃãS’ÃãÄfÇ6RÃãcRÃãÄfÇ6RÃãS#C“s#C“C“ƒbÃãS#C“s#C“C“ƒbÃã#cCsƒ#SC“CcSƒC2ÃãsRÃãÅG'VRÃã33Cƒ3ccSCs3RÃã33Cƒ3ccSCs3RÃã#sƒCc3cCƒƒ3C“"ÃãsrÃãÅG'VRÃãs"ÃãÅG'VRÃãc3ƒss“##CcCbÃãc3ƒss“##CcCbÃã#C“cSscCCsƒs“2ÃãƒBÃãÅG'VRÃãcs#C#SccSC#"Ããcs#C#SccSC#"Ãã#S3ƒcC“sS3ƒcC2ÃãÃã“rÄfÇ6RÃãÃã“rÄfÇ6RÃã“ƒ##S3Sƒcsc3rÃã“ƒ##S3Sƒcsc3rÃã##“sccƒ3ƒCƒss“ÃãÃãÄfÇ6RÃã#CSSC333cƒ#CscSbÃã#CSSC333cƒ#CscSbÃãs#Cc“3Sƒ#Cc“"ÃãÃãƒrÄfÇ6RÃãÃãsRÄfÇ6RÃãS3C“3s#S#SSs#ÃãS3C“3s#S#SSs#Ããc#cc33ssC2ÃãÃãÄfÇ6RÃÃÆV&Ç•ööæÇ•öF—66÷fW'’ÅG'VRÅG'VRÅG'VRÅG'VRÅG'VRÅG'VRÄfÇ6P¤´ÄcÅDÔTÓCÅDÔTÓCÄTå4s#CCƒrÂÓã#C3#cc3ƒcs#RÃã#C3#cc3ƒcs#RÄfÇ6RÃãCs“ƒƒs3cCƒ3RÃãCs“ƒƒs3cCƒ3RÃãSCƒss###3scƒ32Ããƒ2ÃãÅG'VRÃãcrÃãÄfÇ6RÃã3S“ƒ“sSƒ#“’Ãã3S“ƒ“sSƒ#“’Ãã#CCscSSƒS#ƒ2Ããs"ÃãÅG'VRÃã#cssSƒcƒ#“#“C3"Ãã#cssSƒcƒ#“#“C3"Ãã3cCc3SccS#“C“"Ãã2ÃãƒrÄfÇ6RÃã‚Ããs’ÄfÇ6RÃãcsSCCSCƒCƒƒƒ3rÃãcsSCCSCƒCƒƒƒ3rÃãcs“C#3ƒcƒ3#sSs2ÃãÃãƒÄfÇ6RÂÓã#C3s“ƒ3cCs“##ƒ2Ãã#C3s“ƒ3cCs“##ƒ2ÃãSC“S“ƒ“#cc3ÃãÃãs‚ÄfÇ6RÃãÃãsÄfÇ6RÂÓãƒ#3s“#3CSsƒ“3‚Ããƒ#3s“#3CSsƒ“3‚Ãã“CS33SScƒS‚Ãã"Ãã“’ÄfÇ6RÂÓã#C3#cc3ƒcs#SCRÃã#C3#cc3ƒcs#SCRÃãCCSCƒc“cƒCC““2ÃãÃãsRÄfÇ6RÃãBÃãƒÄfÇ6RÂÓãCSSS3“cS#sc3‚ÃãCSSS3“cS#sc3‚Ããcƒs#C#s“ƒ3S3““BÃãÃãc’ÄfÇ6RÃÃÆV&Ç•ööæÇ•öF—66÷fW'’ÅG'VRÅG'VRÄfÇ6RÄfÇ6RÅG'VRÅG'VRÄfÇ6P¥DÃÅ4Ä3#$BÅ4Ä3#$BÄTå4s“s#‚Ãã#Ccsscsƒs3’Ãã#Ccsscsƒs3’ÄfÇ6RÃãs“C“cS3C#sCÃãs“C“cS3C#sCÃã#C“c“3Scƒc3BÃãC"ÃãÄfÇ6RÃã#BÃã“’ÄfÇ6RÃãƒ33sƒƒCcs##BÃãƒ33sƒƒCcs##BÃã#3ƒ#Cccs3c’ÃãSÃãÄfÇ6RÃãsS#cc3Cs“3ÃãsS#cc3Cs“3ÃãSsSCCSƒcƒcSSrÃãs"ÃãÅG'VRÃã3’ÃãÄfÇ6RÃãSCSs“ƒCSs“rÃãSCSs“ƒCSs“rÃãCƒ“s3“3cƒ““ƒrÃãƒ’ÃãÅG'VRÃãcSc“SƒS3S3cBÃãcSc“SƒS3S3cBÃã3SccS#“C“#CSSCÃã"Ãã“rÄfÇ6RÃã‚Ãã“rÄfÇ6RÃãc““#ƒC#3C2Ããc““#ƒC#3C2ÃãS3##3S“3“cC33CrÃã3BÃãÄfÇ6RÃã#Ccsscsƒs3“ƒ2Ãã#Ccsscsƒs3“ƒ2ÃãC“cssƒƒ“3C"Ãã2ÃãsRÄfÇ6RÃãÃãc’ÄfÇ6RÃã#c3s#ƒs##c3rÃã#c3s#ƒs##c3rÃãCCsSsSCCSƒc’ÃãÃãƒÄfÇ6RÃÃÆV&Ç•ööæÇ•öF—66÷fW'’ÅG'VRÅG'VRÄfÇ6RÄfÇ6RÅG'VRÅG'VRÄfÇ6P¤$4ÃÅ¤D„„3BÅ¤D„„3BÄTå4ssSC‚Ãã#CSc#Sƒsƒ#3bÃã#CSc#Sƒsƒ#3bÄfÇ6RÃã##3“#3““Ss2Ãã##3“#3““Ss2Ããsƒ3S“3“ss##S“SrÃãÃãÅG'VRÃãÃãÅG'VRÃã#s#3ƒƒCs#““ƒ3ƒƒRÃã#s#3ƒƒCs#““ƒ3ƒƒRÃãcCc3c3cs#ƒSC“’ÃãÃãÅG'VRÃã#3CcS#“#“s3“CbÃã#3CcS#“#“s3“CbÃã#Cc“3Sƒ#Cc“3S‚ÃãÃãÅG'VRÃãÃãÅG'VRÃã##s“#CƒSC“sc3sbÃã##s“#CƒSC“sc3sbÃãc33ssC##RÃãÃãÅG'VRÃãƒs#3s3SS“sCrÃãƒs#3s3SS“sCrÃãCƒc“cƒCC““3C#’Ãã2ÃãÄfÇ6RÃã"ÃãÄfÇ6RÃãssS3ss#s““#SRÃãssS3ss#s““#SRÃã3#“Csƒs3s““s#ScrÃãÃãÄfÇ6RÃã#CSc#Sƒsƒ#3cc‚Ãã#CSc#Sƒsƒ#3cc‚Ããssƒƒ“3CS#2ÃãÃãsÄfÇ6RÃãÃãƒBÄfÇ6RÃã3“c3“##““RÃã3“c3“##““RÃã#“c“ƒ#cs3S#S3ssBÃãÃãÄfÇ6RÃÃÆV&Ç•ööæÇ•öF—66÷fW'’ÅG'VRÅG'VRÅG'VRÅG'VRÅG'VRÅG'VRÄfÇ6P¥DÃÄÕ”ƒÄÕ”ƒÄTå4s33#bÃã#3“3cSSS“S“rÃã#3“3cSSS“S“rÄfÇ6RÃãCƒ33“cƒ3C#cC“RÃãCƒ33“cƒ3C#cC“RÃãC#cƒsSƒsƒscRÃã’Ãã“2ÄfÇ6RÃãBÃã“RÄfÇ6RÃãCcsc#“#CƒCS3ƒ#RÃãCcsc#“#CƒCS3ƒ#RÃãS#Css“#ƒs“c‚ÃãÃã“‚ÄfÇ6RÃã“ƒs“#ƒ3c#“ƒCbÃã“ƒs“#ƒ3c#“ƒCbÃã3ssC##Cƒ#ƒS3Ãã“ÃãÅG'VRÃãc2ÃãÄfÇ6RÃã“#3Ss3cc3ƒcƒCc2Ãã“#3Ss3cc3ƒcƒCc2ÃãSƒ“c3#3s3BÃãrÃãÅG'VRÃãCS“““CC#“s#3ƒ‚ÃãCS“““CC#“s#3ƒ‚Ãã#“3CSc3sƒcƒ2ÃãbÃã“"ÄfÇ6RÃã‚Ãã“"ÄfÇ6RÃã3c#cCƒ3c“ƒƒ#cBÃã3c#cCƒ3c“ƒƒ#cBÃãCƒC##C“cSscCCs"ÃãÃãƒbÄfÇ6RÃã#3“3cSSS“S“srÃã#3“3cSSS“S“srÃãC““SƒƒCss3cc#SSrÃãÃãƒ2ÄfÇ6RÃã"ÃãsBÄfÇ6RÃã#cSsSSs#33s“s3s2Ãã#cSsSSs#33s“s3s2ÃãCC3c#3““sc“SCsbÃãÃã‚ÄfÇ6RÃÃÆV&Ç•ööæÇ•öF—66÷fW'’ÅG'VRÅG'VRÄfÇ6RÄfÇ6RÅG'VRÅG'VRÄfÇ6P¤td“"Ä´ÄcbÄ´ÄcbÄTå4scsƒ"ÂÓã#3sƒ#“#c3Sƒc’Ãã#3sƒ#“#c3Sƒc’ÄfÇ6RÂÓã##Ssƒƒ3s“c’Ãã##Ssƒƒ3s“c’Ãã#sSƒ“SƒCS#Cc#cÃãsÃãÅG'VRÃãC‚ÃãÄfÇ6RÂÓãC3Cc“cS#3sc‚ÃãC3Cc“cS#3sc‚ÃãƒS#S“3“cƒrÃãc2ÃãÄfÇ6RÂÓã“cC#S#cƒ’Ãã“cC#S#cƒ’Ãã#c##sC3CƒC##RÃã‚ÃãÅG'VRÃãSBÃãÄfÇ6RÂÓã“#“33“3S33“sS“’Ãã“#“33“3S33“sS“’Ãã#3““sc“SCs3#SÃãSrÃãÄfÇ6RÂÓã“ccsƒsƒSC#S“s"Ãã“ccsƒsƒSC#S“s"ÃãCC#ccs“c“ƒ#rÃã#"ÃãÄfÇ6RÃã#‚ÃãÄfÇ6RÂÓã#sƒ#3““Sc3“s‚Ãã#sƒ#3““Sc3“s‚Ãã3ƒCƒss“C“S“ƒ“BÃã3RÃãÄfÇ6RÂÓã#3sƒ#“#c3Sƒc“#‚Ãã#3sƒ#“#c3Sƒc“#‚Ããc33ƒƒ#3sƒ3#cBÃãÃãƒbÄfÇ6RÃãÃãƒ#ÄfÇ6RÂÓã#3S3#ƒ#s“sCRÃã#3S3#ƒ#s“sCRÃãssccƒ3ƒCƒss“RÃãÃãƒBÄfÇ6RÃÃÆV&Ç•ööæÇ•öF—66÷fW'’ÅG'VRÅG'VRÄfÇ6RÄfÇ6RÄfÇ6RÄfÇ6RÄfÇ6P¤´ÄcÄ$„tRÄ$„tRÄTå4ssSƒƒBÂÓã#3sC““ScƒsC3BÃã#3sC““ScƒsC3BÄfÇ6RÂÓãcCCC“S3Scƒ“c“2ÃãcCCC“S3Scƒ“c“2Ãã“#cS#“ScS“ƒ“2ÃãÃã“rÄfÇ6RÃã‚Ãã“RÄfÇ6RÂÓã3“SƒCCs#Cc“S2Ãã3“SƒCCs#Cc“S2ÃãcSSƒCSs“S33c2Ããƒ‚ÃãÅG'VRÂÓãc#c3S3S#cS3ƒ#ƒ2Ããc#c3S3S#cS3ƒ#ƒ2ÃãCƒƒ3C“#C3ƒ“SsBÃã#RÃã“’ÄfÇ6RÃã’ÃãÄfÇ6RÂÓã##“#SC#cc““RÃã##“#SC#cc““RÃã##sC3CƒC##C“cSbÃãƒÃãÅG'VRÂÓãS33sCcScsSƒrÃãS33sCcScsSƒrÃãSsc3cƒs#C#s“ƒBÃãsrÃãÅG'VRÃãsbÃãÅG'VRÂÓãss3##s“#““#crÃãss3##s“#““#crÃã#cs3S#S3ss##“‚Ããs‚ÃãÅG'VRÂÓã#3sC““ScƒsC3CS2Ãã#3sC““ScƒsC3CS2ÃãCCcc3“#3ƒ#CCrÃãÃãs’ÄfÇ6RÃã"Ãã‚ÄfÇ6RÂÓãsƒscƒc#C3#rÃãsƒscƒc#C3#rÃãc“cS“##ƒSC‚ÃãÃãs‚ÄfÇ6RÃÃÆF“ööæÇ•÷&WFW&Ö–æÅöF—66÷fW'’ÅG'VRÅG'VRÅG'VRÅG'VRÅG'VRÅG'VRÄfÇ6P¤ädS"Å4Ä3$Å4Ä3$ÄTå4ss3“BÃã#3sSƒƒƒ“ƒƒC3’Ãã#3sSƒƒƒ“ƒƒC3’ÄfÇ6RÃãcCcƒCs3C#“s##bÃãcCcƒCs3C#“s##bÃãcc#sCsCc33’Ãã#rÃã“‚ÄfÇ6RÃã"Ãã“’ÄfÇ6RÃãc“3“Sƒƒc333“rÃãc“3“Sƒƒc333“rÃãCssC3sCcCcs#s“RÃã#"ÃãÄfÇ6RÃã3C#c3sc“S##2Ãã3C#c3sc“S##2Ãã#CC3s#s#33“cRÃã"Ãã“2ÄfÇ6RÃã"Ããƒ"ÄfÇ6RÃãcc“sc3SCƒ“c‚Ããcc“sc3SCƒ“c‚ÃãcƒCC““3C#ƒ“C3‚Ãã#BÃãÄfÇ6RÃãƒ#ƒSC3cssRÃãƒ#ƒSC3cssRÃã“c#“Csƒs3s““s2Ãã“’ÃãÅG'VRÃã“‚ÃãÅG'VRÃã#Sƒc#ƒ“CSƒƒ3#RÃã#Sƒc#ƒ“CSƒƒ3#RÃã“s3“3cƒ““ƒc#ƒ#bÃãÃãÅG'VRÃã#3sSƒƒƒ“ƒƒC3“BÃã#3sSƒƒƒ“ƒƒC3“BÃãSCS#csCƒ“s“3C"Ãã"Ãã‚ÄfÇ6RÃã"Ããs‚ÄfÇ6RÃã#sSs3ƒƒscƒCCsÃã#sSs3ƒƒscƒCCsÃãs3SccS#“C“#CSSC"ÃãÃãc’ÄfÇ6RÃÃÆF“ööæÇ•÷&WFW&Ö–æÅöF—66÷fW'’ÅG'VRÅG'VRÅG'VRÅG'VRÅG'VRÅG'VRÄfÇ6P¤$4ÃÄd„D3Äd„D3ÄTå4s3sCcÃã#3C3ss3C3sCrÃã#3C3ss3C3sCrÄfÇ6RÃã#cCS“3#sƒ"Ãã#cCS“3#sƒ"Ãã3CS#s3s“c3BÃãCbÃãÄfÇ6RÃãS2ÃãÄfÇ6RÃãCƒ#Ssƒc#“S““3ƒCRÃãCƒ#Ssƒc#“S““3ƒCRÃã#“ssƒƒsc3ƒ“s“C2ÃãbÃãÄfÇ6RÃãCsSSccƒƒScs#2ÃãCsSSccƒƒScs#2Ããƒ3ƒ3CC3s#s#3BÃã“2ÃãÅG'VRÃãƒÃãÅG'VRÃã#3s“ƒss#3scƒBÃã#3s“ƒss#3scƒBÃãSsc3cƒs#C#s“ƒBÃãÃãÅG'VRÃã“#S“s3#C#‚Ãã“#S“s3#C#‚Ãã“s3“3cƒ““ƒc#ƒ#RÃã“BÃãÅG'VRÃã“‚ÃãÅG'VRÃã#cCƒCSSCc#CƒsS#rÃã#cCƒCSSCc#CƒsS#rÃãC#S#CSCƒc“cƒBÃã“’ÃãÅG'VRÃã#3C3ss3C3sC‚Ãã#3C3ss3C3sC‚ÃãsSƒ“c3#3s3BÃãÃãƒ2ÄfÇ6RÃãÃã‚ÄfÇ6RÃã““s3sS#cƒSCcÃã““s3sS#cƒSCcÃã“3C“s“C#3ƒcƒ3#‚ÃãÃãS’ÄfÇ6RÃÃÇ&WFW&Ö–æÅööæÇ•öF—66÷fW'’ÅG'VRÅG'VRÅG'VRÅG'VRÅG'VRÅG'VRÄfÇ6P¤$4ÃÄ4Cc2Ä4Cc2ÄTå4s3SCBÂÓã#3C#33ƒcSs#rÃã#3C#33ƒcSs#rÄfÇ6RÂÓãSƒSscSc3C#Cs#rÃãSƒSscSc3C#Cs#rÃãS#C#CSc“ƒ““ƒRÃã“‚ÃãÅG'VRÃãƒ‚ÃãÅG'VRÂÓã#cCc“ssC“ƒS‚Ãã#cCc“ssC“ƒS‚Ãã“3#“#cƒ3“SbÃã“’ÃãÅG'VRÂÓã3“#s33“3Cƒƒ#2Ãã3“#s33“3Cƒƒ#2Ãã#3s33ƒSCS“S33bÃãƒ"ÃãÅG'VRÃãsRÃãÅG'VRÂÓã#s#SCcS#3ss3srÃã#s#SCcS#3ss3srÃãs“c“ƒ#cs3S#S3rÃãÃãÅG'VRÂÓãS“sCsC#3##C#3ÃãS“sCsC#3##C#3Ãã#cƒƒcCSCCcc3“#BÃãsRÃãÅG'VRÃãsRÃãÅG'VRÂÓã333#S“CcSrÃã333#S“CcSrÃãCcc3“#3ƒ#CCsÃãÃãÅG'VRÂÓã#3C#33ƒcSs#s"Ãã#3C#33ƒcSs#s"ÃãsSc3sƒcƒ#3CbÃãÃãs’ÄfÇ6RÃãÃãsbÄfÇ6RÂÓã3Sc#c#ƒ3ƒsSCcs’Ãã3Sc#c#ƒ3ƒsSCcs’ÃãsSCs3#S#ƒƒcS’ÃãÃãƒrÄfÇ6RÃÃÇ&WFW&Ö–æÅööæÇ•öF—66÷fW'’ÅG'VRÅG'VRÅG'VRÅG'VRÅG'VRÅG'VRÄfÇ6P¤$4ÃÄE42ÄE42ÄTå4s33cSrÃã#3##ƒƒ3#3Scƒ"Ãã#3##ƒƒ3#3Scƒ"ÄfÇ6RÃãCsssƒSƒƒ33ssƒRÃãCsssƒSƒƒ33ssƒRÃãcc3Scsƒs“SCBÃãƒrÃãÅG'VRÃãƒ"ÃãÅG'VRÃãs“ƒ3S#“#s“S#“s‚Ããs“ƒ3S#“#s“S#“s‚Ããcƒƒsssc“sC‚Ãã“rÃãÅG'VRÃãCƒ““ƒS3“#S“’ÃãCƒ““ƒS3“#S“’Ãã3SSSSSSSSSSSSSSSrÃãÃã“rÄfÇ6RÃã"Ãã’ÄfÇ6RÂÓã#3c3s3“SccC3#RÃã#3c3s3“SccC3#RÃãs“3#sƒCc3cCƒƒ3BÃãÃãcc“““““““““““““’ÄfÇ6RÃã#s#“CƒS#S3BÃã#s#“CƒS#S3BÃãc3““sc“SCs3#S"ÃãÃãs‚ÄfÇ6RÃãÃãƒBÄfÇ6RÂÓã3SCS“CcCccs“BÃã3SCS“CcCccs“BÃãc#ƒ#SsƒƒsSsCcrÃãÃãƒ’ÄfÇ6RÃã#3##ƒƒ3#3Scƒ#bÃã#3##ƒƒ3#3Scƒ#bÃãsƒc““SƒƒCss3rÃãÃãcBÄfÇ6RÃãÃãsbÄfÇ6RÃãƒSsƒCc#ccƒsCƒ‚ÃãƒSsƒCc#ccƒsCƒ‚Ãã3“#C3ƒ“SsCsS““CbÃãÃãÄfÇ6RÃÃÆV&Ç•ööæÇ•öF—66÷fW'’ÅG'VRÅG'VRÅG'VRÅG'VRÅG'VRÅG'VRÄfÇ6P¤$4ÃÅ”Å”ÄTå4s“c#c"Ãã#3ƒ3ƒ#ƒcsRÃã#3ƒ3ƒ#ƒcsRÄfÇ6RÂÓãs3“ƒ#3Cc##S"Ããs3“ƒ#3Cc##S"ÃãCCƒScc33#ƒ3#“"Ãã’ÃãÄfÇ6RÃãbÃã“’ÄfÇ6RÂÓãƒS3CC“SS#CƒsƒCÃãƒS3CC“SS#CƒsƒCÃã3C3“sc“SSsƒRÃãBÃã“’ÄfÇ6RÂÓãƒSs3CcSScƒ"ÃãƒSs3CcSScƒ"Ãã#cc33ssC"ÃãRÃãÄfÇ6RÃãÃãÄfÇ6RÂÓãƒ33##S3sc“ƒƒBÃãƒ33##S3sc“ƒƒBÃãs#ƒ3“Scs#ƒ3“RÃã2ÃãÄfÇ6RÂÓãs“ccCs##scSrÃãs“ccCs##scSrÃãƒ“3CS##c33sBÃãƒRÃãÅG'VRÃãƒrÃãÅG'VRÂÓã#cƒC#ƒcscSsC"Ãã#cƒC#ƒcscSsC"Ãã3SScƒSƒsSc"ÃãsbÃãÅG'VRÃã#3ƒ3ƒ#ƒcsCRÃã#3ƒ3ƒ#ƒcsCRÃãsƒ#CCs“c#’ÃãÃãsbÄfÇ6RÃãÃãƒ2ÄfÇ6RÃã#cƒƒƒS#3“cCsCrÃã#cƒƒƒS#3“cCsCrÃã#cƒSƒsSc#CC"ÃãÃãÄfÇ6RÃÃÆF“ööæÇ•÷&WFW&Ö–æÅöF—66÷fW'’ÅG'VRÅG'VRÅG'VRÅG'VRÅG'VRÅG'VRÄfÇ6P¤tDÅ4Ô”ÓrÅ4Ô”ÓrÄTå4s#CCbÃã##“3#C#C“3##Ãã##“3#C#C“3##ÄfÇ6RÃã##Csc3s“3scƒC#rÃã##Csc3s“3scƒC#rÃãCSs““sƒ#3sCrÃãƒrÃãÅG'VRÃãƒRÃãÅG'VRÃã#ƒc#ƒc3ƒ“cscƒBÃã#ƒc#ƒc3ƒ“cscƒBÃãCSs““sƒ#3sCrÃãƒ’ÃãÅG'VRÃãcScS““ƒC#S#ssS‚ÃãcScS““ƒC#S#ssS‚Ãã“sƒS##c##sCBÃãÃãS’ÄfÇ6RÃã"ÃãSBÄfÇ6RÃã3ƒSc3Cc“ƒcc3cSSÃã3ƒSc3Cc“ƒcc3cSSÃãƒƒCƒss“C“S“ƒ’ÃãÃãcÄfÇ6RÂÓãƒ3sƒ#c3C#sSƒ’Ããƒ3sƒ#c3C#sSƒ’Ããƒ3csc#cƒƒcCSCRÃãS"Ãã“’ÄfÇ6RÃãC‚ÃãÄfÇ6RÂÓã“ƒƒsss3CSsƒ“’Ãã“ƒƒsss3CSsƒ“’Ããƒs“#ƒcc“CS’ÃãCRÃãÄfÇ6RÃã##“3#C#C“3##bÃã##“3#C#C“3##bÃãSCsS““CS33SRÃãÃãs2ÄfÇ6RÃãÃã‚ÄfÇ6RÃã#C“SsCƒs“3SccbÃã#C“SsCƒs“3SccbÃãSs““cs#S3c3bÃãÃãs‚ÄfÇ6RÃÃÆV&Ç•ööæÇ•öF—66÷fW'’ÅG'VRÅG'VRÅG'VRÅG'VRÅG'VRÅG'VRÄfÇ6P¤$4ÃÅ4ƒ4$u$Ã2Å4ƒ4$u$Ã2ÄTå4sC#cc’ÂÓã##“ƒCCƒSCbÃã##“ƒCCƒSCbÄfÇ6RÂÓã#Cc#“S““#CS2Ãã#Cc#“S““#CS2Ãã#“SƒƒCƒ“SCs32ÃãÃãÅG'VRÃãÃãÅG'VRÂÓã#sS““S33SsÃã#sS““S33SsÃãS“#333cS3CSBÃãÃãÅG'VRÂÓãƒSC3#C3Ccsƒ3BÃãƒSC3#C3Ccsƒ3BÃãScC#S#CSCƒrÃã3’ÃãÄfÇ6RÃã#ÃãÄfÇ6RÂÓãs“ss“ƒ“S3s3C‚Ããs“ss“ƒ“S3s3C‚Ãã#cs3S#S3ss##“‚Ãã“RÃãÅG'VRÂÓãcƒ#3#C33S3SBÃãcƒ#3#C33S3SBÃã#CCSƒcƒcSSc“#s"ÃãÃã“‚ÄfÇ6RÃãÃã“bÄfÇ6RÂÓãS“CCSSCs“C“‚ÃãS“CCSSCs“C“‚Ãã“ƒscSC3#“ƒscSC2ÃãrÃãÄfÇ6RÂÓã##“ƒCCƒSCsÃã##“ƒCCƒSCsÃãs#3ƒ#CCs“c"ÃãÃãƒ2ÄfÇ6RÃãÃãsBÄfÇ6RÂÓã#SƒS#c3ƒ#s“"Ãã#SƒS#c3ƒ#s“"Ãã##ScSSssS3C#“3RÃãÃãÄfÇ6RÃÃÆV&Ç•ööæÇ•öF—66÷fW'’ÅG'VRÅG'VRÅG'VRÅG'VRÅG'VRÅG'VRÄfÇ6P¤´ÄcÄ…5BÄ…5BÄTå4sscbÃã##s#c“s“cSscƒ‚Ãã##s#c“s“cSscƒ‚ÄfÇ6RÃãSsS“ƒ#c3ƒcƒC‚ÃãSsS“ƒ#c3ƒcƒC‚ÃãƒcS3“#S“#cS#’ÃãÃãS‚ÄfÇ6RÃãÃãSrÄfÇ6RÃãssS#sssƒ#sRÃãssS#sssƒ#sRÃãs““##s“s##’ÃãÃãs2ÄfÇ6RÂÓã3C“Cs3ƒ#s3SƒrÃã3C“Cs3ƒ#s3SƒrÃãc3““sc“SCs3#SÃã"ÃãcS“““““““““““““’ÄfÇ6RÃãBÃãsÄfÇ6RÂÓãS#C333ƒS“3sƒ3ƒƒBÃãS#C333ƒS“3sƒ3ƒƒBÃã#cS“ƒs“ScC#bÃã"Ãã“‚ÄfÇ6RÂÓã#Cc#s33ƒCcCc2Ãã#Cc#s33ƒCcCc2ÃãCS##c33sCCƒSbÃãs‚ÃãÅG'VRÃãs2ÃãÅG'VRÂÓã“s3Sƒc3ƒ‚Ãã“s3Sƒc3ƒ‚Ãã#ƒ“C3sSƒSs33ƒƒ#ÃãƒrÃãÅG'VRÃã##s#c“s“cSscƒƒÃã##s#c“s“cSscƒƒÃãCcSscCCsƒs“#ƒrÃãÃãs’ÄfÇ6RÃã"ÃãsÄfÇ6RÃã#“#C“#ƒs#Cs“"Ãã#“#C“#ƒs#Cs“"ÃãC#ƒ“C3sSƒSs33ƒƒRÃãÃãƒrÄfÇ6RÃÃÆF“ööæÇ•÷&WFW&Ö–æÅöF—66÷fW'’ÅG'VRÅG'VRÅG'VRÅG'VRÅG'VRÅG'VRÄfÇ6P¤tDÅ5”ä5$•Å5”ä5$•ÄTå4s3S3bÃã##SCƒS#S“#“srÃã##SCƒS#S“#“srÄfÇ6RÃãƒ#3cS“cƒsBÃãƒ#3cS“cƒsBÃãc“s““Ccc3“ÃãBÃãcrÄfÇ6RÃã"ÃãsÄfÇ6RÃãƒƒCƒs#3S3ss“3‚ÃãƒƒCƒs#3S3ss“3‚ÃãSCsC“#s#C#‚Ãã2ÃãsBÄfÇ6RÂÓãsC#3C“3“sC3“s“rÃãsC#3C“3“sC3“s“rÃã#sC3CƒC##C“cSsc"ÃãsrÃãÅG'VRÃãBÃã“rÄfÇ6RÂÓã“3“SƒcSccƒrÃã“3“SƒcSccƒrÃã“s3“3cƒ““ƒc#ƒ#bÃãƒ’ÃãÅG'VRÃãs“ƒScsC“c“C“3"Ããs“ƒScsC“c“C“3"Ããs““sc“SCs3#S2Ãã"Ããc"ÄfÇ6RÃãÃãc2ÄfÇ6RÂÓã#ƒ3“ss#CSƒcCbÃã#ƒ3“ss#CSƒcCbÃãCScs“#3CScs“ÃãÃãƒÄfÇ6RÃã##SCƒS#S“#“ss#2Ãã##SCƒS#S“#“ss#2ÃãSSCCcc3“#3ƒ#CBÃãÃãsrÄfÇ6RÃãÃãc‚ÄfÇ6RÃã3SsccC#3c“s3Cc"Ãã3SsccC#3c“s3Cc"ÃãCSCƒc“cƒCC““3rÃãÃã’ÄfÇ6RÃÃÆV&Ç•ööæÇ•öF—66÷fW'’ÅG'VRÅG'VRÄfÇ6RÄfÇ6RÅG'VRÅG'VRÄfÇ6P¤ädS"ÄE"ÄE"ÄTå4ssSSBÂÓã##CCƒƒS#C33ƒbÃã##CCƒƒS#C33ƒbÄfÇ6RÂÓãsSƒ#ƒ3“s#cs2ÃãsSƒ#ƒ3“s#cs2Ãã3CƒCs#“ssƒƒscBÃã#RÃãÄfÇ6RÃã#"Ãã“BÄfÇ6RÂÓãsCccS“ƒCCc#c’ÃãsCccS“ƒCCc#c’Ãã3S#CSƒ3#sSs2Ãã#‚ÃãÄfÇ6RÂÓã#ƒScsssccƒS2Ãã#ƒScsssccƒS2Ãã3#“#ƒc““SƒƒCsrÃã“2ÃãÅG'VRÃãrÃãÅG'VRÂÓã##ƒ“c3“ƒSScSÃã##ƒ“c3“ƒSScSÃãc3SccS#“C“#CSSBÃã“‚ÃãÅG'VRÂÓãcCsƒs#sCc““c3‚ÃãcCsƒs#sCc““c3‚Ããc#“c#“c#“c#“c#“‚Ãã‚Ãã“‚ÄfÇ6RÃãbÃã“’ÄfÇ6RÂÓã3“#SSCCsC#“CrÃã3“#SSCCsC#“CrÃãCS##c33sCCƒRÃãrÃãÄfÇ6RÂÓã##CCƒƒS#C33ƒcc2Ãã##CCƒƒS#C33ƒcc2ÃãScC33CsSsSCCS‚ÃãÃãƒÄfÇ6RÃãÃãs‚ÄfÇ6RÂÓã“cc“ss“#ccc#SƒrÃã“cc“ss“#ccc#SƒrÃãcCS#csCƒ“s“3BÃãÃãrÄfÇ6RÃÃÆV&Ç•ööæÇ•öF—66÷fW'’ÅG'VRÅG'VRÅG'VRÅG'VRÅG'VRÅG'VRÄfÇ6P¤td“"ÄU$´ÄU$´ÄTå4sƒsSƒbÂÓã###3ƒƒSC333#RÃã###3ƒƒSC333#RÄfÇ6RÂÓãS33c3C#cƒCS“ƒ2ÃãS33c3C#cƒCS“ƒ2Ãã33“3“sƒS“sƒƒs"Ãã‚ÃãÄfÇ6RÃã"Ãã“bÄfÇ6RÂÓãCc3Scƒ#Css3#S“BÃãCc3Scƒ#Css3#S“BÃã#ƒcƒSc“scc““RÃã2Ãã“rÄfÇ6RÂÓã“3“#ƒ“cƒcƒ“3s2Ãã“3“#ƒ“cƒcƒ“3s2ÃãCSCCcc3“#3ƒ#CBÃãƒÃãÅG'VRÃãC2ÃãÄfÇ6RÂÓãcS3“ƒCsƒ3ƒƒÃãcS3“ƒCsƒ3ƒƒÃãs33Sƒ“ƒC“ƒ3rÃãÃãÄfÇ6RÂÓã3s3S#“#3ƒ“#c“bÃã3s3S#“#3ƒ“#c“bÃã3C#“3SS#ƒ#s32Ãã‚ÃãÅG'VRÃãƒBÃãÅG'VRÂÓã3C“cCƒcScS#’Ãã3C“cCƒcScS#’Ãã#3CScs“#3CScs’ÃãSRÃãÄfÇ6RÂÓã###3ƒƒSC333#SRÃã###3ƒƒSC333#SRÃãcSƒC3c#3““sc“RÃãÃãs‚ÄfÇ6RÃãÃãƒ2ÄfÇ6RÃãc#ƒsCcCc“S3rÃãc#ƒsCcCc“S3rÃã3ƒƒCss3cc#SSCBÃãÃã“‚ÄfÇ6RÃÃÇ&WFW&Ö–æÅööæÇ•öF—66÷fW'’ÅG'VRÅG'VRÅG'VRÅG'VRÄfÇ6RÄfÇ6RÄfÇ6P¤ädS"Åå$3Åå$3ÄTå4sCc#s‚Ãã#“sScc“3#3ƒcBÃã#“sScc“3#3ƒcBÄfÇ6RÂÓãƒsS3#s“#Ss“ƒrÃãƒsS3#s“#Ss“ƒrÃãS“C3“SCƒ““3bÃã2Ããs‚ÄfÇ6RÃã2ÃãsbÄfÇ6RÂÓãcsS“##““Ss33BÃãcsS“##““Ss33BÃãc#s“3#S#ƒ“CsrÃãÃãsBÄfÇ6RÃãS#“ƒSscƒ##ƒrÃãS#“ƒSscƒ##ƒrÃãƒSCƒ“s3“3c’ÃãbÃã“’ÄfÇ6RÃã"ÃãƒBÄfÇ6RÃãCc“S3#c3ƒCSBÃãCc“S3#c3ƒCSBÃãƒsSSƒ#““3“sƒBÃã’Ãã“bÄfÇ6RÃã3ƒ3#c“3c“ƒ#cƒS3bÃã3ƒ3#c“3c“ƒ#cƒS3bÃãƒ#3CS#csCƒ“s"ÃãsRÃãÅG'VRÃãsBÃãÅG'VRÃã3c3scƒƒCsc#“s"Ãã3c3scƒƒCsc#“s"ÃãcCsCc##ss““crÃã#’ÃãÄfÇ6RÃã#“sScc“3#3ƒcC“bÃã#“sScc“3#3ƒcC“bÃãSs#cCc“S3C“rÃãÃã‚ÄfÇ6RÃã"ÃãƒrÄfÇ6RÃãC3ƒCsSccƒ##ƒ’ÃãC3ƒCsSccƒ##ƒ’ÃãsS3C“s“C#3ƒcƒ3"ÃãÃãc’ÄfÇ6RÃÃÆF“ööæÇ•÷&WFW&Ö–æÅöF—66÷fW'’ÅG'VRÅG'VRÅG'VRÅG'VRÄfÇ6RÄfÇ6RÄfÇ6P¤´ÄcÄ„T%Ä„T%ÄTå4s3Sƒ2ÂÓã#scScCc#“3CsrÃã#scScCc#“3CsrÄfÇ6RÃã““cScƒCCƒ3C“‚Ãã““cScƒCCƒ3C“‚Ããc3ƒs“Cs3#c‚ÃãsBÃãÅG'VRÃãCRÃãÄfÇ6RÃãc3C3“S“S“ƒscbÃãc3C3“S“S“ƒscbÃãƒsƒ3S3“Sƒƒ“32Ãã“BÃãÅG'VRÃã333CƒSCCsC#3’Ãã333CƒSCCsC#3’Ãã#cSSc“#s#“sccƒ3rÃãÃã“2ÄfÇ6RÃãbÃãƒBÄfÇ6RÃãccƒCƒ“s“ƒ““#“c‚ÃãccƒCƒ“s“ƒ““#“c‚Ãã#SSCC3#“#ƒ‚Ãã’Ãã“’ÄfÇ6RÃãc#c#s“#C“3C3#’Ããc#c#s“#C“3C3#’Ãã“ƒ#cs3S#S3ss#2ÃãÃã“bÄfÇ6RÃã"Ãã“‚ÄfÇ6RÃãsCS3sCCSƒsSCsrÃãsCS3sCCSƒsSCsrÃã##“sccƒ3ƒCƒss“ÃãÃãÄfÇ6RÂÓã#scScCc#“3CscƒbÃã#scScCc#“3CscƒbÃãCƒscSC3#“ƒscSC2ÃãÃãƒ2ÄfÇ6RÃã"Ãã‚ÄfÇ6RÃã“C3“33scSsSBÃã“C3“33scSsSBÃã“SƒƒCss3cc#SSCBÃãÃãcRÄfÇ6RÃÃÆV&Ç•ööæÇ•öF—66÷fW'’ÅG'VRÅG'VRÄfÇ6RÄfÇ6RÅG'VRÅG'VRÄfÇ6P¤td“"ÄÔ”åÄÔ”åÄTå4sssƒ’Ãã#Cs33“C##ƒ“’Ãã#Cs33“C##ƒ“’ÄfÇ6RÃãƒ3#s#S3Cƒ3RÃãƒ3#s#S3Cƒ3RÃã“sCsSs#ss#SBÃãs2ÃãÅG'VRÃãrÃãÅG'VRÃãs“#C“S3“ƒcS2Ããs“#C“S3“ƒcS2Ãã“3Ss“3cccƒ“ƒrÃãs‚ÃãÅG'VRÃã“##SC3Ss#ƒRÃã“##SC3Ss#ƒRÃãSssS3C#“3SS#ƒÃãcbÃãÄfÇ6RÃãCrÃã“’ÄfÇ6RÃã3SCCcƒssCÃã3SCCcƒssCÃã3Sƒ#Cc“3Sƒ#CrÃãƒ2ÃãÅG'VRÃãCƒ#3Cƒ#ƒ‚ÃãCƒ#3Cƒ#ƒ‚ÃãsCs“c#“CsƒrÃãÃãs2ÄfÇ6RÃãÃãcBÄfÇ6RÃã“CC#CƒcS3S3BÃã“CC#CƒcS3S3BÃãccƒCC““3C#ƒ“C2ÃãÃãc’ÄfÇ6RÃã#Cs33“C##ƒ““RÃã#Cs33“C##ƒ““RÃãccƒ3ƒCƒss“C“bÃãÃãsbÄfÇ6RÃãÃãs’ÄfÇ6RÃãSC#CCƒ#S#ƒrÃãSC#CCƒ#S#ƒrÃãCS“3“cC33CsSsSrÃãÃãÄfÇ6RÃÃÆV&Ç•ööæÇ•öF—66÷fW'’ÅG'VRÅG'VRÅG'VRÅG'VRÅG'VRÅG'VRÄfÇ6P¤td“"Ää4ôrÄä4ôrÄTå4s“"ÂÓã#3ƒ3c#3#C#“ƒ2Ãã#3ƒ3c#3#C#“ƒ2ÄfÇ6RÂÓãcƒƒS“#sƒ#ƒ"ÃãcƒƒS“#sƒ#ƒ"Ããcs##CSƒC““ƒ#CRÃãƒÃãÅG'VRÃãs"ÃãÅG'VRÂÓã#SƒccSCƒS3rÃã#SƒccSCƒS3rÃãƒ3cƒssCƒcc#3cs“RÃãƒ’ÃãÅG'VRÃãcS“ƒCc“#srÃãcS“ƒCc“#srÃãcSƒ“c3#3s3"ÃãÃãƒBÄfÇ6RÃãÃãc‚ÄfÇ6RÃãCc“cc““CCC32ÃãCc“cc““CCC32ÃãƒƒCss3cc#SSCC2ÃãÃãS’ÄfÇ6RÂÓã3s#333C3#’Ãã3s#333C3#’Ãã3ƒ3“Scs#ƒ3“Sc2ÃãÃãƒ’ÄfÇ6RÃãÃãƒ2ÄfÇ6RÂÓãScsƒƒs“#C“c#BÃãScsƒƒs“#C“c#BÃã#ƒ“3CS##c3BÃãBÃã“BÄfÇ6RÂÓã#3ƒ3c#3#C#“ƒ3CrÃã#3ƒ3c#3#C#“ƒ3CrÃãccƒCC““3C#ƒ“C2ÃãÃãƒ‚ÄfÇ6RÃãÃãsrÄfÇ6RÂÓãsC#3ƒ3ƒ3#“3cƒ"ÃãsC#3ƒ3ƒ3#“3cƒ"Ãã“##“ƒ“3#sƒCc3rÃãÃãS“ÄfÇ6RÃÃÆV&Ç•ööæÇ•öF—66÷fW'’ÅG'VRÅG'VRÅG'VRÅG'VRÅG'VRÅG'VRÄfÇ6P¤´ÄcÄ…5CÄ…5CÄTå4sCC3ƒÂÓã#3c“csc“Sƒ#bÃã#3c“csc“Sƒ#bÄfÇ6RÃãSSscCsƒ““SS3“BÃãSSscCsƒ““SS3“BÃã#3““3CCs3CS3BÃã2Ãã“2ÄfÇ6RÃã#Ãã“‚ÄfÇ6RÃã““s“3#ƒS“3#“’Ãã““s“3#ƒS“3#“’ÃãCƒC#“3“s““c“ƒ‚Ãã32ÃãÄfÇ6RÂÓã““CC#c3ƒS“C‚Ãã““CC#c3ƒS“C‚ÃãC3ƒ“SsCsS““CS3RÃã“ÃãÅG'VRÃãƒÃãÅG'VRÂÓã3SƒSc#C#ƒ#scc#RÃã3SƒSc#C#ƒ#scc#RÃã3cƒs#C#s“ƒ3S3’Ãã“RÃãÅG'VRÂÓãSC““s“ƒS#ƒS#c3S"ÃãSC““s“ƒS#ƒS#c3S"ÃãCƒC##C“cSscCCrÃãÃãƒRÄfÇ6RÃãÃã“"ÄfÇ6RÂÓã3“33S3“s#3BÃã3“33S3“s#3BÃãCS#csCƒ“s“3CbÃã3’ÃãÄfÇ6RÂÓã#3c“csc“Sƒ#SsBÃã#3c“csc“Sƒ#SsBÃãC“cSscCCsƒs“#ƒbÃã"Ããs2ÄfÇ6RÃã"ÃãsbÄfÇ6RÃãScC“sC“Scs““cÃãScC“sC“Scs““cÃãƒƒcƒ#3CS#csC‚ÃãÃãcRÄfÇ6RÃÃÆV&Ç•ööæÇ•öF—66÷fW'’ÅG'VRÅG'VRÅG'VRÅG'VRÅG'VRÅG'VRÄfÇ6P¥DÃÄu•"Äu•"ÄTå4s#S3cÃã##“S3ƒss#3"Ãã##“S3ƒss#3"ÄfÇ6RÃãC#Cc“ƒƒ3Cs“‚ÃãC#Cc“ƒƒ3Cs“‚Ãã3s“33S“CCSƒ"Ãã“bÃãÅG'VRÃãƒrÃãÅG'VRÃãC3CcƒS“S3ƒ2ÃãC3CcƒS“S3ƒ2Ãã#3Cs3s#sS3CcC#BÃã“’ÃãÅG'VRÃã“ƒ3ƒ3cs“cBÃã“ƒ3ƒ3cs“cBÃã“c#“Csƒs3s““s2Ãã“ÃãÅG'VRÃãS2ÃãÄfÇ6RÃãS#sƒc“##CccbÃãS#sƒc“##CccbÃãSCƒc“cƒCC““3C2ÃãÃãÅG'VRÃãƒCƒcCss“3sSc“bÃãƒCƒcCss“3sSc“bÃã#csCƒ“s“3CSc3‚Ãã32Ãã“’ÄfÇ6RÃã3BÃãÄfÇ6RÃã#C“3ssSCƒS“3##ƒbÃã#C“3ssSCƒS“3##ƒbÃã#Cc“3Sƒ#Cc“3S‚ÃãÃãÅG'VRÃã##“S3ƒss#3#sBÃã##“S3ƒss#3#sBÃãSC“#CSSCƒ3ƒ3CRÃãÃãsRÄfÇ6RÃãÃãsbÄfÇ6RÃã##“sSƒ“#S33SbÃã##“sSƒ“#S33SbÃãScs#S3c3ScbÃãÃãƒbÄfÇ6RÃÃÆV&Ç•ööæÇ•öF—66÷fW'’ÅG'VRÅG'VRÅG'VRÅG'VRÅG'VRÅG'VRÄfÇ6P¤tDÄTÔBÄTÔBÄTå4s#’Ãã##Sƒ#sSƒƒssrÃã##Sƒ#sSƒƒssrÄfÇ6RÃãS#S3#Cƒ““srÃãS#S3#Cƒ““srÃãƒ#3Sƒƒ3ScC#sRÃãBÃã“bÄfÇ6RÃãrÃã“ÄfÇ6RÃãSƒcCƒc#““s“33ÃãSƒcCƒc#““s“33ÃãSc#C“C#SC3SbÃãRÃã“2ÄfÇ6RÃã3“Ssc33ƒBÃã3“Ssc33ƒBÃãcC“#CSSCƒ3ƒ3CBÃãÃãc’ÄfÇ6RÃãÃãcÄfÇ6RÃãCSs“C#ƒs3s2ÃãCSs“C#ƒs3s2ÃãcS##c##sC3CƒBÃãÃãc‚ÄfÇ6RÂÓã3#“s3cƒCC“rÃã3#“s3cƒCC“rÃã#sC3CƒC##C“cSscbÃãƒ’ÃãÅG'VRÃã“bÃãÅG'VRÂÓã3Cs#ccƒ““crÃã3Cs#ccƒ““crÃã“c#“Csƒs3s““s2Ãã“ÃãÅG'VRÃã##Sƒ#sSƒƒsssbÃã##Sƒ#sSƒƒsssbÃãSsscCc3SccS#“RÃãÃãƒ"ÄfÇ6RÃãÃãcBÄfÇ6RÃã#sCƒ#ƒcCcCc2Ãã#sCƒ#ƒcCcCc2ÃãS“3CSc3sƒcƒ2ÃãÃã‚ÄfÇ6RÃÃÆF“ööæÇ•÷&WFW&Ö–æÅöF—66÷fW'’ÅG'VRÅG'VRÅG'VRÅG'VRÅG'VRÅG'VRÄfÇ6P¤td“"Ä3“CRãÄ3“CRãÄTå4s#S“S3bÂÓã#sc##“#“3rÃã#sc##“#“3rÄfÇ6RÃã##s“3ƒ3ƒƒS“bÃã##s“3ƒ3ƒƒS“bÃãSsc#s#ƒC“C““#RÃãs’ÃãÅG'VRÃãsRÃãÅG'VRÃã#Sss3C##c2Ãã#Sss3C##c2ÃãƒSS“csƒ“cƒ3ƒBÃãs‚ÃãÅG'VRÃãs#ƒc#C“ƒ3C2Ããs#ƒc#C“ƒ3C2Ãã“sSc#CC#cc‚ÃãÃãSÄfÇ6RÃãÃãSBÄfÇ6RÃãC3CcCcSc“#s"ÃãC3CcCcSc“#s"Ããƒ“ƒ“3#sƒCc3cC’ÃãÃãcrÄfÇ6RÃãƒ3ƒs“SC3CCccBÃãƒ3ƒs“SC3CCccBÃãƒScƒSƒsSc#C"ÃãÃãSBÄfÇ6RÃãÃãc2ÄfÇ6RÃãcC“cƒSCCƒ“2ÃãcC“cƒSCCƒ“2ÃãƒƒC“ƒ3csc#cƒƒrÃãÃãSRÄfÇ6RÂÓã#sc##“#“3sÃã#sc##“#“3sÃãcs#ƒ3“Scs#ƒ3“RÃãÃãsbÄfÇ6RÃãÃãs’ÄfÇ6RÂÓã#CSSCcCS“s3“C"Ãã#CSSCcCS“s3“C"ÃãsC#ccs“c“ƒ#c‚ÃãÃãƒ’ÄfÇ6RÃÃÆV&Ç•ööæÇ•öF—66÷fW'’ÅG'VRÅG'VRÅG'VRÅG'VRÅG'VRÅG'VRÄfÇ6P¤´ÄcÄÔ$äÃ"ÄÔ$äÃ"ÄTå4s3“s“2Ãã##Cc“SSs2Ãã##Cc“SSs2ÄfÇ6RÂÓãScƒ“#3C#cCS#‚ÃãScƒ“#3C#cCS#‚Ãã3s“33S“CCSƒ"ÃãÃãÅG'VRÃã“bÃãÅG'VRÂÓã#ƒcCS3#ccc“‚Ãã#ƒcCS3#ccc“‚Ãã#Ssƒ“SCSƒ“cƒsBÃãÃãÅG'VRÂÓã#ƒC#Sƒ3#ƒ#cc#bÃã#ƒC#Sƒ3#ƒ#cc#bÃã33““CcS#Ssc2ÃãRÃãƒ’ÄfÇ6RÃãBÃãs‚ÄfÇ6RÂÓã###sƒ“ccBÃã###sƒ“ccBÃãSsƒs“#ƒcc“CRÃãÃãƒRÄfÇ6RÃã3“““CsCscƒ“’Ãã3“““CsCscƒ“’Ãã3“S3C“s“C#3ƒcƒ32ÃãÃã‚ÄfÇ6RÃã"ÃãsrÄfÇ6RÃã“ƒ#sCƒ3sSSƒƒ’Ãã“ƒ#sCƒ3sSSƒƒ’Ãã3#S#ƒƒcSƒC3bÃãRÃãÄfÇ6RÃã##Cc“SSs3CrÃã##Cc“SSs3CrÃãScƒSƒsSc#CBÃãÃãsbÄfÇ6RÃã2Ããƒ2ÄfÇ6RÃã#“#ƒcscc“C##rÃã#“#ƒcscc“C##rÃãS3sƒcƒ#3CS#c‚ÃãÃãs’ÄfÇ6RÃÃÆV&Ç•ööæÇ•öF—66÷fW'’ÅG'VRÅG'VRÅG'VRÅG'VRÅG'VRÅG'VRÄfÇ6P¤ädS"Ä„å$åÒÄ„å$åÒÄTå4s““sƒ2Ãã#Cs3S#“#ScrÃã#Cs3S#“#ScrÄfÇ6RÃãS###cC##3ssS3bÃãS###cC##3ssS3bÃãccCs#33##ƒS"Ãã"ÃãcRÄfÇ6RÃãÃãcBÄfÇ6RÃãcCCCƒS3ƒScsCƒ“rÃãcCCCƒS3ƒScsCƒ“rÃãc33C#####S#s“bÃãÃãSrÄfÇ6RÂÓãsƒSƒƒSsCC#3rÃãsƒSƒƒSsCC#3rÃãSc3sƒcƒ#3CS#‚ÃãcÃãÄfÇ6RÃãRÃã“’ÄfÇ6RÂÓã“Cs#csss3c“SSs#BÃã“Cs#csss3c“SSs#BÃãƒcSSc“#s#“sccƒBÃãc"ÃãÄfÇ6RÂÓãsc“S“ƒ“#Cs3cRÃãsc“S“ƒ“#Cs3cRÃãSƒ“c3#3s33ƒbÃã“rÃãÅG'VRÃã“‚ÃãÅG'VRÂÓã#SSsCSc33#3s#BÃã#SSsCSc33#3s#BÃãcs#ƒ3“Scs#ƒ3’Ãã“‚ÃãÅG'VRÃã#Cs3S#“#Scc“RÃã#Cs3S#“#Scc“RÃãSƒƒ3C“#C3ƒ“S‚ÃãÃãs‚ÄfÇ6RÃãÃãcrÄfÇ6RÃã#sƒSs#3#cc3cc#bÃã#sƒSs#3#cc3cc#bÃãCsCsS““CS33SRÃãÃãs‚ÄfÇ6RÃÃÆF“ööæÇ•÷&WFW&Ö–æÅöF—66÷fW'’ÅG'VRÅG'VRÅG'VRÅG'VRÅG'VRÅG'VRÄfÇ6P¤$4ÃÅ$ä%Å$ä%ÄTå4sCƒBÃã#“ss3S#3cc2Ãã#“ss3S#3cc2ÄfÇ6RÃãSs33Ssƒ“ƒS##rÃãSs33Ssƒ“ƒS##rÃã“3Ss“3cccƒ“ƒrÃã“ÃãÅG'VRÃã“2ÃãÅG'VRÃã““3“3s#s#CRÃã““3“3s#s#CRÃã“sCsSs#ss#SBÃã“‚ÃãÅG'VRÃã“Cƒccs#““3#ƒC’Ãã“Cƒccs#““3#ƒC’ÃãsƒCc3cCƒƒ3C“"ÃãrÃãÄfÇ6RÃãbÃãÄfÇ6RÃãCsccƒƒcSƒ33bÃãCsccƒƒcSƒ33bÃã3ss##“ƒ“3#sƒCbÃãcBÃãÄfÇ6RÃã“Sc3scC“3SC#2Ãã“Sc3scC“3SC#2Ãã“cS“##ƒSC‚Ãã’ÃãÄfÇ6RÃãbÃãÄfÇ6RÃã3SƒSS“SƒCc#ƒSÃã3SƒSS“SƒCc#ƒSÃãs“C“S“ƒ“#cc"ÃãÃãÄfÇ6RÃã#“ss3S#3cc332Ãã#“ss3S#3cc332ÃãsCS33SScƒS’ÃãÃãs’ÄfÇ6RÃãÃãsbÄfÇ6RÂÓãSs#“s#“ƒs“3ƒÃãSs#“s#“ƒs“3ƒÃãc3c#3““sc“SCs2ÃãÃã“bÄfÇ6RÃÃÆV&Ç•ööæÇ•öF—66÷fW'’ÅG'VRÅG'VRÅG'VRÅG'VRÅG'VRÅG'VRÄfÇ6P¤$4ÃÄÔô#"ÄÔô#"ÄTå4ss3SC"Ãã#ƒ3S“cC“32Ãã#ƒ3S“cC“32ÄfÇ6RÂÓãC#3s“3c#Sƒ3#“CRÃãC#3s“3c#Sƒ3#“CRÃã3Ss“3cccƒ“ƒcSSRÃãÃã“RÄfÇ6RÃãÃãs‚ÄfÇ6RÂÓãcƒSCƒƒcƒS3#“ƒbÃãcƒSCƒƒcƒS3#“ƒbÃã#cƒƒs“3Sƒ#Ãã"Ãã“‚ÄfÇ6RÃãcc3“cSCc“3ƒCrÃãcc3“cSCc“3ƒCrÃãs33ƒƒ#3sƒ3#cBÃãÃãÄfÇ6RÃã2ÃãÄfÇ6RÃãƒSs“#cs3sSC“#ƒ’ÃãƒSs“#cs3sSC“#ƒ’ÃãCC3#“#ƒc““bÃãÃãÄfÇ6RÃãS““cs#“Scc3ƒCRÃãS““cs#“Scc3ƒCRÃã#cc33ssC#Ããs‚ÃãÅG'VRÃãsÃãÅG'VRÃãs3““Sc3S#3#Cƒ"Ããs3““Sc3S#3#Cƒ"Ããcƒ““ƒc#ƒ#SsƒƒsS"Ãã"ÃãÄfÇ6RÃã#ƒ3S“cC“33“BÃã#ƒ3S“cC“33“BÃãsCƒ“s3“3cƒ““’ÃãÃãs’ÄfÇ6RÃãÃãƒ"ÄfÇ6RÂÓãC3Scƒ#“cC#“““SRÃãC3Scƒ#“cC#“““SRÃã“ƒ#3CS#csCƒ“sÃãÃãsRÄfÇ6RÃÃÆF“ööæÇ•÷&WFW&Ö–æÅöF—66÷fW'’ÅG'VRÅG'VRÅG'VRÅG'VRÄfÇ6RÄfÇ6RÄfÇ6P¤td“"ÄäDCÄäDCÄTå4s#sCƒÂÓã#c“c#sc3sƒƒrÃã#c“c#sc3sƒƒrÄfÇ6RÃã#s#sC““#3cs#Ãã#s#sC““#3cs#Ããƒ“C3ƒƒƒSCƒsBÃãsRÃãÅG'VRÃãc’ÃãÄfÇ6RÃãc#SscssC"Ããc#SscssC"ÃãCcs“cSC#s3Sc#“BÃãs"ÃãÅG'VRÃã3#cS“ƒC#cƒƒ32Ãã3#cS“ƒC#cƒƒ32Ãã3CS##c33sCC’ÃãBÃã“2ÄfÇ6RÃãRÃãƒbÄfÇ6RÃã3Sc3s##cS33c3srÃã3Sc3s##cS33c3srÃã#“3“sƒS##c#BÃãÃã“BÄfÇ6RÃã3sCs#C“ƒƒCƒ#SsRÃã3sCs#C“ƒƒCƒ#SsRÃã3s“#ƒcc“CSƒ’Ãã"Ãã’ÄfÇ6RÃã2Ãã’ÄfÇ6RÃãs3cSSc#cƒsC3rÃãs3cSSc#cƒsC3rÃãsCS##c33sCC‚ÃãÃãrÄfÇ6RÂÓã#c“c#sc3sƒƒscBÃã#c“c#sc3sƒƒscBÃãcƒc““SƒƒCss3cbÃãÃãs’ÄfÇ6RÃãÃã‚ÄfÇ6RÂÓãSsc##333ƒcC“2ÃãSsc##333ƒcC“2ÃãC3CScs“#3CScs’ÃãÃã“’ÄfÇ6RÃÃÆV&Ç•ööæÇ•öF—66÷fW'’ÅG'VRÅG'VRÄfÇ6RÄfÇ6RÅG'VRÅG'VRÄfÇ6P¥DÃÅDDDã2ÅDDDã2ÄTå4s#3sRÃã#cS33sƒs3c#"Ãã#cS33sƒs3c#"ÄfÇ6RÃãc“S“sƒ“3CBÃãc“S“sƒ“3CBÃãC“3ƒ“C“3ƒScRÃãsRÃãÅG'VRÃãsrÃãÅG'VRÃã#ƒ3c3CCSƒs3RÃã#ƒ3c3CCSƒs3RÃãCSs““sƒ#3sRÃãƒ2ÃãÅG'VRÂÓãƒs#ssC“cC“RÃãƒs#ssC“cC“RÃãsCc3SccS#“C“#BÃãÃãbÄfÇ6RÃãÃãS"ÄfÇ6RÂÓãCC“3SsƒƒƒƒC“SƒrÃãCC“3SsƒƒƒƒC“SƒrÃãƒsccƒ3ƒCƒss“RÃãÃãcS“““““““““““““’ÄfÇ6RÂÓãSƒccs“ƒƒ“SS"ÃãSƒccs“ƒƒ“SS"Ããcƒs#C#s“ƒ3S3“Ãã2Ãã“BÄfÇ6RÃãrÃã“bÄfÇ6RÂÓãS““sSSƒcScƒSBÃãS““sSSƒcScƒSBÃã#S3““CcS#SscRÃã2Ãã“RÄfÇ6RÃã#cS33sƒs3c##c"Ãã#cS33sƒs3c##c"ÃãSc#3““sc“SCs3"ÃãÃãs‚ÄfÇ6RÃãÃãsrÄfÇ6RÃã#Sƒ3CS“3“ScƒSƒ3rÃã#Sƒ3CS“3“ScƒSƒ3rÃãSSSssS3C#“3SS2ÃãÃãs‚ÄfÇ6RÃÃÆV&Ç•ööæÇ•öF—66÷fW'’ÅG'VRÅG'VRÅG'VRÅG'VRÅG'VRÅG'VRÄfÇ6P¤´ÄcÄT”cDs2ÄT”cDs2ÄTå4ssSSÂÓã#cCS3#S“#s‚Ãã#cCS3#S“#s‚ÄfÇ6RÂÓã##“3s333“3“sSC‚Ãã##“3s333“3“sSC‚ÃãS#S3ss#ƒƒ3C32ÃãÃãsRÄfÇ6RÃãÃãsbÄfÇ6RÂÓãs“S““sƒccSrÃãs“S““sƒccSrÃã“C#scCsc"Ãã"ÃãÄfÇ6RÂÓãscSs3s“c“c3c‚ÃãscSs3s“c“c3c‚Ãã#Ssc3cƒs#C#‚ÃãC‚ÃãÄfÇ6RÃã3bÃãÄfÇ6RÂÓã##s#ss#ƒ##ƒsÃã##s#ss#ƒ##ƒsÃã##c##sC3CƒC##BÃãƒRÃãÅG'VRÂÓã##Cs#c“s3ƒ‚Ãã##Cs#c“s3ƒ‚ÃãCƒ“s3“3cƒ““ƒrÃãƒÃãÅG'VRÃãsBÃãÅG'VRÂÓãƒ#ƒ“3#ƒ3“#ƒCSRÃãƒ#ƒ“3#ƒ3“#ƒCSRÃãcCc“S3C“s“C#BÃãƒBÃãÅG'VRÂÓã#cCS3#S“#sƒ#rÃã#cCS3#S“#sƒ#rÃãSƒ3csc#cƒƒcCbÃãÃãs’ÄfÇ6RÃãÃãsBÄfÇ6RÂÓãcsC“SsscCsCƒs3"ÃãcsC“SsscCsCƒs3"ÃãƒS33SScƒSƒrÃãÃãSRÄfÇ6RÃÃÆF“ööæÇ•÷&WFW&Ö–æÅöF—66÷fW'’ÅG'VRÅG'VRÅG'VRÅG'VRÅG'VRÅG'VRÄfÇ6P¤´ÄcÄd%„ó2Äd%„ó2ÄTå4sC#’Ãã#ccƒSsƒ#ƒ‚Ãã#ccƒSsƒ#ƒ‚ÄfÇ6RÃãSscƒC“sCƒS‚ÃãSscƒC“sCƒS‚Ããcs3cƒc3scs3#c"ÃãsbÃãÅG'VRÃãc2ÃãÄfÇ6RÃãS#S3““#“sS3rÃãS#S3““#“sS3rÃãC33CsS““CcC“CrÃãCBÃãÄfÇ6RÃãCƒcCs“33cSƒBÃãCƒcCs“33cSƒBÃãcccccccccccccccbÃã2Ãã“’ÄfÇ6RÃã’Ãã“"ÄfÇ6RÃãSSƒƒƒ#“SCCs““CBÃãSSƒƒƒ#“SCCs““CBÃãƒc#ƒ#SsƒƒsSsCrÃãÃã“rÄfÇ6RÃãSƒsƒSC#ccs#S““bÃãSƒsƒSC#ccs#S““bÃãsƒs“#ƒcc“CS"ÃãÃãƒ‚ÄfÇ6RÃãÃã“BÄfÇ6RÃãssCC“““SCCs2ÃãssCC“““SCCs2Ãã#Cc“S3C“s“C#3ƒ‚Ãã2Ãã“bÄfÇ6RÃã#ccƒSsƒ#ƒs“"Ãã#ccƒSsƒ#ƒs“"ÃãSÃãÃãs’ÄfÇ6RÃã2ÃãsÄfÇ6RÃã#33#cƒSSƒs“s"Ãã#33#cƒSSƒs“s"ÃãSc“cƒCC““3C#ƒ’ÃãÃãsÄfÇ6RÃÃÆV&Ç•ööæÇ•öF—66÷fW'’ÅG'VRÅG'VRÄfÇ6RÄfÇ6RÄfÇ6RÄfÇ6RÄfÇ6P¤´ÄcÄäµ$CÄäµ$CÄTå4scsS#"Ãã#S3c#SscCBÃã#S3c#SscCBÄfÇ6RÂÓãƒccs#3##“cCcC2Ããƒccs#3##“cCcC2ÃãsSCScccƒ#cs#S"ÃãrÃãÅG'VRÃãSrÃãÄfÇ6RÂÓã#3Cƒs33c33BÃã#3Cƒs33c33BÃã#c3CcƒsCScs“‚ÃãcBÃãÄfÇ6RÂÓã#“s3SS##SS3CbÃã#“s3SS##SS3CbÃã“c33ssC#2ÃãÃãSBÄfÇ6RÃãBÃãcÄfÇ6RÃã#C#“Cƒs“cS3ccsRÃã#C#“Cƒs“cS3ccsRÃãS3ƒ“SsCsS““CS2ÃãÃãƒrÄfÇ6RÃã##SCƒƒ“SƒƒRÃã##SCƒƒ“SƒƒRÃãSCCsƒs“#ƒcc“CÃãÃãs"ÄfÇ6RÃãÃãs‚ÄfÇ6RÃãƒƒc3SSCCƒccCCƒ32Ããƒƒc3SSCCƒccCCƒ32ÃãcSSssS3C#“3SS2ÃãÃãÄfÇ6RÃã#S3c#SscCC“‚Ãã#S3c#SscCC“‚ÃãS#sSs#cCc“RÃãÃãsBÄfÇ6RÃãÃãs2ÄfÇ6RÃãCC##s3CS#“3CBÃãCC##s3CS#“3CBÃã#S3ss##“ƒ“3#sƒBÃãÃã“RÄfÇ6RÃÃÆV&Ç•ööæÇ•öF—66÷fW'’ÅG'VRÅG'VRÄfÇ6RÄfÇ6RÄfÇ6RÄfÇ6RÄfÇ6P¤ädS"Ä4ÄÓÄ4ÄÓÄTå4s“ƒcc‚ÂÓã#3cs3ƒƒ3sS“’Ãã#3cs3ƒƒ3sS“’ÄfÇ6RÂÓãSƒ#3cs3“cc3ƒƒrÃãSƒ#3cs3“cc3ƒƒrÃã““CcC“Csƒcƒ3#"Ãã"Ãã“rÄfÇ6RÃã#2Ãã“’ÄfÇ6RÂÓãcScssSƒcsc3ƒ2ÃãcScssSƒcsc3ƒ2Ããs“c3sƒcS#scCCBÃã#2Ãã“‚ÄfÇ6RÃãcC“SCSƒƒS““sc2ÃãcC“SCSƒƒS““sc2Ããƒ#sSs#cCc“SBÃãÃãSrÄfÇ6RÃã2ÃãS2ÄfÇ6RÂÓãSS“csƒS3s#S3C‚ÃãSS“csƒS3s#S3C‚ÃãcS##c33sCCƒSS“crÃãÃãƒ#ÄfÇ6RÂÓãC3s“cSSƒsc“cRÃãC3s“cSSƒsc“cRÃãcƒSƒsSc#CC#cbÃãƒ’ÃãÅG'VRÃãsbÃãÅG'VRÂÓã#CƒsS3sƒ#33BÃã#CƒsS3sƒ#33BÃãc33ssC##RÃã“’ÃãÅG'VRÂÓã#3cs3ƒƒ3sS““2Ãã#3cs3ƒƒ3sS““2Ããc“#C3ƒ“SsCsbÃãÃãsRÄfÇ6RÃãÃãcs“““““““““““““’ÄfÇ6RÂÓãcSSƒƒ3“ƒCSC"ÃãcSSƒƒ3“ƒCSC"Ããcc3SccS#“C“#CSRÃãÃãƒÄfÇ6RÃÃÆF“ööæÇ•÷&WFW&Ö–æÅöF—66÷fW'’ÅG'VRÅG'VRÅG'VRÅG'VRÅG'VRÅG'VRÄfÇ6P¤$4ÃÅD”ÕÅD”ÕÄTå4s##cRÂÓã##ƒ“sc3C#bÃã##ƒ“sc3C#bÄfÇ6RÂÓã#s“3“3S3SccCƒc2Ãã#s“3“3S3SccCƒc2Ãã3s“33S“CCSƒ"ÃãÃãÅG'VRÃãÃãÅG'VRÂÓã3##3S“sƒCcBÃã3##3S“sƒCcBÃã3s“33S“CCSƒ"ÃãÃãÅG'VRÂÓãccƒƒs3ƒ#cƒ“ƒ#"Ããccƒƒs3ƒ#cƒ“ƒ#"Ãã““cs#S3c3SrÃã“‚ÃãÅG'VRÃã“BÃãÅG'VRÂÓã#C#ƒCC##S#C3“2Ãã#C#ƒCC##S#C3“2ÃãC#S#CSCƒc“cƒCRÃãÃãÅG'VRÂÓãs“ƒ““CS#S"Ããs“ƒ““CS#S"ÃãS3c3ScS“ƒs“SbÃãƒ2ÃãÅG'VRÃãƒRÃãÅG'VRÂÓã#ƒCSSscƒ“sSCƒSrÃã#ƒCSSscƒ“sSCƒSrÃãs#s#33“cS“#"ÃãÃãÅG'VRÂÓã##ƒ“sc3C#ccRÃã##ƒ“sc3C#ccRÃãsSScƒSƒsSc#BÃãÃã‚ÄfÇ6RÃãÃã‚ÄfÇ6RÂÓã3“3“ScCCcsƒƒrÃã3“3“ScCCcsƒƒrÃã““3#sƒCc3cCƒƒ3BÃãÃãc’ÄfÇ6RÃÃÇ&WFW&Ö–æÅööæÇ•öF—66÷fW'’ÅG'VRÅG'VRÅG'VRÅG'VRÅG'VRÅG'VRÄfÇ6P¥DÃÄ45”%Ä45”%ÄTå4sccÃã#ssSCc#cc2Ãã#ssSCc#cc2ÄfÇ6RÂÓã“““Cc“C“c"Ãã“““Cc“C“c"ÃãƒcC3c“#sC#CƒƒrÃãs"ÃãÅG'VRÃãS2Ãã“‚ÄfÇ6RÂÓã“Ss““C“3#C“CcRÃã“Ss““C“3#C“CcRÃã“sCsSs#ss#SBÃãcBÃãÄfÇ6RÂÓãSC“scsƒƒ3sc“#“"ÃãSC“scsƒƒ3sc“#“"Ãã3CC3s#s#33“c"Ãã#’Ãã“‚ÄfÇ6RÃã3"Ãã“‚ÄfÇ6RÂÓãsƒcƒ#CC#S“sbÃãsƒcƒ#CC#S“sbÃã3#sSs#cCc“SRÃãCBÃãÄfÇ6RÂÓãƒ##3#s#ƒ#sCscbÃãƒ##3#s#ƒ#sCscbÃãss#ƒ3“Scs#ƒ3“RÃãÃãcBÄfÇ6RÃãÃãcRÄfÇ6RÂÓãsSs#ccc#3“SSsƒ2ÃãsSs#ccc#3“SSsƒ2ÃãSƒcƒcSSc“#s#“rÃãBÃã“’ÄfÇ6RÃã#ssSCc#cc3RÃã#ssSCc#cc3RÃãSc““SƒƒCss3cc#SRÃã"Ããƒ2ÄfÇ6RÃãÃãc‚ÄfÇ6RÃã#cSs##S3“C“#Sc2Ãã#cSs##S3“C“#Sc2ÃãS333333333333332ÃãÃãs2ÄfÇ6RÃÃÆV&Ç•ööæÇ•öF—66÷fW'’ÅG'VRÅG'VRÄfÇ6RÄfÇ6RÄfÇ6RÄfÇ6RÄfÇ6P¤´ÄcÄÔD³2ÄÔD³2ÄTå4sScbÂÓã#3#“S3cCsC’Ãã#3#“S3cCsC’ÄfÇ6RÂÓãC#“C#sSsCSc“c‚ÃãC#“C#sSsCSc“c‚Ãã“Ccc3““ƒ“cÃãrÃãÅG'VRÃãc‚ÃãÄfÇ6RÂÓãCCSc3#ƒ“#ƒCBÃãCCSc3#ƒ“#ƒCBÃã3CCC“c““ƒ#cC’ÃãƒbÃãÅG'VRÂÓã#c“Cc3#3CC2Ãã#c“Cc3#3CC2Ãã3c“S3C“s“C#3ƒcbÃãÃã“#“““““““““““““’ÄfÇ6RÃãÃãs‚ÄfÇ6RÂÓãsƒƒ##“c“S“#s"Ããsƒƒ##“c“S“#s"Ããƒ“3#sƒCc3cCƒƒ3BÃã"ÃãÄfÇ6RÂÓã3#sc3C33sƒ3ƒ“RÃã3#sc3C33sƒ3ƒ“RÃãC#3CScs“#3CbÃãÃãƒrÄfÇ6RÃã"Ãã“"ÄfÇ6RÂÓãC#“cs“C3CBÃãC#“cs“C3CBÃãƒ“c3#3s33ƒSCrÃãÃãÄfÇ6RÂÓã#3#“S3cCsC“’Ãã#3#“S3cCsC“’ÃãS#“Csƒs3s““s#SbÃãÃãsRÄfÇ6RÃãÃãƒ#ÄfÇ6RÂÓãc““cSƒ“ƒCS“ƒsSRÃãc““cSƒ“ƒCS“ƒsSRÃãƒcSSssS3C#“3SRÃãÃãc"ÄfÇ6RÃÃÆV&Ç•ööæÇ•öF—66÷fW'’ÅG'VRÅG'VRÄfÇ6RÄfÇ6RÅG'VRÅG'VRÄfÇ6P¤´ÄcÄ”Dƒ"Ä”Dƒ"ÄTå4sƒ#SBÃã#CsCCƒssbÃã#CsCCƒssbÄfÇ6RÃãscs“#C3CsCc‚Ããscs“#C3CsCc‚ÃãCCSƒss3C“C3cCƒ“BÃã#’ÃãÄfÇ6RÃã3BÃãÄfÇ6RÃã#3SSs“CcSC2Ãã#3SSs“CcSC2ÃãCSƒ##Cs##ƒC3bÃã3"ÃãÄfÇ6RÃãƒccƒƒƒ3s#sƒƒ’Ããƒccƒƒƒ3s#sƒƒ’Ãã#ƒ“C3sSƒSs33ƒƒ#ÃãsBÃãÅG'VRÃãCrÃãÄfÇ6RÃã3c“3#3sƒ“3s#‚Ãã3c“3#3sƒ“3s#‚Ãã#sSs#cCc“S3RÃã“"ÃãÅG'VRÃãscSCScs“CC#ƒ#rÃãscSCScs“CC#ƒ#rÃãcC“sS3ƒcC“sSBÃã#BÃã“RÄfÇ6RÃãrÃã“’ÄfÇ6RÃãc#S3Cssƒ3rÃãc#S3Cssƒ3rÃã#c33sCCƒSS“css‚ÃãrÃãÅG'VRÃã#CsCCƒsscRÃã#CsCCƒsscRÃãS##############2Ãã"ÃãƒÄfÇ6RÃãÃãƒ"ÄfÇ6RÃãSSccc3ƒ3ƒSCS“cCBÃãSSccc3ƒ3ƒSCS“cCBÃã#“3SS#ƒ#s33RÃãÃãÄfÇ6RÃÃÆV&Ç•ööæÇ•öF—66÷fW'’ÅG'VRÅG'VRÄfÇ6RÄfÇ6RÅG'VRÅG'VRÄfÇ6P¤ädS"Ä%$C‚Ä%$C‚ÄTå4s#“ƒ2ÂÓã“cc“S“cSCSƒcRÃã“cc“S“cSCSƒcRÄfÇ6RÃãC3ƒƒ“sƒS#SƒcCS‚ÃãC3ƒƒ“sƒS#SƒcCS‚Ãã“ƒ“C3ƒƒƒSC’ÃãÃãS2ÄfÇ6RÃãÃãS2ÄfÇ6RÃãC3#s3##Ccƒ#s’ÃãC3#s3##Ccƒ#s’Ããƒ“s3s“c3ScS3rÃãÃãbÄfÇ6RÃã“#3cSSSCS#ƒ#’Ãã“#3cSSSCS#ƒ#’Ããcs#ƒ3“Scs#ƒ3’Ãã‚ÃãÅG'VRÃãbÃãÄfÇ6RÃã3##“3S#s3CbÃã3##“3S#s3CbÃã#Cƒ#ƒS3##3S“3“cRÃãƒrÃãÅG'VRÃãcsC3ƒ33““SCc##BÃãcsC3ƒ33““SCc##BÃãSCC3#“#ƒrÃã‚Ãã“‚ÄfÇ6RÃãRÃã“’ÄfÇ6RÃã3S#SS“s##cc#’Ãã3S#SS“s##cc#’Ãã33sCCƒSS“cssƒ"ÃãRÃãÄfÇ6RÂÓã“cc“S“cSCSƒcSRÃã“cc“S“cSCSƒcSRÃãc3““sc“SCs3#S"ÃãÃãcs“““““““““““““’ÄfÇ6RÃãÃãrÄfÇ6RÂÓãƒƒCsS“c333"ÃãƒƒCsS“c333"Ããc##sC3CƒC##C“bÃãÃãcS“““““““““““““’ÄfÇ6RÃÃÆV&Ç•ööæÇ•öF—66÷fW'’ÅG'VRÅG'VRÄfÇ6RÄfÇ6RÅG'VRÅG'VRÄfÇ6P¤td“"Ä4$”ãÄ4$”ãÄTå4s““““Ãã“cCCc“Ss‚Ãã“cCCc“Ss‚ÄfÇ6RÃã“c“#Sc“ƒ“C3ƒ3’Ãã“c“#Sc“ƒ“C3ƒ3’Ãã“SCsC“#s#2Ããs2ÃãÅG'VRÃãcrÃãÄfÇ6RÃã#ƒC3S#3ƒsSRÃã#ƒC3S#3ƒsSRÃãscƒ#ƒ“s3#ccScbÃãƒbÃãÅG'VRÃãCƒCƒSS““#c#ƒBÃãCƒCƒSS““#c#ƒBÃãCSCCcc3“#3ƒ#CBÃãbÃãÄfÇ6RÃã"Ãã“"ÄfÇ6RÃãCSsc3CƒSsƒc3“s3bÃãCSsc3CƒSsƒc3“s3bÃãƒ““ƒc#ƒ#SsƒƒsS‚Ãã"Ãã“‚ÄfÇ6RÃãc“#cs““#SƒbÃãc“#cs““#SƒbÃã#ƒ“C3sSƒSs33ƒƒ"ÃãrÃã“’ÄfÇ6RÃã#"Ãã“rÄfÇ6RÃãsSC3sS3s“ƒ“3#’ÃãsSC3sS3s“ƒ“3#’ÃãC#ccs“c“ƒ#crÃãÃãÄfÇ6RÃã“cCCc“Sss“rÃã“cCCc“Sss“rÃãc“cS“##ƒSC‚ÃãÃãsBÄfÇ6RÃãÃãsÄfÇ6RÃãCS#SSCƒƒCccsRÃãCS#SSCƒƒCccsRÃãS3ƒ“SsCsS““CS2ÃãÃã“RÄfÇ6RÃÃÆV&Ç•ööæÇ•öF—66÷fW'’ÅG'VRÅG'VRÄfÇ6RÄfÇ6RÅG'VRÅG'VRÄfÇ6P¤td“"ÅEãrÅEãrÄTå4sC3ƒSÃã“CƒƒS“#Cc"Ãã“CƒƒS“#Cc"ÄfÇ6RÂÓãC#ƒss3ssS3C3ÃãC#ƒss3ssS3C3Ãã#3cs“SsƒS3#3’ÃãÃã“#“““““““““““““’ÄfÇ6RÃã‚Ãã“bÄfÇ6RÂÓãcƒ3S“s#“Ss‚Ããcƒ3S“s#“Ss‚Ãã“C“S#“cCsC3’ÃãBÃãÄfÇ6RÂÓã“ƒs#“ƒ“CC#c#“CrÃã“ƒs#“ƒ“CC#c#“CrÃã#Cƒ#ƒS3##3S“3“bÃãƒbÃãÅG'VRÃãcBÃãÄfÇ6RÂÓã#C“Cc3CCcssrÃã#C“Cc3CCcssrÃãcCCsƒs“#ƒcc“CRÃã“bÃãÅG'VRÂÓãC##S#3CsCS##BÃãC##S#3CsCS##BÃã3s“c“ƒ#cs3S#SBÃã"Ãã“BÄfÇ6RÃã2Ãã“RÄfÇ6RÂÓãSssƒSScss#CSrÃãSssƒSScss#CSrÃã#“3CSc3sƒcƒ2ÃãÃã“rÄfÇ6RÃã“CƒƒS“#Cc#rÃã“CƒƒS“#Cc#rÃãc“ƒ“#cc33rÃãÃãrÄfÇ6RÃãÃãƒ2ÄfÇ6RÃã3CS“ƒc#“c#SS#2Ãã3CS“ƒc#“c#SS#2ÃãcCƒss“C“S“ƒ’ÃãÃãƒ’ÄfÇ6RÃÃÆV&Ç•ööæÇ•öF—66÷fW'’ÅG'VRÅG'VRÄfÇ6RÄfÇ6RÅG'VRÅG'VRÄfÇ6P¤ädS"Ä„5DcÄ„5DcÄTå4sS3#rÂÓã“3sCc“CCƒ“ƒrÃã“3sCc“CCƒ“ƒrÄfÇ6RÂÓãƒc““SCcCccS3‚Ããƒc““SCcCccS3‚ÃãsC“#ƒƒ#C#SSs2ÃãC"ÃãÄfÇ6RÃãCÃã“’ÄfÇ6RÂÓãƒCSC#3#ƒCs“ƒBÃãƒCSC#3#ƒCs“ƒBÃã“c“ƒ3#S#Ss#3c‚ÃãBÃãÄfÇ6RÂÓãsCCƒSCs##Sƒs“RÃãsCCƒSCs##Sƒs“RÃã#“Csƒs3s““s#ScS2Ãã“RÃãÅG'VRÃãsrÃãÅG'VRÂÓã#Ss“SCcSs2Ãã#Ss“SCcSs2ÃãS3C“s“C#3ƒcƒ3#‚Ãã“’ÃãÅG'VRÂÓãC“#C#“S#“#sScRÃãC“#C#“S#“#sScRÃã#ƒS##c##sC3CrÃãÃã“BÄfÇ6RÃãÃã“RÄfÇ6RÂÓãƒƒCccS“S3RÃãƒƒCccS“S3RÃã“#S“#S“#S“#S“#bÃãÃãÄfÇ6RÂÓã“3sCc“CCƒ“ƒc’Ãã“3sCc“CCƒ“ƒc’Ããc#3sƒ3#cCsCc2ÃãÃãc’ÄfÇ6RÃãÃãrÄfÇ6RÂÓã3ƒ33SƒCs#S“RÃã3ƒ33SƒCs#S“RÃãsSScƒSƒsSc"ÃãÃãsRÄfÇ6RÃÃÆV&Ç•ööæÇ•öF—66÷fW'’ÅG'VRÅG'VRÅG'VRÅG'VRÅG'VRÅG'VRÄfÇ6P¤td“"Å5E„%RÅ5E„%RÄTå4scCSbÂÓã“3cC“csC3“3Ãã“3cC“csC3“3ÄfÇ6RÂÓãSSCCSCc#c"ÃãSSCCSCc#c"ÃãcƒS“cSS#“s##“Ããs‚ÃãÅG'VRÃãC’ÃãÄfÇ6RÂÓãS##c3“ƒc3#3csBÃãS##c3“ƒc3#3csBÃã3#“#c3#s3C#Ss““‚Ãã“‚ÃãÅG'VRÂÓã3ƒ#3“ƒCSƒcS3SSbÃã3ƒ#3“ƒCSƒcS3SSbÃã#3ƒ“SsCsS““CS32ÃãbÃã“bÄfÇ6RÃãbÃã“#“““““““““““““’ÄfÇ6RÂÓãƒsS3#ssƒƒSSƒSs2ÃãƒsS3#ssƒƒSSƒSs2Ãã#ScSSssS3C#“3SbÃãSÃãÄfÇ6RÃã#c3scƒSCs#“#bÃã#c3scƒSCs#“#bÃãS3ƒ#CCs“c#ÃãÃãsbÄfÇ6RÃãÃãƒ2ÄfÇ6RÂÓãc“##SSƒ##c"Ããc“##SSƒ##c"Ããƒs“ScC#S#CSRÃãÃãc"ÄfÇ6RÂÓã“3cC“csC3“33bÃã“3cC“csC3“33bÃãc““ƒc#ƒ#SsƒƒsSrÃãÃãƒÄfÇ6RÃãÃãƒ#ÄfÇ6RÂÓã“ƒ“CS#c#cc#S“Ãã“ƒ“CS#c#cc#S“Ããs“#CSSCƒ3ƒ3CC2ÃãÃãsBÄfÇ6RÃÃÆV&Ç•ööæÇ•öF—66÷fW'’ÅG'VRÅG'VRÄfÇ6RÄfÇ6RÅG'VRÅG'VRÄfÇ6P¤$4ÃÄÕ”ÃbÄÕ”ÃbÄTå4s“#ƒCÃã“#ƒ“#cC3C2Ãã“#ƒ“#cC3C2ÄfÇ6RÂÓãs#3#sS3““S#ƒsbÃãs#3#sS3““S#ƒsbÃãƒ#3Sƒƒ3ScC#sRÃã“RÃãÅG'VRÃã“‚ÃãÅG'VRÂÓã“sscC#“ƒ“Ccƒ2Ãã“sscC#“ƒ“Ccƒ2ÃãC#ccs3#SCsCƒ2Ãã“‚ÃãÅG'VRÂÓã““s“ƒC“SCs3"Ãã““s“ƒC“SCs3"Ããc“ƒ#cs3S#S3ss#2Ãã#2ÃãÄfÇ6RÃã#"ÃãÄfÇ6RÂÓãccsCcssS#“rÃãccsCcssS#“rÃã#cc33ssC"Ãã2ÃãÄfÇ6RÂÓãc#S“S3###S#CÃãc#S“S3###S#CÃã#ƒ#SsƒƒsSsCcs‚ÃãÃã“‚ÄfÇ6RÃãÃã“rÄfÇ6RÂÓãcƒSƒScƒCS“sƒsBÃãcƒSƒScƒCS“sƒsBÃã3s#33“cS“##ÃãÃã“rÄfÇ6RÃã“#ƒ“#cC3C3bÃã“#ƒ“#cC3C3bÃãsccƒ3ƒCƒss“RÃãÃãs‚ÄfÇ6RÃãÃãsBÄfÇ6RÃãScƒc3c“3cs“cbÃãScƒc3c“3cs“cbÃã“3CS#csCƒ“s“BÃãÃãcbÄfÇ6RÃÃÆV&Ç•ööæÇ•öF—66÷fW'’ÅG'VRÅG'VRÅG'VRÅG'VRÅG'VRÅG'VRÄfÇ6P¥DÃÄÄU$õBÄÄU$õBÄTå4s#3c#RÂÓã“C“#Sƒ3cCS#bÃã“C“#Sƒ3cCS#bÄfÇ6RÃãScc3Sƒss##32ÃãScc3Sƒss##32Ãã3ƒCCCƒScc33#ƒ2ÃãƒBÃãÅG'VRÃãcBÃãÄfÇ6RÃãC“cƒC##3s#ƒ3#rÃãC“cƒC##3s#ƒ3#rÃã3Scsƒs“SCCS“BÃãƒrÃãÅG'VRÃã#““ƒƒ“#“3#“3#SBÃã#““ƒƒ“#“3#“3#SBÃã“scƒsSSƒ#““BÃã"ÃãS‚ÄfÇ6RÃãÃãS2ÄfÇ6RÃã“SC#3ƒsc3sCbÃã“SC#3ƒsc3sCbÃãs3ƒ“SsCsS““CS2ÃãÃãc"ÄfÇ6RÃã#SSC““#sƒ3s#ƒBÃã#SSC““#sƒ3s#ƒBÃãSsCsS““CS33SRÃã"Ããs2ÄfÇ6RÃãÃãcbÄfÇ6RÃã#ƒ“sc#“c3RÃã#ƒ“sc#“c3RÃãcs“ScC#S#CSRÃãÃãsrÄfÇ6RÂÓã“C“#Sƒ3cCS#cC‚Ãã“C“#Sƒ3cCS#cC‚ÃãSƒƒCss3cc#SSCBÃãÃãsBÄfÇ6RÃãÃãs2ÄfÇ6RÂÓãs“##ƒs#C#SC‚Ããs“##ƒs#C#SC‚Ããc#“Csƒs3s““s#bÃãÃãsÄfÇ6RÃÃÆV&Ç•ööæÇ•öF—66÷fW'’ÅG'VRÅG'VRÄfÇ6RÄfÇ6RÅG'VRÅG'VRÄfÇ6P¤$4ÃÅE5ãrÅE5ãrÄTå4sCƒCÂÓãƒ“cc“#3“s#ƒ"Ããƒ“cc“#3“s#ƒ"ÄfÇ6RÃã3C“CCSScS#BÃã3C“CCSScS#BÃã#Cƒsƒ3S3“Sƒ"ÃãsBÃãÅG'VRÃãbÃãÄfÇ6RÃã“#ƒcƒ#“Cs#“BÃã“#ƒcƒ#“Cs#“BÃã3Sƒ##ƒƒS3rÃã“rÃãÅG'VRÃãƒ#3sC#s#3s3#3rÃãƒ#3sC#s#3s3#3rÃã“CcS#Ssc3rÃãRÃãÄfÇ6RÃãrÃãÄfÇ6RÃã#CS3cƒcS“3Ãã#CS3cƒcS“3ÃãƒsSSƒ#““3“sƒRÃã‚ÃãÄfÇ6RÂÓã“ƒ3cC““#C#“‚Ãã“ƒ3cC““#C#“‚ÃãƒS#ƒ#s33Sƒ“’ÃãÃãs2ÄfÇ6RÃãÃãs2ÄfÇ6RÂÓãƒCS3s#3sc#“C“ÃãƒCS3s#3sc#“C“Ãã“s“#3CScs“#2ÃãÃãSrÄfÇ6RÂÓãƒ“cc“#3“s#ƒ##bÃãƒ“cc“#3“s#ƒ##bÃãsssƒƒ“3CS2ÃãÃãƒBÄfÇ6RÃãÃãs’ÄfÇ6RÃãs#3#s3ƒ“C“ƒScÃãs#3#s3ƒ“C“ƒScÃã“S#“C“#CSSCƒ3ƒÃãÃãcbÄfÇ6RÃÃÆV&Ç•ööæÇ•öF—66÷fW'’ÅG'VRÅG'VRÄfÇ6RÄfÇ6RÅG'VRÅG'VRÄfÇ6P¤ädS"ÅS%5U%ÅS%5U%ÄTå4sc3sBÃãƒsƒƒsscCƒc“CBÃãƒsƒƒsscCƒc“CBÄfÇ6RÂÓãc3““S33#ƒS#3ss"Ããc3““S33#ƒS#3ss"Ããcƒƒs“3Sƒ#Ãã#BÃã“’ÄfÇ6RÃã’ÃãƒbÄfÇ6RÂÓãS“ƒsƒ3#C#ÃãS“ƒsƒ3#C#Ããƒƒ3S#3s#ScSSÃã#"Ãã“‚ÄfÇ6RÂÓã#sƒS#SSSS3#ƒ‚Ãã#sƒS#SSSS3#ƒ‚Ãã3C#“3SS#ƒ#s32ÃãƒrÃãÅG'VRÃãc‚ÃãÄfÇ6RÂÓãsS#SCCƒsSS“3s‚ÃãsS#SCCƒsSS“3s‚Ããc““SƒƒCss3cc#SRÃãƒbÃãÅG'VRÂÓãCssƒ##S““C“BÃãCssƒ##S““C“BÃã#“#3ƒ#CCs“bÃãÃã“ÄfÇ6RÃã"Ãã“bÄfÇ6RÂÓãc#3SCcC3“#ƒ3SsRÃãc#3SCcC3“#ƒ3SsRÃã3S#CSCƒc“cƒCRÃãÃã“’ÄfÇ6RÃãƒsƒƒsscCƒc“CCBÃãƒsƒƒsscCƒc“CCBÃãc#““3“sƒS##c"ÃãÃãs2ÄfÇ6RÃãÃãƒ"ÄfÇ6RÃã##“csC#S#s#crÃã##“csC#S#s#crÃãSS#ƒ#s33Sƒ“‚ÃãÃãs‚ÄfÇ6RÃÃÆV&Ç•ööæÇ•öF—66÷fW'’ÅG'VRÅG'VRÄfÇ6RÄfÇ6RÅG'VRÅG'VRÄfÇ6P¤´ÄcÄtÅ%‚ÄtÅ%‚ÄTå4ss3##Ããƒsƒ3cC“#s3“BÃãƒsƒ3cC“#s3“BÄfÇ6RÃã#3S“c3“ƒ3“ƒrÃã#3S“c3“ƒ3“ƒrÃãSƒ““33SSC3“rÃãsbÃãÅG'VRÃãs’ÃãÅG'VRÃãcCC#SCƒ3s“cSS‚ÃãcCC#SCƒ3s“cSS‚ÃãƒcC3c“#sC#CƒƒrÃã“RÃãÅG'VRÃã#Cs33cC“33s3scc‚Ãã#Cs33cC“33s3scc‚Ãã3“c#“Csƒs3s““sBÃã2ÃãƒbÄfÇ6RÃã"ÃãƒRÄfÇ6RÃã#“3S“sScƒc#ƒcƒBÃã#“3S“sScƒc#ƒcƒBÃãCc33sCCƒSS“css‚ÃãÃãƒ‚ÄfÇ6RÂÓãC##3“s#sƒS“ƒC3ƒRÃãC##3“s#sƒS“ƒC3ƒRÃã“ƒ“c3#3s33ƒRÃãÃãSÄfÇ6RÃãÃãSÄfÇ6RÂÓãs#cs3cƒcs#ƒƒÃãs#cs3cƒcs#ƒƒÃã“cSscCCsƒs“#ƒrÃãÃãÄfÇ6RÃãƒsƒ3cC“#s3“CCrÃãƒsƒ3cC“#s3“CCrÃãSS33SScƒSƒrÃãÃãs2ÄfÇ6RÃã"ÃãsBÄfÇ6RÃã#s#c““3s#“S2Ãã#s#c““3s#“S2ÃãSC33CsSsSCCSƒ"ÃãÃãƒbÄfÇ6RÃÃÆV&Ç•ööæÇ•öF—66÷fW'’ÅG'VRÅG'VRÅG'VRÅG'VRÅG'VRÅG'VRÄfÇ6P¥DÃÄ4õƒt"Ä4õƒt"ÄTå4s#c“RÂÓãƒSsSƒ3S“#ƒC’ÃãƒSsSƒ3S“#ƒC’ÄfÇ6RÂÓã#cSCSC“Cc“SCc2Ãã#cSCSC“Cc“SCc2Ããscƒ#ƒ“s3#ccScbÃãs"ÃãÅG'VRÃãRÃãÄfÇ6RÂÓãs3#cSSCcc3ƒ"Ããs3#cSSCcc3ƒ"Ããs3C3sS“ƒ“3ƒ2ÃãsBÃãÅG'VRÂÓã3Cƒ“c#“s3s#3BÃã3Cƒ“c#“s3s#3BÃãc“ƒ#cs3S#S3ss#"Ãã"Ãã“#“““““““““““““’ÄfÇ6RÃãbÃã‚ÄfÇ6RÂÓãC##“c#ƒc“3Sssƒ“"ÃãC##“c#ƒc“3Sssƒ“"ÃãSSSSSSSSSSSSSSSbÃãÃã“RÄfÇ6RÂÓã3“3#sƒs“ƒssÃã3“3#sƒs“ƒssÃãC#ƒƒcSƒC3c#BÃã"Ãã‚ÄfÇ6RÃã"Ãã‚ÄfÇ6RÂÓãc##“csc3c“ƒ“SRÃãc##“csc3c“ƒ“SRÃã#3cƒ““ƒc#ƒ#SsƒƒsbÃã2Ãã“rÄfÇ6RÂÓãƒSsSƒ3S“#ƒC“3‚ÃãƒSsSƒ3S“#ƒC“3‚ÃãcCS##c33sCC’ÃãÃãsÄfÇ6RÃãÃãcRÄfÇ6RÂÓãsƒCCCc3s“CcrÃãsƒCCCc3s“CcrÃãc3#“#ƒc““Sƒ’ÃãÃãsBÄfÇ6RÃÃÆV&Ç•ööæÇ•öF—66÷fW'’ÅG'VRÅG'VRÄfÇ6RÄfÇ6RÅG'VRÅG'VRÄfÇ6P¤ädS"Ä55Ä55ÄTå4sC#‚ÃãƒCcc“sC“ƒscbÃãƒCcc“sC“ƒscbÄfÇ6RÂÓãc3SSsƒ“Cs“#c3C2Ããc3SSsƒ“Cs“#c3C2ÃãsSs#ss#S33“SbÃã#2ÃãÄfÇ6RÃãRÃã’ÄfÇ6RÂÓãSsƒCcSCssCc“BÃãSsƒCcSCssCc“BÃã3s“33S“BÃãBÃã“’ÄfÇ6RÂÓã“#Sc#sC3#CcCrÃã“#Sc#sC3#CcCrÃãcCCsƒs“#ƒcc“CRÃãƒ2ÃãÅG'VRÃãS"Ãã“‚ÄfÇ6RÂÓã#SCCcƒC3“s3‚Ãã#SCCcƒC3“s3‚ÃãSƒ“c3#3s3BÃãƒ’ÃãÅG'VRÂÓãssS“ScsS#"ÃãssS“ScsS#"Ããƒ#3CS#csCƒ“sÃãÃãÄfÇ6RÃãbÃãÄfÇ6RÂÓã3ƒCc3Cs33“csCS“rÃã3ƒCc3Cs33“csCS“rÃãSCs3#S#ƒƒcSƒRÃã#’ÃãÄfÇ6RÃãƒCcc“sC“ƒscbÃãƒCcc“sC“ƒscbÃãc3S3““CcS#SsbÃãÃãƒ2ÄfÇ6RÃãÃãsBÄfÇ6RÃã“cSC3#ƒ3CsSCbÃã“cSC3#ƒ3CsSCbÃãcC“3ƒ#scC“3ƒ2ÃãÃãƒ2ÄfÇ6RÃÃÆV&Ç•ööæÇ•öF—66÷fW'’ÅG'VRÅG'VRÄfÇ6RÄfÇ6RÅG'VRÅG'VRÄfÇ6P¤ädS"Ä4Å‚Ä4Å‚ÄTå4sccƒSRÃãƒ333ƒ3ƒSƒCRÃãƒ333ƒ3ƒSƒCRÄfÇ6RÃãCS#3ƒ#“CsSƒcBÃãCS#3ƒ#“CsSƒcBÃã#Cc“CsCSSc“#ƒ#RÃãsrÃãÅG'VRÃãcrÃãÄfÇ6RÃãƒ#ScScsss“CcƒrÃãƒ#ScScsss“CcƒrÃã3#“#c3#s3C#Ss““‚Ããs2ÃãÅG'VRÃã“scccC#3#CC3RÃã“scccC#3#CC3RÃãs3CƒC##C“cSscCRÃãÃãSÄfÇ6RÃãÃãc2ÄfÇ6RÂÓãsc“ƒƒ“SSc#rÃãsc“ƒƒ“SSc#rÃãƒ##3S“3“cC33CsbÃãÃãcÄfÇ6RÂÓãc#cCcƒƒcccCrÃãc#cCcƒƒcccCrÃãsCsCsCsCsC‚Ãã’ÃãÄfÇ6RÃã2Ãã“rÄfÇ6RÂÓãsscCC#“#3ƒcSC3ÃãsscCC#“#3ƒcSC3Ãã#SsSCCSƒcƒcSbÃãÃã“‚ÄfÇ6RÃãƒ333ƒ3ƒSƒCSRÃãƒ333ƒ3ƒSƒCSRÃãc3sSƒSs33ƒƒ#3"ÃãÃãs‚ÄfÇ6RÃãÃãbÄfÇ6RÃã3c#Ss33sSCS3#"Ãã3c#Ss33sSCS3#"Ããs“cS“##ƒSC‚ÃãÃãcbÄfÇ6RÃÃÆV&Ç•ööæÇ•öF—66÷fW'’ÅG'VRÅG'VRÄfÇ6RÄfÇ6RÅG'VRÅG'VRÄfÇ6P¤$4ÃÄõ4%ÃbÄõ4%ÃbÄTå4ss“SbÃãƒ#S#CssCc33RÃãƒ#S#CssCc33RÄfÇ6RÂÓã##3cS“csSscƒƒRÃã##3cS“csSscƒƒRÃãS“#333cS3CSBÃãÃãÅG'VRÃãÃãÅG'VRÂÓã#“cC#ƒc““c##cbÃã#“cC#ƒc““c##cbÃãcƒS“cSS#“s##“ÃãÃãÅG'VRÂÓãC““SCS“3#C3“CcBÃãC““SCS“3#C3“CcBÃã#s“#3CScs“#3BÃãÃã“‚ÄfÇ6RÃãÃã“RÄfÇ6RÂÓãC#sScSC3S#CCc#RÃãC#sScSC3S#CCc#RÃãC##Cƒ#ƒS3##3S“bÃãSrÃãÄfÇ6RÃãC##ƒsCƒs“s#SƒSBÃãC##ƒsCƒs“s#SƒSBÃãCSscCCsƒs“#ƒccrÃãÃã“bÄfÇ6RÃãÃã“BÄfÇ6RÂÓãcSc3“3“ƒ3CS’ÃãcSc3“3“ƒ3CS’Ãã3ƒcƒ3#sSs#cCbÃãÃã“’ÄfÇ6RÃãƒ#S#CssCc33SrÃãƒ#S#CssCc33SrÃãsƒ3ƒCƒss“C“S"ÃãÃãsRÄfÇ6RÃãÃãsÄfÇ6RÃãC“Sƒ“““#3‚ÃãC“Sƒ“““#3‚ÃãcS“ƒ“#cc3"ÃãÃã“bÄfÇ6RÃÃÆV&Ç•ööæÇ•öF—66÷fW'’ÅG'VRÅG'VRÅG'VRÅG'VRÅG'VRÅG'VRÄfÇ6P¤td“"Ä4TåÄ4TåÄTå4sSc2ÂÓãƒ3ƒ““cƒcS“cCBÃãƒ3ƒ““cƒcS“cCBÄfÇ6RÂÓã“cCSCS#sƒ3ƒƒÃã“cCSCS#sƒ3ƒƒÃãcs3sSC“s3#Cs3S’ÃãcRÃãÄfÇ6RÃãrÃãÅG'VRÂÓãƒC“#c“SCs“C“S‚ÃãƒC“#c“SCs“C“S‚Ãã3ƒcƒƒC3Cc#sS#“#RÃã3RÃãÄfÇ6RÂÓã“Sc#ƒ3csS3“C’Ãã“Sc#ƒ3csS3“C’Ãã3cƒs#C#s“ƒ3S3’Ããs’ÃãÅG'VRÃãC’ÃãÄfÇ6RÂÓãs3sc##S“ssS#ƒbÃãs3sc##S“ssS#ƒbÃãSScƒSƒsSc#CÃã"ÃãÄfÇ6RÂÓãscSccƒs3c#3RÃãscSccƒs3c#3RÃãƒ#““3“sƒS##c2Ãã2Ãã“’ÄfÇ6RÃã2Ãã“’ÄfÇ6RÂÓãc3s#““3s#Sƒ““"Ããc3s#““3s#Sƒ““"Ããƒ3csc#cƒƒcCSCRÃãRÃã“bÄfÇ6RÂÓãƒ3ƒ““cƒcS“cCRÃãƒ3ƒ““cƒcS“cCRÃãs“cS“##ƒSC‚ÃãÃãs‚ÄfÇ6RÃãÃãs2ÄfÇ6RÃãC“ƒ#“C“ƒscƒ3ÃãC“ƒ#“C“ƒscƒ3ÃãSSCƒc“cƒCC““3RÃãÃã“RÄfÇ6RÃÃÆV&Ç•ööæÇ•öF—66÷fW'’ÅG'VRÅG'VRÅG'VRÅG'VRÄfÇ6RÄfÇ6RÄfÇ6P¤ädS"ÄDEƒCbÄDEƒCbÄTå4sCSƒ32ÂÓãƒS“Cƒ3S“s32ÃãƒS“Cƒ3S“s32ÄfÇ6RÂÓã“ƒ““ccsC#ƒcSBÃã“ƒ““ccsC#ƒcSBÃã3sS3“3s#ƒ3“’ÃãC‚ÃãÄfÇ6RÃã3’Ãã“’ÄfÇ6RÂÓãƒsCcssSƒS#c3"ÃãƒsCcssSƒS#c3"ÃãSS#ƒ#CSs#ss‚ÃãRÃã“’ÄfÇ6RÂÓã“s#ƒC“#““#3’Ãã“s#ƒC“#““#3’Ããc““SƒƒCss3cc#SSRÃãsRÃãÅG'VRÃãCrÃã“’ÄfÇ6RÂÓãc“CS“ScC#bÃãc“CS“ScC#bÃãCC3#“#ƒc““bÃãs‚ÃãÅG'VRÂÓã“cƒcƒƒccsssc3#BÃã“cƒcƒƒccsssc3#BÃãcS#S3ss##“ƒ“32ÃãÃãrÄfÇ6RÃãÃãs2ÄfÇ6RÂÓãss“sƒ#s#“RÃãss“sƒ#s#“RÃã#“C“S“ƒ“#cc32ÃãÃã“rÄfÇ6RÂÓãƒS“Cƒ3S“s33CbÃãƒS“Cƒ3S“s33CbÃãcC“sS3ƒcC“sS2ÃãÃãsrÄfÇ6RÃãÃãs’ÄfÇ6RÂÓãcSƒs##ƒ#“3#ƒ“2ÃãcSƒs##ƒ#“3#ƒ“2Ããƒss3cc#SSCC3#’ÃãÃãc"ÄfÇ6RÃÃÆV&Ç•ööæÇ•öF—66÷fW'’ÅG'VRÅG'VRÄfÇ6RÄfÇ6RÅG'VRÅG'VRÄfÇ6P¤´ÄcÄädD3ÄädD3ÄTå4s3“bÃãs“3c“S“3ƒ“csRÃãs“3c“S“3ƒ“csRÄfÇ6RÂÓã#3#c3SCCcc#C2Ãã#3#c3SCCcc#C2Ãã3sC#ƒ#c3“#3s"Ããƒ‚ÃãÅG'VRÃãs’ÃãÅG'VRÂÓãcS#CSs“cc“CƒBÃãcS#CSs“cc“CƒBÃãƒ#3Sƒƒ3ScC#sRÃã“’ÃãÅG'VRÃãƒ33“c33Cc“3ƒC#Ããƒ33“c33Cc“3ƒC#ÃãsssC##Cƒ#ƒS3"ÃãÃãc2ÄfÇ6RÃãÃãSRÄfÇ6RÂÓãC“ƒƒC3“#3#CsBÃãC“ƒƒC3“#3#CsBÃã3sƒƒ“3CS##BÃãÃã“’ÄfÇ6RÂÓãcc“#ScsSƒ““S3bÃãcc“#ScsSƒ““S3bÃãC3ƒ“SsCsS““CS2ÃãbÃã“BÄfÇ6RÃãÃã“’ÄfÇ6RÂÓã#sƒcSSc3Ccc“’Ãã#sƒcSSc3Ccc“’ÃãcƒcSSc“#s#“scc‚Ãã#2ÃãÄfÇ6RÃãs“3c“S“3ƒ“csS‚Ããs“3c“S“3ƒ“csS‚ÃãSc“CSƒ“c3#BÃãÃãsrÄfÇ6RÃãÃãc‚ÄfÇ6RÃã#c#cS#SsS3c2Ãã#c#cS#SsS3c2ÃãCS“ƒs“ScC#S#BÃãÃãƒbÄfÇ6RÃÃÆV&Ç•ööæÇ•öF—66÷fW'’ÅG'VRÅG'VRÅG'VRÅG'VRÅG'VRÅG'VRÄfÇ6P¤ädS"Ä³"Ä³"ÄTå4sCCSRÂÓãs“sCs“ƒ#c’Ããs“sCs“ƒ#c’ÄfÇ6RÂÓãcC#cS“SCBÃãcC#cS“SCBÃãSsc#s#ƒC“C““#RÃãsbÃãÅG'VRÃã3’ÃãÄfÇ6RÂÓã““ƒ#s“3cs#sƒ“Ãã““ƒ#s“3cs#sƒ“ÃãSƒ““33SSC3“rÃãs"ÃãÅG'VRÂÓã3s““3#cc3s“CSsbÃã3s““3#cc3s“CSsbÃã“c#“c#“c#“c#“c2ÃãRÃã“BÄfÇ6RÃãÃãƒ’ÄfÇ6RÂÓãS#3ƒC#CC“#CƒrÃãS#3ƒC#CC“#CƒrÃãC3#“ƒscSC3#“ƒ‚ÃãRÃãÄfÇ6RÂÓã““#cs“ƒsƒ““s3rÃã““#cs“ƒsƒ““s3rÃãCSƒ“c3#3s3Ãã3rÃãÄfÇ6RÃã#rÃã“’ÄfÇ6RÂÓãC“##csC“#S3ƒ#BÃãC“##csC“#S3ƒ#BÃãCSƒ“c3#3s3Ãã3bÃãÄfÇ6RÂÓãs“sCs“ƒ#c“BÃãs“sCs“ƒ#c“BÃãcC3c#3““sc“SCrÃãÃãƒBÄfÇ6RÃãÃãcÄfÇ6RÂÓãS33“S#““ƒ#3c“’ÃãS33“S#““ƒ#3c“’Ããcƒcƒ3#sSs#cCbÃãÃãs2ÄfÇ6RÃÃÆV&Ç•ööæÇ•öF—66÷fW'’ÅG'VRÅG'VRÄfÇ6RÄfÇ6RÅG'VRÅG'VRÄfÇ6P¤ädS"Ä45”%Ä45”%ÄTå4sccÂÓãsƒSSs#sSCRÃãsƒSSs#sSCRÄfÇ6RÂÓãC#ƒc“ssƒƒÃãC#ƒc“ssƒƒÃã#“SƒƒCƒ“SCs32Ããs’ÃãÅG'VRÃãƒrÃãÅG'VRÂÓãƒsƒ#“sƒCcSSÃãƒsƒ#“sƒCcSSÃã#sC3ƒccƒƒ“cRÃãsrÃãÅG'VRÂÓãs#s3#S3#S“#RÃãs#s3#S3#S“#RÃã#S3c3ScS“ƒs“rÃãC2ÃãÄfÇ6RÃã3Ãã“’ÄfÇ6RÂÓãƒc“#CsCc3CrÃãƒc“#CsCc3CrÃã#SSCC3#“#ƒrÃãSRÃãÄfÇ6RÂÓãc#cC#SƒscS3’Ããc#cC#SƒscS3’Ããs3“3cƒ““ƒc#ƒ#S‚ÃãRÃã“rÄfÇ6RÃã’Ãã“RÄfÇ6RÂÓã#C3ƒ#3ccs“CƒS"Ãã#C3ƒ#3ccs“CƒS"ÃãsƒS##c##sC3RÃãRÃãÄfÇ6RÂÓãsƒSSs#sSCSCrÃãsƒSSs#sSCSCrÃãcCSCCcc3“#3ƒ#BÃãÃãsRÄfÇ6RÃãÃãs’ÄfÇ6RÂÓã3sScccs#ƒscBÃã3sScccs#ƒscBÃãscƒs#C#s“ƒ3S3“ÃãÃãs"ÄfÇ6RÃÃÆV&Ç•ööæÇ•öF—66÷fW'’ÅG'VRÅG'VRÅG'VRÅG'VRÅG'VRÅG'VRÄfÇ6P¤$4ÃÅDÄ”ÓRÅDÄ”ÓRÄTå4sc3ÂÓãssc3#sƒSCcCRÃãssc3#sƒSCcCRÄfÇ6RÂÓã3cSsƒ3ƒc3cbÃã3cSsƒ3ƒc3cbÃã##ssCC3sƒcc‚ÃãsrÃãÅG'VRÃãc"ÃãÄfÇ6RÂÓã“ccCs#S“3c"Ãã“ccCs#S“3c"Ãã3sS3“3s#ƒ3“’Ãã“rÃãÅG'VRÂÓãC#ƒƒ3ƒƒSs3S3S3SCRÃãC#ƒƒ3ƒƒSs3S3S3SCRÃã3C3CƒC##C“cSscCbÃãÃã“rÄfÇ6RÃãÃãƒrÄfÇ6RÂÓãsSc“Sƒ“333#’ÃãsSc“Sƒ“333#’Ããs3S#S3ss##“ƒ“BÃãbÃãÄfÇ6RÂÓã3C#ssS3SƒCs#sRÃã3C#ssS3SƒCs#sRÃãS#sSs#cCc“S2ÃãÃã“ÄfÇ6RÃãÃã’ÄfÇ6RÂÓãcCSƒSssCƒ2ÃãcCSƒSssCƒ2ÃãsƒƒsSsCcsscCbÃã‚ÃãÄfÇ6RÂÓãssc3#sƒSCcCSCRÃãssc3#sƒSCcCSCRÃãsƒSs33ƒƒ#3sƒBÃãÃãs"ÄfÇ6RÃãÃãsbÄfÇ6RÂÓãS“ssCC3““c3CbÃãS“ssCC3““c3CbÃãSs““cs#S3c3bÃãÃã“rÄfÇ6RÃÃÆV&Ç•ööæÇ•öF—66÷fW'’ÅG'VRÅG'VRÄfÇ6RÄfÇ6RÅG'VRÅG'VRÄfÇ6P¥DÃÄDä¤BÄDä¤BÄTå4sCC2ÃãssScƒ3SSCSSBÃãssScƒ3SSCSSBÄfÇ6RÃã3#“c#ƒ““ScCSƒC‚Ãã3#“c#ƒ““ScCSƒC‚Ããsƒ3S“3“ss##S“SrÃã“‚ÃãÅG'VRÃã“rÃãÅG'VRÃã3c#3CSƒƒ#3sƒƒƒRÃã3c#3CSƒƒ#3sƒƒƒRÃãS“#333cS3CSBÃã“RÃãÅG'VRÃã3CcsS#““ƒ#ƒ“CƒBÃã3CcsS#““ƒ#ƒ“CƒBÃãcs#ƒ3“Scs#ƒBÃã’Ãã“rÄfÇ6RÃãbÃãƒRÄfÇ6RÃãSƒ““33CS##"ÃãSƒ““33CS##"ÃãSƒƒCss3cc#SSCBÃãbÃã“’ÄfÇ6RÃãƒs3ƒC#C#“#ƒƒƒƒrÃãƒs3ƒC#C#“#ƒƒƒƒrÃãcsƒƒ“3CS#2ÃãÃãs2ÄfÇ6RÃãÃãs’ÄfÇ6RÃãcCSS“c“33c3RÃãcCSS“c“33c3RÃã#C#“3SS#ƒ#s32Ãã"Ãã“’ÄfÇ6RÃãssScƒ3SSCSSCƒ‚ÃãssScƒ3SSCSSCƒ‚ÃãcS##c33sCCƒSS“rÃãÃãƒ2ÄfÇ6RÃãÃãsrÄfÇ6RÃãƒ“#ƒ“cSCƒc“#bÃãƒ“#ƒ“cSCƒc“#bÃãSƒ“s3“3cƒ““ƒrÃãÃãsbÄfÇ6RÃÃÆV&Ç•ööæÇ•öF—66÷fW'’ÅG'VRÅG'VRÅG'VRÅG'VRÅG'VRÅG'VRÄfÇ6P¥DÃÅU5$e3ÅU5$e3ÄTå4sc“#ÂÓãsc#ƒ#cCc3c‚Ããsc#ƒ#cCc3c‚ÄfÇ6RÂÓãƒƒCƒ3“ƒCSsƒ3RÃãƒƒCƒ3“ƒCSsƒ3RÃãScS3sC##C#“bÃãÃãc’ÄfÇ6RÃãÃãsrÄfÇ6RÂÓãS“s#ƒ“Sƒ“c’ÃãS“s#ƒ“Sƒ“c’Ããc3Sƒƒ“c“cƒ3C#2ÃãÃãsÄfÇ6RÂÓãsSƒSCSc“33srÃãsSƒSCSc“33srÃãC“3ƒ#scC“3ƒ#sRÃãsbÃãÅG'VRÃãCBÃã“’ÄfÇ6RÂÓãƒC“sC3ccCƒ3ƒ"ÃãƒC“sC3ccCƒ3ƒ"ÃãS3c3ScS“ƒs“SbÃãsÃãÅG'VRÂÓã#sƒƒƒƒ3ƒSScS2Ãã#sƒƒƒƒ3ƒSScS2ÃãSS#Ssc3cƒs#BÃãÃãsBÄfÇ6RÃã"Ããƒ#ÄfÇ6RÂÓãC““ƒsƒC#“cSsrÃãC““ƒsƒC#“cSsrÃã3Css3cc#SSCC32ÃãÃã“ÄfÇ6RÂÓãsc#ƒ#cCc3cƒs2Ããsc#ƒ#cCc3cƒs2Ããc“cs#S3c3SbÃãÃãs2ÄfÇ6RÃã2ÃãsbÄfÇ6RÂÓãCƒƒS““SC#3SS‚ÃãCƒƒS““SC#3SS‚Ããcc3“#3ƒ#CCsÃãÃãcc“““““““““““““’ÄfÇ6RÃÃÆV&Ç•ööæÇ•öF—66÷fW'’ÅG'VRÅG'VRÄfÇ6RÄfÇ6RÅG'VRÅG'VRÄfÇ6P¤´ÄcÄ$„trÄ$„trÄTå4sCsSÂÓãsCcSS#Sc###s2ÃãsCcSS#Sc###s2ÄfÇ6RÂÓãcSS#S“S“CS“Csc’ÃãcSS#S“S“CS“Csc’Ããscc““C#sc"Ãã"Ãã“’ÄfÇ6RÃãrÃã“‚ÄfÇ6RÂÓãcC3ƒ#ƒc“3ƒ"ÃãcC3ƒ#ƒc“3ƒ"Ãã3ƒ“c#ƒ#cƒƒs“bÃã3bÃãÄfÇ6RÂÓãscC3c33"ÃãscC3c33"Ããs33Sƒ“ƒC“ƒ3rÃãƒbÃãÅG'VRÃãS’ÃãÄfÇ6RÂÓã3scscc3c“#3bÃã3scscc3c“#3bÃãC“S“ƒ“#cc3Ãã“2ÃãÅG'VRÃã3SC“sSs#c“Cƒs’Ãã3SC“sSs#c“Cƒs’Ãã“3#“ƒscSC3#“ƒ‚ÃãÃãRÄfÇ6RÃãÃãSÄfÇ6RÂÓã3c3ƒcƒ3#3c2Ãã3c3ƒcƒ3#3c2Ããƒ#cc33ssC"ÃãÃãcs“““““““““““““’ÄfÇ6RÂÓãsCcSS#Sc###s3srÃãsCcSS#Sc###s3srÃãSscCc3SccS#“C’ÃãÃã‚ÄfÇ6RÃãÃãsRÄfÇ6RÂÓã3“cƒ#“3ƒ#3ƒC#bÃã3“cƒ#“3ƒ#3ƒC#bÃãc“ƒC“ƒ3csc#cƒ’ÃãÃãcS“““““““““““““’ÄfÇ6RÃÃÆV&Ç•ööæÇ•öF—66÷fW'’ÅG'VRÅG'VRÄfÇ6RÄfÇ6RÅG'VRÅG'VRÄfÇ6P¤´ÄcÅdÅdÄTå4sSS‚Ããs3ƒ“3cƒsCcs“’Ããs3ƒ“3cƒsCcs“’ÄfÇ6RÂÓãƒ##3cCcSCƒc“#rÃãƒ##3cCcSCƒc“#rÃã3ƒ“c#ƒ#cƒƒs“bÃã3"ÃãÄfÇ6RÃãbÃã“bÄfÇ6RÂÓã#c#C“ƒ“3sC33RÃã#c#C“ƒ“3sC33RÃã#3ƒSc##s3“3sCBÃãsrÃãÅG'VRÂÓã“csSs“sccc3ƒ#RÃã“csSs“sccc3ƒ#RÃãƒSCƒ“s3“3c’Ããs"ÃãÅG'VRÃãS‚ÃãÄfÇ6RÂÓãCCƒsC#33“ccƒ"ÃãCCƒsC#33“ccƒ"ÃãcS“ƒs“ScC#S2Ãã“BÃãÅG'VRÂÓã3#ƒCscC#sS3BÃã3#ƒCscC#sS3BÃãsCsCsCsCsC‚ÃãrÃãÅG'VRÃãcrÃãÄfÇ6RÂÓãc#ƒSƒ“Ss#Scƒ#"Ããc#ƒSƒ“Ss#Scƒ#"Ãã#S“#S“#S“#S“#S“#RÃãc‚ÃãÄfÇ6RÃãs3ƒ“3cƒsCcs““crÃãs3ƒ“3cƒsCcs““crÃãSsƒs3s““s#ScSS‚Ãã"ÃãsÄfÇ6RÃãÃãsBÄfÇ6RÃãc#CS#ƒ3cƒScbÃãc#CS#ƒ3cƒScbÃãcS“ƒ“#cc3"ÃãÃãs2ÄfÇ6RÃÃÇ&WFW&Ö–æÅööæÇ•öF—66÷fW'’ÅG'VRÅG'VRÄfÇ6RÄfÇ6RÅG'VRÅG'VRÄfÇ6P¤td“"ÄÔ$4ƒ2ÄÔ$4ƒ2ÄTå4ss3“#bÃãs3CCsc“s“‚Ããs3CCsc“s“‚ÄfÇ6RÃãcS“##C3cS#“sbÃãcS“##C3cS#“sbÃãƒc3c3#sSƒ“SƒBÃãÃãcRÄfÇ6RÃãÃãSBÄfÇ6RÂÓãCSCs“CƒƒSsCcSbÃãCSCs“CƒƒSsCcSbÃã““ƒƒcc“S“’ÃãÃãS2ÄfÇ6RÃã#3##cssƒcƒc"Ãã#3##cssƒcƒc"ÃãCS##c33sCCƒSbÃã“bÃãÅG'VRÃãƒBÃãÅG'VRÃã3ƒCƒ3#SS“cƒ32Ãã3ƒCƒ3#SS“cƒ32Ãã“c#“Csƒs3s““s2Ããƒ’ÃãÅG'VRÃã#“S“#sC““ƒÃã#“S“#sC““ƒÃãsSƒcƒcSSc“#s2ÃãÃãcbÄfÇ6RÃãÃãc’ÄfÇ6RÂÓã“s“s3c““Cƒss‚Ãã“s“s3c““Cƒss‚Ããcc#3““sc“SCs3"ÃãÃãc2ÄfÇ6RÃãs3CCsc“s“ƒƒ‚Ããs3CCsc“s“ƒƒ‚Ããs3C#ƒ“C3sSƒSs2ÃãÃãsrÄfÇ6RÃãÃãsbÄfÇ6RÂÓã3C#“SCs33s“‚Ãã3C#“SCs33s“‚Ããcs33ƒƒ#3sƒ3#bÃãÃãƒrÄfÇ6RÃÃÆV&Ç•ööæÇ•öF—66÷fW'’ÅG'VRÅG'VRÅG'VRÅG'VRÅG'VRÅG'VRÄfÇ6P¤$4ÃÄ553Ä553ÄTå4sSC“3Ããs3“ssS3Sƒ‚Ããs3“ssS3Sƒ‚ÄfÇ6RÃãCƒCSsC#s3ƒS“Sc2ÃãCƒCSsC#s3ƒS“Sc2ÃãcSSƒCSs“S33c2Ããƒ‚ÃãÅG'VRÃãƒrÃãÅG'VRÃãƒ#sc###ƒsCƒƒbÃãƒ#sc###ƒsCƒƒbÃãS“#333cS3CSBÃã“bÃãÅG'VRÃãƒƒc3s“C“#rÃãƒƒc3s“C“#rÃãC“S“ƒ“#cc3ÃãBÃãÄfÇ6RÃãbÃãÄfÇ6RÃãsƒ3s““c“ƒƒBÃãsƒ3s““c“ƒƒBÃãcs3S#S3ss##“ƒÃãÃãÄfÇ6RÂÓã3CSƒ““sss“cscBÃã3CSƒ““sss“cscBÃãS#C#s“ƒ3S3““CcRÃãÃã“ÄfÇ6RÃãÃãƒÄfÇ6RÂÓãsS3Sƒ3c3sSsCcRÃãsS3Sƒ3c3sSsCcRÃã333ƒƒ#3sƒ3#cCbÃãÃã“’ÄfÇ6RÃãs3“ssS3Sƒ“BÃãs3“ssS3Sƒ“BÃãs“#3CScs“#3BÃãÃãsrÄfÇ6RÃãÃãc’ÄfÇ6RÃã“C3“S#S3s#ƒ‚Ãã“C3“S#S3s#ƒ‚Ãã“3ƒCƒss“C“S“’ÃãÃãcRÄfÇ6RÃÃÆV&Ç•ööæÇ•öF—66÷fW'’ÅG'VRÅG'VRÅG'VRÅG'VRÅG'VRÅG'VRÄfÇ6P¤´ÄcÅET$sÅET$sÄTå4s3Cc"Ããs##CCSƒc#ccCBÃãs##CCSƒc#ccCBÄfÇ6RÃãCCCScCS““S#CƒbÃãCCCScCS““S#CƒbÃã##C#S#“ƒ3“CƒRÃã2Ãã“ÄfÇ6RÃãRÃã’ÄfÇ6RÃãcS#Cƒ“sscc“‚ÃãcS#Cƒ“sscc“‚ÃãCCƒ“ƒsSSC3C#rÃã2Ãã“’ÄfÇ6RÃãS#ƒSƒS#“ƒ3cBÃãS#ƒSƒS#“ƒ3cBÃãSCƒc“cƒCC““3C#RÃã’ÃãÅG'VRÃãcBÃãÄfÇ6RÃãCSs##ƒS3csSSbÃãCSs##ƒS3csSSbÃãSc#CC#ccs“rÃã“BÃãÅG'VRÃãsc“ssS#3#“Ããsc“ssS#3#“ÃãSsSCCSƒcƒcSSrÃã#rÃã“’ÄfÇ6RÃã32Ãã“’ÄfÇ6RÃãcS3sƒƒSs#“SS2ÃãcS3sƒƒSs#“SS2Ãã#sƒCc3cCƒƒ3C“"ÃãcrÃãÄfÇ6RÃãs##CCSƒc#ccCCS"Ããs##CCSƒc#ccCCS"ÃãSƒ3#sSs#cCc’ÃãÃãsBÄfÇ6RÃãÃãsRÄfÇ6RÃãC“#ƒsS#3c"ÃãC“#ƒsS#3c"ÃãsscCc3SccS#“RÃãRÃã“’ÄfÇ6RÃÃÆV&Ç•ööæÇ•öF—66÷fW'’ÅG'VRÅG'VRÄfÇ6RÄfÇ6RÅG'VRÅG'VRÄfÇ6P¤ädS"ÅT$S4ÅT$S4ÄTå4sCc"ÂÓãsc#ƒƒsSƒCBÃãsc#ƒƒsSƒCBÄfÇ6RÂÓã33#c““ƒ3““#cÃã33#c““ƒ3““#cÃã3CSs#cC3s“c““SCbÃãÃãƒBÄfÇ6RÃã2Ããƒ2ÄfÇ6RÂÓã3ƒ#“ƒC#ƒcCS"Ãã3ƒ#“ƒC#ƒcCS"Ãã3sSc3CSssccC“sRÃãÃãƒbÄfÇ6RÂÓãƒ“sCs#CS#ƒSBÃãƒ“sCs#CS#ƒSBÃãs#s#33“cS“#"ÃãsbÃãÅG'VRÃãS2ÃãÄfÇ6RÂÓã“sc#S““Ss3CSSCÃã“sc#S““Ss3CSSCÃãcƒcSSc“#s#“sccrÃãsRÃãÅG'VRÂÓãƒSƒc“#S3cC‚ÃãƒSƒc“#S3cC‚ÃãsCsCsCsCsCrÃã‚ÃãÄfÇ6RÃãRÃãÄfÇ6RÂÓãcƒC“sƒsc#CCrÃãcƒC“sƒsc#CCrÃã“3C#ƒ“C3sSƒSs2ÃãbÃãÄfÇ6RÂÓãsc#ƒƒsSƒCC32Ããsc#ƒƒsSƒCC32Ããccs“c“ƒ#cs3S2ÃãÃãs‚ÄfÇ6RÃãÃãcc“““““““““““““’ÄfÇ6RÂÓã3sƒCS3cSC3SCRÃã3sƒCS3cSC3SCRÃãs#ƒ#SsƒƒsSsCc‚ÃãÃãc’ÄfÇ6RÃÃÆV&Ç•ööæÇ•öF—66÷fW'’ÅG'VRÅG'VRÄfÇ6RÄfÇ6RÅG'VRÅG'VRÄfÇ6P¤$4ÃÄeDÂÄeDÂÄTå4sƒsƒbÃãs“SƒSSƒbÃãs“SƒSSƒbÄfÇ6RÂÓãSc“#cC33C3cSƒ“‚ÃãSc“#cC33C3cSƒ“‚Ãã##ƒC#c3“S“3“ƒc#’ÃãÃãÄfÇ6RÃãÃã“bÄfÇ6RÂÓãCcS3“ƒcƒSSs#BÃãCcS3“ƒcƒSSs#BÃã3csSC#ƒ“cCCƒ‚ÃãÃã“bÄfÇ6RÂÓã#S“#ƒ““#cƒ3#c2Ãã#S“#ƒ““#cƒ3#c2Ãã3“3cƒ““ƒc#ƒ#SsƒƒRÃãcÃãÄfÇ6RÃãC’ÃãÄfÇ6RÂÓãC#c“3C3ƒ3s“ÃãC#c“3C3ƒ3s“ÃãC3c#3““sc“SCs3BÃãSbÃãÄfÇ6RÂÓãƒ#cƒCCSss3“"Ããƒ#cƒCCSss3“"Ãã3““sc“SCs3#S2Ãã“2ÃãÅG'VRÃãƒ‚ÃãÅG'VRÂÓã#s#“Cƒsƒs"Ãã#s#“Cƒsƒs"Ãã“S3C“s“C#3ƒcƒ2ÃãÃãÅG'VRÃãs“SƒSSƒs#bÃãs“SƒSSƒs#bÃãs“3SS#ƒ#s33RÃãÃãs"ÄfÇ6RÃãÃãsBÄfÇ6RÃã#CC3#S“cScSRÃã#CC3#S“cScSRÃãƒ3sSƒSs33ƒƒ#3"ÃãÃã’ÄfÇ6RÃÃÆF“ööæÇ•÷&WFW&Ö–æÅöF—66÷fW'’ÅG'VRÅG'VRÅG'VRÅG'VRÅG'VRÅG'VRÄfÇ6P¤´ÄcÄ4õRÄ4õRÄTå4sScc’Ããc“#ƒC#CC“““bÃãc“#ƒC#CC“““bÄfÇ6RÃãC“#sc#SCs“ccsBÃãC“#sc#SCs“ccsBÃãc“SsSƒSƒC#CcBÃã’Ãã“"ÄfÇ6RÃã"Ãã“ÄfÇ6RÃã#ƒ3Cƒ#SC#SCƒ3rÃã#ƒ3Cƒ#SC#SCƒ3rÃãC“SSC##cSSc“3RÃã2ÃãƒBÄfÇ6RÃã“33“csƒScSc3SƒRÃã“33“csƒScSc3SƒRÃã3ssC##Cƒ#‚Ããs’ÃãÅG'VRÃãSbÃãÄfÇ6RÃãƒCSC33ƒsC“C3c32ÃãƒCSC33ƒsC“C3c32Ããc33sCCƒSS“cssƒ"ÃãRÃãÄfÇ6RÃãƒ“ƒ33ƒS#CSs“RÃãƒ“ƒ33ƒS#CSs“RÃãc3s#s#33“cS’Ãã"ÃãsÄfÇ6RÃãÃãs"ÄfÇ6RÃãS3ƒ33CƒssC“RÃãS3ƒ33CƒssC“RÃãs“C“#CSSCƒ3ƒ3RÃãÃãcRÄfÇ6RÃãc“#ƒC#CC“““c#‚Ããc“#ƒC#CC“““c#‚ÃãS“#3CScs“#3RÃãÃãsÄfÇ6RÃãBÃãsRÄfÇ6RÃã#ƒ“Cs3ƒS3#sCc“cBÃã#ƒ“Cs3ƒS3#sCc“cBÃãCsSSƒ#““3“sƒS2ÃãÃãƒBÄfÇ6RÃÃÆV&Ç•ööæÇ•öF—66÷fW'’ÅG'VRÅG'VRÄfÇ6RÄfÇ6RÄfÇ6RÄfÇ6RÄfÇ6P¤´ÄcÅ%32Å%32ÄTå4sC“#s2ÂÓãcƒsscC3cƒƒƒ‚ÃãcƒsscC3cƒƒƒ‚ÄfÇ6RÃãcCcCcs33cs“SCcBÃãcCcCcs33cs“SCcBÃã“ƒSCS“S“ccS#C’ÃãbÃã“’ÄfÇ6RÃã#‚Ãã“’ÄfÇ6RÃãc“3c3Ss3#C#s"Ããc“3c3Ss3#C#s"Ãã#c3SCsƒssc"ÃãrÃãÄfÇ6RÃã“CcCsS##3“rÃã“CcCsS##3“rÃã““cs#S3c3SrÃãs‚Ãã“’ÅG'VRÃãS’ÃãÄfÇ6RÃã3“Cƒss“““ƒ2Ãã3“Cƒss“““ƒ2Ãã3sSƒSs33ƒƒ#3‚ÃãCRÃãÄfÇ6RÃãCSssSS3ƒ“#cS“bÃãCSssSS3ƒ“#cS“bÃã###ss““cs#S3bÃãbÃãƒ‚ÄfÇ6RÃãbÃãƒ‚ÄfÇ6RÂÓã#CCc3##ƒC“#cc’Ãã#CCc3##ƒC“#cc’Ããcƒ“3#sƒCc3cCƒƒ2ÃãÃãs"ÄfÇ6RÂÓãcƒsscC3cƒƒƒƒƒ"ÃãcƒsscC3cƒƒƒƒƒ"ÃãS“##ƒSCƒ“rÃã"Ããcc“““““““““““““’ÄfÇ6RÃãÃãsRÄfÇ6RÃãƒƒCƒ3Sc3sSc‚ÃãƒƒCƒ3Sc3sSc‚ÃãƒcCCsƒs“#ƒcc“BÃãÃãc‚ÄfÇ6RÃÃÆV&Ç•ööæÇ•öF—66÷fW'’ÅG'VRÅG'VRÄfÇ6RÄfÇ6RÄfÇ6RÄfÇ6RÄfÇ6P¥DÃÄäETd2ÄäETd2ÄTå4sƒcÂÓãcssc“““C#CcccBÃãcssc“““C#CcccBÄfÇ6RÃãSCcƒ##CCsƒ#S3#rÃãSCcƒ##CCsƒ#S3#rÃãc33CSƒ3c“S#BÃãÃãsBÄfÇ6RÃãÃãs"ÄfÇ6RÃãcƒcƒ##3s#“#SBÃãcƒcƒ##3s#“#SBÃãS“c3ss“3#“"ÃãÃãƒ"ÄfÇ6RÂÓã#sc“CƒCƒC““SBÃã#sc“CƒCƒC““SBÃãcsCc##ss““cs"Ãã"ÃãcRÄfÇ6RÃã"ÃãbÄfÇ6RÂÓã“#C#c“ƒ3SSƒcC"Ãã“#C#c“ƒ3SSƒcC"ÃãSSc#CC#ccs“rÃãÃã‚ÄfÇ6RÂÓãƒc##Sƒ##c3‚Ããƒc##Sƒ##c3‚ÃãC“3ƒ#scC“3ƒ#sRÃãsBÃãÅG'VRÃãsÃãÅG'VRÂÓã#s#c#ƒƒccsƒS"Ãã#s#c#ƒƒccsƒS"Ãã3333333333333332ÃãSÃãÄfÇ6RÂÓãcssc“““C#CcccSBÃãcssc“““C#CcccSBÃãc3CScs“#3CScs’ÃãÃãsrÄfÇ6RÃãÃãs2ÄfÇ6RÂÓãcC3ƒ#sCsCƒƒSÃãcC3ƒ#sCsCƒƒSÃãc3#S#ƒƒcSƒC3bÃãÃãcs“““““““““““““’ÄfÇ6RÃÃÆF“ööæÇ•÷&WFW&Ö–æÅöF—66÷fW'’ÅG'VRÅG'VRÅG'VRÅG'VRÄfÇ6RÄfÇ6RÄfÇ6P¤tDÅ4õ3Å4õ3ÄTå4sS“BÃãcss#ƒ#ƒ3C“"Ããcss#ƒ#ƒ3C“"ÄfÇ6RÃã#sCsCs3ƒs#s3ƒ“3‚Ãã#sCsCs3ƒs#s3ƒ“3‚Ãã3ccSs“ssssCs#“CRÃã"Ããƒ"ÄfÇ6RÃã2Ããs’ÄfÇ6RÃã#Scs33Sƒ3sS“rÃã#Scs33Sƒ3sS“rÃãC“s“SSƒ#3ƒCCC’ÃãbÃãƒBÄfÇ6RÃãƒ“#c#32Ããƒ“#c#32ÃãcCc“S3C“s“C#3‚ÃãsrÃãÅG'VRÃãS"ÃãÄfÇ6RÃãS“ƒƒcS3sC#3ƒƒ3sBÃãS“ƒƒcS3sC#3ƒƒ3sBÃã#3S“3“cC33CsSsRÃã32ÃãÄfÇ6RÃã#sƒƒScSƒc#BÃã#sƒƒScSƒc#BÃãsSsSCCSƒcƒcRÃãÃãsÄfÇ6RÃã2ÃãrÄfÇ6RÂÓã#C“SƒƒsC#SSƒ‚Ãã#C“SƒƒsC#SSƒ‚Ããs3ƒcƒ3#sSs#cRÃãÃãcc“““““““““““““’ÄfÇ6RÃãcss#ƒ#ƒ3C“#CrÃãcss#ƒ#ƒ3C“#CrÃãcSƒSs33ƒƒ#3s‚ÃãÃãs2ÄfÇ6RÃãÃãƒBÄfÇ6RÃã#CC#ƒ#CƒSCSs2Ãã#CC#ƒ#CƒSCSs2ÃãScsscCc3SccS#’ÃãÃã‚ÄfÇ6RÃÃÆV&Ç•ööæÇ•öF—66÷fW'’ÅG'VRÅG'VRÄfÇ6RÄfÇ6RÄfÇ6RÄfÇ6RÄfÇ6P¥DÃÅ4Ä3#T#Å4Ä3#T#ÄTå4sƒ33"ÂÓãccc#3cccs3‚Ããccc#3cccs3‚ÄfÇ6RÃãs“ScƒS“#cSSbÃãs“ScƒS“#cSSbÃã3“#3s#csC“ƒ“sbÃã#‚Ãã“’ÄfÇ6RÃã#’ÃãÄfÇ6RÃãcsS3c“scss#sC"ÃãcsS3c“scss#sC"ÃãCC“““3C3CƒCs2Ãã#BÃã“‚ÄfÇ6RÃãscsCsC#“ƒ“"ÃãscsCsC#“ƒ“"ÃãCS##c33sCCƒSS“bÃã“’ÃãÅG'VRÃãƒÃãÅG'VRÃãC3ƒc3SC3cSc#CbÃãC3ƒc3SC3cSc#CbÃã“c#“Csƒs3s““s2ÃãÃãÅG'VRÃã#3SS3ƒƒc3SBÃã#3SS3ƒƒc3SBÃãcƒSƒsSc#CC#cbÃãcbÃãÄfÇ6RÃãsBÃãÅG'VRÃã#s#cS#S3##s‚Ãã#s#cS#S3##s‚Ãã3#sƒCc3cCƒƒ3C“BÃãCrÃãÄfÇ6RÂÓãccc#3cccs3ƒ#bÃãccc#3cccs3ƒ#bÃãc3c#3““sc“SCs2ÃãÃãcBÄfÇ6RÃãÃãrÄfÇ6RÂÓã“#3c“SccC#CSS32Ãã“#3c“SccC#CSS32Ããs“ƒ“3#sƒCc3cC’ÃãÃãS“ÄfÇ6RÃÃÆV&Ç•ööæÇ•öF—66÷fW'’ÅG'VRÅG'VRÅG'VRÅG'VRÅG'VRÅG'VRÄfÇ6P¤´ÄcÄÔdrÄÔdrÄTå4s“sc2ÂÓãccCC3ƒƒ#C3sCbÃãccCC3ƒƒ#C3sCbÄfÇ6RÃãCsƒƒc3cƒCrÃãCsƒƒc3cƒCrÃãƒ3CCC“c““ƒ#rÃãBÃã“bÄfÇ6RÃãbÃã“RÄfÇ6RÃã33sCSCƒC’Ãã33sCSCƒC’ÃãC##“cc33#CC32ÃãÃãƒbÄfÇ6RÃã333S#3#“3ƒƒBÃã333S#3#“3ƒƒBÃã#“S“ƒ“#cc3Ãã"Ãã“"ÄfÇ6RÃãÃãƒ2ÄfÇ6RÃã#ƒ“ScƒsƒƒCS“ƒRÃã#ƒ“ScƒsƒƒCS“ƒRÃãCs“c#“Csƒs3‚ÃãÃãƒRÄfÇ6RÃã#ƒƒ“c“C#ƒ3sS#‚Ãã#ƒƒ“c“C#ƒ3sS#‚Ãã3C#“3SS#ƒ#s32ÃãƒÃãÅG'VRÃãƒrÃãÅG'VRÃãSC3CS#“ƒcBÃãSC3CS#“ƒcBÃã33ssC##Cƒ"Ããc"ÃãÄfÇ6RÂÓãccCC3ƒƒ#C3sCc#‚ÃãccCC3ƒƒ#C3sCc#‚ÃãS“c“ƒ#cs3S#S3srÃã2ÃãsBÄfÇ6RÃãÃãSRÄfÇ6RÂÓãcC“#C#ƒ#s#3Ccƒ2ÃãcC“#C#ƒ#s#3Ccƒ2ÃãcCsS““CS33SRÃãÃãc2ÄfÇ6RÃÃÆF“ööæÇ•÷&WFW&Ö–æÅöF—66÷fW'’ÅG'VRÅG'VRÅG'VRÅG'VRÄfÇ6RÄfÇ6RÄfÇ6P¥DÃÄ´C$"Ä´C$"ÄTå4sCcbÂÓãccCS“3c“3BÃãccCS“3c“3BÄfÇ6RÃãƒccs#3#Cs#S3‚Ããƒccs#3#Cs#S3‚Ããƒ“Cƒ3ƒCCCrÃãC‚ÃãÄfÇ6RÃãCBÃãÄfÇ6RÃãƒS#“3csƒs“S3CC’ÃãƒS#“3csƒs“S3CC’Ããƒ#Cccs3c“ƒ“bÃãRÃã“’ÄfÇ6RÃãs33c#SSƒ3s“#’Ããs33c#SSƒ3s“#’ÃãcSƒC3c#3““sc“RÃãs"ÃãÅG'VRÃãC2ÃãÄfÇ6RÃãc#Cƒss33#c“2Ããc#Cƒss33#c“2Ãã3SScƒSƒsSc#BÃã“BÃãÅG'VRÃãƒ3“s3c3cƒ3“ƒRÃãƒ3“s3c3cƒ3“ƒRÃã#ƒ3“Scs#ƒ3“Sc"Ãã32Ãã“‚ÄfÇ6RÃã3"ÃãÄfÇ6RÃãS3“#“c“SS##S2ÃãS3“#“c“SS##S2ÃãCƒCƒCƒCƒCƒRÃã‚ÃãÅG'VRÂÓãccCS“3c“3CRÃãccCS“3c“3CRÃãc3s3s3s3s3sÃãÃãsBÄfÇ6RÃãÃãrÄfÇ6RÂÓã#ƒCsCss“ƒ“rÃã#ƒCsCss“ƒ“rÃãs““cs#S3c3SÃãÃãcs“““““““““““““’ÄfÇ6RÃÃÆV&Ç•ööæÇ•öF—66÷fW'’ÅG'VRÅG'VRÄfÇ6RÄfÇ6RÅG'VRÅG'VRÄfÇ6P¤tDÄ$ÃTÄ$ÃTÄTå4sc#“ƒÂÓãcS3Sscc3#ƒSbÃãcS3Sscc3#ƒSbÄfÇ6RÂÓã“33“cCS“scCs#““rÃã“33“cCS“scCs#““rÃãcCc3c3cs#ƒSC“’ÃãsÃãÅG'VRÃãsbÃã“’ÅG'VRÂÓã“3CCS“C“CƒcSƒ2Ãã“3CCS“C“CƒcSƒ2Ãã3ƒCCCƒScc33#ƒ2ÃãS2ÃãÄfÇ6RÂÓã#c3#““Csƒƒ“csÃã#c3#““Csƒƒ“csÃã“33SScƒSƒs"ÃãÃãS"ÄfÇ6RÃãÃãS"ÄfÇ6RÂÓã“csCS33s#ƒS“##RÃã“csCS33s#ƒS“##RÃãscCCsƒs“#ƒcc“RÃãÃãcc“““““““““““““’ÄfÇ6RÃã#S“Cƒ““sS“C#sSBÃã#S“Cƒ““sS“C#sSBÃãC#3CScs“#3CSrÃãRÃãƒBÄfÇ6RÃã"Ããƒ2ÄfÇ6RÃãS“S3ƒsSc3sc“RÃãS“S3ƒsSc3sc“RÃãcs3S#S3ss##“ƒ’ÃãÃãsRÄfÇ6RÂÓãcS3Sscc3#ƒSrÃãcS3Sscc3#ƒSrÃãccs“c“ƒ#cs3S2ÃãÃãs2ÄfÇ6RÃãÃãsrÄfÇ6RÂÓãCS“3Cƒƒc3ssc3ƒ‚ÃãCS“3Cƒƒc3ssc3ƒ‚Ãã“cƒs#C#s“ƒ3S3“ÃãÃãS2ÄfÇ6RÃÃÆV&Ç•ööæÇ•öF—66÷fW'’ÅG'VRÅG'VRÅG'VRÅG'VRÄfÇ6RÄfÇ6RÄfÇ6P¤td“"Ä…5“#Ä…5“#ÄTå4sccS“‚ÂÓãc3#ƒƒsc3C“cBÃãc3#ƒƒsc3C“cBÄfÇ6RÂÓãƒ3“cƒ#ccs3s2Ããƒ3“cƒ#ccs3s2Ãã#sƒSƒS#S“2ÃãC2ÃãÄfÇ6RÃã"Ãã“’ÄfÇ6RÂÓã“sC3#CSc2Ãã“sC3#CSc2Ãã#Cc“CsCSSc“#ƒ#CbÃãS2ÃãÄfÇ6RÂÓãsSCS“ƒSS3BÃãsSCS“ƒSS3BÃãcSƒC3c#3““sc“RÃã“BÃãÅG'VRÃãsrÃãÅG'VRÂÓã#Sssccsc“CRÃã#Sssccsc“CRÃãSsSCCSƒcƒcSSrÃã“‚ÃãÅG'VRÂÓãcC3#c#3“Sc“cÃãcC3#c#3“Sc“cÃã3ssC##Cƒ#ƒS32Ãã’ÃãÄfÇ6RÃãbÃã“bÄfÇ6RÂÓãcs#CcsC“s“Ss3RÃãcs#CcsC“s“Ss3RÃãCƒ#ƒS3##3S“3“cC2Ãã‚Ãã“‚ÄfÇ6RÂÓãc3#ƒƒsc3C“cC“bÃãc3#ƒƒsc3C“cC“bÃãsC“ƒ3csc#cƒƒc"ÃãÃãsrÄfÇ6RÃãÃãcc“““““““““““““’ÄfÇ6RÃãC#“cƒsS##cƒ3“bÃãC#“cƒsS##cƒ3“bÃãScc33ssC#"ÃãÃã“RÄfÇ6RÃÃÆV&Ç•ööæÇ•öF—66÷fW'’ÅG'VRÅG'VRÅG'VRÅG'VRÅG'VRÅG'VRÄfÇ6P¤td“"ÄäETd2ÄäETd2ÄTå4sƒcÃãc#ƒ###c3“RÃãc#ƒ###c3“RÄfÇ6RÃã#3S3cƒCcC32Ãã#3S3cƒCcC32ÃãsSCScccƒ#cs#S"ÃãÃãc2ÄfÇ6RÃãÃãSÄfÇ6RÃãSƒ3cs3#ƒƒƒC"ÃãSƒ3cs3#ƒƒƒC"Ããsc#s“3#S#ƒ“C‚ÃãÃãcrÄfÇ6RÂÓã3“cSc#S“cƒ“#BÃã3“cSc#S“cƒ“#BÃã“ƒ“SsCsS““CS32ÃãÃãSsÄfÇ6RÃãÃãS2ÄfÇ6RÂÓã3#c3ƒCscss3C2Ãã3#c3ƒCscss3C2Ãã“Sc3sƒcƒ#3CRÃãÃãSbÄfÇ6RÂÓã3ƒ“S“CcSc“#3BÃã3ƒ“S“CcSc“#3BÃãS3C“s“C#3ƒcƒ3#‚ÃãsRÃãÅG'VRÃãs’ÃãÅG'VRÂÓã3ss3Cc#CcƒC“C"Ãã3ss3Cc#CcƒC“C"Ãã“3#sƒCc3cCƒƒ3C"ÃãƒRÃãÅG'VRÃãc#ƒ###c3“SrÃãc#ƒ###c3“SrÃãsC““3C#ƒ“C3sS‚ÃãÃãsBÄfÇ6RÃãÃãs"ÄfÇ6RÃã###C“S#cƒS2Ãã###C“S#cƒS2ÃãsƒcSƒC3c#3““‚ÃãÃãs‚ÄfÇ6RÃÃÆF“ööæÇ•÷&WFW&Ö–æÅöF—66÷fW'’ÅG'VRÅG'VRÅG'VRÅG'VRÅG'VRÅG'VRÄfÇ6P¤$4ÃÄ5TÃDÄ5TÃDÄTå4s3“ƒC"Ããc#cs“3sCSƒcC"Ããc#cs“3sCSƒcC"ÄfÇ6RÃã3“cCsƒ3cc3cS’Ãã3“cCsƒ3cc3cS’Ãã##cC““sC#ssÃãs’ÃãÅG'VRÃãrÃãÅG'VRÃãCSS“sCcS###“‚ÃãCSS“sCcS###“‚Ãã3#cS“C#ƒ3ƒ#“ÃãS’ÃãÄfÇ6RÃãcƒƒ3s“SSss““BÃãcƒƒ3s“SSss““BÃãc#3““sc“SCs3#bÃãÃãÄfÇ6RÃãÃã“’ÄfÇ6RÃãccCC#c“c#CC##s’ÃãccCC#c“c#CC##s’Ãã#“Csƒs3s““s#ScRÃãÃãÄfÇ6RÃãC3#sCSSc3sƒƒsCrÃãC3#sCSSc3sƒƒsCrÃãC3“cC33CsSsSCRÃãÃãƒRÄfÇ6RÃãÃã“2ÄfÇ6RÃã#3C“ƒc“cƒ3#SCƒccRÃã#3C“ƒc“cƒ3#SCƒccRÃãsCsS““CS33SRÃãÃãƒRÄfÇ6RÃãc#cs“3sCSƒcC#Ããc#cs“3sCSƒcC#Ããƒ3SccS#“C“#CSSBÃãÃãs‚ÄfÇ6RÃãÃãc"ÄfÇ6RÃãs“ƒƒƒCS““Ccs"Ããs“ƒƒƒCS““Ccs"Ãã“CsS““CS33SRÃãÃãcbÄfÇ6RÃÃÆV&Ç•ööæÇ•öF—66÷fW'’ÅG'VRÅG'VRÅG'VRÅG'VRÄfÇ6RÄfÇ6RÄfÇ6P¤td“"Ä5#ÂÄ5#ÂÄTå4s“ss#Ããc#3Cc3sCs#BÃãc#3Cc3sCs#BÄfÇ6RÃãcs3s3cC3ss“CBÃãcs3s3cC3ss“CBÃãcC3C3S33CƒcsC’Ãã#ÃãÄfÇ6RÃã"Ãã“‚ÄfÇ6RÃãƒ#c#“3ƒCscsRÃãƒ#c#“3ƒCscsRÃãCcSƒC3s3s3ƒS3bÃã#RÃãÄfÇ6RÃã“CCcƒcCs3s#sc2Ãã“CCcƒcCs3s#sc2ÃãC#ƒ“C3sSƒSs33ƒ‚Ããs"ÃãÅG'VRÃãS2ÃãÄfÇ6RÃãƒS“sƒƒ3c#BÃãƒS“sƒƒ3c#BÃã#Cƒ#ƒS3##3S“3“bÃãƒrÃãÅG'VRÃã3c#ƒƒƒ“Ssc#ƒ2Ãã3c#ƒƒƒ“Ssc#ƒ2Ãã3“C#3ƒcƒ3#sSs#BÃã"ÃãƒBÄfÇ6RÃãÃãƒBÄfÇ6RÃã3C#cƒSSCs#ƒ“BÃã3C#cƒSSCs#ƒ“BÃãCS##c##sC3CƒBÃãÃã“2ÄfÇ6RÃãc#3Cc3sCs#Cs‚Ããc#3Cc3sCs#Cs‚ÃãsSsSCCSƒcƒcSbÃãÃãsBÄfÇ6RÃãÃãcBÄfÇ6RÃãCC3sCsƒSƒs#S#S"ÃãCC3sCsƒSƒs#S#S"ÃãSCsS““CS33SRÃãÃã“bÄfÇ6RÃÃÆV&Ç•ööæÇ•öF—66÷fW'’ÅG'VRÅG'VRÄfÇ6RÄfÇ6RÅG'VRÅG'VRÄfÇ6P¥DÃÅ$„4RÅ$„4RÄTå4sƒƒcs"ÂÓãc3#CsCc’Ããc3#CsCc’ÄfÇ6RÃãƒC#“sSs“C3C33cbÃãƒC#“sSs“C3C33cbÃã#cs3sSC“s3#Cs3RÃãS2ÃãÄfÇ6RÃãc‚ÃãÄfÇ6RÃãƒ#sssc“3#c3cC‚Ããƒ#sssc“3#c3cC‚Ãã#3CScƒS#s“ƒs‚ÃãSbÃãÄfÇ6RÃãƒs3ScC##ƒ##RÃãƒs3ScC##ƒ##RÃã#sC3CƒC##C“cSsc"ÃãsbÃãÅG'VRÃãSRÃãÄfÇ6RÃã##sS“#sS#S“S3bÃã##sS“#sS#S“S3bÃãsƒ3#cCsCc##ss“2Ãã“rÃãÅG'VRÃãƒCsCS#“S#3S3SBÃãƒCsCS#“S#3S3SBÃã33CsSsSCCSƒc"Ãã3Ãã“‚ÄfÇ6RÃã3ÃãÄfÇ6RÃãƒsS3SSCƒ“3#C"ÃãƒsS3SSCƒ“3#C"ÃãC3ƒ“SsCsS““CS3RÃã“rÃãÅG'VRÂÓãc3#CsCc“rÃãc3#CsCc“rÃãcCƒC##C“cSscCC‚ÃãRÃãcRÄfÇ6RÃãÃãc’ÄfÇ6RÂÓãCC“#ƒ“ssC“#“3‚ÃãCC“#ƒ“ssC“#“3‚ÃãcsCƒ“s“3CSc3‚ÃãÃãcs“““““““““““““’ÄfÇ6RÃÃÆV&Ç•ööæÇ•öF—66÷fW'’ÅG'VRÅG'VRÄfÇ6RÄfÇ6RÅG'VRÅG'VRÄfÇ6P¤´ÄcÄ4$…5Ä4$…5ÄTå4sS3C‚Ããc3cCcs“C#3RÃãc3cCcs“C#3RÄfÇ6RÃãs#SCCSs3“c“CBÃãs#SCCSs3“c“CBÃãSƒƒSSƒ#CƒCScSbÃã#"ÃãÄfÇ6RÃã#‚ÃãÄfÇ6RÃãc“#“33S“CC3Cƒ3"Ããc“#“33S“CC3Cƒ3"Ãã#CƒCScSsƒCSƒrÃãbÃãÄfÇ6RÃãccƒsƒCsc3“‚ÃãccƒsƒCsc3“‚ÃãScC#S#CSCƒrÃã#’ÃãÄfÇ6RÃã#rÃã“‚ÄfÇ6RÃãsƒ#3C““ƒSccRÃãsƒ#3C““ƒSccRÃãC3ƒ“SsCsS““CS2ÃãBÃãÄfÇ6RÃãCƒ#“ƒƒ“##BÃãCƒ#“ƒƒ“##BÃãcSƒC3c#3““sc“RÃãsBÃãÅG'VRÃãrÃãÅG'VRÃã3s““Cƒ“3ƒS3c#ƒrÃã3s““Cƒ“3ƒS3c#ƒrÃãCs3#S#ƒƒcSƒC3bÃã32ÃãÄfÇ6RÃãc3cCcs“C#3c2Ããc3cCcs“C#3c2Ããcƒ3csc#cƒƒcCSBÃã"ÃãrÄfÇ6RÃãÃãsBÄfÇ6RÃãCCsSScS3#3ccbÃãCCsSScS3#3ccbÃã#C“S“ƒ“#cc3Ãã2Ãã“bÄfÇ6RÃÃÆF“ööæÇ•÷&WFW&Ö–æÅöF—66÷fW'’ÅG'VRÅG'VRÅG'VRÅG'VRÄfÇ6RÄfÇ6RÄfÇ6P¤ädS"Å4Ä3CD"Å4Ä3CD"ÄTå4s#“3S2ÂÓãc#Sc3Cs#s3bÃãc#Sc3Cs#s3bÄfÇ6RÃãSC“cSSƒcC33C32ÃãSC“cSSƒcC33C32ÃãsC3s#3CƒƒS3#2ÃãBÃãÄfÇ6RÃãÃã“’ÄfÇ6RÃãSƒS#SƒCcS“Ccc‚ÃãSƒS#SƒCcS“Ccc‚Ãã“SCƒc3C“#“3CSS’Ãã’Ãã“’ÄfÇ6RÃãƒƒc#3s3ƒ#ƒS2Ããƒƒc#3s3ƒ#ƒS2ÃãsSCCSƒcƒcSSc“#RÃãs‚ÃãÅG'VRÃãSbÃãÄfÇ6RÃã“ƒƒ3cƒCS“cs#s"Ãã“ƒƒ3cƒCS“cs#s"ÃãS##c33sCCƒSS“cs"Ãã‚ÃãÅG'VRÃã“scƒsc#s3sCsƒ’Ãã“scƒsc#s3sCsƒ’Ããcc##sC3CƒC##C’ÃãÃãs"ÄfÇ6RÃãÃãrÄfÇ6RÃã#ƒƒ“s#Cc“C#3Ãã#ƒƒ“s#Cc“C#3ÃãcSccS#“C“#CSSC’ÃãÃãƒ‚ÄfÇ6RÂÓãc#Sc3Cs#s3cBÃãc#Sc3Cs#s3cBÃãcs“#3CScs“#BÃãÃãrÄfÇ6RÃãÃãcÄfÇ6RÂÓãC3ƒ#c“#3“cCcbÃãC3ƒ#c“#3“cCcbÃãsSCƒc“cƒCC““3BÃãÃãc2ÄfÇ6RÃÃÆV&Ç•ööæÇ•öF—66÷fW'’ÅG'VRÅG'VRÄfÇ6RÄfÇ6RÅG'VRÅG'VRÄfÇ6P¤´ÄcÅÅÄTå4sƒƒrÂÓãS“CC3c33Sƒ2ÃãS“CC3c33Sƒ2ÄfÇ6RÂÓãS3“3cSCsrÃãS3“3cSCsrÃã3“cc#SSCCs3ƒcbÃãÃã“RÄfÇ6RÃã"Ãã“‚ÄfÇ6RÂÓã#SƒCc3“sssÃã#SƒCc3“sssÃãSCcƒSC““CsƒccrÃãÃãƒÄfÇ6RÂÓãƒCc#ƒ3ƒS““##rÃãƒCc#ƒ3ƒS““##rÃãS#SSCC3#“#ƒÃãÃãsRÄfÇ6RÃãÃãc"ÄfÇ6RÂÓãCC333ƒs3C32ÃãCC333ƒs3C32Ãã3#Cc“3Sƒ#Cc“3RÃãÃã“‚ÄfÇ6RÂÓãCScS#ƒc333““CbÃãCScS#ƒc333““CbÃã“#C3ƒ“SsCsS““CRÃãƒ’ÃãÅG'VRÃã’ÃãÅG'VRÂÓã#3ƒS#C3sC3c##"Ãã#3ƒS#C3sC3c##"ÃãC#S#CSCƒc“cƒCRÃãÃãÅG'VRÂÓãS“CC3c33Sƒ#ƒrÃãS“CC3c33Sƒ#ƒrÃãccS“ƒs“ScC2ÃãÃãcS“““““““““““““’ÄfÇ6RÃãÃãsÄfÇ6RÂÓãS#ƒSS“SCSC#’ÃãS#ƒSS“SCSC#’Ããƒƒ3#cCsCc##ss“"ÃãÃãSÄfÇ6RÃÃÆF“ööæÇ•÷&WFW&Ö–æÅöF—66÷fW'’ÅG'VRÅG'VRÅG'VRÅG'VRÅG'VRÅG'VRÄfÇ6P¤td“"Ä4ÄÓ"Ä4ÄÓ"ÄTå4sC3“32ÂÓãS“C3SCs#cs#2ÃãS“C3SCs#cs#2ÄfÇ6RÂÓãSS###3scsC““cBÃãSS###3scsC““cBÃãC“SCC33CsS““RÃãRÃã“bÄfÇ6RÃãrÃã’ÄfÇ6RÂÓãS#ƒscc#“cc333c‚ÃãS#ƒscc#“cc333c‚Ããƒ#Cccs3c“ƒ“2ÃãbÃã“rÄfÇ6RÂÓã“ƒ“ssssSs““SSsbÃã“ƒ“ssssSs““SSsbÃã"Ããƒ2ÃãÅG'VRÃãbÃã“’ÄfÇ6RÂÓãƒ33sCCc“#s“ƒcs‚Ããƒ33sCCc“#s“ƒcs‚Ãã#““3“sƒS##c"Ãã3rÃãÄfÇ6RÂÓãc#sCss33#“CrÃãc#sCss33#“CrÃãc““s#ScSSssS3BÃãÃãcc“““““““““““““’ÄfÇ6RÃãÃãs"ÄfÇ6RÂÓãs“C#Cc#ƒcCS‚Ããs“C#Cc#ƒcCS‚Ããƒs“c“ƒ#cs3S#RÃãÃãcRÄfÇ6RÂÓãS“C3SCs#cs#3‚ÃãS“C3SCs#cs#3‚ÃãsSSCƒ3ƒ3CC3s2ÃãÃãc"ÄfÇ6RÃãÃãs‚ÄfÇ6RÃãc3#ƒcCc#“ss3SC“’Ããc3#ƒcCc#“ss3SC“’Ãã3ƒSƒSƒSƒSƒS"ÃãÃãÄfÇ6RÃÃÆV&Ç•ööæÇ•öF—66÷fW'’ÅG'VRÅG'VRÄfÇ6RÄfÇ6RÄfÇ6RÄfÇ6RÄfÇ6P¤´ÄcÄ4#2Ä4#2ÄTå4sS#3’ÃãSsSS“3cƒrÃãSsSS“3cƒrÄfÇ6RÂÓãc3S#s#s33bÃãc3S#s#s33bÃãS#333Sc#Ss3sCÃãƒrÃãÅG'VRÃãSrÃãÄfÇ6RÂÓã#3cS##ƒsÃã#3cS##ƒsÃã#Cƒ3“3ƒS3sS###“RÃãs"ÃãÅG'VRÃãƒ““3c#“c“ƒss3"Ããƒ““3c#“c“ƒss3"ÃãsS#ƒƒcSƒC3c#ÃãÃãcbÄfÇ6RÃãÃãc"ÄfÇ6RÃãCCcƒc#33ƒ##bÃãCCcƒc#33ƒ##bÃãscCƒƒ3C“#C3ƒ’ÃãÃãƒÄfÇ6RÃãCƒcc##scCƒccCbÃãCƒcc##scCƒccCbÃã“SƒƒCss3cc#SSCBÃã2Ãã“"ÄfÇ6RÃã’Ãã“‚ÄfÇ6RÃãcsS“#ƒ“s#Sƒ“2ÃãcsS“#ƒ“s#Sƒ“2Ãã#sƒs“#ƒcc“CRÃãÃã“‚ÄfÇ6RÃãSsSS“3cƒrÃãSsSS“3cƒrÃãccƒs#C#s“ƒ3S3“ÃãÃãsrÄfÇ6RÃãÃãcrÄfÇ6RÃã3S“CsssSƒc#sCSBÃã3S“CsssSƒc#sCSBÃã3scCc3SccS#“C’ÃãÃã’ÄfÇ6RÃÃÆV&Ç•ööæÇ•öF—66÷fW'’ÅG'VRÅG'VRÄfÇ6RÄfÇ6RÅG'VRÅG'VRÄfÇ6P¤$4ÃÄdä42Ädä42ÄTå4sSƒc’ÃãSC33scCS3C3s‚ÃãSC33scCS3C3s‚ÄfÇ6RÃã#cCƒ3“#CSc"Ãã#cCƒ3“#CSc"Ããc#ƒ3CCƒ#s#“’Ãã"ÃãÄfÇ6RÃã#"ÃãÄfÇ6RÃã##ƒCS“#S3#3cRÃã##ƒCS“#S3#3cRÃãSsƒ“SCSƒ“cƒs33RÃã#RÃãÄfÇ6RÃãCƒSS“S“ƒ3#3‚ÃãCƒSS“S“ƒ3#3‚Ãã#3CS#csCƒ“s“3RÃãƒbÃãÅG'VRÃãsbÃãÅG'VRÃãScs3CsCƒ#ƒ3SbÃãScs3CsCƒ#ƒ3SbÃã3CS#csCƒ“s“3C2ÃãƒRÃãÅG'VRÃãƒcc3S#ƒsƒ“#SbÃãƒcc3S#ƒsƒ“#SbÃãSSssS3C#“3SS#‚Ãã"Ãã“’ÄfÇ6RÃã"ÃãÄfÇ6RÃã3SƒsscsCC3““"Ãã3SƒsscsCC3““"Ãã#CCs“c#“Cs’ÃãÃãÄfÇ6RÃãSC33scCS3C3sƒbÃãSC33scCS3C3sƒbÃãƒ##ƒSCƒ“sBÃãÃãcRÄfÇ6RÃãÃãcRÄfÇ6RÃã3CcCƒS33‚Ãã3CcCƒS33‚ÃãsƒƒsSsCcsscCRÃãÃãÄfÇ6RÃÃÆV&Ç•ööæÇ•öF—66÷fW'’ÅG'VRÅG'VRÅG'VRÅG'VRÅG'VRÅG'VRÄfÇ6P¤tDÅU5RÅU5RÄTå4s3ScSRÂÓãS#“S3Sƒƒ#SS‚ÃãS#“S3Sƒƒ#SS‚ÄfÇ6RÃã3###c3ƒC“##S3BÃã3###c3ƒC“##S3BÃã#sC3ƒccƒƒ“cRÃã“RÃãÅG'VRÃã’ÃãÅG'VRÃã3SScƒCSƒ#C3“Cƒ#‚Ãã3SScƒCSƒ#C3“Cƒ#‚Ãã#sC3ƒccƒƒ“cRÃã“BÃãÅG'VRÃãC“#SCƒƒ3s3ƒBÃãC“#SCƒƒ3s3ƒBÃã33ƒƒ#3sƒ3#cCrÃã2Ãã“bÄfÇ6RÃã#’Ãã“BÄfÇ6RÃãccƒ#sC3ƒ#s#3“#bÃãccƒ#sC3ƒ#s#3“#bÃã3CC3s#s#33“c"ÃãCRÃãÄfÇ6RÂÓã3ccsscccS3ƒÃã3ccsscccS3ƒÃãs#ƒƒcSƒC3c#BÃã"Ããcs“““““““““““““’ÄfÇ6RÃãÃãS“ÄfÇ6RÃã#S#ƒC3s“Sc2Ãã#S#ƒC3s“Sc2ÃãSƒ#3CS#csCƒ“rÃãÃãsbÄfÇ6RÂÓãS#“S3Sƒƒ#SSs““‚ÃãS#“S3Sƒƒ#SSs““‚Ããcƒ3csc#cƒƒcCSBÃãÃãs2ÄfÇ6RÃãÃãsRÄfÇ6RÂÓã“cƒ“c#ƒc#CCSs#SBÃã“cƒ“c#ƒc#CCSs#SBÃãcCSSCƒ3ƒ3CC3‚Ãã"ÃãƒÄfÇ6RÃÃÆV&Ç•ööæÇ•öF—66÷fW'’ÅG'VRÅG'VRÅG'VRÅG'VRÅG'VRÅG'VRÄfÇ6P¤ädS"Ä4„cÄ4„cÄTå4scscsÂÓãSCCs3Sƒ3bÃãSCCs3Sƒ3bÄfÇ6RÂÓãC“3c#S“ccc3C2ÃãC“3c#S“ccc3C2ÃãcSSƒCSs“S33bÃãbÃã“‚ÄfÇ6RÃã2Ãã’ÄfÇ6RÂÓãCcCc##Cs3#“33C"ÃãCcCc##Cs3#“33C"Ããƒ#“#3CCc#ƒƒ“#ƒbÃãrÃã“rÄfÇ6RÂÓã#c“#C#CC33ƒSSRÃã#c“#C#CC33ƒSSRÃã3SccS#“C“#CSSCƒbÃãÃãƒBÄfÇ6RÃãrÃãƒ#ÄfÇ6RÂÓã3c#ScCsC“ƒ3c"Ãã3c#ScCsC“ƒ3c"Ãã3cC#S#CSCƒrÃãÃã“bÄfÇ6RÂÓãCcCs33##3bÃãCcCs33##3bÃãsSCCSƒcƒcSSc“#RÃãƒ"ÃãÅG'VRÃãƒ2ÃãÅG'VRÂÓãcS#s#ƒs3s#s“RÃãcS#s#ƒs3s#s“RÃã#c33sCCƒSS“css‚ÃãsbÃãÅG'VRÂÓãSCCs3Sƒ3cS2ÃãSCCs3Sƒ3cS2Ããc“c“ƒ#cs3S#S3srÃãÃãc’ÄfÇ6RÃãÃãƒ2ÄfÇ6RÂÓãCƒSs“C#ƒƒc#Sc3bÃãCƒSs“C#ƒƒc#Sc3bÃã“CS##c33sCC’ÃãÃãc2ÄfÇ6RÃÃÆF“ööæÇ•÷&WFW&Ö–æÅöF—66÷fW'’ÅG'VRÅG'VRÅG'VRÅG'VRÅG'VRÅG'VRÄfÇ6P¥DÃÄ3cSCrã2Ä3cSCrã2ÄTå4s#cƒ#“"ÃãSS“Csc“scccbÃãSS“Csc“scccbÄfÇ6RÃãS“CSc3sc3Scƒ#cƒSRÃãS“CSc3sc3Scƒ#cƒSRÃãƒS##C3cS##rÃãÃãSbÄfÇ6RÃãÃãS‚ÄfÇ6RÃãSsƒ#SCƒ3#“3‚ÃãSsƒ#SCƒ3#“3‚ÃãƒS#“#“s#3ƒ#‚ÃãÃãc"ÄfÇ6RÃãSssCCS“ƒƒ#CrÃãSssCCS“ƒƒ#CrÃãcCsƒs3s““s#ScSbÃã"ÃãcRÄfÇ6RÃã"Ããc"ÄfÇ6RÃã#S3SƒCScs#RÃã#S3SƒCScs#RÃãCc#ƒ#SsƒƒsSsCcRÃãÃãƒ’ÄfÇ6RÃãƒ3#“c##S3“c3c‚Ããƒ3#“c##S3“c3c‚ÃãSsSCCSƒcƒcSSrÃãƒbÃãÅG'VRÃãsbÃãÅG'VRÃãC#ƒcc“s##3C‚ÃãC#ƒcc“s##3C‚Ãã################2ÃãbÃãÄfÇ6RÃãSS“Csc“sccccSRÃãSS“Csc“sccccSRÃãcs3s3s3s3sBÃãÃãsbÄfÇ6RÃãÃãrÄfÇ6RÃãSCCc“c“s3ÃãSCCc“c“s3ÃãcSƒƒCss3cc#SSCBÃãÃãc’ÄfÇ6RÃÃÆF“ööæÇ•÷&WFW&Ö–æÅöF—66÷fW'’ÅG'VRÅG'VRÅG'VRÅG'VRÄfÇ6RÄfÇ6RÄfÇ6P¤$4ÃÅe34"Åe34"ÄTå4s3#SC’ÃãS3S#cƒ3sCcbÃãS3S#cƒ3sCcbÄfÇ6RÃãƒCƒCsƒ3cscsƒƒrÃãƒCƒCsƒ3cscsƒƒrÃã#3c“#ScS#3S2ÃãRÃãÄfÇ6RÃã‚ÃãÄfÇ6RÃãsCSƒS3#c“CCSÃãsCSƒS3#c“CCSÃã““ƒ“csSSƒ2ÃãÃãÄfÇ6RÃãcƒ##“s3“#Sc2Ããcƒ##“s3“#Sc2Ããƒ“c3#3s33ƒSCbÃã“’ÃãÅG'VRÃã“"ÃãÅG'VRÃãscs#Ss3CCcCS‚Ããscs#Ss3CCcCS‚Ããƒ3ƒ3CC3s#s#3BÃã“’ÃãÅG'VRÃã#s#C#s“ƒ“scc‚Ãã#s#C#s“ƒ“scc‚ÃãcCCsƒs“#ƒcc“CRÃã“’ÃãÅG'VRÃãÃãÅG'VRÃã##cSC3cƒccc“SbÃã##cSC3cƒccc“SbÃãC“sS3ƒcC“sS3ÃãbÃãÄfÇ6RÃãS3S#cƒ3sCcc"ÃãS3S#cƒ3sCcc"Ããƒc3#3s33ƒSCbÃãÃãs"ÄfÇ6RÃãÃãs"ÄfÇ6RÂÓã#ƒƒƒC“ƒc“S3ƒcbÃã#ƒƒƒC“ƒc“S3ƒcbÃãƒsSCCSƒcƒcSSrÃãÃãƒ’ÄfÇ6RÃÃÇ&WFW&Ö–æÅööæÇ•öF—66÷fW'’ÅG'VRÅG'VRÅG'VRÅG'VRÅG'VRÅG'VRÄfÇ6P¤td“"ÅET$2ÅET$2ÄTå4scsSS2ÂÓãC“cC3C3c##‚ÃãC“cC3C3c##‚ÄfÇ6RÂÓãSCS3cS##sSSbÃãSCS3cS##sSSbÃãƒ“sSCc“ƒƒc#“s‚ÃãsbÃãÅG'VRÃãrÃãÅG'VRÂÓã“S3Sƒ#“ƒc#S’Ãã“S3Sƒ#“ƒc#S’Ãã#sC3ƒccƒƒ“cRÃãS2ÃãÄfÇ6RÂÓãsƒƒCs3““3“bÃãsƒƒCs3““3“bÃãƒ“3#sƒCc3cCƒƒ32Ãã“RÃãÅG'VRÃãs‚ÃãÅG'VRÂÓã“#Ss3S#SSƒCC“s2Ãã“#Ss3S#SSƒCC“s2Ãã#“Csƒs3s““s#ScRÃãcRÃãÄfÇ6RÂÓã“c“CC#ƒSƒcS“c#’Ãã“c“CC#ƒSƒcS“c#’ÃãC3c#3““sc“SCs3BÃã2ÃãÄfÇ6RÃã3Ãã“’ÄfÇ6RÂÓã“s#Ss“ƒcsss#BÃã“s#Ss“ƒcsss#BÃãcC#S#CSCƒc“cbÃã#rÃãÄfÇ6RÂÓãC“cC3C3c##ƒ3rÃãC“cC3C3c##ƒ3rÃãscsscCc3SccS#’ÃãÃãcs“““““““““““““’ÄfÇ6RÃãÃãs‚ÄfÇ6RÃãS#sssscCƒCRÃãS#sssscCƒCRÃãC“3ƒ#scC“3ƒ#s2ÃãÃãÄfÇ6RÃÃÆV&Ç•ööæÇ•öF—66÷fW'’ÅG'VRÅG'VRÅG'VRÅG'VRÄfÇ6RÄfÇ6RÄfÇ6P¤ädS"Å•"Å•"ÄTå4sƒsƒC"ÂÓãC“CsƒsScs“"ÃãC“CsƒsScs“"ÄfÇ6RÂÓã“sc3c“CcCSSsbÃã“sc3c“CcCSSsbÃãscƒ#ƒ“s3#ccScbÃãs2ÃãÅG'VRÃãc’ÃãÄfÇ6RÂÓã“C“ƒscS3#C2Ãã“C“ƒscS3#C2Ãã“““33C“ƒrÃãSBÃãÄfÇ6RÂÓãCSS33#“cCS#SRÃãCSS33#“cCS#SRÃãccs3S#S3ss##“‚ÃãÃãs2ÄfÇ6RÃãÃãs’ÄfÇ6RÂÓã3#CC#csSsƒ3“#BÃã3#CC#csSsƒ3“#BÃã3SsSCCSƒcƒcSSrÃãÃã“RÄfÇ6RÂÓãC#S“s#CsƒC“SsSRÃãC#S“s#CsƒC“SsSRÃã3SCƒ3ƒ3CC3s#rÃãÃã’ÄfÇ6RÃãÃã“rÄfÇ6RÂÓãc#“s33s“Scsc’Ããc#“s33s“Scsc’Ãã3cƒ3#sSs#cCcÃãÃã“bÄfÇ6RÂÓãC“CsƒsScs“3"ÃãC“CsƒsScs“3"Ããs3ssC##Cƒ#’ÃãÃãc’ÄfÇ6RÃãÃãSƒÄfÇ6RÂÓãC3ƒ#s#3cC3ccBÃãC3ƒ#s#3cC3ccBÃãscƒSƒsSc#CC"ÃãÃãc’ÄfÇ6RÃÃÆV&Ç•ööæÇ•öF—66÷fW'’ÅG'VRÅG'VRÄfÇ6RÄfÇ6RÄfÇ6RÄfÇ6RÄfÇ6P¤´ÄcÅ%3RÅ%3RÄTå4sƒ3ƒCRÃãCsss#33s3C3RÃãCsss#33s3C3RÄfÇ6RÃã3S“““C#SCSsCSƒSRÃã3S“““C#SCSsCSƒSRÃã3Sc#C“C#SC3SBÃã2Ãã’ÄfÇ6RÃãBÃãƒRÄfÇ6RÃã3cƒS“ƒc3“3SbÃã3cƒS“ƒc3“3SbÃã3ƒƒ3“3Cc“csC3rÃãÃã“BÄfÇ6RÃãC3CC#ƒ#3“C#SCc‚ÃãC3CC#ƒ#3“C#SCc‚Ããc3SccS#“C“#CSSBÃãƒ’ÃãÅG'VRÃãs2ÃãÅG'VRÃã“c#sƒCcCCsrÃã“c#sƒCcCCsrÃã#“c#“c#“c#“c#“c2ÃãrÃãÅG'VRÃãccCSSsC“3“ƒƒRÃãccCSSsC“3“ƒƒRÃãSƒ“c3#3s3BÃãS‚ÃãÄfÇ6RÃãc2ÃãÄfÇ6RÃã33#SƒC#ƒ3““"Ãã33#SƒC#ƒ3““"ÃãSƒs“ScC#S#CÃãÃãsrÄfÇ6RÃãCsss#33s3C3SSBÃãCsss#33s3C3SSBÃãc3“cC33CsSsSCBÃãÃãsBÄfÇ6RÃãÃãc‚ÄfÇ6RÃã3CƒƒƒsƒsCcS3"Ãã3CƒƒƒsƒsCcS3"Ãã33ƒ#CCs“c#"Ãã"Ãã’ÄfÇ6RÃÃÆV&Ç•ööæÇ•öF—66÷fW'’ÅG'VRÅG'VRÅG'VRÅG'VRÅG'VRÅG'VRÄfÇ6P¤$4ÃÄ4%2Ä4%2ÄTå4sc’ÃãCcsS3##cƒrÃãCcsS3##cƒrÄfÇ6RÂÓãS#ƒ“sƒ#sC3S2ÃãS#ƒ“sƒ#sC3S2Ãã“c#“scC#cc‚ÃãÃãc2ÄfÇ6RÃãÃãS"ÄfÇ6RÃãƒC3“c“#“s“SsRÃãƒC3“c“#“s“SsRÃã“cs3CƒSƒsƒcsÃãÃãS’ÄfÇ6RÃãƒ##3CCc#3#C33bÃãƒ##3CCc#3#C33bÃãSc#CC#ccs“rÃãBÃãÄfÇ6RÃãÃãÄfÇ6RÃã#ƒsƒ##3cƒ“#cƒbÃã#ƒsƒ##3cƒ“#cƒbÃãSƒsSc#CC#ccRÃã#BÃãÄfÇ6RÃã“C#s““c3sC3Cc2Ãã“C#s““c3sC3Cc2Ãã“c#“Csƒs3s““s2Ãã“2ÃãÅG'VRÃã“"ÃãÅG'VRÃã#c##cs3sC“s#“SRÃã#c##cs3sC“s#“SRÃã#Cƒ#ƒS3##3S“3“bÃã“‚ÃãÅG'VRÃãCcsS3##cƒsÃãCcsS3##cƒsÃãƒ#s33Sƒ“ƒC“ÃãÃãsBÄfÇ6RÃãÃãcBÄfÇ6RÃãC3SƒƒCC“3SsccC3BÃãC3SƒƒCC“3SsccC3BÃãc“sS3ƒcC“sS3’ÃãÃã“bÄfÇ6RÃÃÆF“ööæÇ•÷&WFW&Ö–æÅöF—66÷fW'’ÅG'VRÅG'VRÅG'VRÅG'VRÅG'VRÅG'VRÄfÇ6P¥DÃÄåUƒRÄåUƒRÄTå4s#SCSÂÓãCCCsS3ƒ#“ƒ“##2ÃãCCCsS3ƒ#“ƒ“##2ÄfÇ6RÂÓã3scCƒSƒ3S3‚Ãã3scCƒSƒ3S3‚Ããs#s#3c#CƒCC#‚Ããs"ÃãÅG'VRÃãS"Ãã“’ÄfÇ6RÂÓã#3“ƒ##ScsCƒBÃã#3“ƒ##ScsCƒBÃãc3ƒs“Cs3#c‚Ãã‚ÃãÅG'VRÂÓãƒs3scsƒCccCBÃãƒs3scsƒCccCBÃãs#S3c3ScS“ƒ‚ÃãÃãcs“““““““““““““’ÄfÇ6RÃãÃãS2ÄfÇ6RÂÓã“s#csSs#“c“cRÃã“s#csSs#“c“cRÃãs3CScs“#3CScs’ÃãÃãs2ÄfÇ6RÃãscsSƒƒ#SS“#scsbÃãscsSƒƒ#SS“#scsbÃãCCsƒs“#ƒcc“CÃã3"Ãã“rÄfÇ6RÃã3Ãã“’ÄfÇ6RÃãc3““sS#“3ƒƒS2Ããc3““sS#“3ƒƒS2Ãã##3S“3“cC33CsS‚ÃãRÃã“RÄfÇ6RÂÓãCCCsS3ƒ#“ƒ“##3cBÃãCCCsS3ƒ#“ƒ“##3cBÃãcƒ3C“#C3ƒ“SsBÃãÃãsÄfÇ6RÃãÃãc’ÄfÇ6RÂÓã3css3C3##“‚Ãã3css3C3##“‚ÃãsC3CƒC##C“cSscBÃãÃãcs“““““““““““““’ÄfÇ6RÃÃÆV&Ç•ööæÇ•öF—66÷fW'’ÅG'VRÅG'VRÄfÇ6RÄfÇ6RÅG'VRÅG'VRÄfÇ6P¤ädS"Ätd“"Ätd“"ÄTå4scSs"ÃãC3ƒss#3S2ÃãC3ƒss#3S2ÄfÇ6RÃã3S“SC3c3ccsc“‚Ãã3S“SC3c3ccsc“‚Ãã3ƒC#sscsƒc“3“##BÃãÃãƒÄfÇ6RÃã2Ããc‚ÄfÇ6RÃã3ƒƒSssƒ3#3“‚Ãã3ƒƒSssƒ3#3“‚Ãã#cCSƒc#“ƒS3#3rÃã2Ããƒ2ÄfÇ6RÃãƒSSCCsCc3#C‚ÃãƒSSCCsCc3#C‚Ãã““cs#S3c3SrÃãsBÃãÅG'VRÃãBÃãÄfÇ6RÃãƒ3C#3Ssc3c#“3Ããƒ3C#3Ssc3c#“3Ãã3Sƒ“ƒC“ƒ3csc#bÃãC2ÃãÄfÇ6RÂÓã33#ƒƒ3“scc2Ãã33#ƒƒ3“scc2ÃãC“cC33CsSsSCCbÃãÃãs‚ÄfÇ6RÃãÃãsbÄfÇ6RÂÓãC##SCsƒ3S#ƒƒrÃãC##SCsƒ3S#ƒƒrÃãS#C3ƒ“SsCsS““CbÃãÃãƒ‚ÄfÇ6RÃãC3ƒss#3S3ƒRÃãC3ƒss#3S3ƒRÃãs“s3“3cƒ““ƒc#’ÃãÃãsBÄfÇ6RÃãÃãc2ÄfÇ6RÃã“sC““sƒ3sƒ#CC2Ãã“sC““sƒ3sƒ#CC2Ããc3s3s3s3s3rÃãÃãs’ÄfÇ6RÃÃÆV&Ç•ööæÇ•öF—66÷fW'’ÅG'VRÅG'VRÄfÇ6RÄfÇ6RÄfÇ6RÄfÇ6RÄfÇ6P¤ädS"Å%3RÅ%3RÄTå4sƒ3ƒCRÃãC#3“SCC#SCrÃãC#3“SCC#SCrÄfÇ6RÃãCSƒss“ƒƒCSSCÃãCSƒss“ƒƒCSSCÃãcCc3c3cs#ƒSC“’Ããs’ÃãÅG'VRÃãcÃãÄfÇ6RÃãƒsCccsS#“cs’ÃãƒsCccsS#“cs’Ãã3ƒ#Cccs3c“‚ÃãcrÃãÄfÇ6RÃãSSCsS“#sƒ3crÃãSSCsS“#sƒ3crÃã“c#“Csƒs3s““s"ÃãbÃãÄfÇ6RÃã’Ãã“"ÄfÇ6RÃãCCc#C3sC“c#3cBÃãCCc#C3sC“c#3cBÃã#Ssc3cƒs#C#‚Ãã"Ãã“’ÄfÇ6RÂÓã33sC#“cc““‚Ãã33sC#“cc““‚ÃãCS#Ssc3cƒs#CRÃãÃãƒrÄfÇ6RÃã"ÃãƒBÄfÇ6RÂÓãsƒc“3ƒcss#s#c"Ããsƒc“3ƒcss#s#c"Ãã“#C3ƒ“SsCsS““CbÃã"ÃãÄfÇ6RÃãC#3“SCC#SCsƒbÃãC#3“SCC#SCsƒbÃãs3ssC##Cƒ#ƒRÃãÃãS’ÄfÇ6RÃãÃãsBÄfÇ6RÃã#C“Sc##“ssc3BÃã#C“Sc##“ssc3BÃãS“sc“SCs3#S#’ÃãÃãcrÄfÇ6RÃÃÆV&Ç•ööæÇ•öF—66÷fW'’ÅG'VRÅG'VRÄfÇ6RÄfÇ6RÄfÇ6RÄfÇ6RÄfÇ6P¤tDÅD•%ÅD•%ÄTå4sc3cS’ÂÓãCƒƒ“sƒ3“"ÃãCƒƒ“sƒ3“"ÄfÇ6RÂÓã#“cc3ƒƒ3“ƒ3S“rÃã#“cc3ƒƒ3“ƒ3S“rÃã33cS3CSCCs“CBÃã2Ãã“ÄfÇ6RÃãÃãsbÄfÇ6RÂÓã3#c“33“3Cƒ3ccRÃã3#c“33“3Cƒ3ccRÃã#“SsCƒ3ƒs“ƒƒ“Ãã"Ãã’ÄfÇ6RÂÓãs3#s#3S#ƒcS3“RÃãs3#s#3S#ƒcS3“RÃã3sƒ3#cCsCc##srÃãsRÃãÅG'VRÃãCbÃãÄfÇ6RÂÓãsc#sc““cs#S"Ããsc#sc““cs#S"Ããc3SccS#“C“#CSSBÃãcBÃãÄfÇ6RÂÓã3ƒs3sSSS#3“sƒsC"Ãã3ƒs3sSSS#3“sƒsC"Ãã##3““sc“SCs3#S"ÃãBÃã“"ÄfÇ6RÃã2Ãã“RÄfÇ6RÂÓã3sCss3“““sCƒSC’Ãã3sCss3“““sCƒSC’Ãã3ƒ“3CS##c33rÃãÃã“#“““““““““““““’ÄfÇ6RÂÓãCƒƒ“sƒ3“##BÃãCƒƒ“sƒ3“##BÃãsSsc3cƒs#C#s’ÃãÃãc2ÄfÇ6RÃãÃãsrÄfÇ6RÂÓã3#“cS“3“ƒc#sƒ#S"Ãã3#“cS“3“ƒc#sƒ#S"Ããsc#3““sc“SCs32ÃãÃãc’ÄfÇ6RÃÃÆV&Ç•ööæÇ•öF—66÷fW'’ÅG'VRÅG'VRÄfÇ6RÄfÇ6RÄfÇ6RÄfÇ6RÄfÇ6P¤´ÄcÅ%ÅÅ%ÅÄTå4sƒ“SrÃãCƒ#ƒSs#sC#C"ÃãCƒ#ƒSs#sC#C"ÄfÇ6RÃãsC“cƒc“3#“3#3RÃãsC“cƒc“3#“3#3RÃãs“Ss“SssCCSCcSrÃãsbÃãÅG'VRÃãƒÃãÅG'VRÃãsƒcƒS““sS“#Cƒ#RÃãsƒcƒS““sS“#Cƒ#RÃã#“C“cSSsss“ƒS"ÃãSrÃãÄfÇ6RÃãƒCƒSC3cSSƒs#“‚ÃãƒCƒSC3cSSƒs#“‚ÃãC#ƒ“C3sSƒSs33ƒ‚ÃãS’ÃãÄfÇ6RÃãC’Ãã“‚ÄfÇ6RÃãsS“#“#SƒC“SbÃãsS“#“#SƒC“SbÃã“#CSSCƒ3ƒ3CC2Ãã’ÃãÄfÇ6RÃãsƒ“ƒS#sS“cƒc‚Ããsƒ“ƒS#sS“cƒc‚ÃãssSƒSs33ƒƒ#3‚ÃãÃãc2ÄfÇ6RÃã"ÃãSRÄfÇ6RÂÓãcsƒcsC#C‚ÃãcsƒcsC#C‚Ãã#c“#s#“sccƒ3ƒCÃã"Ãã“rÄfÇ6RÃãCƒ#ƒSs#sC#C#S‚ÃãCƒ#ƒSs#sC#C#S‚ÃãcS3C#“3SS#ƒ#rÃãÃãcrÄfÇ6RÃã"ÃãcbÄfÇ6RÃã3S#C3C#c3s3RÃã3S#C3C#c3s3RÃã3#s“ƒ3S3““CcS"ÃãÃã“"ÄfÇ6RÃÃÆV&Ç•ööæÇ•öF—66÷fW'’ÅG'VRÅG'VRÅG'VRÅG'VRÄfÇ6RÄfÇ6RÄfÇ6P¤tDÅDc2ÅDc2ÄTå4scSc3"ÃãC#cƒ#ƒ3“ccrÃãC#cƒ#ƒ3“ccrÄfÇ6RÂÓãsSCcCC#C3SC“‚ÃãsSCcCC#C3SC“‚ÃãSƒ#s“S““3“c3ScrÃãÃãcs“““““““““““““’ÄfÇ6RÃãÃãcRÄfÇ6RÂÓãcCcCƒƒ3S#SsSRÃãcCcCƒƒ3S#SsSRÃãcCSC#Cc#C#“c’ÃãÃãs‚ÄfÇ6RÂÓãƒsc#3S“S3rÃãƒsc#3S“S3rÃã3ssC##Cƒ#ƒS3ÃãsbÃãÅG'VRÃãCRÃã“’ÄfÇ6RÂÓãƒ##3ƒScƒC“RÃãƒ##3ƒScƒC“RÃã3ƒCƒss“C“S“ƒ’ÃãsRÃãÅG'VRÂÓãsccCcƒ##SC#"ÃãsccCcƒ##SC#"ÃãSss“C“S“ƒ“#cÃãÃãsbÄfÇ6RÃã"ÃãsÄfÇ6RÂÓãC“3s#cc“#3#ÃãC“3s#cc“#3#Ãã“3cƒs#C#s“ƒ3SBÃãÃãSsÄfÇ6RÃãC#cƒ#ƒ3“ccc“s2ÃãC#cƒ#ƒ3“ccc“s2Ããsƒ“c3#3s33ƒbÃãÃãrÄfÇ6RÃãÃãsÄfÇ6RÃã#s3cSc3“C3ScƒbÃã#s3cSc3“C3ScƒbÃãS#“ƒscSC3#“ƒsrÃãÃãƒ’ÄfÇ6RÃÃÆV&Ç•ööæÇ•öF—66÷fW'’ÅG'VRÅG'VRÄfÇ6RÄfÇ6RÅG'VRÅG'VRÄfÇ6P¤´ÄcÄDC"ÄDC"ÄTå4ssS3CÂÓã3csƒs3CC“#ƒBÃã3csƒs3CC“#ƒBÄfÇ6RÃã“#SSs3C3#SƒS’Ãã“#SSs3C3#SƒS’Ããs3C3sS“ƒ“3ƒ2ÃãsÃãÅG'VRÃãCrÃãÄfÇ6RÃã“c“ƒsƒCS“3BÃã“c“ƒsƒCS“3BÃã3Scsƒs“SCCS“BÃãÃãÅG'VRÃãcc3s#ƒSƒSS“s3bÃãcc3s#ƒSƒSS“s3bÃã3“Scs#ƒ3“ScrÃã32ÃãÄfÇ6RÃã#Ãã“’ÄfÇ6RÃãCS“sc“ƒCC3rÃãCS“sc“ƒCC3rÃã#ƒƒcSƒC3c#BÃã“’ÃãÅG'VRÃã3ƒ“cC3“Cƒ“sSCc“2Ãã3ƒ“cC3“Cƒ“sSCc“2Ãã#“SsCsS““CS332ÃãBÃãƒ‚ÄfÇ6RÃã2ÃãƒrÄfÇ6RÃãCc3SCCcsS““sƒ"ÃãCc3SCCcsS““sƒ"Ãã3ƒ#scC“3ƒ#scÃãSbÃãÄfÇ6RÂÓã3csƒs3CC“#ƒC3rÃã3csƒs3CC“#ƒC3rÃãcc##ss““cs#bÃãÃãrÄfÇ6RÃãÃãsÄfÇ6RÃã3“cƒ“ƒc“CsSS‚Ãã3“cƒ“ƒc“CsSS‚Ããc“ƒc#ƒ#SsƒƒsSsÃãÃãs‚ÄfÇ6RÃÃÆV&Ç•ööæÇ•öF—66÷fW'’ÅG'VRÅG'VRÄfÇ6RÄfÇ6RÅG'VRÅG'VRÄfÇ6P¤´ÄcÄ44äSÄ44äSÄTå4sSs2ÂÓã3SCƒC#“CC‚Ãã3SCƒC#“CC‚ÄfÇ6RÃãSCƒƒ#csS3C#3c’ÃãSCƒƒ#csS3C#3c’Ãã#ss#csCƒ3SccrÃãbÃã“‚ÄfÇ6RÃãRÃã“BÄfÇ6RÃãss“3cƒƒ“3c“ƒsc2Ããss“3cƒƒ“3c“ƒsc2Ãã“CS#S““ƒs“#“sSrÃãÃãÄfÇ6RÃã“Sss3sSc“ccƒÃã“Sss3sSc“ccƒÃãƒss“C“S“ƒ“#cÃãƒ2ÃãÅG'VRÃãS’ÃãÄfÇ6RÃã#ƒc#C“SƒC“S‚Ãã#ƒc#C“SƒC“S‚ÃãcS“ƒs“ScC#S#2Ãã’ÃãÅG'VRÃãccSs“ƒ#CcS3ƒƒ#sRÃãccSs“ƒ#CcS3ƒƒ#sRÃãs“C#3ƒcƒ3#sSs"Ãã‚Ãã“‚ÄfÇ6RÃãÃã“‚ÄfÇ6RÃãSCcs#c#sSÃãSCcs#c#sSÃã#cƒƒcCSCCcc3“"ÃãrÃãÄfÇ6RÂÓã3SCƒC#“CCƒCbÃã3SCƒC#“CCƒCbÃãccCc3SccS#“C“2ÃãÃãs"ÄfÇ6RÃãÃãc2ÄfÇ6RÃãC3C#ScS#C3s#SC“2ÃãC3C#ScS#C3s#SC“2Ãã“3“sƒS##c#2ÃãÃãSBÄfÇ6RÃÃÆV&Ç•ööæÇ•öF—66÷fW'’ÅG'VRÅG'VRÄfÇ6RÄfÇ6RÅG'VRÅG'VRÄfÇ6P¤$4ÃÅe3‚Åe3‚ÄTå4sSc“3Ãã3SsS3ƒcSSc3Ãã3SsS3ƒcSSc3ÄfÇ6RÃãƒScCcccSƒs3c#BÃãƒScCcccSƒs3c#BÃã“cSƒ3ƒ“3S3ƒ#ƒ#bÃãRÃãÄfÇ6RÃãÃãÄfÇ6RÃãƒC3“scSS3ƒSScs2ÃãƒC3“scSS3ƒSScs2Ãã3ƒ#“SsCƒ3ƒs“ƒ"Ãã"ÃãÄfÇ6RÃã3sSƒ333scƒc3rÃã3sSƒ333scƒc3rÃã#Cƒ#ƒS3##3S“3“cC2ÃãƒBÃãÅG'VRÃãs2ÃãÅG'VRÃãCss#ƒ3c“ƒ3cÃãCss#ƒ3c“ƒ3cÃãC3s#s#33“cS“RÃãSbÃãÄfÇ6RÃãscSC3#““CScrÃãscSC3#““CScrÃãs#ScSSssS3C#“2Ãã’ÃãÄfÇ6RÃã"ÃãÄfÇ6RÃãƒCcCCc““CCCrÃãƒCcCCc““CCCrÃãcCc3SccS#“C“#BÃãÃãÄfÇ6RÃã3SsS3ƒcSSc3ƒ"Ãã3SsS3ƒcSSc3ƒ"Ããƒ3CC3s#s#33“rÃãÃãcRÄfÇ6RÃãÃãc"ÄfÇ6RÃã#c““SsƒS“3“3"Ãã#c““SsƒS“3“3"Ããƒ#“ƒscSC3#“ƒsbÃãÃãƒBÄfÇ6RÃÃÆV&Ç•ööæÇ•öF—66÷fW'’ÅG'VRÅG'VRÅG'VRÅG'VRÄfÇ6RÄfÇ6RÄfÇ6P¤td“"Ä4õƒrÄ4õƒrÄTå4s3ƒC“RÃã33cc3cƒC“ScC‚Ãã33cc3cƒC“ScC‚ÄfÇ6RÂÓã“C3ƒƒƒ#sƒBÃã“C3ƒƒƒ#sƒBÃãƒ#3Sƒƒ3ScC#sRÃãs‚ÃãÅG'VRÃãSrÃãÄfÇ6RÂÓã3#ƒ“s#CcCRÃã3#ƒ“s#CcCRÃã“cƒc33sC“CƒSS2Ããc"ÃãÄfÇ6RÂÓã“ƒ##3Cƒƒ3#CƒBÃã“ƒ##3Cƒƒ3#CƒBÃãsCC3#“#ƒc““bÃãÃãs2ÄfÇ6RÃãÃãSsÄfÇ6RÂÓã“##CC#sC“Ss#ƒrÃã“##CC#sC“Ss#ƒrÃãssc3cƒs#C#s“ƒBÃãÃãc2ÄfÇ6RÃãSs“C3“Sƒ#s3SsrÃãSs“C3“Sƒ#s3SsrÃãs“c#“Csƒs3‚ÃãÃãrÄfÇ6RÃãÃãcbÄfÇ6RÃã#SccS##cS3c3“S‚Ãã#SccS##cS3c3“S‚ÃãcS#Ssc3cƒs#RÃãÃãsRÄfÇ6RÃã33cc3cƒC“ScCƒCrÃã33cc3cƒC“ScCƒCrÃãs““CcS#Ssc3"ÃãÃãc"ÄfÇ6RÃãÃãs2ÄfÇ6RÃã3cS#cƒ33sc#“‚Ãã3cS#cƒ33sc#“‚Ããc##“ƒ“3#sƒCc3bÃãÃã“ÄfÇ6RÃÃÆV&Ç•ööæÇ•öF—66÷fW'’ÅG'VRÅG'VRÄfÇ6RÄfÇ6RÄfÇ6RÄfÇ6RÄfÇ6P¤$4ÃÄÄ”å3ÄÄ”å3ÄTå4sCCsÃã33SSCs#CC#c“RÃã33SSCs#CC#c“RÄfÇ6RÃãCssC#C#S3s3RÃãCssC#C#S3s3RÃã#3CScƒS#s“ƒs‚Ããs’ÃãÅG'VRÃãs’ÃãÅG'VRÃãC“c3C3SRÃãC“c3C3SRÃã3S“CCSsCScBÃãC’ÃãÄfÇ6RÃãCsƒS#C3ƒCcC‚ÃãCsƒS#C3ƒCcC‚Ãã3#Cc“3Sƒ#Cc“RÃãÃã“‚ÄfÇ6RÃãÃã“"ÄfÇ6RÃã3sCsCƒ#“#S#3"Ãã3sCsCƒ#“#S#3"ÃãCSS“cssƒƒ“3C2ÃãÃã“"ÄfÇ6RÃãcCsS3ƒ#ƒƒƒCC#BÃãcCsS3ƒ#ƒƒƒCC#BÃã#“3“sƒS##c#BÃãÃãÄfÇ6RÃãÃã“rÄfÇ6RÃãCSsS3ƒ“S#sCSsBÃãCSsS3ƒ“S#sCSsBÃãS3s3s3s3s3sÃãÃã“2ÄfÇ6RÃã33SSCs#CC#c“S’Ãã33SSCs#CC#c“S’Ããƒ3cscƒsSSƒ#“’ÃãÃãcRÄfÇ6RÃãÃãSbÄfÇ6RÃã#C“s#ƒ“ƒ3sCSc"Ãã#C“s#ƒ“ƒ3sCSc"Ããƒ3““sc“SCs3#SÃãÃãƒbÄfÇ6RÃÃÆV&Ç•ööæÇ•öF—66÷fW'’ÅG'VRÅG'VRÅG'VRÅG'VRÄfÇ6RÄfÇ6RÄfÇ6P¤tDÄ4TåbÄ4TåbÄTå4sss#BÂÓã3#3c“3SSs#c2Ãã3#3c“3SSs#c2ÄfÇ6RÂÓãcƒ“ƒSS#ccƒƒƒBÃãcƒ“ƒSS#ccƒƒƒBÃã#SSs“3c“C“#S#"Ãã3"ÃãÄfÇ6RÃãrÃã“‚ÄfÇ6RÂÓãS3cCs“3ƒ#“cRÃãS3cCs“3ƒ#“cRÃãƒCS“cƒCS“3##"ÃãBÃã“rÄfÇ6RÂÓã3cS“ƒƒ““#BÃã3cS“ƒƒ““#BÃã#S3c3ScS“ƒ‚ÃãÃã“bÄfÇ6RÃãbÃã“#“““““““““““““’ÄfÇ6RÃã3ƒ#“#s3#3“3Ãã3ƒ#“#s3#3“3Ããccs#ƒ3“Scs#ƒBÃãÃãcrÄfÇ6RÂÓã3#Cƒssƒƒ#CC33#‚Ãã3#Cƒssƒƒ#CC33#‚Ãã3ssC##Cƒ#ƒS32Ãã“2ÃãÅG'VRÃã“ÃãÅG'VRÂÓã33“cc“S“C“##Ss3BÃã33“cc“S“C“##Ss3BÃã3cc3“#3ƒ#CCsÃã2Ãã’ÄfÇ6RÂÓã3#3c“3SSs#c3#’Ãã3#3c“3SSs#c3#’Ããs#3ƒ#CCs“c"ÃãÃãbÄfÇ6RÃãÃãcÄfÇ6RÃã33#Cc#s“sSC“Ãã33#Cc#s“sSC“ÃãC3S#S3ss##“ƒ“2ÃãÃãƒ‚ÄfÇ6RÃÃÆF“ööæÇ•÷&WFW&Ö–æÅöF—66÷fW'’ÅG'VRÅG'VRÅG'VRÅG'VRÄfÇ6RÄfÇ6RÄfÇ6P¤´ÄcÅ4ä„s3"Å4ä„s3"ÄTå4s#C3ƒrÂÓã3s“SS#cs3"Ãã3s“SS#cs3"ÄfÇ6RÂÓã#c“3##CC“3Ãã#c“3##CC“3ÃãCCCSSC“#CsƒRÃãÃãƒrÄfÇ6RÃãÃãƒÄfÇ6RÂÓã3ƒ3SccS3CcCCS#’Ãã3ƒ3SccS3CcCCS#’Ãã3s#ƒ“cSsSCccSbÃãÃã“ÄfÇ6RÃãc“Sƒs“#S“ƒ3rÃãc“Sƒs“#S“ƒ3rÃãSSƒcƒcSSc“#s#’Ãã"ÃãƒRÄfÇ6RÃã2Ããs"ÄfÇ6RÃãcƒƒ#ss“CƒƒC“33sRÃãcƒƒ#ss“CƒƒC“33sRÃãcc3ScS“ƒs“ScÃãÃãs2ÄfÇ6RÃãsScCcsss“cbÃãsScCcsss“cbÃãƒcC“sS3ƒcC“sBÃã‚ÃãÅG'VRÃãcÃãÄfÇ6RÃãs“ƒƒ#ƒ#CS3ƒSƒ3BÃãs“ƒƒ#ƒ#CS3ƒSƒ3BÃã#c““SƒƒCss3cc#SBÃã"ÃãÄfÇ6RÂÓã3s“SS#cs3#CBÃã3s“SS#cs3#CBÃãcs33Sƒ“ƒC“ƒ2ÃãÃãcÄfÇ6RÃãÃãcBÄfÇ6RÃãs33##ƒ“S"Ããs33##ƒ“S"Ãã“ƒSs33ƒƒ#3sƒ2ÃãÃãRÄfÇ6RÃÃÆF“ööæÇ•÷&WFW&Ö–æÅöF—66÷fW'’ÅG'VRÅG'VRÄfÇ6RÄfÇ6RÄfÇ6RÄfÇ6RÄfÇ6P¥DÃÄä$2Ää$2ÄTå4sSss’Ãã3C“ƒ“csƒs“’Ãã3C“ƒ“csƒs“’ÄfÇ6RÃã#CƒCs#“C3“bÃã#CƒCs#“C3“bÃã#ƒƒS3cC#CsC“c#2Ããƒ’ÃãÅG'VRÃãsrÃãÅG'VRÃãSƒ“3SSCcSƒS‚ÃãSƒ“3SSCcSƒS‚Ãã3#“#c3#s3C#Ss““‚ÃãƒrÃãÅG'VRÃãScScƒS“c3sRÃãScScƒS“c3sRÃãCCƒSS“cssƒƒ“2Ãã#bÃã“‚ÄfÇ6RÃã#"Ãã“bÄfÇ6RÃãsc#“ScsC#s3“‚Ããsc#“ScsC#s3“‚Ãã#33“cS“##ƒSRÃãS‚ÃãÄfÇ6RÃãƒC#S“c3sscScBÃãƒC#S“c3sscScBÃãs“ScC#S#CSC’Ããc"ÃãÄfÇ6RÃãsÃãÅG'VRÃã3s3s“c“3Ss3“Cs"Ãã3s3s“c“3Ss3“Cs"Ãã#C#s“ƒ3S3““CcRÃãbÃãÄfÇ6RÃã3C“ƒ“csƒs““2Ãã3C“ƒ“csƒs““2ÃãscSƒC3c#3““srÃãÃãsbÄfÇ6RÃãÃãcrÄfÇ6RÃãc#33C3ƒ##3cƒSC“2Ããc#33C3ƒ##3cƒSC“2Ããc3cscƒsSSƒ#“’ÃãÃãcrÄfÇ6RÃÃÆV&Ç•ööæÇ•öF—66÷fW'’ÅG'VRÅG'VRÅG'VRÅG'VRÅG'VRÅG'VRÄfÇ6P¤´ÄcÄÔ$ôC"ÄÔ$ôC"ÄTå4sC3s“rÃã#SC#ƒc“CccÃã#SC#ƒc“CccÄfÇ6RÃãƒ#“ScCs3CSCs’Ããƒ#“ScCs3CSCs’Ãã33#s3C3sS“’Ãã3BÃãÄfÇ6RÃã2Ãã“’ÄfÇ6RÃãScSS“CcC“ƒSRÃãScSS“CcC“ƒSRÃã“sCsSs#ss#SBÃã“2ÃãÅG'VRÃã3c3sCc“#cbÃã3c3sCc“#cbÃã3C#“3SS#ƒ#s32Ãã“2ÃãÅG'VRÃãs2ÃãÅG'VRÃãƒcc“#sSCCCCcc‚Ããƒcc“#sSCCCCcc‚Ãã3SccS#“C“#CSSCƒbÃãÃãÅG'VRÂÓã#sSC#Ss3C3#33Ãã#sSC#Ss3C3#33ÃãCcC33CsSsSCCSƒ2ÃãÃãs‚ÄfÇ6RÃãÃãsbÄfÇ6RÃã“#CCc#c3Sƒs“rÃã“#CCc#c3Sƒs“rÃãScS“ƒs“ScC"ÃãBÃãÄfÇ6RÃã#SC#ƒc“CccRÃã#SC#ƒc“CccRÃãcƒcC“sS3ƒcC“‚ÃãÃãsÄfÇ6RÃã"ÃãsÄfÇ6RÃãCsƒ#“#CcsCCSSÃãCsƒ#“#CcsCCSSÃãƒc#ƒ#SsƒƒsSsCrÃãRÃã“bÄfÇ6RÃÃÆV&Ç•ööæÇ•öF—66÷fW'’ÅG'VRÅG'VRÅG'VRÅG'VRÅG'VRÅG'VRÄfÇ6P¥DÃÅ5%4cBÅ5%4cBÄTå4sc3SÃã#S#“cSƒƒS#2Ãã#S#“cSƒƒS#2ÄfÇ6RÃãcc#ƒ“#cscsC#3"Ããcc#ƒ“#cscsC#3"Ããcƒ3###“#3Sƒ3Cƒ"Ãã#"Ãã“’ÄfÇ6RÃã‚Ãã“’ÄfÇ6RÃãSS##3SS“cc“"ÃãSS##3SS“cc“"ÃãS“#ƒƒS“cƒs"ÃãÃã“rÄfÇ6RÃã#ƒc3C#sS“Ss3#C3‚Ãã#ƒc3C#sS“Ss3#C3‚Ãã#SCƒ“s3“3c’Ãã2ÃãƒrÄfÇ6RÃã‚ÃãƒBÄfÇ6RÃã3s“S3#cc##3ƒCRÃã3s“S3#cc##3ƒCRÃã#ƒ“3#sƒCc3cCƒƒ2ÃãrÃã“BÄfÇ6RÃã#Cc#3“ƒ““33c“Ãã#Cc#3“ƒ““33c“Ãã3ƒCƒss“C“S“ƒ’ÃãƒÃãÅG'VRÃã‚ÃãÅG'VRÃã333SS“sƒƒ3ƒrÃã333SS“sƒƒ3ƒrÃã#sSs#cCc“S3RÃãcÃãÄfÇ6RÃã#S#“cSƒƒS#3C2Ãã#S#“cSƒƒS#3C2Ããs“cS“##ƒSC‚ÃãÃãs"ÄfÇ6RÃãÃãc"ÄfÇ6RÃãcC3#S“ƒS“C2ÃãcC3#S“ƒS“C2Ããc33“cS“##ƒRÃãÃãrÄfÇ6RÃÃÆF“ööæÇ•÷&WFW&Ö–æÅöF—66÷fW'’ÅG'VRÅG'VRÅG'VRÅG'VRÄfÇ6RÄfÇ6RÄfÇ6P¤td“"Å%#Å%#ÄTå4scƒCƒ’ÂÓã#Cs#css“c3#sbÃã#Cs#css“c3#sbÄfÇ6RÂÓãscsc3C#C3“Sc2Ããscsc3C#C3“Sc2ÃãS“#333cS3CRÃãsbÃãÅG'VRÃãƒrÃãÅG'VRÂÓã“#ƒS#ccƒRÃã“#ƒS#ccƒRÃã3SSC3“s3cc3SBÃã3’ÃãÄfÇ6RÂÓãcccƒC#3ƒ“3S#’ÃãcccƒC#3ƒ“3S#’ÃãSCCSƒcƒcSSc“#sBÃã3bÃãÄfÇ6RÃã#Ãã“‚ÄfÇ6RÂÓã3“ƒ#“3Cs“Sƒ#“CRÃã3“ƒ#“3Cs“Sƒ#“CRÃã#CCcc3“#3ƒ#CC‚Ãã"Ãã“‚ÄfÇ6RÂÓãCƒc““cƒ3“ƒC“bÃãCƒc““cƒ3“ƒC“bÃã#S#ƒ#s33Sƒ“ƒbÃã2Ãã“#“““““““““““““’ÄfÇ6RÃã"Ãã“BÄfÇ6RÂÓã3S3###ƒcsCÃã3S3###ƒcsCÃãCCC#ccs“c“ƒ#rÃãÃãƒrÄfÇ6RÂÓã#Cs#css“c3#scbÃã#Cs#css“c3#scbÃãƒS3C“s“C#3ƒcƒ3ÃãÃãsbÄfÇ6RÃãÃãcRÄfÇ6RÃãSScƒC““CƒC#ƒ#"ÃãSScƒC““CƒC#ƒ#"ÃãCCƒ#ƒS3##3S“3“cCBÃãÃã“RÄfÇ6RÃÃÆV&Ç•ööæÇ•öF—66÷fW'’ÅG'VRÅG'VRÅG'VRÅG'VRÄfÇ6RÄfÇ6RÄfÇ6P¤$4ÃÅT%#2ÅT%#2ÄTå4sCC3SrÃã##c3CccS“ƒƒcbÃã##c3CccS“ƒƒcbÄfÇ6RÃã3Cc#sSSsS“33CSBÃã3Cc#sSSsS“33CSBÃã#3S“s##c#sSƒ‚ÃãsBÃãÅG'VRÃãC’ÃãÄfÇ6RÃã3ƒ3ƒsCc““C3c#rÃã3ƒ3ƒsCc““C3c#rÃãCc“cƒSƒ#s“S““BÃãC’ÃãÄfÇ6RÃãsƒSC##CSs#c“"ÃãsƒSC##CSs#c“"ÃãSc“#s#“sccƒ3ƒCÃã2ÃãÄfÇ6RÃã#’ÃãÄfÇ6RÃã“CSCcƒCs“S3“3Ãã“CSCcƒCs“S3“3ÃãƒSƒSƒSƒSƒS"ÃãÃãÄfÇ6RÃãƒSsc#c“##SS3SS"ÃãƒSsc#c“##SS3SS"ÃãSCs3#S#ƒƒcSƒBÃãBÃãÄfÇ6RÃã2ÃãÄfÇ6RÃãCsc###3#sCƒRÃãCsc###3#sCƒRÃãS##sC3CƒC##C“rÃãÃã“‚ÄfÇ6RÃã##c3CccS“ƒƒcc"Ãã##c3CccS“ƒƒcc"ÃãƒCƒC##C“cSscCCrÃãÃãcbÄfÇ6RÃãÃãcBÄfÇ6RÃã#33“csSSSƒcÃã#33“csSSSƒcÃãƒCS#csCƒ“s“3CÃãÃãs"ÄfÇ6RÃÃÆV&Ç•ööæÇ•öF—66÷fW'’ÅG'VRÅG'VRÄfÇ6RÄfÇ6RÄfÇ6RÄfÇ6RÄfÇ6P¥DÃÄEc2ÄEc2ÄTå4s#Scƒ2ÂÓã#3S#S33“CrÃã#3S#S33“CrÄfÇ6RÃã“Sscc#“#sS“C3‚Ãã“Sscc#“#sS“C3‚Ããƒ3ƒ#C“Cc“#“c"ÃãsÃãÅG'VRÃãCÃã“’ÄfÇ6RÃã“ccCCCs“cSCbÃã“ccCCCs“cSCbÃã“““33C“ƒrÃãcRÃãÄfÇ6RÃã#33sC##ƒcƒƒƒ3bÃã#33sC##ƒcƒƒƒ3bÃãcsCcsscCc3SrÃãÃãs"ÄfÇ6RÃãÃãcBÄfÇ6RÃã3#ƒ333ss#s“C#"Ãã3#ƒ333ss#s“C#"Ãã#sSSƒ#““3“sƒS"ÃãÃã“ÄfÇ6RÃãsSƒC##ƒ#cCC3BÃãsSƒC##ƒ#cCC3BÃãCsƒs“#ƒcc“CRÃã#Ãã“‚ÄfÇ6RÃã#bÃã“’ÄfÇ6RÃãcss“s“3Ss#3cBÃãcss“s“3Ss#3cBÃãcCsCc##ss““crÃã#rÃãÄfÇ6RÂÓã#3S#S33“Cƒ2Ãã#3S#S33“Cƒ2Ããs#s#“sccƒ3ƒCƒ‚ÃãÃãcc“““““““““““““’ÄfÇ6RÃãÃãS“ÄfÇ6RÂÓã##“SC#“cc#ƒ“ƒcrÃã##“SC#“cc#ƒ“ƒcrÃãs#S3c3ScS“ƒ‚ÃãÃãcRÄfÇ6RÃÃÆV&Ç•ööæÇ•öF—66÷fW'’ÅG'VRÅG'VRÄfÇ6RÄfÇ6RÄfÇ6RÄfÇ6RÄfÇ6P¥DÃÄDÓÄDÓÄTå4sS“"Ãã##ssƒ#“3C3rÃã##ssƒ#“3C3rÄfÇ6RÃãc#c3““c#sRÃãc#c3““c#sRÃãc3s“CsS“##c#32Ãã#RÃãÄfÇ6RÃã‚Ãã“rÄfÇ6RÃãcCcs“CcCs“CSRÃãcCcs“CcCs“CSRÃãS#ƒ“3cssƒsscCRÃãbÃã“’ÄfÇ6RÃã“ƒc3SƒScS3S2Ãã“ƒc3SƒScS3S2Ããƒ#3CS#csCƒ“s’Ãã“2ÃãÅG'VRÃãsbÃãÅG'VRÃã#CSCSƒƒ#sC““Cc’Ãã#CSCSƒƒ#sC““Cc’ÃãcCc“S3C“s“C#3‚Ãã“‚ÃãÅG'VRÃãS#SƒCcs#“c3##"ÃãS#SƒCcs#“c3##"ÃãSSƒ#““3“sƒS#2Ãã’Ãã“bÄfÇ6RÃã"Ãã“BÄfÇ6RÃã#S#ƒCƒ33S““BÃã#S#ƒCƒ33S““BÃãs##“ƒ“3#sƒCc3bÃã2ÃãÄfÇ6RÃã##ssƒ#“3C3sbÃã##ssƒ#“3C3sbÃãs3Sƒ“ƒC“ƒ3csrÃãÃãrÄfÇ6RÃãÃãcRÄfÇ6RÃãCCcƒ#s“Sc33CsrÃãCCcƒ#s“Sc33CsrÃãcs3#S#ƒƒcSƒCBÃãÃãc2ÄfÇ6RÃÃÆV&Ç•ööæÇ•öF—66÷fW'’ÅG'VRÅG'VRÅG'VRÅG'VRÅG'VRÅG'VRÄfÇ6P¤$4ÃÄÔ”4Ã"ÄÔ”4Ã"ÄTå4s33ƒbÂÓãƒƒ“cs“ccS’Ããƒƒ“cs“ccS’ÄfÇ6RÂÓãCƒƒ#s3“““c“RÃãCƒƒ#s3“““c“RÃã3s#ƒ3“ƒ“Ss33#“rÃãÃã“RÄfÇ6RÃãÃã“"ÄfÇ6RÂÓãƒƒ“C#3s“#“#C““bÃãƒƒ“C#3s“#“#C““bÃã#3c#CƒCC#ƒS“ÃãÃãÄfÇ6RÃã3c#Csƒ3ƒs“3#“BÃã3c#Csƒ3ƒs“3#“BÃãC“cs#S3c3ScbÃãÃã“bÄfÇ6RÃãÃãƒ’ÄfÇ6RÃãƒC#SƒsƒƒCS“SBÃãƒC#SƒsƒƒCS“SBÃãrÃãÃãƒÄfÇ6RÃã“3sCCcc3s“s“rÃã“3sCCcc3s“s“rÃã“ƒscSC3#“ƒscSC2Ãã“bÃãÅG'VRÃã“bÃãÅG'VRÃãsC“#sC“S"ÃãsC“#sC“S"ÃãcƒƒcCSCCcc3“#BÃã"ÃãÄfÇ6RÂÓãƒƒ“cs“ccS“C‚Ããƒƒ“cs“ccS“C‚ÃãƒS#S3ss##“ƒ“32ÃãÃãc"ÄfÇ6RÃãÃãc’ÄfÇ6RÂÓãƒCSccSƒCCsS3bÃãƒCSccSƒCCsS3bÃãC#Cc“3Sƒ#Cc“ÃãÃãÄfÇ6RÃÃÆF“ööæÇ•÷&WFW&Ö–æÅöF—66÷fW'’ÅG'VRÅG'VRÅG'VRÅG'VRÄfÇ6RÄfÇ6RÄfÇ6P¤$4ÃÄäÔäC2ÄäÔäC2ÄTå4sc3ƒcBÃãƒ#ƒC#sc#33CÃãƒ#ƒC#sc#33CÄfÇ6RÃã#3“S“3SS##“Sc#bÃã#3“S“3SS##“Sc#bÃãƒ#3Sƒƒ3ScC#sC’ÃãÃãÅG'VRÃãÃãÅG'VRÃã#s“cC#“sc3c3CBÃã#s“cC#“sc3c3CBÃã#3Cs3s#sS3CcC#BÃãÃãÅG'VRÃãƒ3#S#ƒCSS“#3bÃãƒ3#S#ƒCSS“#3bÃãSsSCCSƒcƒcSSrÃãÃãÅG'VRÃã“‚ÃãÅG'VRÃãscs3#“#sC“cƒƒRÃãscs3#“#sC“cƒƒRÃãƒc““SƒƒCss3cbÃã“bÃãÅG'VRÃãC3s“c“sSSS3ƒcC3bÃãC3s“c“sSSS3ƒcC3bÃãC3#“#ƒc““SƒƒCbÃãÃã“2ÄfÇ6RÃãÃã“"ÄfÇ6RÃã#s3C3s#cC#s3#2Ãã#s3C3s#cC#s3#2Ããƒcƒ3ƒCƒss“C“RÃãÃãc"ÄfÇ6RÃãƒ#ƒC#sc#33C"Ããƒ#ƒC#sc#33C"ÃãƒS33cscƒsSSƒ2ÃãÃãcbÄfÇ6RÃãÃãc"ÄfÇ6RÃãcs“ƒs#33cƒC#’Ããcs“ƒs#33cƒC#’ÃãS3CC3s#s#33’ÃãÃã“’ÄfÇ6RÃÃÆV&Ç•ööæÇ•öF—66÷fW'’ÅG'VRÅG'VRÅG'VRÅG'VRÅG'VRÅG'VRÄfÇ6P¤´ÄcÄDÄ3ÄDÄ3ÄTå4scCsCÂÓãcƒƒc““s3c’Ããcƒƒc““s3c’ÄfÇ6RÂÓãSSƒƒc“#3Cƒss#ÃãSSƒƒc“#3Cƒss#ÃãS“#333cS3CSBÃã“’ÃãÅG'VRÃã“ÃãÅG'VRÂÓã#Sss#CS#ƒ#‚Ãã#Sss#CS#ƒ#‚Ããƒ#3Sƒƒ3ScC#sC’ÃãÃãÅG'VRÂÓãS“SCƒƒ“s3ƒƒC3SbÃãS“SCƒƒ“s3ƒƒC3SbÃã“#S“#S“#S“#S“#S’ÃãrÃã“’ÄfÇ6RÃã2Ãã“bÄfÇ6RÂÓã#s#sƒ“C3CCcsƒbÃã#s#sƒ“C3CCcsƒbÃãsSSƒ#““3“sƒS#"Ãã“BÃãÅG'VRÂÓãƒ3scS3“3##ƒCCÃãƒ3scS3“3##ƒCCÃãƒ#C“cSscCCsƒs’ÃãÃãcBÄfÇ6RÃãÃãSRÄfÇ6RÂÓãƒ##“3c3““SƒBÃãƒ##“3c3““SƒBÃã“3#sƒCc3cCƒƒ3C2Ãã"ÃãÄfÇ6RÂÓãcƒƒc““s3c“3BÃãcƒƒc““s3c“3BÃãssCsCsCsCsBÃãÃãrÄfÇ6RÃã"Ããc’ÄfÇ6RÂÓãsssCSSc3##SsS2ÃãsssCSSc3##SsS2Ããƒ#“C“#CSSCƒ3ƒ2ÃãÃãSƒÄfÇ6RÃÃÆV&Ç•ööæÇ•öF—66÷fW'’ÅG'VRÅG'VRÅG'VRÅG'VRÅG'VRÅG'VRÄfÇ6P¤´ÄcÅ5Dôã"Å5Dôã"ÄTå4sC#"ÂÓãcƒssƒC“#ƒƒsÃãcƒssƒC“#ƒƒsÄfÇ6RÂÓãC#s3cƒ3ƒsÃãC#s3cƒ3ƒsÃã#3Cs3s#sS3CcC#BÃãÃã“rÄfÇ6RÃãRÃãƒ#ÄfÇ6RÂÓãCƒ33cƒScƒ“33BÃãCƒ33cƒScƒ“33BÃãCc“3sSSƒ3sSbÃãCbÃãÄfÇ6RÂÓã“sCƒC3ssC“s’Ãã“sCƒC3ssC“s’Ããƒ3csc#cƒƒcCSCRÃãƒrÃãÅG'VRÃãSRÃãÄfÇ6RÂÓãs3#3S“3cCSC#’Ããs3#3S“3cCSC#’ÃãS##c##sC3CƒC"ÃãÃãÅG'VRÂÓã3C3ƒ3s3s#“ƒ3S“BÃã3C3ƒ3s3s#“ƒ3S“BÃã3cC#S#CSCƒrÃã"Ãã“bÄfÇ6RÃã"Ãã’ÄfÇ6RÂÓã“3#s3cCSs###33SrÃã“3#s3cCSs###33SrÃã#3CScs“#3CScs‚Ãã“‚ÃãÅG'VRÂÓãcƒssƒC“#ƒƒsc"ÃãcƒssƒC“#ƒƒsc"Ããs“3#sƒCc3cCƒƒ3BÃã"ÃãcRÄfÇ6RÃãÃãSÄfÇ6RÂÓã“sƒ“ƒCCƒcƒC3bÃã“sƒ“ƒCCƒcƒC3bÃãsƒC##C“cSscCCs"ÃãÃãSbÄfÇ6RÃÃÆV&Ç•ööæÇ•öF—66÷fW'’ÅG'VRÅG'VRÄfÇ6RÄfÇ6RÅG'VRÅG'VRÄfÇ6P¤ädS"ÄtDcRÄtDcRÄTå4s3S2ÃãC#Cscc3“s’ÃãC#Cscc3“s’ÄfÇ6RÃãs3#“cC#ƒC3CscbÃãs3#“cC#ƒC3CscbÃã3s“33S“CCSƒ"ÃãsbÃãÅG'VRÃãsBÃãÅG'VRÃã##3cs“CS“3ƒ#Ãã##3cs“CS“3ƒ#Ãã“sSCC#CCsS#3ccbÃãƒ2ÃãÅG'VRÃã#“s##sƒs3ƒCƒ#RÃã#“s##sƒs3ƒCƒ#RÃã3#ƒƒcSƒC3c#BÃãÃãƒ‚ÄfÇ6RÃã2ÃãsRÄfÇ6RÃã33“ƒcC““S“ƒ#sBÃã33“ƒcC““S“ƒ#sBÃã3#ccs“c“ƒ#cs3bÃãÃã“RÄfÇ6RÂÓãCS3“ƒSsccsc““2ÃãCS3“ƒSsccsc““2Ãã““#C3ƒ“SsCsS““BÃãÃãS2ÄfÇ6RÃãÃãSÄfÇ6RÃã#ƒCsƒƒc3C“3SRÃã#ƒCsƒƒc3C“3SRÃãs3Sƒ#Cc“3Sƒ#RÃãÃãsBÄfÇ6RÃãC#Cscc3“s’ÃãC#Cscc3“s’ÃãscsCƒ“s“3CScBÃãÃãcrÄfÇ6RÃãÃãsRÄfÇ6RÃãƒc3“ƒC#c“c#“Ããƒc3“ƒC#c“c#“Ããƒ#Ssc3cƒs#C#rÃãÃãcrÄfÇ6RÃÃÆV&Ç•ööæÇ•öF—66÷fW'’ÅG'VRÅG'VRÅG'VRÅG'VRÅG'VRÅG'VRÄfÇ6P¥DÃÄƒcÄƒcÄTå4sƒ“cÂÓã3Sƒscsƒ3S2Ãã3Sƒscsƒ3S2ÄfÇ6RÃã#S#S“C3#CRÃã#S#S“C3#CRÃã#“SƒƒCƒ“SCs32Ãã“BÃãÅG'VRÃãs2ÃãÅG'VRÃã#C#3C#“ƒCƒc3‚Ãã#C#3C#“ƒCƒc3‚Ãã#33##ƒS#“ƒss’Ãã“RÃãÅG'VRÃã#“ƒcC33ƒCsCs“s2Ãã#“ƒcC33ƒCsCs“s2Ãã#C#ƒ“C3sSƒSs33ƒrÃãÃã’ÄfÇ6RÃãRÃãsrÄfÇ6RÃãƒS3SC3Cƒ“SCC#bÃãƒS3SC3Cƒ“SCC#bÃãC“S“ƒ“#cc3ÃãcbÃãÄfÇ6RÃã3ƒ3sSSSSƒ““rÃã3ƒ3sSSSSƒ““rÃã#sC3CƒC##C“cSsc"Ãã’ÃãÅG'VRÃãƒBÃãÅG'VRÃã#ƒc#c3#s“ƒ"Ãã#ƒc#c3#s“ƒ"Ããsƒ3#cCsCc##ss“2ÃãÃãÅG'VRÂÓã3Sƒscsƒ3S3c’Ãã3Sƒscsƒ3S3c’ÃãsCcS#Ssc3cƒrÃãÃãS“ÄfÇ6RÃãÃãc’ÄfÇ6RÂÓã3ScssSSƒ#3“csCbÃã3ScssSSƒ#3“csCbÃã“##“ƒ“3#sƒCc3rÃãÃãc"ÄfÇ6RÃÃÇ&WFW&Ö–æÅööæÇ•öF—66÷fW'’ÅG'VRÅG'VRÅG'VRÅG'VRÅG'VRÅG'VRÄfÇ6P¤ädS"ÄTTcSÄTTcSÄTå4s#Cƒ"Ãã3##Ssc“RÃã3##Ssc“RÄfÇ6RÂÓãƒ#3“3cS“s3“c“‚Ããƒ#3“3cS“s3“c“‚Ãã3sC#ƒ#c3“#3s"ÃãsRÃãÅG'VRÃãS"ÃãÄfÇ6RÂÓãƒCS“S3CcccsBÃãƒCS“S3CcccsBÃã3SSC3“s3cc3SBÃãs"ÃãÅG'VRÂÓã33ƒ3cCs“s#s““Ãã33ƒ3cCs“s#s““Ãã#Cƒc“cƒCC““3C2ÃãBÃã“#“““““““““““““’ÄfÇ6RÃãÃãƒBÄfÇ6RÂÓã3ƒ3Sssc#s“3#RÃã3ƒ3Sssc#s“3#RÃã#c““SƒƒCss3cc#SSBÃãÃã“RÄfÇ6RÂÓã“#“ScC3CcƒSSc3‚Ãã“#“ScC3CcƒSSc3‚ÃãSCS“S33cscƒsSbÃã#RÃãÄfÇ6RÃã#bÃãÄfÇ6RÂÓãCSƒ“CC#S#2ÃãCSƒ“CC#S#2Ãã“ƒC“ƒ3csc#cƒƒrÃãÃãÄfÇ6RÃã3##Ssc“Sc2Ãã3##Ssc“Sc2Ããsc“#s#“sccƒ3ƒCÃãÃãrÄfÇ6RÃãÃãrÄfÇ6RÃãc3Scs#3#C##3rÃãc3Scs#3#C##3rÃãccS“ƒs“ScC#S"ÃãÃãs’ÄfÇ6RÃÃÆV&Ç•ööæÇ•öF—66÷fW'’ÅG'VRÅG'VRÄfÇ6RÄfÇ6RÅG'VRÅG'VRÄfÇ6P¥DÃÅ4U%”ä#Å4U%”ä#ÄTå4s#3SRÃã#cSƒs#ƒCbÃã#cSƒs#ƒCbÄfÇ6RÂÓã“ƒ3“ScssC“#sC’Ãã“ƒ3“ScssC“#sC’Ãã“““33C“ƒrÃãsÃãÅG'VRÃãbÃãÄfÇ6RÂÓãCCƒss3CcsC"ÃãCCƒss3CcsC"ÃãcƒS“cSS#“s##“Ããs’ÃãÅG'VRÂÓã#3s3ƒScSC#Ãã#3s3ƒScSC#Ãã33s““s#ScSSssSbÃãÃãƒRÄfÇ6RÃã2ÃãƒÄfÇ6RÂÓã3“#cƒC#Cs“33SÃã3“#cƒC#Cs“33SÃãƒ3C“#C3ƒ“SsC‚ÃãbÃã“RÄfÇ6RÃã“ƒ###sƒƒs3#3bÃã“ƒ###sƒƒs3#3bÃãSƒƒCss3cc#SSCBÃãÃãcrÄfÇ6RÃãÃãs2ÄfÇ6RÂÓã“#C3sCsƒ“scƒRÃã“#C3sCsƒ“scƒRÃãƒSƒSƒSƒSƒS’ÃãÃãSBÄfÇ6RÃã#cSƒs#ƒCs"Ãã#cSƒs#ƒCs"ÃãsC“S“ƒ“#cc3ÃãÃãrÄfÇ6RÃãÃãcRÄfÇ6RÃã#3ƒsscscCsS“2Ãã#3ƒsscscCsS“2Ããs“Csƒs3s““s#ScRÃãÃãc’ÄfÇ6RÃÃÆV&Ç•ööæÇ•öF—66÷fW'’ÅG'VRÅG'VRÄfÇ6RÄfÇ6RÅG'VRÅG'VRÄfÇ6P¤td“"Äµ#S"Äµ#S"ÄTå4scSSc‚ÂÓãsCƒ“ƒCƒC“RÃãsCƒ“ƒCƒC“RÄfÇ6RÃãsSS3SsƒƒcS3scRÃãsSS3SsƒƒcS3scRÃãC“ƒcs3cssƒ"Ãã#bÃãÄfÇ6RÃãS2ÃãÄfÇ6RÃãsƒs#Ss#"Ããsƒs#Ss#"ÃãSscC#3“s“c“SBÃãrÃãÄfÇ6RÃãSc“##cSssS#csS2ÃãSc“##cSssS#csS2Ããƒ“s“3CSc3sƒbÃãbÃãÄfÇ6RÃãrÃã“‚ÄfÇ6RÃãS“ScSCƒƒ##ƒ3CcRÃãS“ScSCƒƒ##ƒ3CcRÃã“sS3ƒcC“sS3ƒbÃã2ÃãÄfÇ6RÃã““#s#3S#ƒs3’Ãã““#s#3S#ƒs3’Ãã“s3“3cƒ““ƒc#ƒ#S‚Ããs"ÃãÅG'VRÃãcrÃãÄfÇ6RÃã3#ScCƒcc3ƒcSCRÃã3#ScCƒcc3ƒcSCRÃã“CcS#Ssc3cƒrÃãsÃãÅG'VRÂÓãsCƒ“ƒCƒC“SsbÃãsCƒ“ƒCƒC“SsbÃãƒ#cCsCc##ss““ÃãÃãcÄfÇ6RÃãÃãc’ÄfÇ6RÃã3s3“C3C3SS3ScbÃã3s3“C3C3SS3ScbÃãƒSScƒSƒsSc#BÃãÃãcBÄfÇ6RÃÃÆF“ööæÇ•÷&WFW&Ö–æÅöF—66÷fW'’ÅG'VRÅG'VRÄfÇ6RÄfÇ6RÅG'VRÅG'VRÄfÇ6P¤´ÄcÅ4ÔC’Å4ÔC’ÄTå4sƒÂÓã“SS#SCSSbÃã“SS#SCSSbÄfÇ6RÃãC3#C“S3ccCsCCbÃãC3#C“S3ccCsCCbÃã###“3ƒcsCsS3#CCrÃãbÃã“RÄfÇ6RÃã2Ãã’ÄfÇ6RÃãsssƒ#3ƒCCssƒ"Ããsssƒ#3ƒCCssƒ"Ããc33“cƒ““C3sSƒRÃãrÃãÄfÇ6RÃã“SsƒCƒc3cS#’Ãã“SsƒCƒc3cS#’ÃãC#S#CSCƒc“cƒBÃãrÃãÅG'VRÃãSÃã“’ÄfÇ6RÃã3ssSƒSCcc332Ãã3ssSƒSCcc332ÃãS3c3ScS“ƒs“SbÃãƒ’ÃãÅG'VRÃãSs#3#3ƒS““cƒ2ÃãSs#3#3ƒS““cƒ2Ãã33ssC##RÃã2Ãã“rÄfÇ6RÃã2Ãã“bÄfÇ6RÃã##S#Sƒ#“C“RÃã##S#Sƒ#“C“RÃã“ScC#S#CSCƒbÃã2ÃãÄfÇ6RÂÓã“SS#SCSScrÃã“SS#SCSScrÃãs##“ƒ“3#sƒCc3bÃã"ÃãsRÄfÇ6RÃãÃãSƒÄfÇ6RÂÓãƒC“ƒs#sC#ƒBÃãƒC“ƒs#sC#ƒBÃãc3cƒs#C#s“ƒ3SBÃãÃãcs“““““““““““““’ÄfÇ6RÃÃÆV&Ç•ööæÇ•öF—66÷fW'’ÅG'VRÅG'VRÄfÇ6RÄfÇ6RÅG'VRÅG'VRÄfÇ6P¤´ÄcÄDtÅBÄDtÅBÄTå4s#ƒ#sBÂÓã“3C#Cc““ƒ#"Ãã“3C#Cc““ƒ#"ÄfÇ6RÃãSSƒ“ƒ#ƒ“Cs“CBÃãSSƒ“ƒ#ƒ“Cs“CBÃãS3SS#ƒ“3cssƒrÃãsbÃãÅG'VRÃãsBÃãÅG'VRÃã““3ss3Sƒ333SBÃã““3ss3Sƒ333SBÃã3C#“ƒ#SscCƒSCSbÃãÃãÅG'VRÃãƒ#““cs3sƒsƒÃãƒ#““cs3sƒsƒÃãCƒCƒCƒCƒCƒRÃãcrÃãÄfÇ6RÃãC"Ãã“’ÄfÇ6RÃãSC“sScC3c#RÃãSC“sScC3c#RÃã#S#ƒƒcSƒC3c#2Ããs2ÃãÅG'VRÃã#c#CS“SsƒSƒ“bÃã#c#CS“SsƒSƒ“bÃãCs“ƒ3S3““CcS#rÃãÃãƒ2ÄfÇ6RÃãÃãƒRÄfÇ6RÃã##c“ƒ#3“3ƒ““““rÃã##c“ƒ#3“3ƒ““““rÃãsS##c##sC3C‚ÃãÃãsRÄfÇ6RÂÓã“3C#Cc““ƒ##S‚Ãã“3C#Cc““ƒ##S‚Ããs#scC“3ƒ#scRÃãÃãc"ÄfÇ6RÃãÃãsÄfÇ6RÃãCc“33#C3sS3c#ƒRÃãCc“33#C3sS3c#ƒRÃãƒ“S“ƒ“#cc3ÃãÃãS’ÄfÇ6RÃÃÆV&Ç•ööæÇ•öF—66÷fW'’ÅG'VRÅG'VRÅG'VRÅG'VRÅG'VRÅG'VRÄfÇ6P¤ädS"ÄT”cT"ÄT”cT"ÄTå4sSƒCrÂÓãccs““C“S3s#Ããccs““C“S3s#ÄfÇ6RÂÓãC###C3S“ƒƒSƒ#BÃãC###C3S“ƒƒSƒ#BÃã##“#C“SSC##cSS‚Ãã‚Ããƒ‚ÄfÇ6RÃã‚ÃãƒRÄfÇ6RÂÓã3“ƒƒ3S#S3ƒ“CƒRÃã3“ƒƒ3S#S3ƒ“CƒRÃã#SC“CcSƒC3s3sRÃã‚Ããƒ#ÄfÇ6RÂÓã“3ƒS3CS3c“ƒ“ƒcsrÃã“3ƒS3CS3c“ƒ“ƒcsrÃãSCƒc“cƒCC““3C#RÃãƒ"ÃãÅG'VRÃãS’Ãã“’ÄfÇ6RÂÓãcC#ƒcCƒC#’ÃãcC#ƒcCƒC#’ÃãscƒsSSƒ#““3“s‚Ããƒ’ÃãÅG'VRÂÓãCsccƒSs“C#’ÃãCsccƒSs“C#’Ãã3Sc“#s#“sccƒ3ƒC2ÃãÃã’ÄfÇ6RÃã"ÃãƒrÄfÇ6RÂÓãcƒS“ƒ“Cƒ“sC“3rÃãcƒS“ƒ“Cƒ“sC“3rÃã##C“cSscCCsƒs’ÃãrÃãÄfÇ6RÂÓãccs““C“S3s#RÃãccs““C“S3s#RÃãsƒ#3sƒ3#cCsCbÃãÃãcÄfÇ6RÃãÃãsbÄfÇ6RÂÓãc3S“#S#s#“S’Ããc3S“#S#s#“S’ÃãƒsƒS##c##sCBÃãÃãbÄfÇ6RÃÃÆV&Ç•ööæÇ•öF—66÷fW'’ÅG'VRÅG'VRÄfÇ6RÄfÇ6RÅG'VRÅG'VRÄfÇ6P¤td“"Åe34"Åe34"ÄTå4s3#SC’ÃãSƒss“##3ƒBÃãSƒss“##3ƒBÄfÇ6RÃãCc“3ƒƒ#C33SsrÃãCc“3ƒƒ#C33SsrÃãcƒsSƒsƒscSSBÃãÃãsÄfÇ6RÃãÃãsbÄfÇ6RÃãs“3s3##s#‚Ããs“3s3##s#‚Ããƒ#ƒcCS“Csƒƒ3c‚ÃãÃãbÄfÇ6RÃã#c##s““csƒ"Ãã#c##s““csƒ"Ãã“c#“Csƒs3s““s2ÃãƒrÃãÅG'VRÃãS‚ÃãÄfÇ6RÃã“3ss33#csc#“BÃã“3ss33#csc#“BÃã##c##sC3CƒC##BÃãcRÃãÄfÇ6RÃãƒScƒSS#c3ƒ3RÃãƒScƒSS#c3ƒ3RÃãSc“#s#“sccƒ3ƒCÃã#bÃã“’ÄfÇ6RÃã#ÃãÄfÇ6RÃãScƒ3ƒcCSC#sS’ÃãScƒ3ƒcCSC#sS’Ãã#scC“3ƒ#scC’Ãã2Ãã“"ÄfÇ6RÃãSƒss“##3ƒCC"ÃãSƒss“##3ƒCC"Ããƒ3cscƒsSSƒ#“’ÃãÃãcbÄfÇ6RÃãÃãc"ÄfÇ6RÂÓãC#“#cSsƒ“SCCƒ‚ÃãC#“#cSsƒ“SCCƒ‚ÃãƒCsS““CS33SSÃãÃãsbÄfÇ6RÃÃÆV&Ç•ööæÇ•öF—66÷fW'’ÅG'VRÅG'VRÄfÇ6RÄfÇ6RÄfÇ6RÄfÇ6RÄfÇ6P¥DÃÄDtÅBÄDtÅBÄTå4s#ƒ#sBÂÓã#“SSS“SCƒƒBÃã#“SSS“SCƒƒBÄfÇ6RÃã#3“SSsc3sƒrÃã#3“SSsc3sƒrÃã#sC3ƒccƒƒ“cRÃã“ÃãÅG'VRÃãƒBÃãÅG'VRÃã##ƒƒƒcƒC“CSS"Ãã##ƒƒƒcƒC“CSS"Ãã#Cc“CsCSSc“#ƒ#RÃã“"ÃãÅG'VRÃã#SssC3scs33‚Ãã#SssC3scs33‚Ãã3CS##c33sCC’Ãã"ÃãƒrÄfÇ6RÃãRÃã‚ÄfÇ6RÃã33ƒCS“s““#s“C"Ãã33ƒCS“s““#s“C"Ãã#ScƒSƒsSc#C2ÃãÃã“BÄfÇ6RÃãCƒ“ƒ##C“cCSbÃãCƒ“ƒ##C“cCSbÃãƒSCS“S33cscƒsRÃã2Ãã“‚ÄfÇ6RÃãÃã“BÄfÇ6RÃã#“C#Cc#csc#“S2Ãã#“C#Cc#csc#“S2Ããs“CcS#Ssc3c‚ÃãÃãs"ÄfÇ6RÂÓã#“SSS“SCƒƒCƒ"Ãã#“SSS“SCƒƒCƒ"Ããss#cCc“S3C“‚ÃãÃãcS“““““““““““““’ÄfÇ6RÃãÃãcRÄfÇ6RÂÓãƒ3CƒSccSsS#“2Ããƒ3CƒSccSsS#“2ÃãƒsCcsscCc3SbÃãÃãSbÄfÇ6RÃÃÆV&Ç•ööæÇ•öF—66÷fW'’ÅG'VRÅG'VRÅG'VRÅG'VRÅG'VRÅG'VRÄfÇ6P¤$4ÃÄd%3"Äd%3"ÄTå4sCS“ƒ"Ãã““ƒcSSC3csc’Ãã““ƒcSSC3csc’ÄfÇ6RÃã3S3sc3ƒs#cs“CRÃã3S3sc3ƒs#cs“CRÃã#3CƒC#“3“s““rÃãsbÃãÅG'VRÃãs2ÃãÅG'VRÃã3““CScs“C3ƒrÃã3““CScs“C3ƒrÃã3s3cSC3#SƒCcBÃãcÃãÄfÇ6RÃãƒcS3CcCƒCcSrÃãƒcS3CcCƒCcSrÃã#Cƒ#ƒS3##3S“3“rÃãrÃãÄfÇ6RÃã"Ãã“‚ÄfÇ6RÃãS“cƒsƒc“sCCC#cƒbÃãS“cƒsƒc“sCCC#cƒbÃã#cCSCCcc3“#3ƒ2ÃãÃãÄfÇ6RÃãcccc“#“SsƒCrÃãcccc“#“SsƒCrÃã#SSCC3#“#ƒrÃãÃã“’ÄfÇ6RÃãÃã“RÄfÇ6RÃã3s##ƒ“#sƒƒCBÃã3s##ƒ“#sƒƒCBÃãc3““sc“SCs3#S"ÃãÃãƒ‚ÄfÇ6RÃã““ƒcSSC3csc“"Ãã““ƒcSSC3csc“"Ããƒs“3CSc3sƒcÃãÃãc‚ÄfÇ6RÃãÃãc"ÄfÇ6RÃãc#S33CSCcƒS#rÃãc#S33CSCcƒS#rÃãSSƒ“c3#3s33’ÃãÃãÄfÇ6RÃÃÆV&Ç•ööæÇ•öF—66÷fW'’ÅG'VRÅG'VRÅG'VRÅG'VRÄfÇ6RÄfÇ6RÄfÇ6P¤$4ÃÅ3bÅ3bÄTå4s“s“SbÃã#“#“sSc##C"Ãã#“#“sSc##C"ÄfÇ6RÂÓã#s#C#ccS##ƒƒsBÃã#s#C#ccS##ƒƒsBÃãSCssS#ssƒSƒƒrÃãÃãƒrÄfÇ6RÃãÃãcÄfÇ6RÃãC3c3Cc#3#C#c‚ÃãC3c3Cc#3#C#c‚ÃãC“3“““CS#S““ƒÃãÃã’ÄfÇ6RÂÓãC#“SƒCƒ3#S“#ƒRÃãC#“SƒCƒ3#S“#ƒRÃã#ƒc““SƒƒCss3crÃã“2ÃãÅG'VRÃãƒ2ÃãÅG'VRÂÓãSC3“#S3S#CCbÃãSC3“#S3S#CCbÃã3##3S“3“cC33CsRÃãsrÃãÅG'VRÂÓã#3sS3C#“ccƒƒƒC‚Ãã#3sS3C#“ccƒƒƒC‚Ãã#Ssc3cƒs#C#‚ÃãÃãÅG'VRÃãÃãÅG'VRÂÓã3#cc#ƒc3SSRÃã3#cc#ƒc3SSRÃã#Cc“3Sƒ#Cc“3S‚ÃãÃãÅG'VRÃã#“#“sSc##C#SRÃã#“#“sSc##C#SRÃãƒs33ƒSCS“S33cÃãÃãc’ÄfÇ6RÃãÃãS2ÄfÇ6RÃã3#C#Sc3S#sc#ƒ3bÃã3#C#Sc3S#sc#ƒ3bÃãss“#ƒcc“CS’ÃãÃã’ÄfÇ6RÃÃÇ&WFW&Ö–æÅööæÇ•öF—66÷fW'’ÅG'VRÅG'VRÅG'VRÅG'VRÅG'VRÅG'VRÄfÇ6P¤´ÄcÅÄT´„ƒ2ÅÄT´„ƒ2ÄTå4scƒ3rÂÓãSs3ƒCs#C2ÃãSs3ƒCs#C2ÄfÇ6RÃã#C3S#3S3rÃã#C3S#3S3rÃãCSs““sƒ#3sRÃã‚ÃãÅG'VRÃã“"ÃãÅG'VRÃãScsScSC3“c2ÃãScsScSC3“c2Ãã“c3S#CSƒ3#rÃã“RÃãÅG'VRÃãcc“C3#sc#C3C’Ããcc“C3#sc#C3C’Ãã3cCƒƒ3C“#C3ƒ“bÃã3‚ÃãÄfÇ6RÃã#rÃã“RÄfÇ6RÃãC“SsS33S#cS““SrÃãC“SsS33S#cS““SrÃã#SSCC3#“#ƒrÃãrÃãÅG'VRÃãsƒ3sƒ3CƒsSSs3S‚Ããsƒ3sƒ3CƒsSSs3S‚ÃãCCsƒs“#ƒcc“CÃã3bÃãÄfÇ6RÃã#RÃãÄfÇ6RÃãcƒ##“3ƒ#3c“rÃãcƒ##“3ƒ#3c“rÃã##ss““cs#S3c"ÃãsBÃãÅG'VRÂÓãSs3ƒCs#C3#"ÃãSs3ƒCs#C3#"ÃãsSsSCCSƒcƒcSbÃãÃãcRÄfÇ6RÃãÃãs2ÄfÇ6RÃã3“SƒCƒ“s33“3‚Ãã3“SƒCƒ“s33“3‚ÃãsScSSssS3C#“3bÃãÃãs’ÄfÇ6RÃÃÆV&Ç•ööæÇ•öF—66÷fW'’ÅG'VRÅG'VRÅG'VRÅG'VRÅG'VRÅG'VRÄfÇ6P¤$4ÃÄDÄsÄDÄsÄTå4ssSsÃã““3ssCCCƒ##BÃã““3ssCCCƒ##BÄfÇ6RÃã3““SCCC3ƒƒÃã3““SCCC3ƒƒÃãSƒƒSSƒ#CƒCScSbÃã#rÃãÄfÇ6RÃã"ÃãÄfÇ6RÃã““s3ccSS#S#“ƒcÃã““s3ccSS#S#“ƒcÃã“c3“SsCss#bÃãÃãÄfÇ6RÃãCS##ƒS#Sc#s“RÃãCS##ƒS#Sc#s“RÃã##sC3CƒC##C“cSbÃãƒrÃãÅG'VRÃãsBÃãÅG'VRÃã3#scssS#3SSRÃã3#scssS#3SSRÃãSscCCsƒs“#ƒcrÃã2ÃãÄfÇ6RÃãc#3sƒ“sƒC#"Ããc#3sƒ“sƒC#"Ãã#S“#S“#S“#S“#S“#RÃãcÃãÄfÇ6RÃãs2ÃãÅG'VRÃãSƒ#3“#SƒS“sSƒBÃãSƒ#3“#SƒS“sSƒBÃã“cS“##ƒSCƒÃã‚ÃãÄfÇ6RÃã““3ssCCCƒ##CbÃã““3ssCCCƒ##CbÃãƒsC##Cƒ#ƒS3##BÃãÃãs2ÄfÇ6RÃãÃãS2ÄfÇ6RÃãs“C“3“sC#CSbÃãs“C“3“sC#CSbÃã“Cƒ#ƒS3##3S“3“cBÃãÃãcÄfÇ6RÃÃÆV&Ç•ööæÇ•öF—66÷fW'’ÅG'VRÅG'VRÅG'VRÅG'VRÄfÇ6RÄfÇ6RÄfÇ6P¤td“"ÄÃ3S“c3bã"ÄÃ3S“c3bã"ÄTå4s#3CSbÃã““#Ss#3CcsBÃã““#Ss#3CcsBÄfÇ6RÃãsSCƒcS“c33‚ÃãsSCƒcS“c33‚ÃãC##SSCS3C##“ccÃã#‚ÃãÄfÇ6RÃã2ÃãÄfÇ6RÃãSƒSƒ“33s3s“Cs#CÃãSƒSƒ“33s3s“Cs#CÃã#CSs#sss“3“3bÃãBÃãÄfÇ6RÃãƒ“C“SƒCsSc3CS2Ããƒ“C“SƒCsSc3CS2Ããƒ3ƒ3CC3s#s#3BÃãrÃãÅG'VRÃãC"ÃãÄfÇ6RÃãs“C3C#ƒƒ3ƒ3“s#’Ããs“C3C#ƒƒ3ƒ3“s#’Ãã3cscƒsSSƒ#““BÃãC"ÃãÄfÇ6RÃãcc“csƒc#3ƒCcƒc2Ããcc“csƒc#3ƒCcƒc2Ãã##“ƒ“3#sƒCc3cRÃãRÃã“’ÄfÇ6RÃãÃã“rÄfÇ6RÃãƒ#3#sƒƒ3Ss3Ããƒ#3#sƒƒ3Ss3Ãã“#ƒcc“CSƒ“bÃã#Ãã“’ÄfÇ6RÃã““#Ss#3CcsCBÃã““#Ss#3CcsCBÃãƒCcc3“#3ƒ#CCrÃãÃãSÄfÇ6RÃãÃãcBÄfÇ6RÃã3ƒs3CcƒssSÃã3ƒs3CcƒssSÃãccs“#3CScs“"ÃãÃãƒRÄfÇ6RÃÃÆV&Ç•ööæÇ•öF—66÷fW'’ÅG'VRÅG'VRÄfÇ6RÄfÇ6RÄfÇ6RÄfÇ6RÄfÇ6P¥DÃÅ5”ä5$•Å5”ä5$•ÄTå4s3S3bÂÓã““#Scƒ“ss"Ãã““#Scƒ“ss"ÄfÇ6RÂÓãCSsƒƒcƒsC3C“SrÃãCSsƒƒcƒsC3C“SrÃãCSs““sƒ#3sRÃãƒÃãÅG'VRÃãsRÃãÅG'VRÂÓã#3ƒ33ssC32Ãã#3ƒ33ssC32Ãã3“sƒS“sƒƒs##s3#ƒBÃãƒÃãÅG'VRÂÓãc3SS3sccs3C#’Ããc3SS3sccs3C#’Ãã##C“cSscCCsƒs“2ÃãC"ÃãÄfÇ6RÃã3‚Ãã“’ÄfÇ6RÂÓãƒCcsSƒssscsc“bÃãƒCcsSƒssscsc“bÃãS“##ƒSCƒ“rÃãcÃãÄfÇ6RÃã33C33ƒ#csssC"Ãã33C33ƒ#csssC"Ããs#S3c3ScS“ƒ‚ÃãÃãcbÄfÇ6RÃãÃãcbÄfÇ6RÂÓãScccS#s#Ss3BÃãScccS#s#Ss3BÃã#ƒs“ScC#S#CBÃãÃã“RÄfÇ6RÂÓã““#Scƒ“ss##RÃã““#Scƒ“ss##RÃãsƒ#s33Sƒ“ƒC’ÃãÃãS“ÄfÇ6RÃãÃãcBÄfÇ6RÂÓãcsS3cssƒsSS3ƒBÃãcsS3cssƒsSS3ƒBÃãƒSSssS3C#“3SS"ÃãÃãcÄfÇ6RÃÃÆV&Ç•ööæÇ•öF—66÷fW'’ÅG'VRÅG'VRÅG'VRÅG'VRÅG'VRÅG'VRÄfÇ6P¥DÃÄ…5“#Ä…5“#ÄTå4sccS“‚ÂÓã“ƒcscS#s#3’Ãã“ƒcscS#s#3’ÄfÇ6RÂÓãcC3##“3CScsCƒ2ÃãcC3##“3CScsCƒ2Ãã3Scsƒs“SCCS“BÃãƒrÃãÅG'VRÃãƒrÃãÅG'VRÂÓãS#CcSsc“cƒc3rÃãS#CcSsc“cƒc3rÃã3C#“ƒ#SscCƒSCSbÃãƒÃãÅG'VRÂÓãc“c#cCS“#ƒsS’Ããc“c#cCS“#ƒsS’Ãã“ƒscSC3#“ƒscSC2ÃãSRÃãÄfÇ6RÃã3’Ãã“’ÄfÇ6RÂÓã“ƒCcc3SCC"Ãã“ƒCcc3SCC"Ããƒ3csc#cƒƒcCSBÃãrÃãÅG'VRÂÓãCs3ƒc3SSSC#3RÃãCs3ƒc3SSSC#3RÃã#S“##ƒSCƒÃãRÃãƒ‚ÄfÇ6RÃãRÃãƒBÄfÇ6RÂÓãƒCCssSCRÃãƒCCssSCRÃã#S#CSCƒc“cƒCRÃã‚ÃãÄfÇ6RÂÓã“ƒcscS#s#3“"Ãã“ƒcscS#s#3“"Ããsƒ#3CS#csCƒ“s"ÃãÃãSsÄfÇ6RÃãÃãSRÄfÇ6RÂÓãSS3ƒ“Cc“sS#Cƒ3#bÃãSS3ƒ“Cc“sS#Cƒ3#bÃãƒs“c“ƒ#cs3S#S3rÃãÃãbÄfÇ6RÃÃÆV&Ç•ööæÇ•öF—66÷fW'’ÅG'VRÅG'VRÅG'VRÅG'VRÅG'VRÅG'VRÄfÇ6P¤´ÄcÄTÄÔóÄTÄÔóÄTå4sSSƒC’ÂÓã“ƒ“C“scc“ƒƒSBÃã“ƒ“C“scc“ƒƒSBÄfÇ6RÂÓã3“33#“cƒ““CCSƒƒ"Ãã3“33#“cƒ““CCSƒƒ"Ãã#Ssƒ“SCSƒ“cƒsBÃã“2ÃãÅG'VRÃãƒ‚ÃãÅG'VRÂÓã#S#ssCCcs“c“#’Ãã#S#ssCCcs“c“#’Ãã“c3S#CSƒ3#‚ÃãÃãÅG'VRÂÓãs#Ss#ccS##sƒ3CbÃãs#Ss#ccS##sƒ3CbÃã#ScSSssS3C#“3SbÃãCRÃãÄfÇ6RÃã#BÃã“‚ÄfÇ6RÂÓãƒ#3““ƒSSs“c“BÃãƒ#3““ƒSSs“c“BÃãCS##c33sCCƒSbÃãÃãÅG'VRÂÓãƒS“ƒCC###s#ƒrÃãƒS“ƒCC###s#ƒrÃã#ƒƒcSƒC3c#3““"Ãã3RÃã“’ÄfÇ6RÃã#RÃãÄfÇ6RÂÓã#S“ccc“#c3#BÃã#S“ccc“#c3#BÃã#33“cS“##ƒSRÃãÃãÅG'VRÂÓã“ƒ“C“scc“ƒƒSC#RÃã“ƒ“C“scc“ƒƒSC#RÃãsSSCC3#“#ƒbÃãÃãc2ÄfÇ6RÃãÃãcÄfÇ6RÂÓãƒSS##cƒ#cSƒ‚ÃãƒSS##cƒ#cSƒ‚Ããc3C#“3SS#ƒ#sÃãÃãrÄfÇ6RÃÃÆV&Ç•ööæÇ•öF—66÷fW'’ÅG'VRÅG'VRÅG'VRÅG'VRÅG'VRÅG'VRÄfÇ6P¤$4ÃÅ$dÄä"Å$dÄä"ÄTå4sƒ3cƒ‚ÂÓã“s“#ƒS3ƒCscrÃã“s“#ƒS3ƒCscrÄfÇ6RÂÓã“CCs#3ƒ#“#c"Ãã“CCs#3ƒ#“#c"Ãã3ƒCCCƒScc33#ƒ2ÃãÃãÅG'VRÃãÃãÅG'VRÂÓã#CCCcC#“ccC##S“"Ãã#CCCcC#“ccC##S“"Ãã3SSC3“s3cc3SBÃãÃãÅG'VRÂÓãCsƒ“CScS3ƒ#cCBÃãCsƒ“CScS3ƒ#cCBÃãƒ#CCs“c#“C‚Ãã“RÃãÅG'VRÃãƒÃãÅG'VRÂÓã#“#SssC3C“s2Ãã#“#SssC3C“s2ÃãSc#CC#ccs“rÃãÃãÅG'VRÂÓãc#S3“#SCs33“3“Ããc#S3“#SCs33“3“Ãã#ƒ#ƒS3##3S“3“cC2ÃãÃã“rÄfÇ6RÃãÃã“’ÄfÇ6RÂÓã#Ssc“S“SS#ƒ‚Ãã#Ssc“S“SS#ƒ‚ÃãC3sSƒSs33ƒƒ#32ÃãÃãÄfÇ6RÂÓã“s“#ƒS3ƒCscsÃã“s“#ƒS3ƒCscsÃãƒscSC3#“ƒscSC3"ÃãÃãcS“““““““““““““’ÄfÇ6RÃãÃãbÄfÇ6RÃã3sSƒƒCƒ3cc‚Ãã3sSƒƒCƒ3cc‚Ãã“sS3C#“3SS#ƒ#ÃãÃãS‚ÄfÇ6RÃÃÆV&Ç•ööæÇ•öF—66÷fW'’ÅG'VRÅG'VRÅG'VRÅG'VRÅG'VRÅG'VRÄfÇ6P¤´ÄcÄõ4%ÃbÄõ4%ÃbÄTå4ss“SbÃã“sCƒ“ƒ#s3c"Ãã“sCƒ“ƒ#s3c"ÄfÇ6RÂÓãC“ƒ#ƒ#3ƒ3#C3RÃãC“ƒ#ƒ#3ƒ3#C3RÃãsƒ3S“3“ss##S“SrÃã“’ÃãÅG'VRÃãƒ‚ÃãÅG'VRÂÓã#Cƒ“#sS#s#S#sƒ2Ãã#Cƒ“#sS#s#S#sƒ2Ãã#3Cs3s#sS3CcC#BÃãÃãÅG'VRÂÓãC3SCƒƒ“ƒ“c#32ÃãC3SCƒƒ“ƒ“c#32ÃãSƒSƒSƒSƒSƒRÃãrÃã“’ÄfÇ6RÃã2Ãã’ÄfÇ6RÂÓã#3“#3“ƒcƒƒ3CBÃã#3“#3“ƒcƒƒ3CBÃã“#C3ƒ“SsCsS““CrÃãƒ’ÃãÅG'VRÂÓãCscƒ3““ƒ#SSƒrÃãCscƒ3““ƒ#SSƒrÃã#Cƒ“s3“3cƒ““‚ÃãbÃã“rÄfÇ6RÃãBÃã“’ÄfÇ6RÂÓãSs#3cSCcƒ’ÃãSs#3cSCcƒ’Ãã33sCCƒSS“cssƒ’Ããc"ÃãÄfÇ6RÃã“sCƒ“ƒ#s3c#C‚Ãã“sCƒ“ƒ#s3c#C‚ÃãsSscCCsƒs“#ƒcrÃãÃãc’ÄfÇ6RÃãÃãS"ÄfÇ6RÃãƒ“s“ƒCƒCRÃãƒ“s“ƒCƒCRÃãS“cƒCC““3C#ƒ“RÃãÃãƒBÄfÇ6RÃÃÆV&Ç•ööæÇ•öF—66÷fW'’ÅG'VRÅG'VRÅG'VRÅG'VRÅG'VRÅG'VRÄfÇ6P¥DÃÄÔ$³"ÄÔ$³"ÄTå4s#c“3BÂÓã“S#CCC3#cRÃã“S#CCC3#cRÄfÇ6RÃãc“sƒ3ƒ“sƒ2Ããc“sƒ3ƒ“sƒ2ÃãCccCSc3C“sSS‚ÃãƒÃãÅG'VRÃãrÃãÅG'VRÃãCcƒ#CS“Cƒ3CsBÃãCcƒ#CS“Cƒ3CsBÃã3sC#ƒ#c3“#3s"ÃãƒrÃãÅG'VRÃãS3SCsss##s2ÃãS3SCsss##s2ÃãS3sƒcƒ#3CS#c‚ÃãÃãsbÄfÇ6RÃã"ÃãsRÄfÇ6RÃã“#csS#scsc#rÃã“#csS#scsc#rÃãsCsƒs3s““s#ScSbÃãÃãcbÄfÇ6RÃã3Sc#“ƒ3ƒ“3#“Ss’Ãã3Sc#“ƒ3ƒ“3#“Ss’Ãã33cc#SSCC3#“#"Ãã‚Ãã“"ÄfÇ6RÃãÃãƒ"ÄfÇ6RÂÓã#3cS33“C3cCRÃã#3cS33“C3cCRÃãcS“ƒ“#cc3"ÃãÃãsÄfÇ6RÂÓã“S#CCC3#cSCRÃã“S#CCC3#cSCRÃãs“S3C“s“C#3ƒcƒ2ÃãÃãS“ÄfÇ6RÃãÃãSRÄfÇ6RÂÓã“33#s“#“sS3ƒCCBÃã“33#s“#“sS3ƒCCBÃãsƒ“SsCsS““CS32ÃãÃãcS“““““““““““““’ÄfÇ6RÃÃÆV&Ç•ööæÇ•öF—66÷fW'’ÅG'VRÅG'VRÅG'VRÅG'VRÅG'VRÅG'VRÄfÇ6P¤$4ÃÄU#CÄU#CÄTå4sS“#2ÂÓã“C“sCƒƒSCƒ#"Ãã“C“sCƒƒSCƒ#"ÄfÇ6RÃãs#“ccSƒƒSCƒsCrÃãs#“ccSƒƒSCƒsCrÃãscƒ#ƒ“s3#ccScbÃã“rÃãÅG'VRÃãƒbÃãÅG'VRÃã##“3ƒ“3SƒSCC‚Ãã##“3ƒ“3SƒSCC‚Ããcs3cƒc3scs3#c"ÃãÃãÅG'VRÃãSCCCC#sSs3sS"ÃãSCCCC#sSs3sS"ÃãCSCCcc3“#3ƒ#CBÃã“rÃãÅG'VRÃãƒRÃãÅG'VRÃã#ƒ3ƒ3sSƒƒ#CcSbÃã#ƒ3ƒ3sSƒƒ#CcSbÃãcS“ƒs“ScC#S2ÃãÃãÅG'VRÃãCƒƒƒ3“s3ƒc3S“#bÃãCƒƒƒ3“s3ƒc3S“#bÃã33ƒƒ#3sƒ3#cCrÃãSRÃãÄfÇ6RÃãSrÃãÄfÇ6RÃãC““cSs3C“sS3sS"ÃãC““cSs3C“sS3sS"ÃãcƒSƒsSc#CC"ÃãRÃãÄfÇ6RÂÓã“C“sCƒƒSCƒ#3‚Ãã“C“sCƒƒSCƒ#3‚Ããƒs“ƒ3S3““CcS#ÃãÃãc"ÄfÇ6RÃãÃãbÄfÇ6RÂÓã3Ssƒ““3cc“bÃã3Ssƒ““3cc“bÃãƒs3s““s#ScSSssbÃãÃãÄfÇ6RÃÃÆV&Ç•ööæÇ•öF—66÷fW'’ÅG'VRÅG'VRÅG'VRÅG'VRÅG'VRÅG'VRÄfÇ6P¤td“"ÄDÄtRÄDÄtRÄTå4s#csƒrÂÓã“C3““#3ƒ3cSs‚Ãã“C3““#3ƒ3cSs‚ÄfÇ6RÂÓãSs“s“ƒ“cs“#2ÃãSs“s“ƒ“cs“#2Ãã#ƒ“Css#“CSS3C3rÃãRÃã“’ÄfÇ6RÃãbÃã’ÄfÇ6RÂÓã3Scc#c“ccƒS“3ScRÃã3Scc#c“ccƒS“3ScRÃã33#SSS“cS““csRÃã2Ãã“"ÄfÇ6RÂÓãsS“cSS#CƒƒbÃãsS“cSS#CƒƒbÃãCC3#“#ƒc““SƒbÃã3RÃãÄfÇ6RÃã"Ãã“bÄfÇ6RÂÓã3CsSs“ƒ3scCƒƒRÃã3CsSs“ƒ3scCƒƒRÃã3SCƒc“cƒCC““3BÃãÃã“#“““““““““““““’ÄfÇ6RÂÓãC“ƒ“SScsC“sS‚ÃãC“ƒ“SScsC“sS‚ÃãcCc“S3C“s“C#3‚Ãã“"ÃãÅG'VRÃã“RÃãÅG'VRÂÓã3#SƒcSScsƒ“"Ãã3#SƒcSScsƒ“"Ãã3ssC##Cƒ#ƒS3"ÃãCÃãÄfÇ6RÂÓã“C3““#3ƒ3cSsƒ3rÃã“C3““#3ƒ3cSsƒ3rÃãƒS#“C“#CSSCƒ3ƒ"ÃãÃãcS“““““““““““““’ÄfÇ6RÃãÃãcRÄfÇ6RÃãsSCƒccs#“RÃãsSCƒccs#“RÃã3“cS“##ƒSRÃãRÃãÄfÇ6RÃÃÆF“ööæÇ•÷&WFW&Ö–æÅöF—66÷fW'’ÅG'VRÅG'VRÅG'VRÅG'VRÄfÇ6RÄfÇ6RÄfÇ6P¤ädS"Äd%„ó#"Äd%„ó#"ÄTå4scs“bÂÓã“C3Cs3#S3“’Ãã“C3Cs3#S3“’ÄfÇ6RÃã“C“S#3“#CS3ƒc3bÃã“C“S#3“#CS3ƒc3bÃãsƒSsCCƒc##BÃãÃãbÄfÇ6RÃãÃãSbÄfÇ6RÃã3Sƒ“#3##sc#“S“BÃã3Sƒ“#3##sc#“S“BÃãc“SC3Cs#ƒ#ƒ"Ãã"ÃãsÄfÇ6RÂÓãcsCc33“c#Sƒƒ’ÃãcsCc33“c#Sƒƒ’Ãã#“sccƒ3ƒCƒss“BÃãCrÃãÄfÇ6RÃã#‚Ãã“‚ÄfÇ6RÂÓãƒSc#“c““cƒCSbÃãƒSc#“c““cƒCSbÃã#ƒ#SsƒƒsSsCcssbÃãSBÃã“’ÄfÇ6RÂÓãcS#sCscCƒ“ƒsBÃãcS#sCscCƒ“ƒsBÃã#Cc“3Sƒ#Cc“3S‚Ãã“rÃãÅG'VRÃã“RÃãÅG'VRÂÓã#c“#s33ƒCCC#2Ãã#c“#s33ƒCCC#2Ããs#s#33“cS“#"Ãã“RÃãÅG'VRÂÓã“C3Cs3#S3““c2Ãã“C3Cs3#S3““c2ÃãƒS##c##sC3C’ÃãÃãcS“““““““““““““’ÄfÇ6RÃãÃãs"ÄfÇ6RÂÓãS#S3cc3Cc“#ƒ“rÃãS#S3cc3Cc“#ƒ“rÃãƒ“#CSSCƒ3ƒ3CC2ÃãÃãcS“““““““““““““’ÄfÇ6RÃÃÆF“ööæÇ•÷&WFW&Ö–æÅöF—66÷fW'’ÅG'VRÅG'VRÅG'VRÅG'VRÅG'VRÅG'VRÄfÇ6P¤ädS"ÄÕD„dCÄÕD„dCÄTå4ssBÂÓã“CCƒscSccc#ƒrÃã“CCƒscSccc#ƒrÄfÇ6RÂÓã3ƒcSCsC33S‚Ãã3ƒcSCsC33S‚Ãã#sƒ“C#3“#cCcRÃã2Ãã“ÄfÇ6RÃã2Ãã’ÄfÇ6RÂÓã3ss3Ccƒ#cs#‚Ãã3ss3Ccƒ#cs#‚Ãã#ss“S3s““ƒ3S3cƒRÃãbÃã“#“““““““““““““’ÄfÇ6RÂÓã3CSscccScƒ“scS#RÃã3CSscccScƒ“scS#RÃã#3s33ƒSCS“S33c"ÃãRÃã“"ÄfÇ6RÃã2Ãã“ÄfÇ6RÂÓãC“CS#3c3“S##cRÃãC“CS#3c3“S##cRÃãcs#ƒ3“Scs#ƒBÃãRÃã“rÄfÇ6RÂÓãC“ƒ“ƒs3SƒSƒ2ÃãC“ƒ“ƒs3SƒSƒ2ÃãCƒ“s3“3cƒ““ƒrÃãs‚ÃãÅG'VRÃã“2ÃãÅG'VRÂÓã“CCc3“#sCCcrÃã“CCc3“#sCCcrÃã“3CSc3sƒcƒ#BÃã“bÃãÅG'VRÂÓã“CCƒscSccc#ƒss‚Ãã“CCƒscSccc#ƒss‚ÃãƒSCƒc“cƒCC““3BÃãÃãcc“““““““““““““’ÄfÇ6RÃãÃãc"ÄfÇ6RÂÓãSSC“#ƒC#cS2ÃãSSC“#ƒC#cS2Ããƒ“cssƒƒ“3CÃãÃãc"ÄfÇ6RÃÃÆF“ööæÇ•÷&WFW&Ö–æÅöF—66÷fW'’ÅG'VRÅG'VRÅG'VRÅG'VRÅG'VRÅG'VRÄfÇ6P¤$4ÃÄ44äSÄ44äSÄTå4sSs2Ãã“#sSSsC“#c3BÃã“#sSSsC“#c3BÄfÇ6RÃã3CSƒCS3C3ƒSRÃã3CSƒCS3C3ƒSRÃã#3s3C3“C#“#sc““2ÃãrÃãÅG'VRÃãC‚ÃãÄfÇ6RÃãCs“CC#“3“CccBÃãCs“CC#“3“CccBÃã3ƒcƒC3ƒƒ3cc3ÃãsBÃãÅG'VRÃã“Sc“CS“ƒc“S“ƒÃã“Sc“CS“ƒc“S“ƒÃãSCƒ3ƒ3CC3s#rÃã#‚ÃãÄfÇ6RÃã3bÃãÄfÇ6RÃãCc#sScC3SCcS“cs‚ÃãCc#sScC3SCcS“cs‚Ãã3ƒCƒss“C“S“ƒ“BÃãcrÃãÄfÇ6RÃã3“C“sSƒS33S“ƒS“RÃã3“C“sSƒS33S“ƒS“RÃãCsc3cƒs#C#s“ƒ3bÃãÃãƒRÄfÇ6RÃãÃã“2ÄfÇ6RÃãƒS““#S33cc#“3C‚ÃãƒS““#S33cc#“3C‚Ãã#s““s#ScSSssS2ÃãÃãÄfÇ6RÃã“#sSSsC“#c3C3RÃã“#sSSsC“#c3C3RÃãƒƒ#cs3S#S3ss##’ÃãÃãc"ÄfÇ6RÃãÃãbÄfÇ6RÃãc“ƒCƒ#““3c#3‚Ããc“ƒCƒ#““3c#3‚ÃãC““3C#ƒ“C3sSƒbÃãÃã“’ÄfÇ6RÃÃÆV&Ç•ööæÇ•öF—66÷fW'’ÅG'VRÅG'VRÄfÇ6RÄfÇ6RÅG'VRÅG'VRÄfÇ6P¤ädS"Å%Ã#2Å%Ã#2ÄTå4s#Sc“ÂÓã“##c“Sƒ#s"Ãã“##c“Sƒ#s"ÄfÇ6RÃãs3C3#SSScÃãs3C3#SSScÃãSc#C“C#SC3SSƒs‚ÃãcrÃãÄfÇ6RÃãc’ÃãÄfÇ6RÃã“3cƒ##c3#ScBÃã“3cƒ##c3#ScBÃã“ƒssƒ“ƒ##ss2ÃãC‚Ãã“’ÄfÇ6RÃãscS33ƒc33ƒ2ÃãscS33ƒc33ƒ2Ããc“3C#ƒ“C3sSƒSrÃãÃãs"ÄfÇ6RÃã"ÃãsRÄfÇ6RÂÓã#sƒ#Cƒ“S“c“s3ƒ‚Ãã#sƒ#Cƒ“S“c“s3ƒ‚Ããs#c##sC3CƒC#"ÃãÃãsÄfÇ6RÂÓã#C#cƒ““ƒ#CssrÃã#C#cƒ““ƒ#CssrÃãCƒCƒCƒCƒCƒRÃãs2ÃãÅG'VRÃãsBÃãÅG'VRÂÓã#3C“S“sC3Cƒ‚Ãã#3C“S“sC3Cƒ‚Ãã3#“#ƒc““SƒƒCsrÃãÃãÅG'VRÂÓã“##c“Sƒ#s#ƒ‚Ãã“##c“Sƒ#s#ƒ‚ÃãƒSc#CC#cc‚ÃãÃãc’ÄfÇ6RÃãÃãc"ÄfÇ6RÂÓãcscS3cs#S#SSCRÃãcscS3cs#S#SSCRÃãƒc3cƒs#C#s“ƒ3RÃãÃãcRÄfÇ6RÃÃÆF“ööæÇ•÷&WFW&Ö–æÅöF—66÷fW'’ÅG'VRÅG'VRÅG'VRÅG'VRÅG'VRÅG'VRÄfÇ6P¤ädS"Ä„Ôt#Ä„Ôt#ÄTå4sƒ“C2Ãã““c3sƒ3Sƒc‚Ãã““c3sƒ3Sƒc‚ÄfÇ6RÂÓãSCƒs##3s“sCƒS’ÃãSCƒs##3s“sCƒS’Ãã“ƒ3SSSSSc3srÃã‚Ãã“BÄfÇ6RÃãbÃã“ÄfÇ6RÂÓãScs#S#s#S3ScƒcCRÃãScs#S#s#S3ScƒcCRÃã“Cƒ3ƒCCCƒSbÃã’Ãã“’ÄfÇ6RÂÓãƒsC#ƒc#Sc3CrÃãƒsC#ƒc#Sc3CrÃãƒ#3CS#csCƒ“s"ÃãrÃãÅG'VRÃãC’ÃãÄfÇ6RÂÓã“cCSS“SS#s#ƒ“"Ãã“cCSS“SS#s#ƒ“"ÃãsCcsscCc3SccbÃãrÃãÅG'VRÂÓãCsCCsSScƒc33bÃãCsCCsSScƒc33bÃãs#s#33“cS“#"Ããƒ‚ÃãÅG'VRÃãƒ2ÃãÅG'VRÂÓãƒCcss“SsSCsSSrÃãƒCcss“SsSCsSSrÃãc3#3s33ƒSCS“SBÃãƒ‚ÃãÅG'VRÃã““c3sƒ3Sƒcƒ3BÃã““c3sƒ3Sƒcƒ3BÃãƒ##ƒSCƒ“sBÃãÃãcÄfÇ6RÃãÃãS‚ÄfÇ6RÃã#s##3Sƒs“ss3SrÃã#s##3Sƒs“ss3SrÃãCƒCss3cc#SSCC32ÃãÃãƒ"ÄfÇ6RÃÃÇ&WFW&Ö–æÅööæÇ•öF—66÷fW'’ÅG'VRÅG'VRÅG'VRÅG'VRÅG'VRÅG'VRÄfÇ6P¤$4ÃÄtäsRÄtäsRÄTå4ssC#Ãã“#S3CSƒ3ss#32Ãã“#S3CSƒ3ss#32ÄfÇ6RÂÓãcccsSsCScs33s“bÃãcccsSsCScs33s“bÃã##3S“s##c#sS‚ÃãÃã“rÄfÇ6RÃãÃã“rÄfÇ6RÂÓãs#CC#s#ƒ33ƒ#RÃãs#CC#s#ƒ33ƒ#RÃãƒcSƒ#S#cs“#2ÃãÃãÄfÇ6RÂÓãƒsSsc#S3ƒCƒSsÃãƒsSsc#S3ƒCƒSsÃãSc3sƒcƒ#3CS2Ãã2ÃãÄfÇ6RÃãbÃãÄfÇ6RÂÓãs“C“#c3S“S3ƒS"Ããs“C“#c3S“S3ƒS"Ããc3#3s33ƒSCS“S"ÃãÃãÄfÇ6RÂÓãcc##ƒCs3#“cs#RÃãcc##ƒCs3#“cs#RÃã##C“cSscCCsƒs“2ÃãsbÃãÅG'VRÃãsRÃãÅG'VRÂÓãscƒC3“s3SCcbÃãscƒC3“s3SCcbÃãccƒ3ƒCƒss“C“RÃãRÃãÄfÇ6RÃã“#S3CSƒ3ss#33ƒ2Ãã“#S3CSƒ3ss#33ƒ2ÃãƒƒSƒsSc#CC#cbÃãÃãSrÄfÇ6RÃãÃãbÄfÇ6RÃãƒSsC#SSSƒS2ÃãƒSsC#SSSƒS2Ãã3“#CSSCƒ3ƒ3CC2ÃãÃãÄfÇ6RÃÃÆF“ööæÇ•÷&WFW&Ö–æÅöF—66÷fW'’ÅG'VRÅG'VRÅG'VRÅG'VRÄfÇ6RÄfÇ6RÄfÇ6P¤$4ÃÄ4D³’Ä4D³’ÄTå4sSSÂÓãƒ“ƒƒ3““ƒ##3bÃãƒ“ƒƒ3““ƒ##3bÄfÇ6RÃã3cS“C“SCSƒƒscÃã3cS“C“SCSƒƒscÃãsc3ccCƒ#ƒcCS’ÃãÃãcRÄfÇ6RÃãÃãS’ÄfÇ6RÃã“c“ƒcsƒs“CSbÃã“c“ƒcsƒs“CSbÃãƒ3s#ƒ“cSsSCcrÃãÃãs"ÄfÇ6RÃãsS“3CscsCbÃãsS“3CscsCbÃãS3ss##“ƒ“3#sƒ2ÃãÃãÄfÇ6RÃãÃã“’ÄfÇ6RÃãƒS3S“3ƒcCCSƒ#SBÃãƒS3S“3ƒcCCSƒ#SBÃãCScs“#3CScs’ÃãÃãÄfÇ6RÃãSsC3C“ƒScƒCƒSsS2ÃãSsC3C“ƒScƒCƒSsS2Ãã#ƒS3##3S“3“cC33RÃãs"ÃãÅG'VRÃãcrÃãÄfÇ6RÃã“Sc“ccsSC#“CC2Ãã“Sc“ccsSC#“CC2ÃãCsƒs“#ƒcc“CRÃã3’ÃãÄfÇ6RÂÓãƒ“ƒƒ3““ƒ##3c’Ããƒ“ƒƒ3““ƒ##3c’Ããƒƒs#C#s“ƒ3S3““RÃãÃãcBÄfÇ6RÃãÃãSsÄfÇ6RÃãs#cS#c3“Cƒ“sRÃãs#cS#c3“Cƒ“sRÃã#3cCƒƒ3C“#C3’ÃãÃãÄfÇ6RÃÃÆF“ööæÇ•÷&WFW&Ö–æÅöF—66÷fW'’ÅG'VRÅG'VRÄfÇ6RÄfÇ6RÄfÇ6RÄfÇ6RÄfÇ6P¤ädS"ÅEDsÅEDsÄTå4scCcÃãƒ“ccƒ###sƒ2Ããƒ“ccƒ###sƒ2ÄfÇ6RÂÓã3ƒSS“cs“#“csc"Ãã3ƒSS“cs“#“csc"Ããc“#ƒ3c“ƒcCCRÃãÃãsBÄfÇ6RÃãÃãSRÄfÇ6RÂÓãCƒCS3#“ƒ##BÃãCƒCS3#“ƒ##BÃãcccc#“3ScScCcƒbÃã"ÃãsBÄfÇ6RÂÓãƒCS““ccss“3ƒCÃãƒCS““ccss“3ƒCÃãSƒ“c3#3s3BÃãs2ÃãÅG'VRÃã3rÃãÄfÇ6RÂÓãSƒs#c““sƒccsSs#’ÃãSƒs#c““sƒccsSs#’ÃãC“3ƒ#scC“3ƒ#rÃãÃãÄfÇ6RÂÓã3Css33S#ƒƒ#SrÃã3Css33S#ƒƒ#SrÃãsScC#S#CSCƒrÃãÃãsÄfÇ6RÃãÃãrÄfÇ6RÃã3##s#“c3cƒ#CbÃã3##s#“c3cƒ#CbÃãc#ƒƒcSƒC3c#3“’ÃãÃãƒ2ÄfÇ6RÃãƒ“ccƒ###sƒCbÃãƒ“ccƒ###sƒCbÃãƒS##c33sCCƒSS“rÃãÃãS‚ÄfÇ6RÃãÃãrÄfÇ6RÃã##3s#“3sCSCSS“rÃã##3s#“3sCSCSS“rÃãSc3sƒcƒ#3CS#rÃãÃãsrÄfÇ6RÃÃÆV&Ç•ööæÇ•öF—66÷fW'’ÅG'VRÅG'VRÄfÇ6RÄfÇ6RÄfÇ6RÄfÇ6RÄfÇ6P¥DÃÄÔ5RÄÔ5RÄTå4sSc#bÃãƒcsscS“#srÃãƒcsscS“#srÄfÇ6RÂÓãCSsS““cCcCCS2ÃãCSsS““cCcCCS2Ããƒƒc#“sƒCcc“C’ÃãÃãcÄfÇ6RÃãÃãcRÄfÇ6RÂÓãƒƒƒsƒS3s“ƒ3CSBÃãƒƒƒsƒS3s“ƒ3CSBÃãsƒscSS3ssCrÃãÃãSbÄfÇ6RÃãsS“3S#“CS3ccbÃãsS“3S#“CS3ccbÃãCS##c33sCCƒSbÃãsÃãÅG'VRÃãBÃãÄfÇ6RÃãcc“CsSS3#cc‚Ããcc“CsSS3#cc‚Ãã3s33ƒSCS“S33cÃã3rÃãÄfÇ6RÂÓã33S“ƒ“Cs3C“ƒbÃã33S“ƒ“Cs3C“ƒbÃã3“ScC#S#CSCƒRÃã"Ããƒ’ÄfÇ6RÃã2ÃãƒBÄfÇ6RÂÓãcc#scsc“C#C“CSbÃãcc#scsc“C#C“CSbÃã#“c#“Csƒs3‚Ãã2Ãã“’ÄfÇ6RÃãƒcsscS“#sss2ÃãƒcsscS“#sss2ÃãƒSƒ“c3#3s3ÃãÃãcRÄfÇ6RÃãÃãS"ÄfÇ6RÃãCSc#3#“s“"ÃãCSc#3#“s“"ÃãsCc3SccS#“C“#BÃãÃãc"ÄfÇ6RÃÃÆV&Ç•ööæÇ•öF—66÷fW'’ÅG'VRÅG'VRÄfÇ6RÄfÇ6RÄfÇ6RÄfÇ6RÄfÇ6P¤td“"ÅEƒ"ÅEƒ"ÄTå4sƒƒ3#RÂÓãƒCƒ“ƒCƒ#BÃãƒCƒ“ƒCƒ#BÄfÇ6RÂÓãc#sc““Sƒƒƒ“SRÃãc#sc““Sƒƒƒ“SRÃãƒ#S“#CCscSS‚Ãã‚Ãã“‚ÄfÇ6RÃã#RÃãÄfÇ6RÂÓãC33#“#Csc3#3SRÃãC33#“#Csc3#3SRÃã#Cc“CsCSSc“#ƒ#C‚ÃãÃã“ÄfÇ6RÂÓã““#““c3S#C3rÃã““#““c3S#C3rÃãcs3S#S3ss##“ƒÃãc’ÃãÄfÇ6RÃãSrÃãÄfÇ6RÂÓãCs“sƒ#3#c“ƒc2ÃãCs“sƒ#3#c“ƒc2ÃãcƒCC““3C#ƒ“C3‚Ãã"Ãã“bÄfÇ6RÂÓãCC“sƒ““s#3S“rÃãCC“sƒ““s#3S“rÃã#Ssc3cƒs#C#‚Ãã“2ÃãÅG'VRÃãƒrÃãÅG'VRÂÓã“3cs3C33S#RÃã“3cs3C33S#RÃãS““CS33SSc’Ãã#"ÃãÄfÇ6RÂÓãƒCƒ“ƒCƒ#C“ÃãƒCƒ“ƒCƒ#C“Ããƒcs3S#S3ss##“ƒÃãÃãcBÄfÇ6RÃãÃãcS“““““““““““““’ÄfÇ6RÃã#3C“#s“3S#C"Ãã#3C“#s“3S#C"ÃãƒcSSc“#s#“sccƒ2Ãã‚ÃãÄfÇ6RÃÃÆF“ööæÇ•÷&WFW&Ö–æÅöF—66÷fW'’ÅG'VRÅG'VRÅG'VRÅG'VRÄfÇ6RÄfÇ6RÄfÇ6P¤td“"Å4Ä3#$#2Å4Ä3#$#2ÄTå4s3s#cbÂÓãƒ#ƒ33C#“CƒCRÃãƒ#ƒ33C#“CƒCRÄfÇ6RÃãƒCc““ccCscbÃãƒCc““ccCscbÃãcCCƒs#C3s“#S2ÃãƒrÃãÅG'VRÃã‚ÃãÅG'VRÃãC33“##CCs3C“2ÃãC33“##CCs3C“2ÃãCƒsScss“c2Ãã“bÃãÅG'VRÃãss#“ƒ“ƒ“c#sC#“‚Ããss#“ƒ“ƒ“c#sC#“‚Ãã3sƒ3#cCsCc##srÃã3bÃãÄfÇ6RÃã#rÃã“’ÄfÇ6RÃãƒƒ3CsSs#ƒ3ScƒBÃãƒƒ3CsSs#ƒ3ScƒBÃã#S3ss##“ƒ“3#sƒbÃãcÃãÄfÇ6RÃã#3c33C#SC#sS‚Ãã#3c33C#SC#sS‚Ããsc“SCs3#S#ƒƒrÃãÃãc2ÄfÇ6RÃãÃãS‚ÄfÇ6RÃãC#Cs3ƒc3C#"ÃãC#Cs3ƒc3C#"Ãã“sSƒSs33ƒƒ#3‚ÃãÃãcRÄfÇ6RÂÓãƒ#ƒ33C#“CƒCSrÃãƒ#ƒ33C#“CƒCSrÃãƒssƒƒ“3CS"ÃãÃãS“ÄfÇ6RÃãÃãSbÄfÇ6RÂÓã3sCS3ƒS“ccSs3ƒrÃã3sCS3ƒS“ccSs3ƒrÃã“c“SCs3#S#ƒƒrÃãÃãRÄfÇ6RÃÃÆV&Ç•ööæÇ•öF—66÷fW'’ÅG'VRÅG'VRÅG'VRÅG'VRÅG'VRÅG'VRÄfÇ6P¤ädS"ÅD³2ÅD³2ÄTå4scs““"Ããƒ#“SCSccRÃãƒ#“SCSccRÄfÇ6RÂÓã3ƒ3#ƒScRÃã3ƒ3#ƒScRÃã#33##ƒS#“ƒss’Ããs’ÃãÅG'VRÃãsBÃãÅG'VRÂÓãs“C3C#scbÃãs“C3C#scbÃã#ƒƒS3cC#CsC“c#2Ããs’ÃãÅG'VRÂÓãSƒ#3S“ƒSc3CCcBÃãSƒ#3S“ƒSc3CCcBÃãSSc“#s#“sccƒ3ƒBÃã’ÃãÄfÇ6RÃã2ÃãÄfÇ6RÂÓãsSƒ#SC3#S3Cs#’ÃãsSƒ#SC3#S3Cs#’ÃãCSCCcc3“#3ƒ#CCRÃã3ÃãÄfÇ6RÂÓãƒccS3#CCƒs#“ÃãƒccS3#CCƒs#“ÃãccƒƒcCSCCcc3“"ÃãÃãƒRÄfÇ6RÃãÃã‚ÄfÇ6RÂÓãƒ#sS#S3CS#ƒSBÃãƒ#sS#S3CS#ƒSBÃã##S3c3ScS“ƒ‚ÃãÃãÄfÇ6RÃãƒ#“SCSccS3Ããƒ#“SCSccS3Ããƒ#“c#“c#“c#“c#“bÃãÃãcRÄfÇ6RÃãÃãcbÄfÇ6RÃã#csƒcCs“3sƒBÃã#csƒcCs“3sƒBÃãsCcc3“#3ƒ#CCrÃãÃãrÄfÇ6RÃÃÆV&Ç•ööæÇ•öF—66÷fW'’ÅG'VRÅG'VRÅG'VRÅG'VRÅG'VRÅG'VRÄfÇ6P¤´ÄcÄD³ÄD³ÄTå4s“cs3Ããs“c3cC#S##“bÃãs“c3cC#S##“bÄfÇ6RÂÓã3ssCcs“cC“3“c‚Ãã3ssCcs“cC“3“c‚Ãã#33##ƒS#“ƒss’Ãã“rÃãÅG'VRÃã“RÃãÅG'VRÂÓã##“SS#S“ƒ““2Ãã##“SS#S“ƒ““2Ããsƒ3S“3“ss##S“SrÃãÃãÅG'VRÂÓãC“ƒƒS3#csƒsC3bÃãC“ƒƒS3#csƒsC3bÃãc3SccS#“C“#CSbÃã‚Ãã“’ÄfÇ6RÃãÃã“rÄfÇ6RÂÓã#ƒ“ƒ#“3“ssÃã#ƒ“ƒ#“3“ssÃã#S3c3ScS“ƒs“rÃãƒbÃãÅG'VRÂÓãscS3ƒCC3sƒƒs2ÃãscS3ƒCC3sƒƒs2ÃãC“S“ƒ“#cc3Ãã#rÃãÄfÇ6RÃã‚ÃãÄfÇ6RÂÓãcC“SS3sCsSCs3bÃãcC“SS3sCsSCs3bÃã#Cc“3Sƒ#Cc“3SrÃãs"ÃãÅG'VRÃãs“c3cC#S##“cCBÃãs“c3cC#S##“cCBÃãƒ“c#“Csƒs3‚ÃãÃãc"ÄfÇ6RÃãÃãbÄfÇ6RÂÓãscSƒ#CsccsrÃãscSƒ#CsccsrÃãc##c33sCCƒSS“csÃãÃãsÄfÇ6RÃÃÆV&Ç•ööæÇ•öF—66÷fW'’ÅG'VRÅG'VRÅG'VRÅG'VRÅG'VRÅG'VRÄfÇ6P¥DÃÄuD4ƒ‚ÄuD4ƒ‚ÄTå4sƒcScbÂÓãs“S“#sC#cs2Ããs“S“#sC#cs2ÄfÇ6RÃãSs““sc##ƒcbÃãSs““sc##ƒcbÃãSƒ““33SSC3“rÃãsRÃãÅG'VRÃãs’ÃãÅG'VRÃã“sƒS3“33“““c‚Ãã“sƒS3“33“““c‚ÃãƒcC3c“#sC#CƒƒrÃãcÃãÄfÇ6RÂÓã#SSC3ƒcSCCs#ƒS"Ãã#SSC3ƒcSCCs#ƒS"Ãã3Ssc3cƒs#C#s“rÃãbÃãƒrÄfÇ6RÃã"Ããs"ÄfÇ6RÂÓã#“scƒScC#C“3c2Ãã#“scƒScC#C“3c2Ãã3“CcS#Ssc3rÃã"Ãã’ÄfÇ6RÃãcƒ3ƒscƒS“SsbÃãcƒ3ƒscƒS“SsbÃãc“#s#“sccƒ3ƒC‚ÃãbÃã“’ÄfÇ6RÃã#2Ãã“’ÄfÇ6RÃãsƒC“s##s“3c“c‚ÃãsƒC“s##s“3c“c‚ÃãCSƒcƒcSSc“#s2ÃãBÃã“’ÄfÇ6RÂÓãs“S“#sC#cs3cÃãs“S“#sC#cs3cÃãƒ#c33sCCƒSS“csrÃãÃãcÄfÇ6RÃãÃãSƒÄfÇ6RÂÓãcssƒS““cƒ#SS‚ÃãcssƒS““cƒ#SS‚ÃãƒSsSCCSƒcƒcSbÃãÃãSƒÄfÇ6RÃÃÆV&Ç•ööæÇ•öF—66÷fW'’ÅG'VRÅG'VRÅG'VRÅG'VRÄfÇ6RÄfÇ6RÄfÇ6P¤ädS"Ä45CRÄ45CRÄTå4sSsS2ÂÓãscƒ33#sƒ““SS2Ããscƒ33#sƒ““SS2ÄfÇ6RÂÓãS33““##ScS“s33RÃãS33““##ScS“s33RÃãS#“s##“#3cÃãÃã“BÄfÇ6RÃã‚Ãã“rÄfÇ6RÂÓãC“3#C#ƒsc#c"ÃãC“3#C#ƒsc#c"ÃãSs3cCc“3sSbÃã2Ãã“BÄfÇ6RÂÓãcCs#“C33c“ƒrÃãcCs#“C33c“ƒrÃãs3ssC##Cƒ#ƒS2ÃãÃãcBÄfÇ6RÃã"ÃãcÄfÇ6RÂÓã#ƒSCƒsƒS33C"Ãã#ƒSCƒsƒS33C"ÃãC“CcS#Ssc3rÃã"Ãã“ÄfÇ6RÂÓãs3“Sƒ33ƒc““RÃãs3“Sƒ33ƒc““RÃã#“Csƒs3s““s#ScS2Ãã“’ÃãÅG'VRÃã“’ÃãÅG'VRÂÓã#“3c3c3#3“BÃã#“3c3c3#3“BÃãsƒƒ“3CS##cBÃã“rÃãÅG'VRÂÓãscƒ33#sƒ““SS3“"Ããscƒ33#sƒ““SS3“"ÃãƒC##C“cSscCCs’ÃãÃãcS“““““““““““““’ÄfÇ6RÃãÃãS“ÄfÇ6RÂÓã#s“““sƒC““Ãã#s“““sƒC““Ãã““C3sSƒSs33ƒƒ#2ÃãÃãRÄfÇ6RÃÃÆF“ööæÇ•÷&WFW&Ö–æÅöF—66÷fW'’ÅG'VRÅG'VRÅG'VRÅG'VRÅG'VRÅG'VRÄfÇ6P¤$4ÃÄ%Dc2Ä%Dc2ÄTå4sCSsCÂÓãsCsCcC“3ƒC#S‚ÃãsCsCcC“3ƒC#S‚ÄfÇ6RÂÓã#Scƒc3SƒƒCcCsBÃã#Scƒc3SƒƒCcCsBÃãScS“ƒ“3cƒsCrÃãÃãƒbÄfÇ6RÃãÃãc2ÄfÇ6RÂÓã33CS#csc#RÃã33CS#csc#RÃãSƒƒCƒ“SCs33S’ÃãÃãƒRÄfÇ6RÂÓã#“c##ƒCCƒƒ“BÃã#“c##ƒCCƒƒ“BÃã33ƒSCS“S33csrÃãcbÃãÄfÇ6RÃãC’ÃãÄfÇ6RÂÓã3CcCc“#Ssc#CbÃã3CcCc“#Ssc#CbÃãS33SScƒSƒsÃã2ÃãÄfÇ6RÂÓã“ƒcc“333c3C##BÃã“ƒcc“333c3C##BÃãƒcC“sS3ƒcC“sBÃã“2ÃãÅG'VRÃã“rÃãÅG'VRÂÓã#S#ssƒs“c“C3c#bÃã#S#ssƒs“c“C3c#bÃãCcsscCc3SccS#’Ãã“rÃãÅG'VRÂÓãsCsCcC“3ƒC#SƒS‚ÃãsCsCcC“3ƒC#SƒS‚Ãã“3C#“3SS#ƒ#s"ÃãÃãcÄfÇ6RÃãÃãSBÄfÇ6RÂÓã#3C3s3“Ss#3ƒƒ“RÃã#3C3s3“Ss#3ƒƒ“RÃã“#3sƒ3#cCsCc"ÃãÃãcS“““““““““““““’ÄfÇ6RÃÃÆF“ööæÇ•÷&WFW&Ö–æÅöF—66÷fW'’ÅG'VRÅG'VRÅG'VRÅG'VRÅG'VRÅG'VRÄfÇ6P¤ädS"Ä…5“#Ä…5“#ÄTå4sccS“‚ÂÓãs3ƒS#“srÃãs3ƒS#“srÄfÇ6RÂÓãƒƒs“#Cƒ“s3SC“‚Ããƒƒs“#Cƒ“s3SC“‚ÃãS“#333cS3CSBÃãSBÃãÄfÇ6RÃã#bÃã“rÄfÇ6RÂÓã“#“ss3#“ƒS"Ãã“#“ss3#“ƒS"ÃãS“#333cS3CRÃãSrÃãÄfÇ6RÂÓã“33cSsCSƒc“3‚Ãã“33cSsCSƒc“3‚ÃãSsc3cƒs#C#s“ƒBÃãƒRÃãÅG'VRÃãC‚ÃãÄfÇ6RÂÓã3C“ccc“C3“#’Ãã3C“ccc“C3“#’Ãã“s3“3cƒ““ƒc#ƒ#S‚ÃãƒrÃãÅG'VRÂÓã#ƒcSC##S333BÃã#ƒcSC##S333BÃã#c##sC3CƒC##RÃãsbÃãÅG'VRÃãcBÃãÄfÇ6RÂÓãc3SƒS#ScS#3sbÃãc3SƒS#ScS#3sbÃã#ƒƒcSƒC3c#3““"Ããs2ÃãÅG'VRÂÓãs3ƒS#“ssSrÃãs3ƒS#“ssSrÃãƒCƒSS“cssƒƒ“2ÃãÃãbÄfÇ6RÃãÃãS“ÄfÇ6RÃã#Ccccƒ3CsSsC2Ãã#Ccccƒ3CsSsC2Ãã“SSssS3C#“3SS2ÃãÃãcÄfÇ6RÃÃÇ&WFW&Ö–æÅööæÇ•öF—66÷fW'’ÅG'VRÅG'VRÄfÇ6RÄfÇ6RÅG'VRÅG'VRÄfÇ6P¤td“"Ä„ÔÕ"Ä„ÔÕ"ÄTå4ss#SsÂÓãs3Ssƒ3ƒ#S““srÃãs3Ssƒ3ƒ#S““srÄfÇ6RÂÓã“““#ƒ##ccS##“3“bÃã“““#ƒ##ccS##“3“bÃãC3ƒƒ#Sƒcs"Ããc‚ÃãÄfÇ6RÃãSrÃãÄfÇ6RÂÓãs““c3SSCƒCs3sCRÃãs““c3SSCƒCs3sCRÃãCcsƒ#ƒ#3C3#Sc“c2Ãã2ÃãÄfÇ6RÂÓãƒScCSsƒ“CcCc“ƒbÃãƒScCSsƒ“CcCc“ƒbÃã##c##sC3CƒC##BÃãS’ÃãÄfÇ6RÃãCÃã“’ÄfÇ6RÂÓãCƒ“3C“ƒ“s3ƒƒƒ“BÃãCƒ“3C“ƒ“s3ƒƒƒ“BÃãcSƒC3c#3““sc“rÃãrÃãÄfÇ6RÂÓã#“sScCscƒ3ƒBÃã#“sScCscƒ3ƒBÃãSc#CC#ccs“c“‚Ããs"ÃãÅG'VRÃãƒ"ÃãÅG'VRÂÓãƒsCƒ#sƒ“ccƒCcBÃãƒsCƒ#sƒ“ccƒCcBÃãcƒƒcCSCCcc3“#BÃãrÃãÄfÇ6RÂÓãs3Ssƒ3ƒ#S““sscbÃãs3Ssƒ3ƒ#S““sscbÃãƒƒSƒsSc#CC#cbÃãÃãc"ÄfÇ6RÃãÃãbÄfÇ6RÃãƒ“s#SSCƒcc“3cBÃãƒ“s#SSCƒcc“3cBÃã#CS##c33sCCƒSRÃãÃãÄfÇ6RÃÃÆF“ööæÇ•÷&WFW&Ö–æÅöF—66÷fW'’ÅG'VRÅG'VRÅG'VRÅG'VRÄfÇ6RÄfÇ6RÄfÇ6P¤$4ÃÄD5“rÄD5“rÄTå4s##ƒÃãs#c#“#33#ƒbÃãs#c#“#33#ƒbÄfÇ6RÃãSsssƒƒ3c3Cƒss‚ÃãSsssƒƒ3c3Cƒss‚Ããs“ƒcc3ƒs“BÃã“ÃãÅG'VRÃã“ÃãÅG'VRÃã“ƒSC#sCC3ƒSÃã“ƒSC#sCC3ƒSÃã#ƒ“Css#“CSS3C3rÃãÃãÅG'VRÃãc““sSsc#““sC2Ããc““sSsc#““sC2ÃãSssS3C#“3SS#ƒ"ÃãÃãÄfÇ6RÃãÃã“rÄfÇ6RÃãSS“ƒssCS3ƒc3c‚ÃãSS“ƒssCS3ƒc3c‚Ãã#ƒs3s““s#ScSSssBÃãÃãÄfÇ6RÃãSCss#sSCCSbÃãSCss#sSCCSbÃã“#SsƒƒsSsCcssrÃãÃãSbÄfÇ6RÃãÃãSRÄfÇ6RÂÓãSSscC###3#“CRÃãSSscC###3#“CRÃãC“S33cscƒsSSƒ2ÃãÃã“bÄfÇ6RÃãs#c#“#33#ƒc3BÃãs#c#“#33#ƒc3BÃã“cCCsƒs“#ƒcc“BÃãÃãS‚ÄfÇ6RÃãÃãSBÄfÇ6RÂÓã#ƒ3cSƒƒc33““‚Ãã#ƒ3cSƒƒc33““‚Ãã“##Cƒ#ƒS3##3bÃãÃãcBÄfÇ6RÃÃÆV&Ç•ööæÇ•öF—66÷fW'’ÅG'VRÅG'VRÅG'VRÅG'VRÅG'VRÅG'VRÄfÇ6P¤´ÄcÄ$„t#Ä$„t#ÄTå4ssƒc2Ããss##3#SC#ƒ32Ããss##3#SC#ƒ32ÄfÇ6RÂÓãCCsSscƒ“s3#2ÃãCCsSscƒ“s3#2Ãã“#s#C#ƒ3ccCRÃã“‚ÃãÅG'VRÃã“2ÃãÅG'VRÂÓãƒ“S3cC##Cƒ#ss#sRÃãƒ“S3cC##Cƒ#ss#sRÃãCSs““sƒ#3sRÃãÃãÅG'VRÂÓã#ƒ#ƒ“c#C#ƒƒ#“"Ãã#ƒ#ƒ“c#C#ƒƒ#“"Ãã3CCCCCCCCCCCCCCCBÃã"ÃãƒrÄfÇ6RÃã"Ããƒ’ÄfÇ6RÂÓãc#s“Sc3sƒss2Ããc#s“Sc3sƒss2ÃãCS“S33cscƒsSS‚Ãã2Ãã“’ÄfÇ6RÂÓãCSc3ƒƒc3s#S“BÃãCSc3ƒƒc3s#S“BÃã““s3“3cƒ““ƒc#ƒ#RÃãÃãSÄfÇ6RÃãÃãS"ÄfÇ6RÃã#““#Ssc“#sC‚Ãã#““#Ssc“#sC‚Ããƒ3ƒ#scC“3ƒ#sbÃãÃãbÄfÇ6RÃãss##3#SC#ƒ3#“sRÃãss##3#SC#ƒ3#“sRÃãƒ#“Csƒs3s““s#SrÃãÃãc’ÄfÇ6RÃãÃãSrÄfÇ6RÃã3C3““c3c3C“#CcRÃã3C3““c3c3C“#CcRÃã33s33ƒSCS“S33bÃãÃã“2ÄfÇ6RÃÃÆV&Ç•ööæÇ•öF—66÷fW'’ÅG'VRÅG'VRÅG'VRÅG'VRÅG'VRÅG'VRÄfÇ6P¤td“"Ä3cƒSƒrãBÄ3cƒSƒrãBÄTå4s#ƒ3csBÃãsC3C“ss“‚ÃãsC3C“ss“‚ÄfÇ6RÃã“###“ƒCSSS"Ãã“###“ƒCSSS"Ãã#3CScƒS#s“ƒs‚ÃãSBÃãÄfÇ6RÃãbÃãÄfÇ6RÃãsc#cC#S3“S‚Ããsc#cC#S3“S‚Ããs#ƒC“C““#CSC3ƒ32Ãã#"Ãã“’ÄfÇ6RÃãƒƒSccssCcsƒ‚ÃãƒƒSccssCcsƒ‚Ããs“ScC#S#CSC’ÃãƒbÃãÅG'VRÃãc’ÃãÄfÇ6RÃãSsc“#cCCcssC2ÃãSsc“#cCCcssC2Ãã#ƒ“C3sSƒSs33ƒƒ#ÃãƒrÃãÅG'VRÃãscCCƒs“cCc“3#RÃãscCCƒs“cCc“3#RÃãƒ3#cCsCc##ss“’ÃãbÃãÄfÇ6RÃãbÃãÄfÇ6RÃãsS3S#ss“3SSƒ’ÃãsS3S#ss“3SSƒ’Ãã#c##sC3CƒC##BÃãÃã“’ÄfÇ6RÃãsC3C“ss“ƒƒRÃãsC3C“ss“ƒƒRÃãƒ“c3#3s33ƒSCbÃãÃãbÄfÇ6RÃãÃãc‚ÄfÇ6RÃãSƒccSs#CƒscƒrÃãSƒccSs#CƒscƒrÃãCƒ“#cc33s"ÃãÃã“‚ÄfÇ6RÃÃÆV&Ç•ööæÇ•öF—66÷fW'’ÅG'VRÅG'VRÄfÇ6RÄfÇ6RÅG'VRÅG'VRÄfÇ6P¤$4ÃÄT”c$#2ÄT”c$#2ÄTå4sssƒRÃãsCccƒƒ““C##rÃãsCccƒƒ““C##rÄfÇ6RÃã3““Cƒ#c“3ƒsrÃã3““Cƒ#c“3ƒsrÃã#cƒƒ“ƒ33““cC3#“‚ÃãrÃãÅG'VRÃãcrÃãÄfÇ6RÃãS“scCCS3“cScs‚ÃãS“scCCS3“cScs‚Ãã##c3cƒSCƒsSc"Ããƒ2ÃãÅG'VRÃãs#“S“s3ƒsƒC#c“S2Ããs#“S“s3ƒsƒC#c“S2ÃãCS“S33cscƒsSS‚ÃãBÃãÄfÇ6RÃã‚Ãã“’ÄfÇ6RÃãcƒ3SS3s“c“sÃãcƒ3SS3s“c“sÃã#CƒSS“cssƒƒ“2ÃãÃãÄfÇ6RÃã#CcCS“CS#“Ss“ccbÃã#CcCS“CS#“Ss“ccbÃãcSCCcc3“#3ƒ#CBÃãÃãsbÄfÇ6RÃãÃãsRÄfÇ6RÂÓã3#3#c“CS3#3scSBÃã3#3#c“CS3#3scSBÃãccƒ#3CS#csC’ÃãÃãƒ2ÄfÇ6RÃãsCccƒƒ““C##s"ÃãsCccƒƒ““C##s"Ãã“ƒSCƒ“s3“3rÃãÃãSBÄfÇ6RÃãÃãsÄfÇ6RÃã#ƒs3Cƒ“ƒ#scÃã#ƒs3Cƒ“ƒ#scÃã“cC“3ƒ#scC“BÃãÃãcrÄfÇ6RÃÃÆV&Ç•ööæÇ•öF—66÷fW'’ÅG'VRÅG'VRÄfÇ6RÄfÇ6RÅG'VRÅG'VRÄfÇ6P¤td“"ÄU5âÄU5âÄTå4sƒsrÃãsS3scssCS“rÃãsS3scssCS“rÄfÇ6RÃãsssƒscc3CSc“srÃãsssƒscc3CSc“srÃãCSs““sƒ#3sCrÃãÃãÅG'VRÃã“2ÃãÅG'VRÃãƒ“3c#ƒ#3“ƒsC#"Ããƒ“3c#ƒ#3“ƒsC#"ÃãSCƒss###3scƒ32Ãã“’ÃãÅG'VRÃãcS“SS#c3c3ScBÃãcS“SS#c3c3ScBÃãs#cCc“S3C“‚Ãã‚ÃãÄfÇ6RÃã‚Ãã“‚ÄfÇ6RÃãcss#3S#“2Ããcss#3S#“2Ããc3sƒcƒ#3CS#c‚Ãã#ÃãÄfÇ6RÃã3#C3Sƒ“““c##cBÃã3#C3Sƒ“““c##cBÃãCCƒ#ƒS3##3S“3“cCBÃãÃãƒrÄfÇ6RÃãÃãƒRÄfÇ6RÃã3SSCSƒS3#CSSsÃã3SSCSƒS3#CSSsÃãC3cƒ““ƒc#ƒ#SsƒƒsBÃãÃãƒrÄfÇ6RÃãsS3scssCS“ssRÃãsS3scssCS“ssRÃãƒ“#ƒc““SƒƒCsrÃãÃãS"ÄfÇ6RÃãÃãSRÄfÇ6RÂÓãC#“3ss3Cccs‚ÃãC#“3ss3Cccs‚ÃãScS“##ƒSCƒÃãÃã“#“““““““““““““’ÄfÇ6RÃÃÆV&Ç•ööæÇ•öF—66÷fW'’ÅG'VRÅG'VRÅG'VRÅG'VRÅG'VRÅG'VRÄfÇ6P¤td“"ÄuE4SÄuE4SÄTå4ssS#‚ÂÓãc““ƒ#3ƒƒ#ƒ#"Ããc““ƒ#3ƒƒ#ƒ#"ÄfÇ6RÂÓã#ScC“C#cCSC##‚Ãã#ScC“C#cCSC##‚ÃãCƒsScss“c2Ãã“ÃãÅG'VRÃãƒÃãÅG'VRÂÓãƒƒ“s“cCC##ƒƒ2Ããƒƒ“s“cCC##ƒƒ2Ããc3#S“scCc“CS2ÃãsbÃãÅG'VRÂÓãc3cSCCcsƒƒsrÃãc3cSCCcsƒƒsrÃãcCƒƒ3C“#C3ƒ“RÃã#BÃãÄfÇ6RÃã’Ãã“’ÄfÇ6RÂÓã3SƒCCSƒ3SCC"Ãã3SƒCCSƒ3SCC"Ãã3Ss33ƒƒ#3sƒ3#rÃãÃã“‚ÄfÇ6RÂÓãSSS“Sc3ƒ‚ÃãSSS“Sc3ƒ‚Ãã#Cƒ#ƒS3##3S“3“cRÃãRÃãÄfÇ6RÃãcbÃãÄfÇ6RÂÓãƒ“3sC#cC“#“3Ããƒ“3sC#cC“#“3ÃãcCc“S3C“s“C#3‚Ãã"ÃãÄfÇ6RÂÓãc““ƒ#3ƒƒ#ƒ##BÃãc““ƒ#3ƒƒ#ƒ##BÃãƒ“#S“#S“#S“#S“#bÃãÃãS“ÄfÇ6RÃãÃãcÄfÇ6RÃãƒCcƒssƒCcƒCƒ“’ÃãƒCcƒssƒCcƒCƒ“’Ãã#33cscƒsSSƒ#“’ÃãÃãÄfÇ6RÃÃÆV&Ç•ööæÇ•öF—66÷fW'’ÅG'VRÅG'VRÅG'VRÅG'VRÅG'VRÅG'VRÄfÇ6P¥DÃÄäµ$C"Ääµ$C"ÄTå4ssCRÂÓãc“S“3#s“““cƒrÃãc“S“3#s“““cƒrÄfÇ6RÃã#CCCC#3cSƒ3cbÃã#CCCC#3cSƒ3cbÃã#33##ƒS#“ƒss’Ãã“2ÃãÅG'VRÃãƒ2ÃãÅG'VRÃãcs3Ss3“#33C3’Ããcs3Ss3“#33C3’Ãã3ƒ#Cccs3c“‚Ããƒ"ÃãÅG'VRÃã3S““Sƒ“sSƒ“csrÃã3S““Sƒ“sSƒ“csrÃãCƒ#ƒS3##3S“3“cC2Ãã‚Ãã“BÄfÇ6RÃãrÃãƒBÄfÇ6RÃã#ƒScScƒ“sSsBÃã#ƒScScƒ“sSsBÃãCcS#“C“#CSSCƒ3‚ÃãÃãs’ÄfÇ6RÃã“3ƒ3ƒc3cc‚Ãã“3ƒ3ƒc3cc‚ÃãcCc“S3C“s“C#BÃãCbÃãÄfÇ6RÃã3BÃãÄfÇ6RÃãSƒcƒsccsƒscrÃãSƒcƒsccsƒscrÃã3##ƒSCƒ“s3“2Ãã2Ãã“‚ÄfÇ6RÂÓãc“S“3#s“““cƒs‚Ããc“S“3#s“““cƒs‚ÃãƒCƒƒ3C“#C3ƒ“bÃãÃãS“ÄfÇ6RÃãÃãSsÄfÇ6RÂÓãƒcscS#s““Sƒs2ÃãƒcscS#s““Sƒs2Ããƒƒ“3CS##c3BÃãÃãc2ÄfÇ6RÃÃÆV&Ç•ööæÇ•öF—66÷fW'’ÅG'VRÅG'VRÅG'VRÅG'VRÅG'VRÅG'VRÄfÇ6P¤$4ÃÄ5D"Ä5D"ÄTå4ssSc#BÃãc“CSsCCbÃãc“CSsCCbÄfÇ6RÂÓãsC##ƒƒ“CS“rÃãsC##ƒƒ“CS“rÃãc3s“CsS“##c#32Ãã#BÃãÄfÇ6RÃã#bÃãÄfÇ6RÂÓãCcc#ƒ#CCsS2ÃãCcc#ƒ#CCsS2Ãã3#ƒ“sSCC#CCbÃãcBÃãÄfÇ6RÂÓãC3Sc“Sƒ“CS3BÃãC3Sc“Sƒ“CS3BÃã##Cƒ#ƒS3##3S“BÃãƒrÃãÅG'VRÃãrÃãÅG'VRÂÓã#3scc3csƒc3SrÃã#3scc3csƒc3SrÃã“3#sƒCc3cCƒƒ3C"ÃãÃãÅG'VRÂÓãCCC3SƒS3cCƒ3SBÃãCCC3SƒS3cCƒ3SBÃãCSCs3#S#ƒƒcS‚ÃãÃã“"ÄfÇ6RÃãÃãƒ’ÄfÇ6RÂÓãc3###““S3S#"Ããc3###““S3S#"ÃãcƒƒcCSCCcc3“#BÃãÃãÄfÇ6RÃãc“CSsCCcsbÃãc“CSsCCcsbÃã“Sƒ“c3#3s3ÃãÃãsÄfÇ6RÃãÃãcÄfÇ6RÃãC3CƒC#ƒc3ssƒRÃãC3CƒC#ƒc3ssƒRÃãc“ƒs“ScC#S#BÃãÃã“RÄfÇ6RÃÃÆV&Ç•ööæÇ•öF—66÷fW'’ÅG'VRÅG'VRÅG'VRÅG'VRÅG'VRÅG'VRÄfÇ6P¤$4ÃÄÔÅ„•ÄÔÅ„•ÄTå4ssSs#rÂÓãc3“333##SS#CrÃãc3“333##SS#CrÄfÇ6RÃãS3sc#Sƒ#ƒsc33cƒ’ÃãS3sc#Sƒ#ƒsc33cƒ’Ãã#S3#CCCcCSRÃã"Ãã“’ÄfÇ6RÃã"Ãã“BÄfÇ6RÃãcC“#c3cƒc“CbÃãcC“#c3cƒc“CbÃã#3c#CƒCC#ƒS“BÃãÃã“’ÄfÇ6RÃã#CC#Cc3SSsS“bÃã#CC#Cc3SSsS“bÃãC““3C#ƒ“C3sSƒbÃã3ÃãÄfÇ6RÃã2ÃãÄfÇ6RÃãCs3CScss“33“#"ÃãCs3CScss“33“#"ÃãC3#“ƒscSC3#“ƒsBÃãC’ÃãÄfÇ6RÃã“c33#“ƒ##““sÃã“c33#“ƒ##““sÃãƒ3csc#cƒƒcCSBÃã“ÃãÅG'VRÃã“2ÃãÅG'VRÃã#3cƒ##scsS“c3’Ãã#3cƒ##scsS“c3’Ãã#cs3S#S3ss##“‚Ããƒ’ÃãÅG'VRÂÓãc3“333##SS#CsBÃãc3“333##SS#CsBÃã“s“c“ƒ#cs3S#SBÃãÃãSƒÄfÇ6RÃãÃãcRÄfÇ6RÂÓãc3sc33S3s“##RÃãc3sc33S3s“##RÃã“SƒSs33ƒƒ#3s’ÃãÃãc’ÄfÇ6RÃÃÆF“ööæÇ•÷&WFW&Ö–æÅöF—66÷fW'’ÅG'VRÅG'VRÅG'VRÅG'VRÅG'VRÅG'VRÄfÇ6P¤ädS"Å%4ÃCÅ%4ÃCÄTå4ssC“ÂÓãc3ss3c#CCƒ““"Ããc3ss3c#CCƒ““"ÄfÇ6RÂÓã3cCsS#3c33C“#C"Ãã3cCsS#3c33C“#C"Ãã#“ƒ#CSSCƒƒcbÃãbÃãƒrÄfÇ6RÃãÃãrÄfÇ6RÂÓã3cƒ#3ƒ“cc#SƒbÃã3cƒ#3ƒ“cc#SƒbÃã#ƒƒS3cC#CsC“c"Ãã‚Ãã“"ÄfÇ6RÂÓã“3sS#S“Cƒ#Sƒccƒ‚Ãã“3sS#S“Cƒ#Sƒccƒ‚ÃãsSC3#“ƒscSC3#ÃãÃãcRÄfÇ6RÃãRÃãc’ÄfÇ6RÂÓã3ƒ“CSsc#ƒScCSrÃã3ƒ“CSsc#ƒScCSrÃã#sCcsscCc3SccbÃãÃã“bÄfÇ6RÂÓãCS3s““ƒƒƒ“S‚ÃãCS3s““ƒƒƒ“S‚Ããcs#S3c3ScS“ƒÃãƒ"ÃãÅG'VRÃã‚ÃãÅG'VRÂÓã#33scS“ƒ3““BÃã#33scS“ƒ3““BÃã““cs#S3c3SrÃã“rÃãÅG'VRÂÓãc3ss3c#CCƒ““#SsBÃãc3ss3c#CCƒ““#SsBÃãƒcsc#cƒƒcCSCCbÃãÃãSƒÄfÇ6RÃãÃãSbÄfÇ6RÂÓãSc#“3s““##ccƒ’ÃãSc#“3s““##ccƒ’ÃãƒƒSCƒ“s3“3c’ÃãÃãcÄfÇ6RÃÃÆF“ööæÇ•÷&WFW&Ö–æÅöF—66÷fW'’ÅG'VRÅG'VRÅG'VRÅG'VRÅG'VRÅG'VRÄfÇ6P¥DÃÅUE’ÅUE’ÄTå4sƒ3ƒs‚Ããc33CCƒC3s3ƒCRÃãc33CCƒC3s3ƒCRÄfÇ6RÃãccƒ3C3CCcƒ#ƒC“"Ããccƒ3C3CCcƒ#ƒC“"ÃãSCƒs3S#SƒcƒƒbÃã#BÃã“’ÄfÇ6RÃã2Ãã“RÄfÇ6RÃãcSS“C“S3c#C3bÃãcSS“C“S3c#C3bÃãc##ƒSc3Sƒƒ“c“c‚Ãã#"Ãã“’ÄfÇ6RÃãCcC“SCS“3ƒscbÃãCcC“SCS“3ƒscbÃãc“CSƒ“c3#3rÃã’Ãã“’ÄfÇ6RÃãRÃã“bÄfÇ6RÃãSƒ3Sƒ333CƒƒsrÃãSƒ3Sƒ333CƒƒsrÃãSsƒƒsSsCcsscBÃã"Ãã“’ÄfÇ6RÃã#ƒC#sSƒS3Csƒ"Ãã#ƒC#sSƒS3Csƒ"Ãã3SScƒSƒsSc#BÃãƒÃãÅG'VRÃãƒbÃãÅG'VRÃãSS3#cs##c#SSsRÃãSS3#cs##c#SSsRÃã3cƒs#C#s“ƒ3S3’ÃãƒÃãÅG'VRÃãc33CCƒC3s3ƒCS#bÃãc33CCƒC3s3ƒCS#bÃãƒc##ss““cs#RÃãÃãcRÄfÇ6RÃã2ÃãS2ÄfÇ6RÃãsC3ƒCcc“ƒc#sc“2ÃãsC3ƒCcc“ƒc#sc“2Ããƒ3ScS“ƒs“ScÃãÃãS‚ÄfÇ6RÃÃÆF“ööæÇ•÷&WFW&Ö–æÅöF—66÷fW'’ÅG'VRÅG'VRÅG'VRÅG'VRÅG'VRÅG'VRÄfÇ6P¤td“"ÄU#C"ÄU#C"ÄTå4scc“CrÂÓãc333cSC"Ããc333cSC"ÄfÇ6RÃã3cSc3#sss“sC“BÃã3cSc3#sss“sC“BÃã3“sƒS“sƒƒs##s3#ƒBÃã“2ÃãÅG'VRÃãƒ"ÃãÅG'VRÃãSƒSC#Cƒ33“s“#"ÃãSƒSC#Cƒ33“s“#"Ãã#Cc“CsCSSc“#ƒ#RÃãÃãÅG'VRÃã3CsCcƒS“ƒ32Ãã3CsCcƒS“ƒ32Ããsƒ3#cCsCc##ss“2ÃãÃãÅG'VRÃãƒrÃãÅG'VRÃãSƒ##SsCCS3‚ÃãSƒ##SsCCS3‚ÃãcCc“S3C“s“C#3‚ÃãÃãÅG'VRÂÓã#SS“sƒƒ“c3SScsbÃã#SS“sƒƒ“c3SScsbÃãSCCsƒs“#ƒcc“CÃã"Ããs2ÄfÇ6RÃãÃãƒÄfÇ6RÂÓã#SƒCsƒCƒss333rÃã#SƒCsƒCƒss333rÃãSƒ3“Scs#ƒ3“SbÃãÃã‚ÄfÇ6RÂÓãc333cSC#‚Ããc333cSC#‚Ãã“3“sƒS##c#2ÃãÃãbÄfÇ6RÃãÃãc2ÄfÇ6RÂÓãC3C3c#3sc“cC‚ÃãC3C3c#3sc“cC‚ÃãƒCcc3“#3ƒ#CCrÃãÃãcs“““““““““““““’ÄfÇ6RÃÃÆV&Ç•ööæÇ•öF—66÷fW'’ÅG'VRÅG'VRÅG'VRÅG'VRÅG'VRÅG'VRÄfÇ6P¤$4ÃÅU53ÅU53ÄTå4s3CBÃãc#ƒ3s3cs33“BÃãc#ƒ3s3cs33“BÄfÇ6RÃãSCsSSSsC3“ƒCƒ‚ÃãSCsSSSsC3“ƒCƒ‚Ãã33333s“cC3C3SBÃã“ÃãÅG'VRÃãs‚ÃãÅG'VRÃãcs“ƒ#c3s#s“‚Ããcs“ƒ#c3s#s“‚Ãã#Ssƒ“SCSƒ“cƒsBÃãƒ’ÃãÅG'VRÃãƒƒ“S3SC3cSscbÃãƒƒ“S3SC3cSscbÃã“#CSSCƒ3ƒ3CC2ÃãÃãÄfÇ6RÃãRÃãÄfÇ6RÃãƒ333SC3ƒ3“ƒRÃãƒ333SC3ƒ3“ƒRÃãS33SScƒSƒrÃãÃãÄfÇ6RÃãcs“CssC“C“ƒsbÃãcs“CssC“C“ƒsbÃã#S##c33sCCƒSS“crÃãÃã“‚ÄfÇ6RÃãÃãÄfÇ6RÃãcSs3ƒ#cSCsÃãcSs3ƒ#cSCsÃãC33SScƒSƒsÃãÃã“’ÄfÇ6RÃãc#ƒ3s3cs33“C“"Ããc#ƒ3s3cs33“C“"Ãã“#cCc“S3C“‚ÃãÃãSbÄfÇ6RÃãÃãSÄfÇ6RÃãsSƒsƒ“C“S3#ƒ2ÃãsSƒsƒ“C“S3#ƒ2ÃãC“#ƒcc“CSƒ“RÃãÃãÄfÇ6RÃÃÆV&Ç•ööæÇ•öF—66÷fW'’ÅG'VRÅG'VRÅG'VRÅG'VRÅG'VRÅG'VRÄfÇ6P¤$4ÃÄDTääCDÄDTääCDÄTå4ssCCƒRÃãc#3c##ƒ#c#bÃãc#3c##ƒ#c#bÄfÇ6RÃãsSC“ƒc“ƒ3ƒc3crÃãsSC“ƒc“ƒ3ƒc3crÃã3“s“c“SC3Cs#Ãã2ÃãÄfÇ6RÃã"Ãã“RÄfÇ6RÃã“cSC““C3ƒc“c2Ãã“cSC““C3ƒc“c2ÃãCSCƒ“3#cc#“ÃãBÃãÄfÇ6RÃãSS#CƒsƒCS33RÃãSS#CƒsƒCS33RÃãCcS#Ssc3cƒs#BÃãCÃãÄfÇ6RÃã#‚ÃãÄfÇ6RÃãSs“ƒ33ƒCc“SccSRÃãSs“ƒ33ƒCc“SccSRÃã3CS##c33sCCƒrÃãsbÃãÅG'VRÃã“3#cS3s“#ƒSscbÃã“3#cS3s“#ƒSscbÃã3ssC##Cƒ#‚Ãã“RÃãÅG'VRÃã“rÃãÅG'VRÃã##3#3Cƒƒ3#ƒCƒRÃã##3#3Cƒƒ3#ƒCƒRÃã#sC3CƒC##C“cSsc2ÃãƒrÃãÅG'VRÃãc#3c##ƒ#c#cCƒRÃãc#3c##ƒ#c#cCƒRÃã“#ƒSCƒ“s3“BÃãÃãc"ÄfÇ6RÃãÃãcÄfÇ6RÂÓãss““c“3s3sS“Ããss““c“3s3sS“ÃãCCsCsCsCsCsrÃãÃãÄfÇ6RÃÃÆF“ööæÇ•÷&WFW&Ö–æÅöF—66÷fW'’ÅG'VRÅG'VRÅG'VRÅG'VRÅG'VRÅG'VRÄfÇ6P¤ädS"Ä44D33‚Ä44D33‚ÄTå4sc3bÂÓãc#CsC“#3’Ããc#CsC“#3’ÄfÇ6RÂÓãƒcƒSsCs#cs#cSBÃãƒcƒSsCs#cs#cSBÃãs#ƒc3#ƒSCƒC“ssRÃãC2ÃãÄfÇ6RÃãC"ÃãÄfÇ6RÂÓãƒ3CsC“c“#S“cS"Ããƒ3CsC“c“#S“cS"Ãã#scCsc“s“"ÃãCÃãÄfÇ6RÂÓãSC“#ƒ33sSS“cCbÃãSC“#ƒ33sSS“cCbÃãs3s““s#ScSSssRÃãrÃã“rÄfÇ6RÃã’Ãã“rÄfÇ6RÂÓãs““ƒsCSCs3S3rÃãs““ƒsCSCs3S3rÃã3ssC##Cƒ#ƒS3"Ãã3bÃãÄfÇ6RÂÓã#sCC3#3S“csscCƒ‚Ãã#sCC3#3S“csscCƒ‚Ãã#ƒ“C3sSƒSs33ƒƒ#ÃãsBÃãÅG'VRÃãc"ÃãÄfÇ6RÂÓãƒCsS3scc#“c‚ÃãƒCsS3scc#“c‚ÃãS“##ƒSCƒ“rÃãƒrÃãÅG'VRÂÓãc#CsC“#3“3rÃãc#CsC“#3“3rÃãƒscCCsƒs“#ƒcrÃãÃãSRÄfÇ6RÃãÃãbÄfÇ6RÂÓãC#cƒ“SSs“ƒRÃãC#cƒ“SSs“ƒRÃã“sC##Cƒ#ƒS3#"ÃãÃãbÄfÇ6RÃÃÆF“ööæÇ•÷&WFW&Ö–æÅöF—66÷fW'’ÅG'VRÅG'VRÄfÇ6RÄfÇ6RÅG'VRÅG'VRÄfÇ6P¤$4ÃÅ4U$”ä3RÅ4U$”ä3RÄTå4scC3ÃãcSSC“C##“ƒ‚ÃãcSSC“C##“ƒ‚ÄfÇ6RÃãSCs“sCƒ#CƒC3s"ÃãSCs“sCƒ#CƒC3s"Ãã#ƒ“cCCƒsSƒC3rÃãƒbÃãÅG'VRÃã“2ÃãÅG'VRÃã“ssC“#csƒsƒsBÃã“ssC“#csƒsƒsBÃãSc3ƒc33SSsCS#‚ÃãÃãÅG'VRÃã“S“s3#3#3BÃã“S“s3#3#3BÃãcCc“S3C“s“C#3‚Ãã#2ÃãÄfÇ6RÃã#"ÃãÄfÇ6RÃã“Ss“C#SSc3SƒbÃã“Ss“C#SSc3SƒbÃãsSSƒ#““3“sƒS"Ãã"ÃãÄfÇ6RÃãcsS“ss#ssScs2ÃãcsS“ss#ssScs2Ãã#S3ss##“ƒ“3#sƒBÃãÃã“rÄfÇ6RÃãÃã“’ÄfÇ6RÃãSc3cs“#ƒCƒƒƒƒsBÃãSc3cs“#ƒCƒƒƒƒsBÃãCS33cscƒsSSƒ2ÃãÃã“RÄfÇ6RÃãcSSC“C##“ƒƒC"ÃãcSSC“C##“ƒƒC"Ãã“#ƒc““SƒƒCssBÃãÃãcrÄfÇ6RÃãÃãcÄfÇ6RÂÓã3cS““#3sC#3SƒBÃã3cS““#3sC#3SƒBÃãsS3C#“3SS#ƒ#rÃãÃã“ÄfÇ6RÃÃÆV&Ç•ööæÇ•öF—66÷fW'’ÅG'VRÅG'VRÅG'VRÅG'VRÅG'VRÅG'VRÄfÇ6P¤td“"Å4Ä3$bÅ4Ä3$bÄTå4sC“’ÂÓãc3“#ssS3cc’Ããc3“#ssS3cc’ÄfÇ6RÂÓã#ssƒ#3CS“sSs“ƒBÃã#ssƒ#3CS“sSs“ƒBÃãC3Cs#ƒ#ƒ#sC2Ãã"Ããs‚ÄfÇ6RÃã"ÃãƒrÄfÇ6RÂÓã“c3#3#Scƒ3CrÃã“c3#3#Scƒ3CrÃãcSƒCCC#333c2ÃãÃãs"ÄfÇ6RÂÓã#“Cscs3Cƒ#cSrÃã#“Cscs3Cƒ#cSrÃã““cs#S3c3SrÃã’ÃãÅG'VRÃãrÃãÅG'VRÂÓã“cƒ3CSc“S“C#SRÃã“cƒ3CSc“S“C#SRÃãcs#S3c3ScS“ƒÃã“‚ÃãÅG'VRÂÓã#C“3SC3“C"Ãã#C“3SC3“C"ÃãssƒS##c##sC2ÃãÃãcBÄfÇ6RÃãÃãcÄfÇ6RÂÓã3““#ccCsSs#S““BÃã3““#ccCsSs#S““BÃãCƒ3S3““CcS#S‚ÃãÃãƒ’ÄfÇ6RÂÓãc3“#ssS3cs#RÃãc3“#ssS3cs#RÃã“sCsCsCsCsBÃãÃãS“ÄfÇ6RÃãÃãbÄfÇ6RÂÓãƒcƒƒSS###CbÃãƒcƒƒSS###CbÃã““3CSc3sƒc’ÃãÃãc"ÄfÇ6RÃÃÆV&Ç•ööæÇ•öF—66÷fW'’ÅG'VRÅG'VRÅG'VRÅG'VRÅG'VRÅG'VRÄfÇ6P¤$4ÃÄ„$BÄ„$BÄTå4s##3c’ÃãccC“Cs##BÃãccC“Cs##BÄfÇ6RÂÓãC#sCs“C3S3“3ƒ‚ÃãC#sCs“C3S3“3ƒ‚Ãã“ƒ“#“ƒ“C3c3ccCBÃãsÃãÅG'VRÃã‚ÃãÅG'VRÂÓã#ƒC3ƒS“cC“ƒsCsrÃã#ƒC3ƒS“cC“ƒsCsrÃãCƒs3S#Sƒcƒƒc#rÃãBÃãÄfÇ6RÂÓãƒ3“3S#““cƒsSrÃãƒ3“3S#““cƒsSrÃãSsc3cƒs#C#s“’ÃãrÃãÄfÇ6RÃã’ÃãÄfÇ6RÂÓãCCƒS#C“ss#sc‚ÃãCCƒS#C“ss#sc‚Ããsc3ScS“ƒs“ScÃãÃãs2ÄfÇ6RÂÓã#Sƒ33sC#“#CC3“sRÃã#Sƒ33sC#“#CC3“sRÃãc3CScs“#3CScs’ÃãÃãƒÄfÇ6RÃãÃãs‚ÄfÇ6RÃãƒs3“sS#“Cs32Ããƒs3“sS#“Cs32Ãã#sSCCSƒcƒcSSc“RÃãÃãÄfÇ6RÃãccC“Cs##3S2ÃãccC“Cs##3S2Ãã“##c33sCCƒSS“crÃãÃãSÄfÇ6RÃãÃãc‚ÄfÇ6RÃã#3#Cc“S“#ƒƒ“Ãã#3#Cc“S“#ƒƒ“Ãã“#csCƒ“s“3CSbÃãÃãc"ÄfÇ6RÃÃÆV&Ç•ööæÇ•öF—66÷fW'’ÅG'VRÅG'VRÅG'VRÅG'VRÄfÇ6RÄfÇ6RÄfÇ6P¥DÃÄE•$³2ÄE•$³2ÄTå4sC3Cs’ÂÓãc#CsSSs#sscbÃãc#CsSSs#sscbÄfÇ6RÃãƒƒSScc“ƒsSSƒ"ÃãƒƒSScc“ƒsSSƒ"Ãã3#“#c3#s3C#Ss““‚Ãã“"ÃãÅG'VRÃãrÃãÅG'VRÃã#ScCƒSƒ##c3“2Ãã#ScCƒSƒ##c3“2Ãã#ccccsSƒ#ƒcƒsbÃã’ÃãÅG'VRÃã#SC3sƒCSC“sSsƒRÃã#SC3sƒCSC“sSsƒRÃã3ƒ3csc#cƒƒcCSBÃã"Ããƒ‚ÄfÇ6RÃãbÃãƒ2ÄfÇ6RÃã3C“c#cSsSc“ƒ‚Ãã3C“c#cSsSc“ƒ‚Ãã#33ƒƒ#3sƒ3#cC‚ÃãÃã“rÄfÇ6RÂÓãcsccCcS“c3’ÃãcsccCcS“c3’ÃãsscSC3#“ƒscSC3"ÃãÃãcBÄfÇ6RÃãÃãsBÄfÇ6RÂÓãCƒs“##SC“c#c3CCÃãCƒs“##SC“c#c3CCÃãscCc3SccS#“C“"ÃãÃãc’ÄfÇ6RÂÓãc#CsSSs#sscc‚Ããc#CsSSs#sscc‚Ããƒc“cƒCC““3C#’ÃãÃãSbÄfÇ6RÃãÃãSÄfÇ6RÂÓãs3ƒ##SC3C#s#2Ããs3ƒ##SC3C#s#2Ããƒ3cc#SSCC3#“#Ãã"ÃãSƒÄfÇ6RÃÃÆV&Ç•ööæÇ•öF—66÷fW'’ÅG'VRÅG'VRÅG'VRÅG'VRÅG'VRÅG'VRÄfÇ6P¤tDÅ5%’Å5%’ÄTå4sC3sC"ÃãS““cc“#s3CC#bÃãS““cc“#s3CC#bÄfÇ6RÂÓã3ƒƒƒC3cC“Ss"Ãã3ƒƒƒC3cC“Ss"Ãã“s“SƒScssCscbÃã"ÃãS2ÄfÇ6RÃãÃãSƒÄfÇ6RÃãCCs#cƒc3ƒs“#C#ƒ"ÃãCCs#cƒc3ƒs“#C#ƒ"Ããƒƒc“S#“C#s“Sc2ÃãÃãS‚ÄfÇ6RÃãƒcS3ccscC3ss2ÃãƒcS3ccscC3ss2ÃãSƒ“c3#3s33ƒbÃãsbÃãÅG'VRÃãSrÃãÄfÇ6RÃãssƒC33s“#3s“C’ÃãssƒC33s“#3s“C’ÃãC“3ƒ#scC“3ƒ#sRÃãcrÃã“’ÄfÇ6RÂÓã#“S#“CC#“Cc’Ãã#“S#“CC#“Cc’ÃãS3s3s3s3s3rÃã2ÃãsBÄfÇ6RÃã2ÃãƒÄfÇ6RÂÓã#cCƒCC“C#C“ƒBÃã#cCƒCC“C#C“ƒBÃãCƒcƒcSSc“#s#“srÃãÃãsrÄfÇ6RÃãS““cc“#s3CC#c3CBÃãS““cc“#s3CC#c3CBÃãƒssƒƒ“3CS"ÃãÃãbÄfÇ6RÃãÃãS‚ÄfÇ6RÃã#“ƒƒc3CSCs"Ãã#“ƒƒc3CSCs"Ããc#3ƒcƒ3#sSs#rÃãÃã‚ÄfÇ6RÃÃÆV&Ç•ööæÇ•öF—66÷fW'’ÅG'VRÅG'VRÄfÇ6RÄfÇ6RÄfÇ6RÄfÇ6RÄfÇ6P¤$4ÃÄE$#BÄE$#BÄTå4sSƒcc‚ÃãS“3sS#ccc“ƒrÃãS“3sS#ccc“ƒrÄfÇ6RÃãc3cc“c33CCCCBÃãc3cc“c33CCCCBÃã“ƒssƒ“ƒ##ss2Ãã“rÃãÅG'VRÃã“"ÃãÅG'VRÃã“ƒƒ##ƒƒƒcCs#c33‚Ãã“ƒƒ##ƒƒƒcCs#c33‚ÃãS“#333cS3CRÃã“’ÃãÅG'VRÃã“3ƒ##3#Cs3SbÃã“3ƒ##3#Cs3SbÃãƒCƒCƒCƒCƒC’Ãã"ÃãÄfÇ6RÃã#bÃãÄfÇ6RÃã“S#SC#cCSsƒSƒ"Ãã“S#SC#cCSsƒSƒ"Ããcs3S#S3ss##“ƒÃãÃãÄfÇ6RÃãsCSS#scCCcs#BÃãsCSS#scCCcs#BÃãƒƒ“SsCsS““CS3BÃãÃãS’ÄfÇ6RÃãÃãSRÄfÇ6RÂÓã3S3#cs#S3sC3’Ãã3S3#cs#S3sC3’Ããc#““3“sƒS##c"ÃãÃã’ÄfÇ6RÃãS“3sS#ccc“ƒssbÃãS“3sS#ccc“ƒssbÃã“#cc33ssC"ÃãÃãc2ÄfÇ6RÃãÃãc2ÄfÇ6RÃã3sƒƒ3#Cc#3s3c2Ãã3sƒƒ3#Cc#3s3c2Ãã“sCCƒSS“cssƒ’ÃãÃãS‚ÄfÇ6RÃÃÆV&Ç•ööæÇ•öF—66÷fW'’ÅG'VRÅG'VRÅG'VRÅG'VRÅG'VRÅG'VRÄfÇ6P¤tDÄ„$Ä„$ÄTå4s#cs"ÃãSc“CcsƒS“ƒCS’ÃãSc“CcsƒS“ƒCS’ÄfÇ6RÃãs#ƒCS3sCSCsCRÃãs#ƒCS3sCSCsCRÃãs“3Ss“3ccc‚Ãã#rÃãÄfÇ6RÃã3‚ÃãÄfÇ6RÃã“““C3cSCsS3‚Ãã“““C3cSCsS3‚Ãã#33##ƒS#“ƒss’ÃãsrÃãÅG'VRÃãC“ƒc3s3ƒƒ3C#sSBÃãC“ƒc3s3ƒƒ3C#sSBÃã3cƒs#C#s“ƒ3S3“Ãã#2Ãã“’ÄfÇ6RÃãrÃã“rÄfÇ6RÃã“ss3#3C#ƒ“#"Ãã“ss3#3C#ƒ“#"ÃãcƒSƒsSc#CC#cbÃã“2ÃãÅG'VRÃãCS“sƒ3c“sSsC“‚ÃãCS“sƒ3c“sSsC“‚ÃãcCc“S3C“s“C#3‚ÃãsRÃãÅG'VRÃãsBÃãÅG'VRÃãSSC3cCs3#“BÃãSSC3cCs3#“BÃã#sC3CƒC##C“cSscbÃã“’ÃãÅG'VRÃãSc“CcsƒS“ƒCS“3RÃãSc“CcsƒS“ƒCS“3RÃãƒsS3ƒcC“sS3ƒrÃãÃãS2ÄfÇ6RÃãÃãSRÄfÇ6RÂÓã#Cƒ“Sƒs#cSSƒ’Ãã#Cƒ“Sƒs#cSSƒ’Ããsss“C“S“ƒ“#bÃãÃãc’ÄfÇ6RÃÃÆF“ööæÇ•÷&WFW&Ö–æÅöF—66÷fW'’ÅG'VRÅG'VRÅG'VRÅG'VRÅG'VRÅG'VRÄfÇ6P¤´ÄcÄõ4%Ã2Äõ4%Ã2ÄTå4ssƒƒ"ÃãScSc“S#c"ÃãScSc“S#c"ÄfÇ6RÂÓãS3#ƒ“css#ƒ‚ÃãS3#ƒ“css#ƒ‚Ããƒ“sSCc“ƒƒc#“s‚Ããs2ÃãÅG'VRÃãCbÃãÄfÇ6RÂÓãSƒ#S“ƒƒ3Ss““C3RÃãSƒ#S“ƒƒ3Ss““C3RÃãsSc3ƒc33SSs2Ãã“2ÃãÅG'VRÂÓãcƒS3CC“s3S#“bÃãcƒS3CC“s3S#“bÃãSScƒSƒsSc#CÃã#‚ÃãÄfÇ6RÃã#RÃã“rÄfÇ6RÂÓã#ƒ“CCcƒ“C#Ãã#ƒ“CCcƒ“C#Ãã#ƒ#s33Sƒ“ƒC“2ÃãcrÃãÄfÇ6RÂÓã3s#3sS“C“3C“CBÃã3s#3sS“C“3C“CBÃã3CSCCcc3“#3ƒ#RÃãÃã’ÄfÇ6RÃãÃã“#“““““““““““““’ÄfÇ6RÂÓã3“cƒ“#3ƒSƒsCc"Ãã3“cƒ“#3ƒSƒsCc"ÃãCCƒSS“cssƒƒ“2Ãã3bÃãÄfÇ6RÃãScSc“S#c##CRÃãScSc“S#c##CRÃãƒSSSSSSSSSSSSSSRÃãÃãS’ÄfÇ6RÃãÃãRÄfÇ6RÃã3#Sc“sc“3““C#CBÃã3#Sc“sc“3““C#CBÃã3c##ss““cs#RÃãÃã“RÄfÇ6RÃÃÆV&Ç•ööæÇ•öF—66÷fW'’ÅG'VRÅG'VRÄfÇ6RÄfÇ6RÅG'VRÅG'VRÄfÇ6P¥DÃÅ4ä„sRÅ4ä„sRÄTå4s#3ƒsRÃãSc#S“sƒƒ#CSSÃãSc#S“sƒƒ#CSSÄfÇ6RÂÓãc3C#ƒ3#ƒ3sbÃãc3C#ƒ3#ƒ3sbÃãcS##cC““sC#ÃãrÃã“’ÄfÇ6RÃãBÃã“’ÄfÇ6RÂÓãc33sCc##cƒs#’Ããc33sCc##cƒs#’ÃãSss#3s#s#3bÃã’Ãã“rÄfÇ6RÂÓãsS“ƒ#Ss3ƒ33#CC3"ÃãsS“ƒ#Ss3ƒ33#CC3"Ãã3“sƒS##c##sBÃãs‚ÃãÅG'VRÃãS"Ãã“‚ÄfÇ6RÂÓãƒ““3s3S#Scƒc#C2Ããƒ““3s3S#Scƒc#C2ÃãcS“ƒs“ScC#S2Ãã‚ÃãÅG'VRÂÓãSc“CS3cSCƒCbÃãSc“CS3cSCƒCbÃã#S#ƒƒcSƒC3c#"ÃãrÃã“bÄfÇ6RÃãrÃã“bÄfÇ6RÂÓã#ƒs#“cC3ƒ#3‚Ãã#ƒs#“cC3ƒ#3‚Ãã3“Scs#ƒ3“ScrÃãCBÃãÄfÇ6RÃãSc#S“sƒƒ#CSS3‚ÃãSc#S“sƒƒ#CSS3‚Ããƒss“C“S“ƒ“#bÃã2ÃãcÄfÇ6RÃãÃãcBÄfÇ6RÃãc3ƒ3ƒs##scCCc3rÃãc3ƒ3ƒs##scCCc3rÃãƒcC#S#CSCƒrÃã"ÃãbÄfÇ6RÃÃÆV&Ç•ööæÇ•öF—66÷fW'’ÅG'VRÅG'VRÄfÇ6RÄfÇ6RÅG'VRÅG'VRÄfÇ6P¤´ÄcÅdD3ÅdD3ÄTå4s#3SƒRÃãSCsS#S“33cƒsÃãSCsS#S“33cƒsÄfÇ6RÂÓãs##3ƒSƒC“CcbÃãs##3ƒSƒC“CcbÃãc#Cc3“ƒcƒ#“Cc“bÃã"ÃãsÄfÇ6RÃãBÃãs2ÄfÇ6RÂÓã#ƒ“3c3“ƒ““csƒ2Ãã#ƒ“3c3“ƒ““csƒ2ÃãCƒcscƒs#SCscsCbÃãÃãƒRÄfÇ6RÂÓã“s#3C3ƒSs““sSbÃã“s#3C3ƒSs““sSbÃãSc#CC#ccs“rÃãs"ÃãÅG'VRÃãC‚Ãã“’ÄfÇ6RÂÓã#3C“##3S#crÃã#3C“##3S#crÃã“sS3ƒcC“sS3ƒbÃã‚ÃãÅG'VRÂÓãC3ƒc“ƒc#CSƒCRÃãC3ƒc“ƒc#CSƒCRÃã“C“3ƒ#scC“3ƒ"ÃãÃãSƒÄfÇ6RÃãÃãSÄfÇ6RÂÓãsCc#Cs““3ÃãsCc#Cs““3Ããƒ“3#sƒCc3cCƒƒ2Ãã2ÃãÄfÇ6RÃãSCsS#S“33cƒss"ÃãSCsS#S“33cƒss"Ããƒc#“Csƒs3s““s2ÃãÃãS2ÄfÇ6RÃãÃãSBÄfÇ6RÃã#ƒCƒC#“cSs3C"Ãã#ƒCƒC#“cSs3C"ÃãSSCS“S33cscƒsRÃãÃãƒÄfÇ6RÃÃÆV&Ç•ööæÇ•öF—66÷fW'’ÅG'VRÅG'VRÄfÇ6RÄfÇ6RÅG'VRÅG'VRÄfÇ6P¥DÃÄÄ”ä3#cRÄÄ”ä3#cRÄTå4s#SC3"ÂÓãS###C“###3S#2ÃãS###C“###3S#2ÄfÇ6RÃãS“s3ƒƒcc“SCcC“sRÃãS“s3ƒƒcc“SCcC“sRÃãscC#3“s“c“SCBÃã"Ãã“rÄfÇ6RÃãÃã“‚ÄfÇ6RÃãSƒ33S““Ssscs3BÃãSƒ33S““Ssscs3BÃãsscS#SS3c##““2ÃãbÃã“‚ÄfÇ6RÃãƒ#CScSCsS#s‚Ããƒ#CScSCsS#s‚Ãã#cc33ssC#ÃãƒRÃãÅG'VRÃãRÃãÄfÇ6RÃãsƒC#CSc#CsC“ccÃãsƒC#CSc#CsC“ccÃã#ƒSCƒ“s3“3c‚ÃãS2ÃãÄfÇ6RÃã##sCCƒƒ#CƒS“2Ãã##sCCƒƒ#CƒS“2ÃãS3cCƒƒ3C“#C3’ÃãÃãsÄfÇ6RÃãÃãƒÄfÇ6RÃã#cC#3ss3SƒccbÃã#cC#3ss3SƒccbÃãcƒ“3#sƒCc3cCƒ‚ÃãÃãƒRÄfÇ6RÂÓãS###C“###3S#3’ÃãS###C“###3S#3’Ããƒƒc“cƒCC““3C#’ÃãÃãSRÄfÇ6RÃãÃãRÄfÇ6RÂÓãCcScƒsccCc#cSc’ÃãCcScƒsccCc#cSc’Ãã“3ssC##Cƒ2ÃãÃãSƒÄfÇ6RÃÃÆV&Ç•ööæÇ•öF—66÷fW'’ÅG'VRÅG'VRÄfÇ6RÄfÇ6RÄfÇ6RÄfÇ6RÄfÇ6P¤ädS"Äs4%Äs4%ÄTå4sCS“rÂÓãC“SCCcC““CC2ÃãC“SCCcC““CC2ÄfÇ6RÃãc3S#“Cc“#ss3#rÃãc3S#“Cc“#ss3#rÃã“sc#cScSss#3ÃãÃãSbÄfÇ6RÃã2ÃãcbÄfÇ6RÃã“3“3sCƒƒSc“c2Ãã“3“3sCƒƒSc“c2Ãã“sƒCcc“C“cs3C‚ÃãÃãSbÄfÇ6RÂÓã3#sC3s3S“sCƒ#bÃã3#sC3s3S“sCƒ#bÃã#ƒƒcSƒC3c#3““"Ãã“BÃãÅG'VRÃãc2ÃãÄfÇ6RÂÓã#c#3cS“cƒƒs2Ãã#c#3cS“cƒƒs2ÃãSsSCCSƒcƒcSSrÃã“RÃãÅG'VRÂÓãƒƒ#S3ccC“sCƒƒrÃãƒƒ#S3ccC“sCƒƒrÃãcsc#cƒƒcCSCCcbÃã"ÃãÄfÇ6RÃã2ÃãÄfÇ6RÂÓãC““C#S#CƒƒsCS3rÃãC““C#S#CƒƒsCS3rÃãCc3SccS#“C“#CbÃã3‚ÃãÄfÇ6RÂÓãC“SCCcC““CC#“2ÃãC“SCCcC““CC#“2Ããƒ“s“C#3ƒcƒ3#sSrÃãÃãSBÄfÇ6RÃãÃãSƒÄfÇ6RÃã3#C3#“ƒ#sc3S“SbÃã3#C3#“ƒ#sc3S“SbÃã“s33ƒƒ#3sƒ3#rÃãÃãRÄfÇ6RÃÃÆV&Ç•ööæÇ•öF—66÷fW'’ÅG'VRÅG'VRÄfÇ6RÄfÇ6RÅG'VRÅG'VRÄfÇ6P¤td“"Å5”äS2Å5”äS2ÄTå4sscC3‚ÂÓãCƒƒCc3“CCSC3"ÃãCƒƒCc3“CCSC3"ÄfÇ6RÃãS33ƒCs#ƒƒ3RÃãS33ƒCs#ƒƒ3RÃãc““cƒCCSc#“c33cbÃã‚ÃãÅG'VRÃãcrÃãÄfÇ6RÃã#C“sƒs#ƒsS##rÃã#C“sƒs#ƒsS##rÃã“SCsC“#s#2ÃãƒÃãÅG'VRÃãƒsƒccCCcc’ÃãƒsƒccCCcc’Ãã“cS“##ƒSC‚ÃãbÃãÄfÇ6RÃãC"ÃãÄfÇ6RÃã““ƒCccCƒSc##CBÃã““ƒCccCƒSc##CBÃãcC“3ƒ#scC“3ƒBÃãs‚ÃãÅG'VRÃã#3C“sƒS““ƒ#Sƒ‚Ãã#3C“sƒS““ƒ#Sƒ‚Ããƒ3csc#cƒƒcCSCRÃãs2ÃãÅG'VRÃãcbÃãÄfÇ6RÃãC3ƒ#“s“cSbÃãC3ƒ#“s“cSbÃãcSƒC3c#3““sc“RÃãƒ’ÃãÅG'VRÂÓãCƒƒCc3“CCSC3#3sRÃãCƒƒCc3“CCSC3#3sRÃã“#sSs#cCc“SBÃãÃãSbÄfÇ6RÃãÃãbÄfÇ6RÃã“S3c3s“ƒ3“cs2Ãã“S3c3s“ƒ3“cs2Ãã“#sC3CƒC##C“cS‚ÃãÃãSrÄfÇ6RÃÃÇ&WFW&Ö–æÅööæÇ•öF—66÷fW'’ÅG'VRÅG'VRÄfÇ6RÄfÇ6RÅG'VRÅG'VRÄfÇ6P¤ädS"ÄåTECBÄåTECBÄTå4ss3S“‚ÃãCs3ƒSScƒscCƒ‚ÃãCs3ƒSScƒscCƒ‚ÄfÇ6RÃãS“CƒCSƒ#ƒ#c“S#c’ÃãS“CƒCSƒ#ƒ#c“S#c’Ãã“cƒCS“3###ccC#‚Ãã#ÃãÄfÇ6RÃãBÃã“bÄfÇ6RÃãc““cc“CcCc“bÃãc““cc“CcCc“bÃãsc“cS#“c3#S“rÃã’Ãã“’ÄfÇ6RÃãSƒCSƒC3cc33“2ÃãSƒCSƒC3cc33“2ÃãƒscSC3#“ƒscSC32ÃãÃã“’ÄfÇ6RÃã2Ãã“"ÄfÇ6RÃãƒs33s#Ccƒ3s’Ããƒs33s#Ccƒ3s’Ãã#S3ss##“ƒ“3#sƒbÃãSbÃãÄfÇ6RÃã3cCs#C#ƒSS3CrÃã3cCs#C#ƒSS3CrÃã“s3“3cƒ““ƒc#ƒ#RÃãs2ÃãÅG'VRÃãs‚ÃãÅG'VRÃã#“3CcScCƒS#s‚Ãã#“3CcScCƒS#s‚ÃãS##c##sC3CƒC"ÃãÃãÅG'VRÃãCs3ƒSScƒscCƒƒCÃãCs3ƒSScƒscCƒƒCÃã“#cc33ssBÃãÃãSÄfÇ6RÃãÃãSbÄfÇ6RÃãƒ33#“Sƒ“c“#ƒƒ‚Ããƒ33#“Sƒ“c“#ƒƒ‚Ãã“c33ssC#2ÃãÃãSÄfÇ6RÃÃÆF“ööæÇ•÷&WFW&Ö–æÅöF—66÷fW'’ÅG'VRÅG'VRÅG'VRÅG'VRÅG'VRÅG'VRÄfÇ6P¤tDÄÄ%"ÄÄ%"ÄTå4sC3ƒRÃãCsCƒ“sc“c3rÃãCsCƒ“sc“c3rÄfÇ6RÃã#3“ƒ3s3ƒ“S#“Scc2Ãã#3“ƒ3s3ƒ“S#“Scc2Ãã“3ƒS3sS###“3ƒcsBÃãÃãSRÄfÇ6RÃãrÃãbÄfÇ6RÃãƒcS#ƒsƒScC#c"ÃãƒcS#ƒsƒScC#c"Ããsƒ3“#“scƒC3ss‚Ãã2ÃãbÄfÇ6RÂÓãƒƒcSc#C3S#ÃãƒƒcSc#C3S#Ãã#sC3CƒC##C“cSscbÃãƒrÃãÅG'VRÃãSbÃãÄfÇ6RÂÓãc“cCC3ƒCSscƒ3‚Ããc“cCC3ƒCSscƒ3‚ÃãSc#CC#ccs“rÃãSrÃãÄfÇ6RÂÓãC3““#“s#“3CRÃãC3““#“s#“3CRÃãc3sƒcƒ#3CS#crÃãrÃãƒRÄfÇ6RÃãBÃãƒ‚ÄfÇ6RÃãƒS#3C##cC“ƒ#3“2ÃãƒS#3C##cC“ƒ#3“2Ããƒ#S#ƒƒcSƒC3c"ÃãÃãcÄfÇ6RÃãCsCƒ“sc“c3sRÃãCsCƒ“sc“c3sRÃãƒ“ƒ3S3““CcS#bÃãÃãcÄfÇ6RÃãÃãS‚ÄfÇ6RÃãCS33ƒ#sS“3cRÃãCS33ƒ#sS“3cRÃã3#ƒ“C3sSƒSs33ƒƒ"ÃãÃã“BÄfÇ6RÃÃÆV&Ç•ööæÇ•öF—66÷fW'’ÅG'VRÅG'VRÄfÇ6RÄfÇ6RÄfÇ6RÄfÇ6RÄfÇ6P¥DÃÄU¤ƒÄU¤ƒÄTå4sƒs“’ÃãCcs“ƒS#sƒ#3“CrÃãCcs“ƒS#sƒ#3“CrÄfÇ6RÃãcs3#s#ƒc3“3rÃãcs3#s#ƒc3“3rÃãSc#C“C#SC3SSƒs‚ÃãƒÃãÅG'VRÃãsBÃãÅG'VRÃã3scs3scSCcsS2Ãã3scs3scSCcsS2ÃãSc#C“C#SC3SSƒs‚ÃãsBÃãÅG'VRÃã#sƒCCcSƒsƒSƒbÃã#sƒCCcSƒsƒSƒbÃã#cCsCc##ss““cRÃãBÃãƒ‚ÄfÇ6RÃãÃãs‚ÄfÇ6RÃãSƒs3ƒƒ#“ƒcƒ“#“bÃãSƒs3ƒƒ#“ƒcƒ“#“bÃã“3cƒ““ƒc#ƒ#Ssƒƒ‚ÃãÃãÄfÇ6RÃãC#sƒ“sƒcSCC33"ÃãC#sƒ“sƒcSCC33"Ããs“c#“Csƒs3‚ÃãÃãc2ÄfÇ6RÃãÃãrÄfÇ6RÃãCƒ3C3cc“SCs“Cc3bÃãCƒ3C3cc“SCs“Cc3bÃã3Sc“#s#“sccƒ3ƒC2ÃãÃã“BÄfÇ6RÃãCcs“ƒS#sƒ#3“CscrÃãCcs“ƒS#sƒ#3“CscrÃãƒ“sS3ƒcC“sS3‚Ãã"ÃãS’ÄfÇ6RÃãÃãSÄfÇ6RÃãCcscs“ƒ3cÃãCcscs“ƒ3cÃã“Sƒ“c3#3s3ÃãÃãSRÄfÇ6RÃÃÆV&Ç•ööæÇ•öF—66÷fW'’ÅG'VRÅG'VRÅG'VRÅG'VRÅG'VRÅG'VRÄfÇ6P¥DÃÄÔ”åÄÔ”åÄTå4sssƒ’ÃãCCcCƒ33#ƒssc"ÃãCCcCƒ33#ƒssc"ÄfÇ6RÃã3S#ƒCCS#S3Cs‚Ãã3S#ƒCCS#S3Cs‚Ãã#Ssƒ“SCSƒ“cƒsBÃã“rÃãÅG'VRÃã“2ÃãÅG'VRÃã#““sc“#333sƒ"Ãã#““sc“#333sƒ"Ãã“#s#C#ƒ3ccCRÃã“BÃãÅG'VRÃãƒƒs3cC“C##“S3C#Ããƒƒs3cC“C##“S3C#ÃãSƒ“c3#3s33ƒbÃãƒbÃãÅG'VRÃãSrÃãÄfÇ6RÃã#Cs3SsSƒ3c“3"Ãã#Cs3SsSƒ3c“3"Ãã#ƒƒcSƒC3c#3““"Ãã“bÃãÅG'VRÃãSc#sssS“ƒ#3#3BÃãSc#sssS“ƒ#3#3BÃã33SScƒSƒsbÃãrÃãÄfÇ6RÃã2Ãã“bÄfÇ6RÃã“c3cƒs“#“#ƒCRÃã“c3cƒs“#“#ƒCRÃã#“Csƒs3s““s#SbÃãÃãÄfÇ6RÃãCCcCƒ33#ƒssc#CÃãCCcCƒ33#ƒssc#CÃã“#cc33ssBÃãÃãSBÄfÇ6RÃãÃãRÄfÇ6RÃãcS““s3s“s33sBÃãcS““s3s“s33sBÃãƒSS“cssƒƒ“3BÃãÃãSBÄfÇ6RÃÃÆV&Ç•ööæÇ•öF—66÷fW'’ÅG'VRÅG'VRÅG'VRÅG'VRÅG'VRÅG'VRÄfÇ6P¤td“"Ä4Ä4ã2Ä4Ä4ã2ÄTå4s“Ss"ÂÓãCC#c##“sS‚ÃãCC#c##“sS‚ÄfÇ6RÃãsCC#s#CC“#““ƒsRÃãsCC#s#CC“#““ƒsRÃãCCs#C“#s“s3cSƒ“3bÃã#‚ÃãÄfÇ6RÃãbÃã“RÄfÇ6RÃã““3c3S““ScƒbÃã““3c3S““ScƒbÃã3ƒ#ƒsƒ3“sƒƒc2Ãã3rÃãÄfÇ6RÃã“SsSscs#S#sCCƒ2Ãã“SsSscs#S#sCCƒ2Ãã#ƒ“C3sSƒSs33ƒƒ#ÃãsRÃãÅG'VRÃãCbÃãÄfÇ6RÃã3SCSs#3CssScbÃã3SCSs#3CssScbÃã3CC3s#s#33“c"ÃãƒBÃãÅG'VRÃãS33ƒ“csCc33“cbÃãS33ƒ“csCc33“cbÃã#ÃãÃã“bÄfÇ6RÃãÃã“bÄfÇ6RÃã333c“s“cCƒƒ#ƒ’Ãã333c“s“cCƒƒ#ƒ’ÃãCcCc3SccS#“C“#bÃãÃãƒbÄfÇ6RÂÓãCC#c##“sSƒ#“RÃãCC#c##“sSƒ#“RÃã“3CScs“#3CScs’ÃãÃãSBÄfÇ6RÃãÃãbÄfÇ6RÂÓã“#cssCsS#ƒ“‚Ãã“#cssCsS#ƒ“‚Ãã“Sc#CC#ccs“rÃãÃãbÄfÇ6RÃÃÆV&Ç•ööæÇ•öF—66÷fW'’ÅG'VRÅG'VRÄfÇ6RÄfÇ6RÅG'VRÅG'VRÄfÇ6P¤$4ÃÅE“ÅE“ÄTå4scc’ÂÓãCCsCƒ3S#cBÃãCCsCƒ3S#cBÄfÇ6RÂÓãCƒScSsS#3CsƒSrÃãCƒScSsS#3CsƒSrÃã#“S##ƒƒss“#bÃãÃã“rÄfÇ6RÃãÃãƒ‚ÄfÇ6RÂÓãcss“ƒ#3#C#ss"Ããcss“ƒ#3#C#ss"Ãã#Sc“c#SCc3#cCs‚ÃãÃãÄfÇ6RÂÓã##s3csss##“32Ãã##s3csss##“32ÃãScs#ƒ3“Scs#ƒRÃã3’ÃãÄfÇ6RÃãCÃãÄfÇ6RÂÓãSƒ3CcS#s3SC“ƒbÃãSƒ3CcS#s3SC“ƒbÃã#“ƒ“3#sƒCc3cCƒ‚Ããs’ÃãÅG'VRÂÓãSƒ#Sc“CƒCsC32ÃãSƒ#Sc“CƒCsC32Ãã#ss““cs#S3c3bÃãs’ÃãÅG'VRÃãcbÃãÄfÇ6RÂÓã##CsssSc3S33"Ãã##CsssSc3S33"Ãã#scC“3ƒ#scC“BÃãƒ’ÃãÅG'VRÂÓãCCsCƒ3S#cC“RÃãCCsCƒ3S#cC“RÃã“CC3#“#ƒc““bÃãÃãS2ÄfÇ6RÃãÃãbÄfÇ6RÃãSsƒ“Cscc3“ƒcC“bÃãSsƒ“Cscc3“ƒcC“bÃãSƒCC““3C#ƒ“C3rÃãÃã“‚ÄfÇ6RÃÃÆF“ööæÇ•÷&WFW&Ö–æÅöF—66÷fW'’ÅG'VRÅG'VRÄfÇ6RÄfÇ6RÅG'VRÅG'VRÄfÇ6P¤ädS"Ä„ÔtÄ„ÔtÄTå4s3s3’ÂÓãC3#ccSc3c“BÃãC3#ccSc3c“BÄfÇ6RÃã#S“sS“33“CcSbÃã#S“sS“33“CcSbÃãCs3sƒsc#SƒƒcCBÃã2Ããs2ÄfÇ6RÃã"ÃãcbÄfÇ6RÃã#s3sCCS33#cSRÃã#s3sCCS33#cSRÃãC3cS##cC“"ÃãRÃãƒBÄfÇ6RÂÓãSƒsSc##css“C‚ÃãSƒsSc##css“C‚ÃãS3ss##“ƒ“3#sƒRÃã#RÃã“’ÄfÇ6RÃã#bÃã“rÄfÇ6RÂÓãs“ƒƒsƒC3“CƒCSrÃãs“ƒƒsƒC3“CƒCSrÃã3“3cƒ““ƒc#ƒ#SsƒƒRÃã3‚ÃãÄfÇ6RÂÓãSCcƒs#Sƒƒƒs3BÃãSCcƒs#Sƒƒƒs3BÃã3SccS#“C“#CSSCƒbÃã“BÃãÅG'VRÃã“"ÃãÅG'VRÂÓã#s#sS“3“S“3RÃã#s#sS“3“S“3RÃãSc#CC#ccs“c“‚Ãã“’ÃãÅG'VRÂÓãC3#ccSc3c“CSbÃãC3#ccSc3c“CSbÃã“c““SƒƒCss3cc"ÃãÃãc’ÄfÇ6RÃãÃãSsÄfÇ6RÃãƒ“#3“#SƒcSS“#bÃãƒ“#3“#SƒcSS“#bÃã“ƒ#CCs“c#“BÃãÃãSÄfÇ6RÃÃÆF“ööæÇ•÷&WFW&Ö–æÅöF—66÷fW'’ÅG'VRÅG'VRÅG'VRÅG'VRÅG'VRÅG'VRÄfÇ6P¤ädS"Ät%BÄt%BÄTå4sS“3ÂÓãC#SCsCc#cs#3s’ÃãC#SCsCc#cs#3s’ÄfÇ6RÂÓã3ƒƒccƒ“#S#3CBÃã3ƒƒccƒ“#S#3CBÃã#cƒ##3sCƒ3S“SrÃãBÃã“ÄfÇ6RÃã"ÃãƒbÄfÇ6RÂÓã3ss“C#Cƒƒ“SccƒBÃã3ss“C#Cƒƒ“SccƒBÃã#sscsƒc“3“##3Cƒs2ÃãÃã’ÄfÇ6RÂÓãSS“S#“cSSSƒ“c’ÃãSS“S#“cSSSƒ“c’Ãã“SCs3#S#ƒƒcS’ÃãRÃã“‚ÄfÇ6RÃãÃã“BÄfÇ6RÂÓãsSƒ33ƒ“#ƒ3“ScS2ÃãsSƒ33ƒ“#ƒ3“ScS2ÃãCc“3Sƒ#Cc“3S‚Ãã3"ÃãÄfÇ6RÂÓã#ƒcC3“3SC“S#c2Ãã#ƒcC3“3SC“S#c2Ãã#s33Sƒ“ƒC“’ÃãrÃãÅG'VRÃãsRÃãÅG'VRÂÓãƒCc““Cs“3c“SCcRÃãƒCc““Cs“3c“SCcRÃãcƒcSSc“#s#“sccrÃã“ÃãÅG'VRÂÓãC#SCsCc#cs#3sƒc‚ÃãC#SCsCc#cs#3sƒc‚Ãã“#ƒ“C3sSƒSs33ƒ‚ÃãÃãc"ÄfÇ6RÃãÃãSsÄfÇ6RÃãSƒ#“3sssCƒ#SbÃãSƒ#“3sssCƒ#SbÃã“ƒƒsSsCcsscCbÃãÃãSBÄfÇ6RÃÃÆF“ööæÇ•÷&WFW&Ö–æÅöF—66÷fW'’ÅG'VRÅG'VRÅG'VRÅG'VRÅG'VRÅG'VRÄfÇ6P¤$4ÃÅ4Ä3tRÅ4Ä3tRÄTå4s3#SrÃãC“ƒ3C3cBÃãC“ƒ3C3cBÄfÇ6RÃãCC3“ƒ“CS3cRÃãCC3“ƒ“CS3cRÃã33ƒCSS#cCsSS2ÃãÃã“bÄfÇ6RÃãÃãƒrÄfÇ6RÃã#CC“Cc3#“SSrÃã#CC“Cc3#“SSrÃãc3C“sSSs“cCRÃãÃãsRÄfÇ6RÃã“#ƒ33ScSCS#SÃã“#ƒ33ScSCS#SÃãƒS3##3S“3“cC33CrÃãBÃãÄfÇ6RÃã#2ÃãÄfÇ6RÃãSSƒ#Cƒ3““CSSBÃãSSƒ#Cƒ3““CSSBÃã33ssC##Cƒ"Ããs"ÃãÅG'VRÃãƒcC3C“3S“sc“crÃãƒcC3C“3S“sc“crÃã##ƒSCƒ“s3“BÃã“2ÃãÅG'VRÃãƒrÃãÅG'VRÃã#Sscƒ#“3“s“s““bÃã#Sscƒ#“3“s“s““bÃãS3c3ScS“ƒs“SbÃã“RÃãÅG'VRÃãC“ƒ3C3cCcRÃãC“ƒ3C3cCcRÃã“CƒSS“cssƒƒ“2ÃãÃãS‚ÄfÇ6RÃãÃãcRÄfÇ6RÂÓã#S3C3ƒ3s#sCCc3Ãã#S3C3ƒ3s#sCCc3Ããƒ3ƒcC“sS3ƒcC"ÃãÃãƒbÄfÇ6RÃÃÆF“ööæÇ•÷&WFW&Ö–æÅöF—66÷fW'’ÅG'VRÅG'VRÅG'VRÅG'VRÅG'VRÅG'VRÄfÇ6P¤td“"ÄÄu#BÄÄu#BÄTå4s#S#2ÂÓãCCƒcƒscc3CrÃãCCƒcƒscc3CrÄfÇ6RÃã33““““csƒsCbÃã33““““csƒsCbÃã3ƒCCCƒScc33#ƒ2Ãã“RÃãÅG'VRÃãƒ’ÃãÅG'VRÃãC#sc#“3C“cC3“BÃãC#sc#“3C“cC3“BÃãS#333Sc#Ss3sCÃã“bÃãÅG'VRÃãƒ##s#sS#c32Ããƒ##s#sS#c32ÃãcCCsƒs“#ƒcc“CRÃã’ÃãÅG'VRÃãsÃãÅG'VRÃã#s#ƒS33C#Ãã#s#ƒS33C#Ããc33ssC##RÃã“RÃãÅG'VRÃãcsS“C3#Sƒ“s#’ÃãcsS“C3#Sƒ“s#’Ãã##3S“3“cC33CsRÃã"ÃãÄfÇ6RÃãbÃã“‚ÄfÇ6RÃãss3“3ƒ“ƒƒS"Ããss3“3ƒ“ƒƒS"ÃãC3ƒ“SsCsS““CS2Ãã2Ãã“’ÄfÇ6RÂÓãCCƒcƒscc3CsbÃãCCƒcƒscc3CsbÃã“3“cC33CsSsSCRÃãÃãS“ÄfÇ6RÃãÃãSƒÄfÇ6RÃã#ƒc“sSCƒsƒc#s’Ãã#ƒc“sSCƒsƒc#s’ÃãƒcCc3SccS#“C“"ÃãÃãrÄfÇ6RÃÃÆV&Ç•ööæÇ•öF—66÷fW'’ÅG'VRÅG'VRÅG'VRÅG'VRÅG'VRÅG'VRÄfÇ6P¤´ÄcÄ5”…#Ä5”…#ÄTå4sƒs“SBÃã3“ƒC##ƒsC"Ãã3“ƒC##ƒsC"ÄfÇ6RÃãsS“s“SccC#c’ÃãsS“s“SccC#c’Ããsƒ##sC3ƒcc"ÃãrÃãÅG'VRÃãSbÃãÄfÇ6RÃã#“sƒ“sssƒC#3rÃã#“sƒ“sssƒC#3rÃã#Ssƒ“SCSƒ“cƒsBÃãsRÃãÅG'VRÃãC#“3ScsSCcƒ3SbÃãC#“3ScsSCcƒ3SbÃãSc#CC#ccs“rÃãrÃã“RÄfÇ6RÃãRÃãƒ‚ÄfÇ6RÃã3ƒ#ƒ““#3Sc“ScCbÃã3ƒ#ƒ““#3Sc“ScCbÃã3CƒC##C“cSscCCrÃãÃã“‚ÄfÇ6RÃã3#c#CƒCscs#bÃã3#c#CƒCscs#bÃã3s“ScC#S#CSCrÃãÃãƒ2ÄfÇ6RÃãÃãƒ’ÄfÇ6RÃãƒs3#“ƒ#S3ƒssSRÃãƒs3#“ƒ#S3ƒssSRÃãƒƒ3ƒ3CC3s#s#BÃãÃãcBÄfÇ6RÃã3“ƒC##ƒsC“‚Ãã3“ƒC##ƒsC“‚Ããƒ“cssƒƒ“3CÃãÃãS2ÄfÇ6RÃãÃãc"ÄfÇ6RÃãSCƒ3Cssƒ3cƒ“’ÃãSCƒ3Cssƒ3cƒ“’Ããƒsƒ3#cCsCc##ss’ÃãÃãSÄfÇ6RÃÃÆV&Ç•ööæÇ•öF—66÷fW'’ÅG'VRÅG'VRÄfÇ6RÄfÇ6RÅG'VRÅG'VRÄfÇ6P¤´ÄcÅ%Ã‚Å%Ã‚ÄTå4scbÃã3ƒ““ƒƒcCƒ33BÃã3ƒ““ƒƒcCƒ33BÄfÇ6RÃãS3S#ccS##“ƒbÃãS3S#ccS##“ƒbÃãƒsƒ3S3“Sƒƒ“32ÃãsBÃãÅG'VRÃãs2ÃãÅG'VRÃã3s3SSs“SƒSC“ƒbÃã3s3SSs“SƒSC“ƒbÃãs“3Ss“3ccc‚Ããƒ"ÃãÅG'VRÃãssƒƒ##CC#cs#BÃãssƒƒ##CC#cs#BÃãƒ#CCs“c#“C‚ÃãSRÃãÄfÇ6RÃãC2ÃãÄfÇ6RÃãƒcCS##CƒS“sScBÃãƒcCS##CƒS“sScBÃãssC##Cƒ#ƒS3#2Ãã"ÃãÄfÇ6RÂÓã““Ss3cscCƒ3sC3BÃã““Ss3cscCƒ3sC3BÃãs“3CS##c33sBÃãÃãSƒÄfÇ6RÃãÃãSÄfÇ6RÂÓãsƒ#““#Sc#3S#SbÃãsƒ#““#Sc#3S#SbÃã#3cƒs#C#s“ƒ3S3‚ÃãÃãÄfÇ6RÃã3ƒ““ƒƒcCƒ333ƒ“"Ãã3ƒ““ƒƒcCƒ333ƒ“"Ããƒ“ƒc#ƒ#SsƒƒsSsÃãÃãS’ÄfÇ6RÃãÃãbÄfÇ6RÃãƒSƒ“SC3sƒsSsCSrÃãƒSƒ“SC3sƒsSsCSrÃãcCS##c33sCCƒRÃãÃãs’ÄfÇ6RÃÃÆV&Ç•ööæÇ•öF—66÷fW'’ÅG'VRÅG'VRÅG'VRÅG'VRÅG'VRÅG'VRÄfÇ6P¤tDÄ5DãBÄ5DãBÄTå4s3C"Ãã3s““#3sS#“3SBÃã3s““#3sS#“3SBÄfÇ6RÃãƒccƒ3“#cc3"Ããƒccƒ3“#cc3"ÃãSCƒss###3scƒ32Ããƒ‚ÃãÅG'VRÃã“"ÃãÅG'VRÃãsscscƒ33cC33BÃãsscscƒ33cC33BÃãSCƒss###3scƒ32Ãã’ÃãÅG'VRÃã#“S3c#CsCƒ“2Ãã#“S3c#CsCƒ“2Ãã#s“c“ƒ#cs3S#SBÃãbÃã“ÄfÇ6RÃãbÃãsrÄfÇ6RÃãsC#“S3#CC#cSƒcRÃãsC#“S3#CC#cSƒcRÃãC“#ƒcc“CSƒ“RÃãÃã‚ÄfÇ6RÂÓãCƒ3ƒS#ƒ“S“cbÃãCƒ3ƒS#ƒ“S“cbÃã##ss““cs#S3bÃã"Ãã“BÄfÇ6RÃã‚Ãã“ÄfÇ6RÂÓãƒc33“CCCS“S“RÃãƒc33“CCCS“S“RÃã3SScƒSƒsSc"Ãã#BÃã“’ÄfÇ6RÃã3s““#3sS#“3SCCrÃã3s““#3sS#“3SCCrÃã“#ƒSCƒ“s3“BÃãÃãS’ÄfÇ6RÃãÃãcÄfÇ6RÃãcc3s3“cCC#3S’Ããcc3s3“cCC#3S’Ããs#ƒƒcSƒC3c#BÃãÃãrÄfÇ6RÃÃÆV&Ç•ööæÇ•öF—66÷fW'’ÅG'VRÅG'VRÅG'VRÅG'VRÅG'VRÅG'VRÄfÇ6P¤tDÄ4$äÕCÔ3Ä4$äÕCÔ3ÄTå4s#33#Ãã3s“CCƒs#Sƒ“rÃã3s“CCƒs#Sƒ“rÄfÇ6RÃã#S#sc3ƒsƒBÃã#S#sc3ƒsƒBÃã““#ƒcS“c#C““bÃãÃãSBÄfÇ6RÃãÃãSBÄfÇ6RÃãƒ“cSC“S#3sC#ƒ‚Ããƒ“cSC“S#3sC#ƒ‚ÃãssSƒ#cSƒƒ“3#“ÃãÃãc"ÄfÇ6RÃã#C“ccƒƒ33S“c“CBÃã#C“ccƒƒ33S“c“CBÃã#ƒ#““3“sƒS##bÃã2Ãã“BÄfÇ6RÃãBÃãƒ2ÄfÇ6RÃã#s“3“s3“CsRÃã#s“3“s3“CsRÃã#ƒ“s“3CSc3sƒbÃã"Ãã“ÄfÇ6RÂÓãSCƒ“3sƒ“3ƒScrÃãSCƒ“3sƒ“3ƒScrÃãcƒSƒsSc#CC#cbÃãsrÃãÅG'VRÃãsbÃãÅG'VRÂÓãƒSC“cƒc“sƒ3"ÃãƒSC“cƒc“sƒ3"ÃãCƒ“s3“3cƒ““ƒrÃãs2ÃãÅG'VRÃã3s“CCƒs#Sƒ“scCRÃã3s“CCƒs#Sƒ“scCRÃã“#“ƒscSC3#“ƒsbÃãÃãS2ÄfÇ6RÃãÃãSbÄfÇ6RÃã“CC“Cs###cC“Ãã“CC“Cs###cC“Ããƒ3C#ƒ“C3sSƒSs2ÃãÃãSbÄfÇ6RÃÃÆF“ööæÇ•÷&WFW&Ö–æÅöF—66÷fW'’ÅG'VRÅG'VRÅG'VRÅG'VRÅG'VRÅG'VRÄfÇ6P¤$4ÃÄ•óÄ•óÄTå4sƒc#Ãã3c“#“cc““cCCBÃã3c“#“cc““cCCBÄfÇ6RÃãcƒs3cSƒ3cssS"Ããcƒs3cSƒ3cssS"Ããƒsƒ3S3“Sƒƒ“32Ãã“bÃãÅG'VRÃãƒrÃãÅG'VRÃã“#ƒSCS3C“s#Cc3c2Ãã“#ƒSCS3C“s#Cc3c2Ãã#3Cs3s#sS3CcC#2Ãã“‚ÃãÅG'VRÃãƒSC3#ƒsC3c"ÃãƒSC3#ƒsC3c"Ããcƒs#C#s“ƒ3S3“ÃãbÃãÄfÇ6RÃãbÃã“‚ÄfÇ6RÃãs“C#“S#“sScSBÃãs“C#“S#“sScSBÃãc3cCƒƒ3C“#C3‚ÃãÃãÄfÇ6RÃãƒsccS#cƒƒ3SCCRÃãƒsccS#cƒƒ3SCCRÃãCsSsSCCSƒcƒ‚ÃãÃãÄfÇ6RÃã"ÃãÄfÇ6RÃãcC#cS#Sƒcsc3ssÃãcC#cS#Sƒcsc3ssÃã3“C“#CSSCƒ3ƒ3CRÃãÃã“’ÄfÇ6RÃã3c“#“cc““cCCS"Ãã3c“#“cc““cCCS"Ãã“S3##3S“3“cC33C‚ÃãÃãS‚ÄfÇ6RÃãÃãSRÄfÇ6RÃãC#scscC“3SÃãC#scscC“3SÃãs3#“#ƒc““Sƒ‚ÃãÃãƒbÄfÇ6RÃÃÆV&Ç•ööæÇ•öF—66÷fW'’ÅG'VRÅG'VRÅG'VRÅG'VRÅG'VRÅG'VRÄfÇ6P¤ädS"ÅtE#ƒ"ÅtE#ƒ"ÄTå4scC“ÂÓã3Sc3ƒ#cCƒS“RÃã3Sc3ƒ#cCƒS“RÄfÇ6RÂÓã#C3##S#3C3“sbÃã#C3##S#3C3“sbÃãs#ƒcScƒƒ#3C‚ÃãÃãSƒÄfÇ6RÃãÃãc"ÄfÇ6RÂÓãƒ““ƒCs“3c#ƒRÃãƒ““ƒCs“3c#ƒRÃãsScƒcCc#CsssÃãÃãcBÄfÇ6RÂÓãƒSsScs##s“ƒ32ÃãƒSsScs##s“ƒ32Ãã“c#“Csƒs3s““s2ÃãsÃã“’ÅG'VRÃãS2ÃãÄfÇ6RÂÓã“333“sSscCCc‚Ãã“333“sSscCCc‚Ãã“Csƒs3s““s#ScSbÃãcRÃãÄfÇ6RÂÓãCSƒƒ“S##“Sƒ“rÃãCSƒƒ“S##“Sƒ“rÃã3“s3“3cƒ““ƒc#‚ÃãÃãƒ’ÄfÇ6RÃã2Ãã“#“““““““““““““’ÄfÇ6RÂÓãc#33CC“#RÃãc#33CC“#RÃã3c“S3C“s“C#3ƒcbÃãÃã“‚ÄfÇ6RÂÓã3Sc3ƒ#cCƒS“SCbÃã3Sc3ƒ#cCƒS“SCbÃã“#ss““cs#S3bÃãÃãSƒÄfÇ6RÃãÃãS“ÄfÇ6RÂÓã3cc#Cs“sƒ“c“‚Ãã3cc#Cs“sƒ“c“‚Ãã““sS3ƒcC“sS3’ÃãÃãSRÄfÇ6RÃÃÆV&Ç•ööæÇ•öF—66÷fW'’ÅG'VRÅG'VRÄfÇ6RÄfÇ6RÄfÇ6RÄfÇ6RÄfÇ6P¤td“"ÄDD#"ÄDD#"ÄTå4s3CSsBÃã3C“3“ss#3cƒ“c2Ãã3C“3“ss#3cƒ“c2ÄfÇ6RÃãc“Cƒs3ƒS3cSSRÃãc“Cƒs3ƒS3cSSRÃãS“#cs3ƒ“#cc#ss“bÃã’ÃãÄfÇ6RÃã#2ÃãÄfÇ6RÃãsCsc3“C3s3c3BÃãsCsc3“C3s3c3BÃãSƒ3#cS“C#ƒ3ƒBÃã"ÃãÄfÇ6RÃãsCCc3c#cScBÃãsCCc3c#cScBÃãSCƒc“cƒCC““3C#RÃã“bÃãÅG'VRÃãsBÃãÅG'VRÃã#cƒ#cC3“sS#Scc“BÃã#cƒ#cC3“sS#Scc“BÃãCcc3“#3ƒ#CCsÃã“‚ÃãÅG'VRÃã3#S#3sƒCs3““#SRÃã3#S#3sƒCs3““#SRÃãCcc3“#3ƒ#CCsÃãƒ‚ÃãÅG'VRÃãƒBÃãÅG'VRÃãScCs#3“3c#c“3rÃãScCs#3“3c#c“3rÃã3sƒ3#cCsCc##srÃã“bÃãÅG'VRÃã3C“3“ss#3cƒ“c3cRÃã3C“3“ss#3cƒ“c3cRÃã“Csƒs3s““s#ScSbÃãÃãSbÄfÇ6RÃãÃãSBÄfÇ6RÃãC“3C3ssƒ#CC“rÃãC“3C3ssƒ#CC“rÃãS#ƒƒcSƒC3c#BÃãÃã“rÄfÇ6RÃÃÇ&WFW&Ö–æÅööæÇ•öF—66÷fW'’ÅG'VRÅG'VRÅG'VRÅG'VRÅG'VRÅG'VRÄfÇ6P¤´ÄcÅ”³4Å”³4ÄTå4sSSc#’Ãã33C#Cs3ss#SRÃã33C#Cs3ss#SRÄfÇ6RÂÓãs3c“Ccsss“3sC’Ããs3c“Ccsss“3sC’ÃãCccCSc3C“sSS‚ÃãƒRÃãÅG'VRÃãs"ÃãÅG'VRÂÓã#S3c“ƒssSc"Ãã#S3c“ƒssSc"Ãã#sC3ƒccƒƒ“cRÃãÃãÅG'VRÂÓã3ƒS3cSƒs3#“S##RÃã3ƒS3cSƒs3#“S##RÃã““3C#ƒ“C3sSƒS‚ÃãBÃã“BÄfÇ6RÃãBÃã’ÄfÇ6RÂÓãƒƒs#cs3cƒƒƒCs3S’Ããƒƒs#cs3cƒƒƒCs3S’ÃãSSc“#s#“sccƒ3ƒBÃã#BÃãÄfÇ6RÂÓã3CC3“S#3cC3S“2Ãã3CC3“S#3cC3S“2ÃãsƒSƒSƒSƒSƒbÃãÃãcS“““““““““““““’ÄfÇ6RÃã"ÃãcÄfÇ6RÂÓã3““c““3C3#“C##ƒbÃã3““c““3C3#“C##ƒbÃãSSc#CC#ccs“rÃãÃã‚ÄfÇ6RÃã33C#Cs3ss#SSsRÃã33C#Cs3ss#SSsRÃã“33SScƒSƒs"ÃãÃãcbÄfÇ6RÃãÃãRÄfÇ6RÃã“C“33#“cC3ss’Ãã“C“33#“cC3ss’Ããs3ƒ#scC“3ƒ#sbÃãÃãcrÄfÇ6RÃÃÆV&Ç•ööæÇ•öF—66÷fW'’ÅG'VRÅG'VRÅG'VRÅG'VRÅG'VRÅG'VRÄfÇ6P¤td“"ÄÕ„“ÄÕ„“ÄTå4s““SÃã333“#ƒ“ss3ƒrÃã333“#ƒ“ss3ƒrÄfÇ6RÃãCƒcƒ#ƒ3s#cCSS#3BÃãCƒcƒ#ƒ3s#cCSS#3BÃãc“#ƒ3c“ƒcCCRÃãBÃã“2ÄfÇ6RÃãRÃã“2ÄfÇ6RÃãcsƒƒ#“3“cSC““‚Ããcsƒƒ#“3“cSC““‚Ããƒƒcc“S“ƒ“#“’Ãã‚ÃãÄfÇ6RÃãƒc#cCc““c3C2Ããƒc#cCc““c3C2ÃãsCsCsCsCsC‚ÃãƒrÃãÅG'VRÃãsÃãÅG'VRÃã#C3s#cƒccƒs“““RÃã#C3s#cƒccƒs“““RÃãcSƒC3c#3““sc“RÃã“RÃãÅG'VRÃã#ScC#““Css“CcsBÃã#ScC#““Css“CcsBÃãSC3ƒ“SsCsS““CS2ÃãBÃãƒÄfÇ6RÃãÃãs"ÄfÇ6RÃãc“ƒSƒ#cSƒsScbÃãc“ƒSƒ#cSƒsScbÃãƒsƒs3s““s#ScSS‚ÃãÃãSbÄfÇ6RÃã333“#ƒ“ss3ƒsS"Ãã333“#ƒ“ss3ƒsS"Ãã“ScƒSƒsSc#CÃãÃãSÄfÇ6RÃãÃãS"ÄfÇ6RÃã3#SsƒS3##C#CbÃã3#SsƒS3##C#CbÃã“cƒCC““3C#ƒ“CBÃãÃãRÄfÇ6RÃÃÆV&Ç•ööæÇ•öF—66÷fW'’ÅG'VRÅG'VRÅG'VRÅG'VRÅG'VRÅG'VRÄfÇ6P¤td“"ÅE$³"ÅE$³"ÄTå4sS““2Ãã3#ƒ“c3Ccƒƒ“bÃã3#ƒ“c3Ccƒƒ“bÄfÇ6RÃãc“ƒ#sƒcCƒ#“3RÃãc“ƒ#sƒcCƒ#“3RÃãSSC#S“ƒC3S“““CSÃã#RÃãÄfÇ6RÃã#Ãã“rÄfÇ6RÃãƒƒSCsƒS#Sƒc“bÃãƒƒSCsƒS#Sƒc“bÃã3C“ƒC###ƒCƒc‚ÃãC"ÃãÄfÇ6RÃã#CCs#c3Cs3ƒRÃã#CCs#c3Cs3ƒRÃã3“sƒS##c##sBÃã“RÃãÅG'VRÃãƒ"ÃãÅG'VRÃã3cCsC“sS#“sBÃã3cCsC“sS#“sBÃã3#“#ƒc““SƒƒCsrÃãÃãÅG'VRÃã3cSc3sS“SS“s"Ãã3cSc3sS“SS“s"ÃãsSSCƒ3ƒ3CC3s2ÃãÃãc2ÄfÇ6RÃãÃãSrÄfÇ6RÂÓãS“3CS3#s“s“c“ƒ“RÃãS“3CS3#s“s“c“ƒ“RÃãƒ“cS“##ƒSC‚ÃãÃãbÄfÇ6RÃã3#ƒ“c3Ccƒƒ“s3rÃã3#ƒ“c3Ccƒƒ“s3rÃã“SCƒ“s3“3c’ÃãÃãSrÄfÇ6RÃãÃãSBÄfÇ6RÂÓãC#ƒ#S#Ss##s#‚ÃãC#ƒ#S#Ss##s#‚ÃãƒC“ƒ3csc#cƒƒcÃãÃãcRÄfÇ6RÃÃÆV&Ç•ööæÇ•öF—66÷fW'’ÅG'VRÅG'VRÅG'VRÅG'VRÅG'VRÅG'VRÄfÇ6P¤´ÄcÄD•$"ÄD•$"ÄTå4sccƒBÂÓã3SS3s3s3Sƒ3‚Ãã3SS3s3s3Sƒ3‚ÄfÇ6RÂÓã“#s“ss3ƒBÃã“#s“ss3ƒBÃã#sC3ƒccƒƒ“cRÃãÃãÅG'VRÃãÃãÅG'VRÂÓã#scCcCCsS3“3rÃã#scCcCCsS3“3rÃã#sC3ƒccƒƒ“cRÃãÃãÅG'VRÂÓã#C3Cc##3ƒ3Ãã#C3Cc##3ƒ3Ãã#cc33ssC#Ãã“rÃãÅG'VRÃãƒrÃãÅG'VRÂÓã“ƒ“3sC“c“S##rÃã“ƒ“3sC“c“S##rÃã#Cc“3Sƒ#Cc“3S‚ÃãÃãÅG'VRÂÓãs#cSƒ#S3cS“cÃãs#cSƒ#S3cS“cÃãc33sCCƒSS“cssƒ"ÃãbÃãÄfÇ6RÃã’ÃãÄfÇ6RÂÓã“#s“SccCCSƒSƒRÃã“#s“SccCCSƒSƒRÃã3cƒs#C#s“ƒ3S3’Ãã“ÃãÅG'VRÂÓã3SS3s3s3Sƒ3ƒsSRÃã3SS3s3s3Sƒ3ƒsSRÃã“ƒc““SƒƒCss3bÃãÃãcÄfÇ6RÃãÃãSRÄfÇ6RÃã3“cƒ3sccƒ#ƒs“bÃã3“cƒ3sccƒ#ƒs“bÃã“s#S3c3ScS“‚ÃãÃãS2ÄfÇ6RÃÃÆV&Ç•ööæÇ•öF—66÷fW'’ÅG'VRÅG'VRÅG'VRÅG'VRÅG'VRÅG'VRÄfÇ6P¤ädS"ÄD…ƒ3bÄD…ƒ3bÄTå4ssC“S2ÂÓã3#3#sƒ#““SƒRÃã3#3#sƒ#““SƒRÄfÇ6RÃãƒcƒ#Ss“##2Ããƒcƒ#Ss“##2ÃãcSSs3sC#ƒ2ÃãÃãsBÄfÇ6RÃã2ÃãcrÄfÇ6RÃã#sSsc3S““SssC"Ãã#sSsc3S““SssC"ÃãSS“#sSc#s“ƒCcBÃãÃãs‚ÄfÇ6RÂÓãƒ#s“CCƒ#3Cƒ#"Ããƒ#s“CCƒ#3Cƒ#"ÃãS##c33sCCƒSS“c‚ÃãsRÃãÅG'VRÃãS2Ãã“’ÄfÇ6RÂÓã“cc3“ƒ“CCƒ#“‚Ãã“cc3“ƒ“CCƒ#“‚Ããsƒ3#cCsCc##ss’ÃãcBÃãÄfÇ6RÂÓãƒ“s“S“CS“ccCBÃãƒ“s“S“CS“ccCBÃã#sƒCc3cCƒƒ3C“"ÃãS"Ãã“’ÄfÇ6RÃãCBÃãÄfÇ6RÂÓã3“s“S3Ccƒ“S#SSrÃã3“s“S3Ccƒ“S#SSrÃãS3c3ScS“ƒs“SbÃã3’ÃãÄfÇ6RÂÓã3#3#sƒ#““SƒSC"Ãã3#3#sƒ#““SƒSC"Ãã“CsCsCsCsC‚ÃãÃãSÄfÇ6RÃãÃãc2ÄfÇ6RÂÓãScC#cƒ“#s33“"ÃãScC#cƒ“#s33“"Ãã“cs#S3c3ScS“‚ÃãÃãS2ÄfÇ6RÃÃÆV&Ç•ööæÇ•öF—66÷fW'’ÅG'VRÅG'VRÄfÇ6RÄfÇ6RÄfÇ6RÄfÇ6RÄfÇ6P¤´ÄcÅ$$tuD"Å$$tuD"ÄTå4s3s“SRÃã#“3C““3ƒSsCBÃã#“3C““3ƒSsCBÄfÇ6RÂÓã“s3“#c#cs#sSsCcRÃã“s3“#c#cs#sSsCcRÃãss“#ScC3ssCƒ2ÃãÃãc"ÄfÇ6RÃãÃãcc“““““““““““““’ÄfÇ6RÂÓãƒ#ƒ#cc##“s2Ããƒ#ƒ#cc##“s2ÃãƒCCCƒss#CSc3’ÃãÃãcBÄfÇ6RÂÓã“#s“3s3CCƒSC3Ãã“#s“3s3CCƒSC3ÃãSƒ“c3#3s3BÃãs’ÃãÅG'VRÃãSbÃãÄfÇ6RÂÓã“scƒ#“““ƒcBÃã“scƒ#“““ƒcBÃã#“C“#CSSCƒ3ƒ3CBÃãs2ÃãÅG'VRÃãcƒ3““s#“#S#““‚Ããcƒ3““s#“#S#““‚ÃãƒSsCsS““CS33bÃãÃãcBÄfÇ6RÃãÃãc"ÄfÇ6RÂÓãCcc3#c3ƒ“C3ÃãCcc3#c3ƒ“C3ÃãC3cƒ““ƒc#ƒ#SsƒƒsBÃãÃã’ÄfÇ6RÃã#“3C““3ƒSsCCcrÃã#“3C““3ƒSsCCcrÃã“#3s33ƒSCS“S32ÃãÃãSÄfÇ6RÃãÃãRÄfÇ6RÃãc#c“ƒ#3c3S“CƒbÃãc#c“ƒ#3c3S“CƒbÃãƒcC“sS3ƒcC“sRÃãÃãSbÄfÇ6RÃÃÆV&Ç•ööæÇ•öF—66÷fW'’ÅG'VRÅG'VRÄfÇ6RÄfÇ6RÅG'VRÅG'VRÄfÇ6P¤´ÄcÄD”ƒÄD”ƒÄTå4s3SBÂÓã#ƒ3s#33ScƒScBÃã#ƒ3s#33ScƒScBÄfÇ6RÂÓãcC3sƒƒ#ccs#srÃãcC3sƒƒ#ccs#srÃãƒƒcc“S“ƒ“#“’Ãã#2Ãã“’ÄfÇ6RÃã’Ãã“‚ÄfÇ6RÂÓã3c33““3cbÃã3c33““3cbÃãsC#3SCƒƒSCC3ƒ"Ããs’ÃãÅG'VRÂÓãƒ““#ƒƒc“33“2Ããƒ““#ƒƒc“33“2Ãã#Cƒ#ƒS3##3S“3“bÃãƒ2ÃãÅG'VRÃãCbÃãÄfÇ6RÂÓãS#s“c“ƒC#3sƒbÃãS#s“c“ƒC#3sƒbÃãƒSCƒ“s3“3c’Ãã“’ÃãÅG'VRÂÓãS3ƒ#3#s“ssCRÃãS3ƒ#3#s“ssCRÃãsccƒ3ƒCƒss“RÃãbÃã“ÄfÇ6RÃãÃã“‚ÄfÇ6RÂÓã#S3ƒS##cs3C3BÃã#S3ƒS##cs3C3BÃãcSSc“#s#“sccƒ3’Ãã#2ÃãÄfÇ6RÂÓã#ƒ3s#33ScƒScC‚Ãã#ƒ3s#33ScƒScC‚Ãã“#c33sCCƒSS“cs‚ÃãÃãS"ÄfÇ6RÃãÃãbÄfÇ6RÃã#3#SCS#C#cCs#2Ãã#3#SCS#C#cCs#2ÃãS33Sƒ“ƒC“ƒ3rÃãÃã‚ÄfÇ6RÃÃÆV&Ç•ööæÇ•öF—66÷fW'’ÅG'VRÅG'VRÄfÇ6RÄfÇ6RÅG'VRÅG'VRÄfÇ6P¤ädS"Å4U$%Å4U$%ÄTå4sC#ƒcBÃã#s““c#“sc#3s’Ãã#s““c#“sc#3s’ÄfÇ6RÂÓãC3sƒ#cs##sscsbÃãC3sƒ#cs##sscsbÃãcƒ#c#3ƒcƒƒC3RÃãÃãc"ÄfÇ6RÃãÃãS"ÄfÇ6RÂÓãCCƒs##sƒSscsbÃãCCƒs##sƒSscsbÃãcs33C33“CSSSsc’Ãã2Ããcs“““““““““““““’ÄfÇ6RÂÓãc“S3“#3#S#“#3“rÃãc“S3“#3#S#“#3“rÃã#ScSSssS3C#“3SbÃãC"ÃãÄfÇ6RÃãCÃã“’ÄfÇ6RÂÓã33““s#ƒ“s‚Ãã33““s#ƒ“s‚ÃãC#ccs“c“ƒ#csBÃãsbÃãÅG'VRÂÓã3ƒ“sS3#“3ƒccBÃã3ƒ“sS3#“3ƒccBÃãƒ“3#sƒCc3cCƒƒ32ÃãsrÃãÅG'VRÃãƒ"ÃãÅG'VRÂÓã#ƒss“#s3cƒ#s‚Ãã#ƒss“#s3cƒ#s‚Ããs“ScC#S#CSC’Ãã“’ÃãÅG'VRÃã#s““c#“sc#3s“SSrÃã#s““c#“sc#3s“SSrÃã“Cc“S3C“s“C#3’ÃãÃãS"ÄfÇ6RÃãÃãSbÄfÇ6RÃãS#ƒssc“#s““"ÃãS#ƒssc“#s““"Ããsƒ#3sƒ3#cCsCbÃãÃãcRÄfÇ6RÃÃÆF“ööæÇ•÷&WFW&Ö–æÅöF—66÷fW'’ÅG'VRÅG'VRÅG'VRÅG'VRÅG'VRÅG'VRÄfÇ6P¤´ÄcÄ¥CÄ¥CÄTå4sƒ“S’ÂÓã#cScS#csS““2Ãã#cScS#csS““2ÄfÇ6RÂÓãSƒs3cƒ“Sc“ƒbÃãSƒs3cƒ“Sc“ƒbÃãS“SSSC“CSƒƒsS#‚ÃãÃã“RÄfÇ6RÃãbÃãƒbÄfÇ6RÂÓã“ƒ“##SSƒs“c3‚Ãã“ƒ“##SSƒs“c3‚Ããƒs“CCƒCƒCs"ÃãÃãsRÄfÇ6RÂÓãc#SSSc3S#3s“2Ããc#SSSc3S#3s“2ÃãCƒ“s“3CSc3sƒbÃã32ÃãÄfÇ6RÃã#bÃã“bÄfÇ6RÂÓã3Csc“3#ƒ3#ssscÃã3Csc“3#ƒ3#ssscÃã3“ƒc#ƒ#SsƒƒsSsbÃãÃã“#“““““““““““““’ÄfÇ6RÂÓãS“c“sCS3’ÃãS“c“sCS3’ÃãcCc“S3C“s“C#3‚Ãã“2ÃãÅG'VRÃã“RÃãÅG'VRÂÓãƒscƒ“SSsƒCBÃãƒscƒ“SSsƒCBÃã##Cc“3Sƒ#Cc“BÃã"ÃãÄfÇ6RÂÓã#cScS#csS““#ƒC2Ãã#cScS#csS““#ƒC2Ãã“3#sSs#cCc’ÃãÃãS2ÄfÇ6RÃãÃãSsÄfÇ6RÃã#“C#Ssƒ#sƒ“cƒ3ƒrÃã#“C#Ssƒ#sƒ“cƒ3ƒrÃãC3ƒSCS“S33cscrÃã"ÃãƒrÄfÇ6RÃÃÆF“ööæÇ•÷&WFW&Ö–æÅöF—66÷fW'’ÅG'VRÅG'VRÅG'VRÅG'VRÄfÇ6RÄfÇ6RÄfÇ6P¤td“"Ä4CsÄ4CsÄTå4s#Ss#bÃã#Sƒ#CC#sS“3BÃã#Sƒ#CC#sS“3BÄfÇ6RÃãSs#c3ƒC3ccCcsRÃãSs#c3ƒC3ccCcsRÃãƒƒƒƒƒÃã"Ãã“2ÄfÇ6RÃã#bÃã“’ÄfÇ6RÃãs##“ss#cs#ƒc2Ããs##“ss#cs#ƒc2Ããc““cƒCCSc#“c33bÃã’ÃãÄfÇ6RÃãCcc“3#3“Cc3bÃãCcc“3#3“Cc3bÃãƒsscCc3SccS#“RÃãÃãSRÄfÇ6RÃã"ÃãSbÄfÇ6RÃã##ƒsc“cƒcc“rÃã##ƒsc“cƒcc“rÃãsS#csCƒ“s“3CRÃãÃãcÄfÇ6RÃã#“Sƒsƒ#s“C3"Ãã#“Sƒsƒ#s“C3"Ãã““cs#S3c3SrÃãsbÃãÅG'VRÃãc2ÃãÄfÇ6RÃã#“ss#sƒ##ss“cRÃã#“ss#sƒ##ss“cRÃãcCc“S3C“s“C#BÃãc"ÃãÄfÇ6RÃã#Sƒ#CC#sS“3C3Ãã#Sƒ#CC#sS“3C3Ãã“c3“#3ƒ#CCs’ÃãÃãSBÄfÇ6RÃãÃãSrÄfÇ6RÂÓã3Scƒs3cSƒs“SrÃã3Scƒs3cSƒs“SrÃã“ƒƒcSƒC3c#3““"ÃãÃãSÄfÇ6RÃÃÆF“ööæÇ•÷&WFW&Ö–æÅöF—66÷fW'’ÅG'VRÅG'VRÄfÇ6RÄfÇ6RÄfÇ6RÄfÇ6RÄfÇ6P¤ädS"Å”Å”ÄTå4s“c#c"ÂÓã#ScsCsCƒ#ƒbÃã#ScsCsCƒ#ƒbÄfÇ6RÂÓãCCCC““33#s3‚ÃãCCCC““33#s3‚Ãã#3“#cCcCS3ScS’ÃãbÃã“ÄfÇ6RÃã‚ÃãƒbÄfÇ6RÂÓãCC“C##ƒƒScC‚ÃãCC“C##ƒƒScC‚Ãã“sC#ss#Cƒ3“BÃãÃã“BÄfÇ6RÂÓãcs#sƒ3s##Csc“bÃãcs#sƒ3s##Csc“bÃãCS33SScƒSƒrÃã3Ãã“’ÄfÇ6RÃã3BÃã“rÄfÇ6RÂÓãs““33Ssƒ#C““’Ããs““33Ssƒ#C““’Ãã3“sƒS##c##sCRÃã3’ÃãÄfÇ6RÂÓãSƒCs3###CCSS“ƒ‚ÃãSƒCs3###CCSS“ƒ‚Ãã#ƒƒcSƒC3c#3““"Ãã“RÃãÅG'VRÃã“RÃãÅG'VRÂÓã#CƒccƒcC“#ssc‚Ãã#CƒccƒcC“#ssc‚ÃãSƒ“c3#3s33ƒbÃãÃãÅG'VRÂÓã#ScsCsCƒ#ƒccBÃã#ScsCsCƒ#ƒccBÃã“ScƒSƒsSc#CÃãÃãS“ÄfÇ6RÃãÃãSÄfÇ6RÃãs3ƒ#ƒC#3ccƒƒC’Ããs3ƒ#ƒC#3ccƒƒC’ÃãƒCƒ“s3“3cƒ““‚ÃãÃãSbÄfÇ6RÃÃÆF“ööæÇ•÷&WFW&Ö–æÅöF—66÷fW'’ÅG'VRÅG'VRÅG'VRÅG'VRÅG'VRÅG'VRÄfÇ6P¤´ÄcÄ„å$åBÄ„å$åBÄTå4s3ƒcc‚Ãã#C“#Cƒƒc3S“’Ãã#C“#Cƒƒc3S“’ÄfÇ6RÃã#sƒ““ƒƒ3CC3cCSS’Ãã#sƒ““ƒƒ3CC3cCSS’ÃãC#ƒC##SSCS3C##“RÃãBÃãs’ÄfÇ6RÃãbÃãsRÄfÇ6RÃã#C“s#cƒ3SsCcS#RÃã#C“s#cƒ3SsCcS#RÃãc#ss“S3s““ƒ3S3rÃãÃãsBÄfÇ6RÂÓã3scCSCs##ƒS2Ãã3scCSCs##ƒS2Ããc33ssC##RÃãƒbÃãÅG'VRÃãS‚ÃãÄfÇ6RÂÓãsƒsCcƒCcscCC‚ÃãsƒsCcƒCcscCC‚Ãã3cƒs#C#s“ƒ3S3“ÃãSRÃãÄfÇ6RÃãSSSCS“sc3“bÃãSSSCS“sc3“bÃãCSCCcc3“#3ƒ#CBÃãÃã“rÄfÇ6RÃãbÃã“"ÄfÇ6RÃãs“#sc3“sCSsSƒ3‚Ããs“#sc3“sCSsSƒ3‚Ãã#“ƒscSC3#“ƒscS2ÃãÃã“’ÄfÇ6RÃã#C“#Cƒƒc3S““Ãã#C“#Cƒƒc3S““Ãã“3SccS#“C“#CSSC"ÃãÃãS2ÄfÇ6RÃãÃãc2ÄfÇ6RÃã3ƒcsC“C3cƒ3c““BÃã3ƒcsC“C3cƒ3c““BÃã#ƒ#scC“3ƒ#scRÃãBÃã“bÄfÇ6RÃÃÆV&Ç•ööæÇ•öF—66÷fW'’ÅG'VRÅG'VRÄfÇ6RÄfÇ6RÄfÇ6RÄfÇ6RÄfÇ6P¤$4ÃÄ„T5DCBÄ„T5DCBÄTå4ss3cBÂÓã#CCƒƒSS3s#ƒCBÃã#CCƒƒSS3s#ƒCBÄfÇ6RÃã3““c3Cƒ3scSS3CBÃã3““c3Cƒ3scSS3CBÃã3ƒ“CS3“ss3ƒ#3bÃãÃã“BÄfÇ6RÃãÃãƒRÄfÇ6RÃãSc“#3CCS##SScbÃãSc“#3CCS##SScbÃã#s“Cc##33#s2ÃãÃãÄfÇ6RÃã3ƒ““cƒ#CcC““crÃã3ƒ““cƒ#CcC““crÃã#3ƒcƒ3#sSs#cC‚ÃãƒÃãÅG'VRÃãs2ÃãÅG'VRÃãƒ#ss3ƒ“sCS#bÃãƒ#ss3ƒ“sCS#bÃãcC“3ƒ#scC“3ƒBÃã“‚ÃãÅG'VRÃãCSc#cc#“““#3"ÃãCSc#cc#“““#3"Ãã3ƒSCS“S33cscƒrÃãC2ÃãÄfÇ6RÃãSBÃãÄfÇ6RÃã3“ƒ3c#S##“ƒ3’Ãã3“ƒ3c#S##“ƒ3’Ããcs3S#S3ss##“ƒÃãÃãÄfÇ6RÂÓã#CCƒƒSS3s#ƒCCc’Ãã#CCƒƒSS3s#ƒCCc’Ãã“s3s““s#ScSSssRÃãÃãS"ÄfÇ6RÃãÃãS"ÄfÇ6RÂÓãC#“#“ƒccC‚ÃãC#“#“ƒccC‚Ãã#“#S“#S“#S“#S“#SrÃãÃãÄfÇ6RÃÃÆV&Ç•ööæÇ•öF—66÷fW'’ÅG'VRÅG'VRÅG'VRÅG'VRÅG'VRÅG'VRÄfÇ6P¤ädS"Å4´’Å4´’ÄTå4sSs“32ÂÓãƒ##ScCScsSCBÃãƒ##ScCScsSCBÄfÇ6RÂÓã3ƒSsscCSSƒ“#2Ãã3ƒSsscCSSƒ“#2Ãã#sc““#s#ƒsc“3sƒRÃãbÃãƒ’ÄfÇ6RÃã2Ããs‚ÄfÇ6RÂÓã3“#S“ƒcƒ##ƒ“SbÃã3“#S“ƒcƒ##ƒ“SbÃã#c#sSƒƒCcS##bÃã"Ããƒ#ÄfÇ6RÂÓãƒs3ƒc##“S#“SS‚Ããƒs3ƒc##“S#“SS‚Ãã#Cƒ#ƒS3##3S“3“cRÃãrÃãÅG'VRÃã3‚ÃãÄfÇ6RÂÓãƒ#ScSsS#s3CƒCSrÃãƒ#ScSsS#s3CƒCSrÃã3cƒs#C#s“ƒ3S3“ÃãC2ÃãÄfÇ6RÂÓãƒ#“#ssƒC3#“CBÃãƒ#“#ssƒC3#“CBÃãƒ3#“#ƒc““Sƒ‚ÃãÃãS“ÄfÇ6RÃãÃãc’ÄfÇ6RÂÓã#cC“3cƒSCƒ“Sƒc’Ãã#cC“3cƒSCƒ“Sƒc’Ããcƒcc“CSƒ“c2ÃãÃãƒÄfÇ6RÂÓãƒ##ScCScsSCCSBÃãƒ##ScCScsSCCSBÃã“cSƒC3c#3““sc’ÃãÃãSbÄfÇ6RÃãÃãSÄfÇ6RÃã#Sƒ3ƒ33Cs“3SƒbÃã#Sƒ3ƒ33Cs“3SƒbÃã“Csƒs3s““s#ScSbÃãÃãSBÄfÇ6RÃÃÆV&Ç•ööæÇ•öF—66÷fW'’ÅG'VRÅG'VRÄfÇ6RÄfÇ6RÄfÇ6RÄfÇ6RÄfÇ6P¤ädS"ÄuCRÄuCRÄTå4sSSƒ’ÂÓãc“sƒƒ“““3“Ããc“sƒƒ“““3“ÄfÇ6RÂÓãCƒsCc#Cc3#“S2ÃãCƒsCc#Cc3#“S2Ããcs#cSsC#“#ccrÃãÃãcÄfÇ6RÃãÃãcc“““““““““““““’ÄfÇ6RÂÓãc#ƒ“ƒƒSSƒ“#Cc2Ããc#ƒ“ƒƒSSƒ“#Cc2Ããc3s#cc#s“3C#’ÃãÃãc’ÄfÇ6RÂÓã#sƒ#“ƒ“sƒ“C#3c‚Ãã#sƒ#“ƒ“sƒ“C#3c‚Ãã3CsCsCsCsCs2ÃãÃã“RÄfÇ6RÃãRÃãsbÄfÇ6RÂÓãS#3#“#S“CƒSrÃãS#3#“#S“CƒSrÃãSƒ“c3#3s33ƒBÃãÃãÄfÇ6RÂÓãc#3cs33ccSsc"Ããc#3cs33ccSsc"Ãã#sC3CƒC##C“cSsc"Ãã“’ÃãÅG'VRÃã“RÃãÅG'VRÂÓã#3C“SƒsƒcC#3sƒ2Ãã#3C“SƒsƒcC#3sƒ2Ãã3SScƒSƒsSc#BÃã“’ÃãÅG'VRÂÓãc“sƒƒ“““3“Cs2Ããc“sƒƒ“““3“Cs2Ãã“cƒ3#sSs#cCcÃãÃãSbÄfÇ6RÃãÃãSBÄfÇ6RÃã#ƒs#s#Cs#c32Ãã#ƒs#s#Cs#c32Ãã“CC#ccs“c“ƒ#"ÃãÃãSBÄfÇ6RÃÃÆF“ööæÇ•÷&WFW&Ö–æÅöF—66÷fW'’ÅG'VRÅG'VRÅG'VRÅG'VRÅG'VRÅG'VRÄfÇ6P¤$4ÃÄ¥TäBÄ¥TäBÄTå4s3S#"Ããc##ƒ##C“ƒcƒBÃãc##ƒ##C“ƒcƒBÄfÇ6RÂÓã#“CcCƒ#SCsSs“‚Ãã#“CcCƒ#SCsSs“‚Ãã#s“ƒs3sƒ#CƒS3CbÃãsBÃãÅG'VRÃãcRÃãÄfÇ6RÂÓãcƒƒ##CCccsC##c"Ããcƒƒ##CCccsC##c"Ãã“ƒ“#“ƒ“C3c3ccCBÃã“2ÃãÅG'VRÂÓã#c3Cs3Sss33#3rÃã#c3Cs3Sss33#3rÃãSCSƒcƒcSSc“#s2ÃãÃã“"ÄfÇ6RÃãÃãs’ÄfÇ6RÂÓãS3CC#3sƒƒSs’ÃãS3CC#3sƒƒSs’Ãã3c3SccS#“C“#CSBÃãÃãÄfÇ6RÂÓãcC“csSSCS#ƒcÃãcC“csSSCS#ƒcÃã“CS#csCƒ“s“3RÃãÃãcÄfÇ6RÃãÃãRÄfÇ6RÂÓã#3c#“sc“Sc#"Ãã#3c#“sc“Sc#"Ããss“ƒ3S3““CcS"ÃãÃãs2ÄfÇ6RÃãc##ƒ##C“ƒcƒCC3’Ããc##ƒ##C“ƒcƒCC3’Ãã“sƒƒ“3CS##bÃãÃãS"ÄfÇ6RÃãÃãcBÄfÇ6RÃã#CSsS“Sƒ3S2Ãã#CSsS“Sƒ3S2Ããƒ3cc#SSCC3#“#ÃãÃã‚ÄfÇ6RÃÃÆV&Ç•ööæÇ•öF—66÷fW'’ÅG'VRÅG'VRÄfÇ6RÄfÇ6RÅG'VRÅG'VRÄfÇ6P¤$4ÃÄåU#ÄåU#ÄTå4s3#ƒ"ÂÓã3c#“ƒc#csƒÃã3c#“ƒc#csƒÄfÇ6RÃãSsƒ3#ƒ“3ƒSC#"ÃãSsƒ3#ƒ“3ƒSC#"ÃãC#cƒsSƒsƒscbÃãƒBÃãÅG'VRÃãƒ’ÃãÅG'VRÃãsSƒC“sc“c“c“"ÃãsSƒC“sc“c“c“"Ããƒ“3#c3ƒ##“sƒ3#2Ãã“ÃãÅG'VRÃãƒC“csSSc3““SÃãƒC“csSSc3““SÃã3SScƒSƒsSrÃãRÃãÄfÇ6RÃã‚Ãã“’ÄfÇ6RÃãs#sƒSƒcSsCC#’Ããs#sƒSƒcSsCC#’Ãã“sc“SCs3#S#ƒrÃãÃãÄfÇ6RÃã#“cS#C“scSS3BÃã#“cS#C“scSS3BÃãSƒC##C“cSscCCs"ÃãÃã‚ÄfÇ6RÃãÃãƒBÄfÇ6RÃã#csƒs“3C“Ss“Cc‚Ãã#csƒs“3C“Ss“Cc‚Ããscƒs#C#s“ƒ3S3“ÃãÃãƒÄfÇ6RÂÓã3c#“ƒc#csƒ3#bÃã3c#“ƒc#csƒ3#bÃã“ƒsSSƒ#““3“s‚ÃãÃãSÄfÇ6RÃãÃãSBÄfÇ6RÃãcsSc33s““#3c2ÃãcsSc33s““#3c2ÃãSSssS3C#“3SS#‚ÃãÃã“’ÄfÇ6RÃÃÆV&Ç•ööæÇ•öF—66÷fW'’ÅG'VRÅG'VRÅG'VRÅG'VRÅG'VRÅG'VRÄfÇ6P¤tDÄ%DBÄ%DBÄTå4sc“ƒBÃã3S“#sc“ƒCƒc#RÃã3S“#sc“ƒCƒc#RÄfÇ6RÂÓãs#ƒ3ƒC#Cc3sBÃãs#ƒ3ƒC#Cc3sBÃã“sSCC#CCsS#3ccbÃãƒBÃãÅG'VRÃãS"ÃãÄfÇ6RÂÓã#“SSCScƒ“cƒRÃã#“SSCScƒ“cƒRÃãcƒS“cSS#“s##“Ããƒ2ÃãÅG'VRÃã3Cƒs#sƒ“BÃã3Cƒs#sƒ“BÃã“ƒ“#cc33s"ÃãÃãRÄfÇ6RÃã"ÃãbÄfÇ6RÂÓãs#sƒS#“c3cƒƒRÃãs#sƒS#“c3cƒƒRÃãss“ScC#S#CSRÃãÃãcBÄfÇ6RÂÓã#ƒc“3CCs3333BÃã#ƒc“3CCs3333BÃãcƒss“C“S“ƒ“#bÃãÃãs2ÄfÇ6RÃãÃãcRÄfÇ6RÂÓãSSƒCSS##“S“CbÃãSSƒCSS##“S“CbÃãcƒ#s33Sƒ“ƒRÃãÃãc’ÄfÇ6RÃã3S“#sc“ƒCƒc#SsRÃã3S“#sc“ƒCƒc#SsRÃã“s“3CSc3sƒcÃãÃãSÄfÇ6RÃãÃãc‚ÄfÇ6RÃãCƒ#sc###s#3ÃãCƒ#sc###s#3Ãã“#S#CSCƒc“cƒCRÃãÃãSBÄfÇ6RÃÃÆV&Ç•ööæÇ•öF—66÷fW'’ÅG'VRÅG'VRÄfÇ6RÄfÇ6RÅG'VRÅG'VRÄfÇ6P¥DÃÅd"Åd"ÄTå4s#CcBÂÓã#c“ƒ#c#33RÃã#c“ƒ#c#33RÄfÇ6RÃã##“sCs“sƒ3SCbÃã##“sCs“sƒ3SCbÃãsc3#S#ƒCcsSS3‚ÃãÃãcRÄfÇ6RÃãÃãsrÄfÇ6RÃã#ƒ3cƒCs#srÃã#ƒ3cƒCs#srÃãcƒSƒ#s“S““3“c3SÃãÃãs2ÄfÇ6RÃãsSsC#sƒcsC“c’ÃãsSsC#sƒcsC“c’ÃãC3ƒ“SsCsS““CS3RÃãrÃãÅG'VRÃã3’Ãã“‚ÄfÇ6RÃãsƒ3cc#sSƒ“#bÃãsƒ3cc#sSƒ“#bÃã#“ƒscSC3#“ƒscSRÃãS2Ãã“’ÄfÇ6RÂÓã#3Cs3cSƒcƒƒSƒbÃã#3Cs3cSƒcƒƒSƒbÃãS##3S“3“cC33CsRÃãÃãs"ÄfÇ6RÃãÃãƒ#ÄfÇ6RÂÓã3cSCs#CƒƒcƒcbÃã3cSCs#CƒƒcƒcbÃãSSc“#s#“sccƒ3ƒBÃãÃãƒbÄfÇ6RÂÓã#c“ƒ#c#33SCSbÃã#c“ƒ#c#33SCSbÃã“sCsCsCsCsCÃãÃãS2ÄfÇ6RÃãÃãcÄfÇ6RÃã3SccCCcSSsƒsrÃã3SccCCcSSsƒsrÃã“c““SƒƒCss3cc#SbÃãÃãSbÄfÇ6RÃÃÆV&Ç•ööæÇ•öF—66÷fW'’ÅG'VRÅG'VRÄfÇ6RÄfÇ6RÄfÇ6RÄfÇ6RÄfÇ6P¤$4ÃÄäµ$C"Ääµ$C"ÄTå4ssCRÃã#ƒs#3CS3’Ãã#ƒs#3CS3’ÄfÇ6RÃãC3#ccCsSCƒ3CbÃãC3#ccCsSCƒ3CbÃã“CƒC3CC3SCS‚ÃãƒbÃãÅG'VRÃãs"ÃãÅG'VRÃãc“#3S#css3“2Ããc“#3S#css3“2Ãã“CƒC3CC3SCS‚ÃãƒbÃãÅG'VRÃãcS3cC###“c"ÃãcS3cC###“c"Ããs“ScC#S#CSC‚ÃãÃãÄfÇ6RÃã"Ãã“bÄfÇ6RÃãS3s3“Cƒ###“2ÃãS3s3“Cƒ###“2Ãã3#ƒcc“CSƒ“bÃãÃã“’ÄfÇ6RÃãcƒ#c“SCsS#3"Ããcƒ#c“SCsS#3"Ãã#Cc3cCƒƒ3C“#CRÃãÃã“’ÄfÇ6RÃãÃãÄfÇ6RÃã3““c#CCSss‚Ãã3““c#CCSss‚Ãã“c#cƒƒcCSCCccBÃãÃãS2ÄfÇ6RÃã#ƒs#3CS3““ƒrÃã#ƒs#3CS3““ƒrÃã“ƒcSSc“#s#“sccƒÃãÃãSRÄfÇ6RÃãÃãS"ÄfÇ6RÂÓã#“#“3s3c3#SC3““bÃã#“#“3s3c3#SC3““bÃãƒ3ƒCƒss“C“S"ÃãÃãƒ’ÄfÇ6RÃÃÆV&Ç•ööæÇ•öF—66÷fW'’ÅG'VRÅG'VRÅG'VRÅG'VRÅG'VRÅG'VRÄfÇ6P¤ädS"Å%ÃrÅ%ÃrÄTå4s#cScƒÂÓã“3CƒsC3c#CbÃã“3CƒsC3c#CbÄfÇ6RÃãCCScc#C3Cƒƒ3sÃãCCScc#C3Cƒƒ3sÃã#3c“SCƒc3C“#“3BÃãbÃã“2ÄfÇ6RÃãRÃãƒrÄfÇ6RÃã3c#CƒƒC#ƒcBÃã3c#CƒƒC#ƒcBÃã#“s#“s#“s#“s#“s2ÃãÃã“ÄfÇ6RÃãƒ#Scs3ƒ“C33rÃãƒ#Scs3ƒ“C33rÃãscƒcSSc“#s#“srÃãÃãs"ÄfÇ6RÃãÃãcÄfÇ6RÃã#sƒ#ScsS33sssRÃã#sƒ#ScsS33sssRÃã““CS33SScƒRÃãÃãSBÄfÇ6RÂÓãC#Cƒs3“cCs“srÃãC#Cƒs3“cCs“srÃãcCCsƒs“#ƒcc“CRÃã“BÃãÅG'VRÃã“ÃãÅG'VRÂÓã##3cSC““3ccc3c"Ãã##3cSC““3ccc3c"ÃãCS##c33sCCƒSbÃã“’ÃãÅG'VRÂÓã“3CƒsC3c#CcCs‚Ãã“3CƒsC3c#CcCs‚Ãã“ƒ3S3““CcS#SrÃãÃãSBÄfÇ6RÃãÃãS’ÄfÇ6RÃã3“#“ƒC#“#ScssƒsRÃã3“#“ƒC#“#ScssƒsRÃã“#3sƒ3#cCsCc"ÃãÃãSBÄfÇ6RÃÃÆF“ööæÇ•÷&WFW&Ö–æÅöF—66÷fW'’ÅG'VRÅG'VRÅG'VRÅG'VRÅG'VRÅG'VRÄfÇ6P¤ädS"ÄD…ƒRÄD…ƒRÄTå4s“cbÃãƒCss“333RÃãƒCss“333RÄfÇ6RÂÓãsSƒ“ƒSsƒ3SBÃãsSƒ“ƒSsƒ3SBÃã3“sƒS“sƒƒs##s3#ƒBÃãsÃãÅG'VRÃãC’ÃãÄfÇ6RÂÓãSs#“3#33#sCc’ÃãSs#“3#33#sCc’ÃãCSs““sƒ#3sRÃãsÃãÅG'VRÂÓã#3Ccs3“333sbÃã#3Ccs3“333sbÃãC#Ssc3cƒs#C#‚ÃãÃã“ÄfÇ6RÃãBÃãƒÄfÇ6RÂÓã33cƒ3“C“S“#3BÃã33cƒ3“C“S“#3BÃã33#cCsCc##ss“’ÃãÃã’ÄfÇ6RÂÓã“#c“ƒc#ƒ#C#“cRÃã“#c“ƒc#ƒ#C#“cRÃãcƒcSSc“#s#“scc‚ÃãbÃãÄfÇ6RÃã#ÃãÄfÇ6RÂÓãc3s3C#ƒ#S3s#RÃãc3s3C#ƒ#S3s#RÃã“CS33SScƒS’Ãã"ÃãÄfÇ6RÃãƒCss“333SC‚ÃãƒCss“333SC‚Ãã“ƒSS“cssƒƒ“2ÃãÃãSbÄfÇ6RÃãÃãSRÄfÇ6RÃãscƒ“#cCssSÃãscƒ“#cCssSÃãƒC“sS3ƒcC“sS2ÃãÃãSbÄfÇ6RÃÃÆV&Ç•ööæÇ•öF—66÷fW'’ÅG'VRÅG'VRÄfÇ6RÄfÇ6RÅG'VRÅG'VRÄfÇ6P¤´ÄcÄ54ÃBÄ54ÃBÄTå4scƒ3cbÃãƒ3“#3SsSs’Ããƒ3“#3SsSs’ÄfÇ6RÂÓã#Cs““S“C3sS“SC‚Ãã#Cs““S“C3sS“SC‚Ãã3C#“ƒ#SscCƒSCSbÃãƒrÃãÅG'VRÃãs‚ÃãÅG'VRÂÓã#3S##C“#C“bÃã#3S##C“#C“bÃã3ƒ#Cccs3c“‚ÃãÃãÅG'VRÂÓãs3S3““C3s3“#3S2Ããs3S3““C3s3“#3S2Ãã#““3“sƒS##c"ÃãC"ÃãÄfÇ6RÃã#‚Ãã“’ÄfÇ6RÂÓã#ƒs3c#ssC#c‚Ãã#ƒs3c#ssC#c‚Ããcs3S#S3ss##“ƒÃã“RÃãÅG'VRÂÓãs“s3#c#ƒ“““Sƒ#‚Ããs“s3#c#ƒ“““Sƒ#‚ÃãCSc3sƒcƒ#3CRÃã32ÃãÄfÇ6RÃã#bÃã“’ÄfÇ6RÂÓãc#SS3c#S3Ss2Ããc#SS3c#S3Ss2Ãã#cc33ssC#ÃãrÃãÅG'VRÃãƒ3“#3SsSƒ#RÃãƒ3“#3SsSƒ#RÃã“sƒs3s““s#ScSS‚ÃãÃãSÄfÇ6RÃãÃãSÄfÇ6RÃãs“#cƒ“sC“#s3s3RÃãs“#cƒ“sC“#s3s3RÃãcs“c#“CsƒsBÃãÃãs2ÄfÇ6RÃÃÆV&Ç•ööæÇ•öF—66÷fW'’ÅG'VRÅG'VRÅG'VRÅG'VRÅG'VRÅG'VRÄfÇ6P¤´ÄcÅ4T4•4%"Å4T4•4%"ÄTå4sƒssC"Ããsƒsƒs3CSCƒS‚Ããsƒsƒs3CSCƒS‚ÄfÇ6RÂÓã#“sƒƒƒs3ƒ#CƒsC#’Ãã#“sƒƒƒs3ƒ#CƒsC#’Ãã3““#3s“#ƒcs32ÃãÃãƒRÄfÇ6RÃãÃãsRÄfÇ6RÂÓãcccscƒScs“’ÃãcccscƒScs“’Ããcs“#C#c“CCs#‚ÃãÃã“’ÄfÇ6RÃã33#ssc3S3RÃã33#ssc3S3RÃã3ƒ“3#sƒCc3cCƒ‚ÃãÃãƒ’ÄfÇ6RÃãÃãsBÄfÇ6RÃã3s33##CS3sc’Ãã3s33##CS3sc’ÃãC3s#s#33“cS“2ÃãÃã“BÄfÇ6RÃãS3#ƒ3C3CCcÃãS3#ƒ3C3CCcÃãSƒ“ƒC“ƒ3csc#c’ÃãsbÃãÅG'VRÃã‚ÃãÅG'VRÃã3#“cSsSCC“““#bÃã3#“cSsSCC“““#bÃãSC3#“ƒscSC3#“’Ãã2ÃãÄfÇ6RÃãsƒsƒs3CSCƒSƒ3SbÃãsƒsƒs3CSCƒSƒ3SbÃã“ƒ#Cc“3Sƒ#CrÃãÃãSbÄfÇ6RÃãÃãcÄfÇ6RÃãc#ƒSƒSC3#sCƒS‚Ããc#ƒSƒSC3#sCƒS‚Ããƒcc#SSCC3#“#‚ÃãÃãcbÄfÇ6RÃÃÆF“ööæÇ•÷&WFW&Ö–æÅöF—66÷fW'’ÅG'VRÅG'VRÅG'VRÅG'VRÄfÇ6RÄfÇ6RÄfÇ6P¤´ÄcÄ´4äƒ"Ä´4äƒ"ÄTå4sSS‚ÃãsC3ƒƒ3“33“‚ÃãsC3ƒƒ3“33“‚ÄfÇ6RÃãƒ#“csƒScCCCsCcRÃãƒ#“csƒScCCCsCcRÃãcƒS“cSS#“s##“ÃãÃãÅG'VRÃã“’ÃãÅG'VRÃã#C““3Cƒ“c#CC33cBÃã#C““3Cƒ“c#CC33cBÃã“sSCC#CCsS#3ccbÃãÃãÅG'VRÃãc“c““s#C3ssc2Ããc“c““s#C3ssc2Ãã3cƒs#C#s“ƒ3S3“Ãã3’ÃãÄfÇ6RÃã3"Ãã“bÄfÇ6RÃãƒs#sSC#c“CscÃãƒs#sSC#c“CscÃãSssS3C#“3SS#ƒ"Ãã2ÃãÄfÇ6RÃã##ƒSCƒ#ƒss“cbÃã##ƒSCƒ#ƒss“cbÃãSS33cscƒsSSƒ2ÃãÃãƒ2ÄfÇ6RÃãÃãsÄfÇ6RÂÓãScC3s“Cccs“#c3“bÃãScC3s“Cccs“#c3“bÃã3SS#ƒ#s33S’ÃãÃã“‚ÄfÇ6RÃãsC3ƒƒ3“33“ƒ“S‚ÃãsC3ƒƒ3“33“ƒ“S‚Ãã“ƒCƒCƒCƒCƒRÃãÃãcÄfÇ6RÃãÃãSBÄfÇ6RÃã3C#s#Sƒ“3c3“ƒƒ"Ãã3C#s#Sƒ“3c3“ƒƒ"Ããs3ssC##C‚ÃãÃãsBÄfÇ6RÃÃÆV&Ç•ööæÇ•öF—66÷fW'’ÅG'VRÅG'VRÅG'VRÅG'VRÅG'VRÅG'VRÄfÇ6P¤´ÄcÄdÓ42ÄdÓ42ÄTå4s“c“3rÃãcCSc“SS##ÃãcCSc“SS##ÄfÇ6RÂÓã“C“S3ƒSS“S#S‚Ãã“C“S3ƒSS“S#S‚Ããc““cƒCCSc#“c33cbÃãsBÃãÅG'VRÃãsrÃãÅG'VRÂÓãcC#s3ƒscSƒ333rÃãcC#s3ƒscSƒ333rÃãƒ“sSCc“ƒƒc#“s‚Ãã“rÃãÅG'VRÂÓãCSS“ƒS333“s#’ÃãCSS“ƒS333“s#’Ãã3csc#cƒƒcCSCCrÃãÃãÄfÇ6RÃãbÃã“bÄfÇ6RÂÓã“S#ƒƒS333Ãã“S#ƒƒS333ÃãCC3s#s#33“cbÃã3‚ÃãÄfÇ6RÂÓã#ƒƒCƒC3#C#C“bÃã#ƒƒCƒC3#C#C“bÃãC3SS#ƒ#s33S’ÃãÃã’ÄfÇ6RÃãÃãƒbÄfÇ6RÂÓãC##3#3s““CsC2ÃãC##3#3s““CsC2ÃãS3c3ScS“ƒs“bÃã"ÃãÄfÇ6RÃãcCSc“SS##sBÃãcCSc“SS##sBÃã“ƒCc3cCƒƒ3C“"ÃãÃãS2ÄfÇ6RÃãÃãc2ÄfÇ6RÃãƒ“3CS3“sCcSÃãƒ“3CS3“sCcSÃãƒCcc3“#3ƒ#CCrÃãÃãcrÄfÇ6RÃÃÆV&Ç•ööæÇ•öF—66÷fW'’ÅG'VRÅG'VRÅG'VRÅG'VRÅG'VRÅG'VRÄfÇ6P¤ädS"Å¤eÓÅ¤eÓÄTå4ss“Sƒ‚ÂÓãc#cƒ#cc#‚Ããc#cƒ#cc#‚ÄfÇ6RÃãCSsCcSƒ3CRÃãCSsCcSƒ3CRÃã#sC3ƒccƒƒ“cRÃãs’ÃãÅG'VRÃãs’ÃãÅG'VRÃãCs“3“c““33“ƒbÃãCs“3“c““33“ƒbÃã“#s#C#ƒ3ccCRÃã‚ÃãÅG'VRÃã3“scsC3SsC##SbÃã3“scsC3SsC##SbÃãsssssssssssssss‚ÃãrÃã“RÄfÇ6RÃãBÃã“2ÄfÇ6RÃãC#s3“c“CC#CCs"ÃãC#s3“c“CC#CCs"Ãã##CSSCƒ3ƒ3CC3‚Ãã"Ãã“bÄfÇ6RÃãSc“#CCSS#“Cs2ÃãSc“#CCSS#“Cs2Ãã““cssƒƒ“3CÃãÃãRÄfÇ6RÃãÃãSRÄfÇ6RÂÓã“C#sCƒscS““s“3SbÃã“C#sCƒscS““s“3SbÃãsc##ss““cs#RÃãÃãs"ÄfÇ6RÂÓãc#cƒ#cc#ƒCRÃãc#cƒ#cc#ƒCRÃã“ƒ“ƒC“ƒ3csc#c’ÃãÃãSRÄfÇ6RÃãÃãSBÄfÇ6RÃã“ƒSssScCSccCC"Ãã“ƒSssScCSccCC"Ãã“cC“3ƒ#scC“3‚ÃãÃãSÄfÇ6RÃÃÆV&Ç•ööæÇ•öF—66÷fW'’ÅG'VRÅG'VRÅG'VRÅG'VRÅG'VRÅG'VRÄfÇ6P