TF,target,target_symbol,target_gene_id,signed_association_day14_frozen,absolute_association_day14_frozen,frozen_day14_E0,signed_association_day7,absolute_association_day7,rank_fraction_day7,bootstrap_top5_frequency_day7,bootstrap_sign_consistency_day7,E0_timepoint_day7,power_matched_bootstrap_top5_frequency_day7,power_matched_bootstrap_sign_consistency_day7,E0_timepoint_power_matched_day7,state_unadjusted_signed_association_day7,state_unadjusted_absolute_association_day7,state_unadjusted_rank_fraction_day7,state_unadjusted_bootstrap_top5_frequency_day7,state_unadjusted_bootstrap_sign_consistency_day7,state_unadjusted_E0_timepoint_day7,signed_association_day9,absolute_association_day9,rank_fraction_day9,bootstrap_top5_frequency_day9,bootstrap_sign_consistency_day9,E0_timepoint_day9,power_matched_bootstrap_top5_frequency_day9,power_matched_bootstrap_sign_consistency_day9,E0_timepoint_power_matched_day9,state_unadjusted_signed_association_day9,state_unadjusted_absolute_association_day9,state_unadjusted_rank_fraction_day9,state_unadjusted_bootstrap_top5_frequency_day9,state_unadjusted_bootstrap_sign_consistency_day9,state_unadjusted_E0_timepoint_day9,signed_association_day11,absolute_association_day11,rank_fraction_day11,bootstrap_top5_frequency_day11,bootstrap_sign_consistency_day11,E0_timepoint_day11,power_matched_bootstrap_top5_frequency_day11,power_matched_bootstrap_sign_consistency_day11,E0_timepoint_power_matched_day11,state_unadjusted_signed_association_day11,state_unadjusted_absolute_association_day11,state_unadjusted_rank_fraction_day11,state_unadjusted_bootstrap_top5_frequency_day11,state_unadjusted_bootstrap_sign_consistency_day11,state_unadjusted_E0_timepoint_day11,signed_association_day14,absolute_association_day14,rank_fraction_day14,bootstrap_top5_frequency_day14,bootstrap_sign_consistency_day14,E0_timepoint_day14,power_matched_bootstrap_top5_frequency_day14,power_matched_bootstrap_sign_consistency_day14,E0_timepoint_power_matched_day14,state_unadjusted_signed_association_day14,state_unadjusted_absolute_association_day14,state_unadjusted_rank_fraction_day14,state_unadjusted_bootstrap_top5_frequency_day14,state_unadjusted_bootstrap_sign_consistency_day14,state_unadjusted_E0_timepoint_day14,discovery_pattern,power_matched_discovery_pattern,discovery_class,any_preterminal_E0,preterminal_E0_omitted_by_day14,power_matched_preterminal_E0,power_robust_preterminal_omission,state_unadjusted_preterminal_E0,state_unadjusted_preterminal_omission,state_unadjusted_only_preterminal_omission,effective_guides_used,effective_guide_names,E1_supported,E1_direction_concordant,discovery_anchor_timepoint,signed_association,feature_index,effective_guides_used_time_resolved,effective_guide_names_time_resolved,strict_time_resolved_testable,strict_time_resolved_unresolved_reason,interaction_f_stat,interaction_p_value,model_df_numerator,model_df_denominator,effect_day 7,effect_se_day 7,effect_p_value_day 7,effect_day 9,effect_se_day 9,effect_p_value_day 9,effect_day 11,effect_se_day 11,effect_p_value_day 11,effect_day 14,effect_se_day 14,effect_p_value_day 14,effect_difference_day 7_vs_day 9,effect_difference_se_day 7_vs_day 9,effect_difference_p_value_day 7_vs_day 9,effect_difference_day 7_vs_day 11,effect_difference_se_day 7_vs_day 11,effect_difference_p_value_day 7_vs_day 11,effect_difference_day 7_vs_day 14,effect_difference_se_day 7_vs_day 14,effect_difference_p_value_day 7_vs_day 14,effect_difference_day 9_vs_day 11,effect_difference_se_day 9_vs_day 11,effect_difference_p_value_day 9_vs_day 11,effect_difference_day 9_vs_day 14,effect_difference_se_day 9_vs_day 14,effect_difference_p_value_day 9_vs_day 14,effect_difference_day 11_vs_day 14,effect_difference_se_day 11_vs_day 14,effect_difference_p_value_day 11_vs_day 14,consistent_effective_guides_day 7,effective_guide_direction_consistent_day 7,leave_one_effective_guide_out_direction_consistent_day 7,consistent_effective_guides_day 9,effective_guide_direction_consistent_day 9,leave_one_effective_guide_out_direction_consistent_day 9,consistent_effective_guides_day 11,effective_guide_direction_consistent_day 11,leave_one_effective_guide_out_direction_consistent_day 11,consistent_effective_guides_day 14,effective_guide_direction_consistent_day 14,leave_one_effective_guide_out_direction_consistent_day 14,effect_fdr_edge_time_day 7,effect_fdr_edge_time_day 9,effect_fdr_edge_time_day 11,effect_fdr_edge_time_day 14,interaction_fdr,effect_fdr_within_timepoint_day 7,strict_total_support_day 7,strict_direction_concordant_day 7,negligible_effect_supported_day 7,effect_fdr_within_timepoint_day 9,strict_total_support_day 9,strict_direction_concordant_day 9,negligible_effect_supported_day 9,effect_fdr_within_timepoint_day 11,strict_total_support_day 11,strict_direction_concordant_day 11,negligible_effect_supported_day 11,effect_fdr_within_timepoint_day 14,strict_total_support_day 14,strict_direction_concordant_day 14,negligible_effect_supported_day 14,effect_difference_fdr_edge_pair_day 7_vs_day 9,effect_difference_fdr_edge_pair_day 7_vs_day 11,effect_difference_fdr_edge_pair_day 7_vs_day 14,effect_difference_fdr_edge_pair_day 9_vs_day 11,effect_difference_fdr_edge_pair_day 9_vs_day 14,effect_difference_fdr_edge_pair_day 11_vs_day 14,strict_any_timepoint_support,strict_support_pattern,strict_temporal_support_class,observational_direction_concordant_day7,observational_direction_concordant_day9,observational_direction_concordant_day11,observational_direction_concordant_day14
BCL11A,SSX2IP,SSX2IP,ENSG00000117155,0.1897966581943535,0.1897966581943535,True,0.0719498765019199,0.0719498765019199,0.14515022636850047,0.04,0.98,False,0.03,1.0,False,0.09133701963847432,0.09133701963847432,0.11606530388256277,0.05,1.0,False,0.07455872145316589,0.07455872145316589,0.13854595336076816,0.02,1.0,False,0.05,0.98,False,0.09060485492644446,0.09060485492644446,0.1279835390946502,0.0,1.0,False,0.029271549131181848,0.029271549131181848,0.5890260631001372,0.0,0.86,False,0.0,0.75,False,0.0846830414527335,0.0846830414527335,0.28669410150891633,0.0,1.0,False,0.1897966581943535,0.1897966581943535,0.0043895747599451305,0.98,1.0,True,0.92,1.0,True,0.277883470068358,0.277883470068358,0.009739368998628258,0.99,1.0,True,0001,0001,day14_only_discovery,False,False,False,False,False,False,False,2,BCL11A_686;BCL11A_752,False,False,day 14,0.1897966581943535,1391,2,BCL11A_686;BCL11A_752,True,not_applicable,3.814432369311472,0.015173749039271048,3.0,52.0,0.01590267150595968,0.049177236307187816,0.7477084420723186,-0.09399159620950007,0.047244157432503396,0.05191909245382629,-0.10375760982369499,0.07583140684235583,0.17711181847265933,-0.2748923959897807,0.07104462491201168,0.0003058988298034851,0.10989426771545975,0.06819392188692595,0.11312547152629476,0.11966028132965467,0.0903814296993795,0.19131107975346748,0.2907950674957404,0.08640450971854086,0.0014423779792048317,0.009766013614194921,0.0893443488710845,0.9133792814356531,0.18090079978028067,0.08531910184944282,0.03877209318688365,0.17113478616608574,0.10391217923121102,0.1056059533097449,1.0,False,False,2.0,True,True,2.0,True,True,2.0,True,True,0.9536651452960184,0.3800362405122959,0.6536869746523509,0.015333662861035458,0.22241035504727127,0.9514541872128476,False,False,True,0.5354156409300835,False,True,False,0.775669764780479,False,True,False,0.006583474815335876,True,True,False,0.6815063903308224,0.7784560817051047,0.0951969466275189,0.9950430336277414,0.46613588793977523,0.6654954534200183,True,0001,localized_support_no_detected_heterogeneity,False,True,True,True
BCL11A,CABIN1,CABIN1,ENSG00000099991,0.0772435469607646,0.0772435469607646,False,0.1597191818798652,0.1597191818798652,0.010975442447523666,0.98,1.0,True,0.86,1.0,True,0.19345038592936076,0.19345038592936076,0.012072986692276032,0.98,1.0,True,0.049720914865335815,0.049720914865335815,0.28161865569272976,0.0,1.0,False,0.02,0.98,False,0.024462635232431723,0.024462635232431723,0.6094650205761317,0.0,0.88,False,0.027531933723553347,0.027531933723553347,0.6112482853223594,0.0,0.8,False,0.0,0.78,False,-0.03269190303218311,0.03269190303218311,0.6563786008230452,0.0,0.83,False,0.07724354696076469,0.07724354696076469,0.21083676268861454,0.01,1.0,False,0.03,0.99,False,0.11807925345865754,0.11807925345865754,0.23319615912208505,0.0,1.0,False,1000,1000,early_only_discovery,True,True,True,True,True,True,False,2,BCL11A_686;BCL11A_752,False,False,day 7,0.1597191818798652,34703,2,BCL11A_686;BCL11A_752,True,not_applicable,2.961940578251518,0.0405556431719843,3.0,52.0,-0.03706454585954288,0.10414938949600791,0.7233711819431357,-0.007905071427485252,0.10005544278886883,0.9373303857615497,-0.01608297089240778,0.16059858829643917,0.9206151796314705,-0.509312881322947,0.15046096257502387,0.00136105051747749,-0.029159474432057627,0.14442363713765058,0.8407808541565698,-0.020981574967135097,0.19141317064193966,0.9131373906448218,0.47224833546340417,0.18299070083311308,0.012721001903709462,0.00817789946492253,0.18921680209348687,0.9656919118479643,0.5014078098954617,0.18069198347098672,0.0076531788850636925,0.49322991043053926,0.2200690978347753,0.029304660657873856,2.0,True,False,1.0,False,False,1.0,False,False,2.0,True,True,0.9512446877626971,0.9870175863696992,0.9870175863696992,0.043906582526354265,0.36301197389111844,0.9496082260186736,False,True,False,0.9903490735367494,False,True,False,0.97618700363013,False,True,False,0.020729846343118693,True,True,False,0.988538762141006,0.9950430336277414,0.31299869297126093,0.9985290805278076,0.2382794487777663,0.4141378480055187,True,0001,localized_support_no_detected_heterogeneity,True,True,True,True
BCL11A,ID2,ID2,ENSG00000115738,-0.0750879206876799,0.0750879206876799,False,-0.1894282576664074,0.1894282576664074,0.00425298394841542,1.0,1.0,True,1.0,1.0,True,-0.22068999439043716,0.22068999439043716,0.006036493346138016,1.0,1.0,True,-0.1683321662012595,0.1683321662012595,0.008779149519890261,0.99,1.0,True,0.95,1.0,True,-0.2145291693249743,0.2145291693249743,0.00905349794238683,1.0,1.0,True,-0.11819634750776771,0.11819634750776771,0.07160493827160494,0.14,1.0,False,0.22,1.0,False,-0.21093269550584623,0.21093269550584623,0.03621399176954732,0.68,1.0,False,-0.07508792068767996,0.07508792068767996,0.22194787379972566,0.0,0.97,False,0.02,1.0,False,-0.13170400100783775,0.13170400100783775,0.18655692729766804,0.0,1.0,False,1100,1100,early_only_discovery,True,True,True,True,True,True,False,2,BCL11A_686;BCL11A_752,False,False,day 7,-0.1894282576664074,3513,2,BCL11A_686;BCL11A_752,True,not_applicable,2.882877516888211,0.0444727362194747,3.0,52.0,0.31442011494361216,0.09679469813081654,0.002036458732836436,0.09416351520467064,0.09298985263341333,0.31592976145332713,0.5424134104657106,0.14925763799109895,0.0006392957636968207,0.06593427368511703,0.13983589844739086,0.6392477132442731,0.22025659973894152,0.1342249093090393,0.10684307453611755,-0.2279932955220984,0.17789619468925646,0.20566532452912306,0.24848584125849513,0.1700684923224314,0.1500066299443924,-0.4482498952610399,0.17585492654874893,0.013794209849063663,0.02822924151955361,0.16793210290880342,0.8671573931451485,0.4764791367805935,0.2045285334452652,0.02374275691155622,2.0,True,True,2.0,True,True,2.0,True,True,2.0,True,True,0.05760268987165919,0.7819261595969845,0.026370950252493853,0.9413691281157486,0.3644629828086824,0.06952048777614041,False,True,False,0.9137082399196017,False,True,False,0.057536618732713866,True,True,False,0.8817944717189983,False,True,False,0.6654954534200183,0.7939317836478913,0.7310483261693608,0.31993461440675075,0.9915207266922292,0.3842833135003922,True,0010,localized_support_no_detected_heterogeneity,True,True,True,True
BCL11A,ESR2,ESR2,ENSG00000140009,0.0584490166779278,0.0584490166779278,False,0.07245568244040519,0.07245568244040519,0.14322952394018384,0.01,1.0,False,0.05,1.0,False,0.07971794399092717,0.07971794399092717,0.15585128275483606,0.0,1.0,False,0.12839760624330082,0.12839760624330082,0.03223593964334705,0.75,1.0,True,0.51,1.0,False,0.17232688131454516,0.17232688131454516,0.020438957475994512,0.93,1.0,True,0.10904387007443538,0.10904387007443538,0.08902606310013718,0.17,1.0,False,0.12,1.0,False,0.13250229466020783,0.13250229466020783,0.1289437585733882,0.01,1.0,False,0.05844901667792784,0.05844901667792784,0.34458161865569276,0.01,0.99,False,0.01,0.97,False,0.07033006697779644,0.07033006697779644,0.4949245541838134,0.0,0.99,False,0100,0000,early_only_discovery,True,True,False,False,True,True,False,2,BCL11A_686;BCL11A_752,False,False,day 9,0.12839760624330082,24383,2,BCL11A_686;BCL11A_752,True,not_applicable,2.2883521240265794,0.08930534948550653,3.0,52.0,-0.12851593147260348,0.08196672632921138,0.12296942154677103,-0.36572263334302507,0.07874474479888942,2.3572835167699725e-05,-0.22930949392220504,0.1263928727710544,0.07540874096186913,-0.04440959705394512,0.11841444872885615,0.7091595606239612,0.2372067018704216,0.11366300655257215,0.041813936657950086,0.10079356244960155,0.15064429133706916,0.5064022354297076,-0.08410633441865836,0.1440157140484563,0.5617399079988485,-0.13641313942082003,0.14891572489419033,0.36387338758660376,-0.3213130362890799,0.14220659795241966,0.028071190165611496,-0.18489989686825992,0.17319682432157596,0.290645401539086,2.0,True,True,2.0,True,True,2.0,True,True,2.0,True,False,0.5564324774813181,0.0026394769876588444,0.44869567960076384,0.9512446877626971,0.48050160864484487,0.5340135273026357,False,True,False,0.0038895178026704547,True,True,False,0.6427015954932039,False,True,False,0.9065057128033692,False,True,False,0.4836166663400749,0.9380324774220132,0.9477221257013027,0.9002115461326224,0.40968764025487053,0.8488573529272175,True,0100,localized_support_no_detected_heterogeneity,True,True,True,True
BCL11A,LAPTM5,LAPTM5,ENSG00000162511,0.0427276037641537,0.0427276037641537,False,-0.1787816689617344,0.1787816689617344,0.00589930031554397,1.0,1.0,True,0.92,1.0,True,-0.2254955400904867,0.2254955400904867,0.005487721223761833,1.0,1.0,True,-0.17846420022907106,0.17846420022907106,0.005349794238683128,1.0,1.0,True,0.95,1.0,True,-0.2707442874386905,0.2707442874386905,0.0017832647462277093,1.0,1.0,True,-0.12943782729208164,0.12943782729208164,0.05596707818930041,0.3,1.0,False,0.24,1.0,False,-0.28189573092654757,0.28189573092654757,0.0075445816186556925,1.0,1.0,True,0.04272760376415376,0.04272760376415376,0.5002743484224965,0.0,0.93,False,0.01,0.91,False,-0.020011945592669007,0.020011945592669007,0.8685871056241427,0.0,0.74,False,1100,1100,early_only_discovery,True,True,True,True,True,True,False,2,BCL11A_686;BCL11A_752,False,False,day 7,-0.1787816689617344,683,2,BCL11A_686;BCL11A_752,True,not_applicable,3.263559542249379,0.02857124398470651,3.0,52.0,-0.011563375438773395,0.09465741843357624,0.903242982691769,0.028825660837390535,0.09093658599876604,0.7525231148477046,0.23907643610022528,0.1459619479843458,0.10747278174183715,0.46047559780685926,0.13674824558552595,0.0014346187567598361,-0.04038903627616393,0.13126115014588327,0.7595398232547428,-0.25063981153899867,0.17396814973981303,0.1556576673997694,-0.47203897324563265,0.16631328730810555,0.006455049339099339,-0.21025077526283475,0.1719719539125373,0.2269980082024549,-0.43164993696946874,0.1642240705372702,0.011251033272847669,-0.22139916170663398,0.20001243193887772,0.27341992844059254,1.0,False,False,2.0,True,True,1.0,False,False,2.0,True,True,0.9870175863696992,0.9536651452960184,0.532730158437692,0.04544872221415161,0.3088903352483452,0.9974405474986257,False,False,False,0.9888208610891526,False,True,False,0.7374948361668623,False,True,False,0.02119809804764534,True,True,False,0.9816506854075656,0.7367382823542871,0.21943643658993114,0.8166978611281539,0.2861195134836387,0.845143431755641,True,0001,localized_support_no_detected_heterogeneity,False,True,True,False
BCL11A,SH3BGRL3,SH3BGRL3,ENSG00000142669,-0.0229084141854016,0.0229084141854016,False,-0.21462195009192453,0.21462195009192453,0.002195088489504733,1.0,1.0,True,1.0,1.0,True,-0.275009915335171,0.275009915335171,0.001509123336534504,1.0,1.0,True,-0.1085432430467834,0.1085432430467834,0.0561042524005487,0.39,1.0,False,0.21,1.0,False,-0.1710977989537348,0.1710977989537348,0.02167352537722908,0.95,1.0,True,-0.06823240310353054,0.06823240310353054,0.24458161865569272,0.01,0.98,False,0.0,0.96,False,-0.15091445154179498,0.15091445154179498,0.09876543209876543,0.07,1.0,False,-0.02290841418540171,0.02290841418540171,0.7231824417009602,0.0,0.83,False,0.0,0.74,False,-0.12000585263827192,0.12000585263827192,0.22565157750342935,0.0,1.0,False,1000,1000,early_only_discovery,True,True,True,True,True,True,False,2,BCL11A_686;BCL11A_752,False,False,day 7,-0.21462195009192453,593,2,BCL11A_686;BCL11A_752,True,not_applicable,2.458875005523465,0.0730790835986336,3.0,52.0,0.10875604303619368,0.07765184745888558,0.16728492835239378,0.03373644618254232,0.07459947694816112,0.6529811268817951,0.4067021538798523,0.11973932003687328,0.0013149867422435505,0.059037701619716505,0.1121808948754393,0.6009365785915065,0.07501959685365137,0.10767957733348166,0.4890978542034721,-0.29794611084365863,0.142714099431944,0.041740163706108474,0.04971834141647718,0.13643446261422515,0.7170281968889202,-0.37296570769730997,0.14107652789827227,0.0108137007618782,-0.025301255437174187,0.13472058170893408,0.8517601300332877,0.3476644522601358,0.16407942569971143,0.038896285634291705,2.0,True,True,2.0,True,True,2.0,True,True,2.0,True,False,0.6381968364889011,0.9442636127709908,0.04303592974615256,0.9292308533288144,0.4206296090851585,0.6156582865013749,False,True,False,0.9888208610891526,False,True,False,0.09641074925976663,True,True,False,0.8621525426347509,False,True,False,0.934838355121744,0.4836166663400749,0.9802248253613225,0.28296644284386124,0.9895866001262784,0.46613588793977523,True,0010,localized_support_no_detected_heterogeneity,True,True,True,True
BCL11A,MLXIP,MLXIP,ENSG00000175727,-0.0063933321255247,0.0063933321255247,False,0.05376258287633689,0.05376258287633689,0.25312114144601455,0.02,0.99,False,0.02,0.94,False,0.064912636869406,0.064912636869406,0.23062148442859104,0.0,0.99,False,0.11244214630557596,0.11244214630557596,0.04993141289437586,0.31,1.0,False,0.3,1.0,False,0.14173456779133922,0.14173456779133922,0.043209876543209874,0.49,1.0,False,0.1906332098229971,0.1906332098229971,0.01083676268861454,0.91,1.0,True,0.93,1.0,True,0.236822716759639,0.236822716759639,0.02167352537722908,0.89,1.0,True,-0.00639333212552474,0.00639333212552474,0.9179698216735254,0.0,0.5800000000000001,False,0.0,0.65,False,-0.006376033500379225,0.006376033500379225,0.9585733882030179,0.0,0.69,False,0010,0010,day11_only_preterminal_discovery,True,True,True,True,True,True,False,2,BCL11A_686;BCL11A_752,False,False,day 11,0.1906332098229971,22697,2,BCL11A_686;BCL11A_752,True,not_applicable,11.237196669880817,8.560078875293738e-06,3.0,52.0,-0.010169950861170314,0.04442720994939649,0.8198347221210567,-0.04685754138965213,0.04268084704933666,0.2773238730816732,-0.230268071068537,0.068506855722818,0.0014607689281782824,0.2955211764688504,0.06418242877712783,2.7023092214231628e-05,0.03668759052848182,0.06160707498929505,0.5540861332160385,0.2200981202073667,0.08165149272924993,0.00944358176429669,-0.30569112733002074,0.07805870321507295,0.00026343968132817923,0.18341052967888488,0.08071458347706363,0.02722938229858562,-0.34237871785850255,0.07707813482810774,4.6846441541850756e-05,-0.5257892475373874,0.09387530796092276,8.15456924695461e-07,1.0,False,False,2.0,True,True,2.0,True,True,2.0,True,True,0.9723150463918616,0.7658316160414408,0.045682286179306114,0.0027438832094450576,0.0012106397266486858,0.9787580979040968,False,True,True,0.9137082399196017,False,True,True,0.09641074925976663,False,True,False,0.0009908467145218263,True,False,False,0.9466294138238339,0.2651437502088071,0.030682974648811465,0.4084407344787843,0.01070261010609975,0.0006062384302227139,True,0001,late_onset_support_detected,True,True,True,True
BCL11A,SLC7A5,SLC7A5,ENSG00000103257,0.0040091834030164,0.0040091834030164,False,0.04410398904503165,0.04410398904503165,0.33845520647551103,0.0,0.96,False,0.0,0.87,False,0.024141946312905057,0.024141946312905057,0.6304019755796405,0.0,0.75,False,0.09208335165452511,0.09208335165452511,0.08532235939643347,0.14,1.0,False,0.23,1.0,False,0.15582408391904554,0.15582408391904554,0.031001371742112482,0.72,1.0,True,0.18643493150976967,0.18643493150976967,0.012208504801097394,0.93,1.0,True,0.87,1.0,True,0.25176829397907996,0.25176829397907996,0.015363511659807956,0.95,1.0,True,0.004009183403016465,0.004009183403016465,0.948559670781893,0.0,0.58,False,0.0,0.65,False,-0.02534138372744631,0.02534138372744631,0.8308641975308642,0.0,0.86,False,0010,0010,day11_only_preterminal_discovery,True,True,True,True,True,True,False,2,BCL11A_686;BCL11A_752,False,False,day 11,0.18643493150976967,27994,2,BCL11A_686;BCL11A_752,True,not_applicable,3.966184738729097,0.012768315566546794,3.0,52.0,0.0036750128915584656,0.07727320617038846,0.9622501410355906,-0.3240684011759322,0.07423571944596107,6.056560423483534e-05,-0.16265083259545404,0.11915545433494604,0.1781206075280669,0.02821373557138322,0.11163388511365757,0.8014697940375124,0.3277434140674907,0.10715451662674237,0.0035099519619404256,0.1663258454870125,0.14201820548654587,0.24687379812185567,-0.024538722679824754,0.13576918905782956,0.8572754065370051,-0.16141756858047818,0.14038861898112276,0.25549067250679414,-0.35228213674731546,0.1340636652759753,0.011271374773597888,-0.19086456816683728,0.16327935142980177,0.24775666462008297,2.0,True,False,2.0,True,True,2.0,True,True,1.0,False,False,0.9921092064076368,0.004996662349373915,0.6538821975697883,0.9707940257676523,0.20798251233402634,0.9978985780075468,False,False,False,0.006662216465831887,True,True,False,0.775669764780479,False,True,False,0.9455228461117897,False,False,False,0.16416625711752858,0.8268678176524861,0.9895866001262784,0.8314108773656638,0.2861195134836387,0.8273121582837286,True,0100,localized_support_no_detected_heterogeneity,False,True,True,False
KLF1,SLC14A1,SLC14A1,ENSG00000141469,0.0974915790008932,0.0974915790008932,False,-0.1383323552559636,0.1383323552559636,0.002195088489504733,0.94,1.0,True,0.81,1.0,True,-0.21582759629578122,0.21582759629578122,0.002195088489504733,1.0,1.0,True,-0.03759656705764432,0.03759656705764432,0.20795610425240055,0.01,0.98,False,0.02,0.81,False,-0.07666330455177214,0.07666330455177214,0.08724279835390947,0.19,1.0,False,-0.008261409852687555,0.008261409852687555,0.827434842249657,0.0,0.53,False,0.0,0.62,False,-0.0062707556588119,0.0062707556588119,0.9157750342935528,0.0,0.6,False,0.09749157900089322,0.09749157900089322,0.01316872427983539,0.61,1.0,False,0.55,1.0,False,0.0922991762707041,0.0922991762707041,0.02112482853223594,0.45,1.0,False,1000,1000,early_only_discovery,True,True,True,True,True,True,False,3,KLF1_347;KLF1_395;KLF1_636,False,False,day 7,-0.1383323552559636,30499,3,KLF1_347;KLF1_395;KLF1_636,True,not_applicable,1.2712687730605996,0.29148226307855996,3.0,66.0,0.45024832812751964,0.10786407441178482,8.940404876990611e-05,0.3571398887871443,0.09894976536023914,0.000592117994487987,0.20389703445619775,0.1499248193080108,0.17845905341646176,0.14045829370265345,0.14117242947463415,0.3233985943563565,0.09310843934037531,0.14637525273610086,0.5269148342490014,0.24635129367132189,0.18469463986063794,0.18684421793516803,0.3097900344248662,0.1776634835650861,0.08586946535744645,0.1532428543309466,0.1796343717371095,0.39669921465267005,0.21668159508449086,0.1723969573647311,0.21322854596951368,0.0634387407535443,0.20592985769021024,0.7590068672950061,3.0,True,True,3.0,True,True,3.0,True,True,3.0,True,True,0.005998906024090484,0.024944545299706685,0.6538821975697883,0.7822296019330635,0.7475538292413032,0.011063751035275881,True,True,False,0.045092062657162084,True,True,False,0.775669764780479,False,True,False,0.6416124417090039,False,True,False,0.941648412184008,0.7764484301967082,0.6235508853584742,0.9167242212898193,0.8029283109125497,0.9816150484147943,True,1100,localized_support_no_detected_heterogeneity,True,True,True,False
KLF1,SLC66A2,SLC66A2,ENSG00000122490,0.0957392470812049,0.0957392470812049,False,0.0858563160932532,0.0858563160932532,0.028398957332967486,0.49,1.0,False,0.3,0.98,False,0.14509748359840868,0.14509748359840868,0.013170530937028399,0.91,1.0,True,0.08818617338339772,0.08818617338339772,0.012071330589849109,0.71,1.0,True,0.49,1.0,False,0.11392300074726232,0.11392300074726232,0.02633744855967078,0.72,1.0,True,0.055277819287382665,0.055277819287382665,0.14650205761316873,0.07,0.94,False,0.09,0.94,False,0.05035778444687908,0.05035778444687908,0.4031550068587106,0.0,0.96,False,0.09573924708120496,0.09573924708120496,0.014266117969821674,0.62,1.0,False,0.62,1.0,False,0.10027282164746805,0.10027282164746805,0.01440329218106996,0.61,1.0,False,0100,0000,early_only_discovery,True,True,False,False,True,True,False,3,KLF1_347;KLF1_395;KLF1_636,False,False,day 9,0.08818617338339772,30841,3,KLF1_347;KLF1_395;KLF1_636,True,not_applicable,3.496727260262776,0.020271749419587405,3.0,66.0,-0.02072029465450916,0.055669007069380876,0.7109325368657664,-0.006540009659468217,0.05106830255941918,0.8984877678743737,0.011627633749456478,0.07737669721311244,0.8810074904958339,0.2504312679308933,0.07285955974945486,0.0010220056786687346,-0.014180284995040942,0.07554475411563101,0.8516821792346375,-0.03234792840396564,0.09532151708664977,0.7354190372317102,-0.27115156258540246,0.09169271396885996,0.004304226139506933,-0.018167643408924697,0.09270989590065375,0.8452417898056369,-0.25697127759036154,0.08897464230433723,0.0052357772538288525,-0.23880363418143682,0.10628108354027102,0.02799586593339156,3.0,True,True,2.0,False,False,1.0,False,False,3.0,True,True,0.9512446877626971,0.9862188412860915,0.9816454145127218,0.03712974759200174,0.25729528109476324,0.9496082260186736,False,True,True,0.9888208610891526,False,True,True,0.9698478747423193,False,False,False,0.01631912293358141,True,False,False,0.9895866001262784,0.9802248253613225,0.1794108231004802,0.988538762141006,0.2035760107853715,0.40968764025487053,True,0001,localized_support_no_detected_heterogeneity,True,True,False,False
KLF1,KLF3,KLF3,ENSG00000109787,0.0799507495304627,0.0799507495304627,False,0.04642204283643688,0.04642204283643688,0.1919330498010701,0.07,0.97,False,0.03,0.92,False,0.06609030968204076,0.06609030968204076,0.13815338180820413,0.05,1.0,False,0.03459189853574635,0.03459189853574635,0.24842249657064472,0.02,0.94,False,0.05,0.86,False,0.08292321638930902,0.08292321638930902,0.06707818930041153,0.23,1.0,False,0.13207556543091017,0.13207556543091017,0.003017832647462277,0.87,1.0,True,0.89,1.0,True,0.2197758991854347,0.2197758991854347,0.0075445816186556925,0.99,1.0,True,0.07995074953046272,0.07995074953046272,0.028257887517146776,0.38,1.0,False,0.44,0.99,False,0.08314155952286176,0.08314155952286176,0.03251028806584362,0.35,0.99,False,0010,0010,day11_only_preterminal_discovery,True,True,True,True,True,True,False,3,KLF1_347;KLF1_395;KLF1_636,False,False,day 11,0.13207556543091017,8195,3,KLF1_347;KLF1_395;KLF1_636,True,not_applicable,1.8402561941046316,0.14842358769997557,3.0,66.0,-0.2876626304916075,0.0640098425729718,2.8878773997313873e-05,-0.09007626918844142,0.058719818789354054,0.12980939686035012,-0.1867662311763696,0.08896997572194919,0.03962735632667954,-0.12753774827728237,0.08377603975738573,0.13269470435584696,-0.1975863613031661,0.08686355429563772,0.02618157117344295,-0.10089639931523793,0.10960345125123053,0.3606335205217476,-0.16012488221432514,0.10543094794057253,0.13359761181075497,0.09668996198792816,0.10660053329425137,0.3676903256756155,0.037461479088840954,0.10230563012897015,0.7154077433771218,-0.059228482899087206,0.12220507934368073,0.6295189024397391,3.0,True,True,3.0,True,True,3.0,True,True,3.0,True,True,0.0028589986257340732,0.5711613461855406,0.33574713756577185,0.5765109860812305,0.5948961612266228,0.009529995419113578,True,True,False,0.7090349548957712,False,True,False,0.5698226078320594,False,True,False,0.4069489313514568,False,True,False,0.4055595203007248,0.8989354225342763,0.7142802559519115,0.9023258712105511,0.9802248253613225,0.9617649898384902,True,1000,localized_support_no_detected_heterogeneity,True,True,True,True
KLF1,HES6,HES6,ENSG00000144485,0.048803589194279,0.048803589194279,False,0.07890362895997285,0.07890362895997285,0.04088352311702566,0.22,1.0,False,0.25,1.0,False,0.1433685232114424,0.1433685232114424,0.014405268212374811,0.91,1.0,True,0.08530852117938384,0.08530852117938384,0.013443072702331962,0.75,1.0,True,0.36,1.0,False,0.13953102610999152,0.13953102610999152,0.011796982167352537,0.95,1.0,True,0.06356753235554163,0.06356753235554163,0.0924554183813443,0.12,0.99,False,0.14,0.96,False,0.12581142532648615,0.12581142532648615,0.06502057613168724,0.25,1.0,False,0.04880358919427913,0.04880358919427913,0.1373113854595336,0.05,0.96,False,0.08,0.93,False,0.07539689203230332,0.07539689203230332,0.048285322359396435,0.3,1.0,False,0100,0000,early_only_discovery,True,True,False,False,True,True,False,3,KLF1_347;KLF1_395;KLF1_636,False,False,day 9,0.08530852117938384,5861,3,KLF1_347;KLF1_395;KLF1_636,True,not_applicable,1.400006426542989,0.25062852554558,3.0,66.0,-0.35836404207482114,0.10051158959784316,0.000681541758916398,-0.1479812584060664,0.09220491865273556,0.11328685286460334,-0.1473761587895063,0.13970529104332788,0.2953140887010499,-0.051973035325757866,0.13154950219769002,0.6940552904634814,-0.21038278366875474,0.13639767837922612,0.1277525098858318,-0.21098788328531484,0.1721050492838203,0.22458320683827107,-0.3063910067490633,0.16555316720602273,0.06868705403412194,-0.0006050996165601064,0.1673897110615181,0.9971266255389399,-0.09600822308030854,0.16064563035519394,0.552125421551538,-0.09540312346374843,0.19189278223518727,0.6207221608209763,3.0,True,True,2.0,False,True,3.0,True,True,2.0,False,False,0.02726167035665592,0.5409382969766638,0.7738261367685446,0.9512446877626971,0.7362677753416149,0.037484796740401886,True,True,False,0.6720509281233823,False,True,False,0.8272593471515461,False,True,False,0.9065057128033692,False,True,False,0.7074694501874951,0.8119441561894888,0.5736282797079598,0.9995017924813784,0.9466294138238339,0.9609505304627938,True,1000,localized_support_no_detected_heterogeneity,True,True,True,True
KLF1,RUVBL1,RUVBL1,ENSG00000175792,-0.0478889398351349,0.0478889398351349,False,0.041056598596100946,0.041056598596100946,0.24845657840581697,0.09,0.95,False,0.11,0.91,False,0.05751912933239428,0.05751912933239428,0.19152147070928796,0.01,0.98,False,-0.041487916327675296,0.041487916327675296,0.17160493827160495,0.1,0.95,False,0.12,0.9,False,-0.059770293178134475,0.059770293178134475,0.1628257887517147,0.02,0.99,False,-0.12871891931217075,0.12871891931217075,0.0035665294924554186,0.86,1.0,True,0.8,1.0,True,-0.18169797179314814,0.18169797179314814,0.017146776406035666,0.87,1.0,True,-0.04788893983513494,0.04788893983513494,0.14362139917695474,0.09,0.91,False,0.15,0.98,False,-0.04265367259498719,0.04265367259498719,0.23772290809327845,0.05,0.9,False,0010,0010,day11_only_preterminal_discovery,True,True,True,True,True,True,False,3,KLF1_347;KLF1_395;KLF1_636,False,False,day 11,-0.12871891931217075,7100,3,KLF1_347;KLF1_395;KLF1_636,True,not_applicable,5.7425441212822586,0.0014907171015152243,3.0,66.0,-0.04025893509329939,0.08677681380082096,0.6442197821196158,-0.027690439846794073,0.07960523845520767,0.7290620893880314,0.07093656996264261,0.12061474777547951,0.5584554480110252,-0.523846812027136,0.11357343668997742,1.882560439773448e-05,-0.012568495246505319,0.11775911600777582,0.9153265070887793,-0.111195505055942,0.1485871218994597,0.45690626135905144,0.4835878769338366,0.1429305458430586,0.0012083179153964958,-0.09862700980943669,0.1445161284094374,0.4973341796262545,0.4961563721803419,0.13869361741292482,0.0006559953766155204,0.5947833819897785,0.1656708873113042,0.0006296649216977048,3.0,True,False,3.0,True,True,2.0,False,True,3.0,True,True,0.9413691281157486,0.9512446877626971,0.9125904780432209,0.0022590725277281377,0.05136831900873203,0.9496082260186736,False,False,False,0.9888208610891526,False,False,False,0.8797903037330299,False,True,False,0.0007765561814065473,True,False,False,0.9956124248502745,0.9237655522371564,0.08544533830303791,0.9367045267235659,0.060539121402890125,0.06032596185297365,True,0001,localized_support_no_detected_heterogeneity,True,False,True,False
KLF1,GNL2,GNL2,ENSG00000134697,-0.0408874423884815,0.0408874423884815,False,-0.0021744664656835944,0.0021744664656835944,0.9488269995884209,0.0,0.53,False,0.0,0.63,False,0.006970808325994346,0.006970808325994346,0.8665111812319934,0.0,0.64,False,-0.10187377784583333,0.10187377784583333,0.0069958847736625515,0.94,1.0,True,0.53,1.0,False,-0.10690387862787312,0.10690387862787312,0.032784636488340194,0.58,1.0,False,-0.012412979801061822,0.012412979801061822,0.7414266117969822,0.0,0.5800000000000001,False,0.0,0.5800000000000001,False,-0.06280397636578465,0.06280397636578465,0.30068587105624145,0.01,0.99,False,-0.040887442388481576,0.040887442388481576,0.20809327846364883,0.01,0.95,False,0.02,0.85,False,-0.0325052165756837,0.0325052165756837,0.3633744855967078,0.02,0.91,False,0100,0000,early_only_discovery,True,True,False,False,False,False,False,3,KLF1_347;KLF1_395;KLF1_636,False,False,day 9,-0.10187377784583333,816,3,KLF1_347;KLF1_395;KLF1_636,True,not_applicable,4.233392624455474,0.008478734406701332,3.0,66.0,-0.06655561524781053,0.13974163466433673,0.6354505648275471,-0.053375242529681954,0.12819283933503675,0.67849255549116,0.11278954026700164,0.19423278270459757,0.5634252719283008,-0.7267700011747903,0.18289375931608423,0.00017777722771766875,-0.013180372718128582,0.1896341965876394,0.9447984511378417,-0.17934515551481217,0.23927828638602458,0.45620394317367347,0.6602143859269798,0.2301691805073623,0.005534745704480964,-0.1661647827966836,0.23272253422036707,0.4777423512707066,0.6733947586451083,0.2233462138778006,0.003644589744685952,0.839559541441792,0.26678924467440807,0.002476237547746323,3.0,True,True,1.0,False,True,3.0,True,True,3.0,True,True,0.9413691281157486,0.9477250529738995,0.91479565785516,0.010202866982057511,0.174873897138215,0.9496082260186736,False,False,False,0.9888208610891526,False,False,False,0.8797903037330299,False,True,False,0.004512806549756207,True,False,False,0.9985290805278076,0.9235203896578359,0.2099521592304735,0.9322077718562948,0.16782064405763222,0.13132902708583177,True,0001,localized_support_no_detected_heterogeneity,False,False,True,False
KLF1,JUN,JUN,ENSG00000177606,-0.0368594925042564,0.0368594925042564,False,-0.03757696432614623,0.03757696432614623,0.2889285224310605,0.05,0.83,False,0.03,0.72,False,-0.049715349087423394,0.049715349087423394,0.2517492111400741,0.03,0.96,False,-0.09608527846076113,0.09608527846076113,0.008641975308641974,0.76,1.0,True,0.55,0.97,False,-0.09491637008613128,0.09491637008613128,0.044993141289437585,0.38,1.0,False,-0.0405251711538428,0.0405251711538428,0.2777777777777778,0.0,0.92,False,0.0,0.92,False,-0.047167127039041634,0.047167127039041634,0.43223593964334706,0.0,0.97,False,-0.03685949250425636,0.03685949250425636,0.247599451303155,0.05,0.9299999999999999,False,0.01,0.88,False,-0.030778372085108308,0.030778372085108308,0.3914951989026063,0.01,0.88,False,0100,0000,early_only_discovery,True,True,False,False,False,False,False,3,KLF1_347;KLF1_395;KLF1_636,False,False,day 9,-0.09608527846076113,1182,3,KLF1_347;KLF1_395;KLF1_636,True,not_applicable,3.4386287585838953,0.0217262109541916,3.0,66.0,1.1423388616259114,0.3025753836558257,0.0003448487397769264,0.4666596313933321,0.27756937033761064,0.09744385595768079,0.04630990906324706,0.42056226754860526,0.9126528928066434,-0.3575709053392362,0.396010462638759,0.3698451798975322,0.6756792302325793,0.41060518523770195,0.10460708349482759,1.0960289525626643,0.5180969828903609,0.03816626488108472,1.4999097669651476,0.4983735038240237,0.0037021135255231844,0.42034972233008505,0.5039021494647965,0.40718354596962975,0.8242305367325683,0.4836000846453414,0.09301697403335228,0.40388081440248325,0.5776650477612338,0.48690818471332886,3.0,True,True,2.0,False,True,2.0,False,False,2.0,False,True,0.016453024211043717,0.5145035594565546,0.9870175863696992,0.8140085036165187,0.26554257832900846,0.02395614716587193,True,True,False,0.6579318873150363,False,True,False,0.97618700363013,False,True,False,0.6859622221487517,False,False,False,0.6648986741957913,0.46613588793977523,0.16786682703517342,0.9188421050326049,0.6433760954238695,0.934838355121744,True,1000,localized_support_no_detected_heterogeneity,True,True,True,False
NFE2,RHCE,RHCE,ENSG00000188672,0.211384766030027,0.211384766030027,True,0.058410108452127525,0.058410108452127525,0.09740705172177254,0.14,0.98,False,0.04,0.96,False,0.06367938786155626,0.06367938786155626,0.0691452874193991,0.18,1.0,False,0.07268028291869018,0.07268028291869018,0.021810699588477367,0.47,1.0,False,0.28,0.99,False,0.11722836743939345,0.11722836743939345,0.007407407407407408,0.96,1.0,True,0.11375869563194187,0.11375869563194187,0.02194787379972565,0.52,1.0,False,0.55,1.0,False,0.21276434480733328,0.21276434480733328,0.0069958847736625515,0.99,1.0,True,0.21138476603002693,0.21138476603002693,0.0023319615912208505,1.0,1.0,True,1.0,1.0,True,0.21341237618330067,0.21341237618330067,0.0023319615912208505,1.0,1.0,True,0001,0001,day14_only_discovery,False,False,False,False,True,False,False,3,NFE2_288;NFE2_533;NFE2_682,False,False,day 14,0.211384766030027,566,3,NFE2_288;NFE2_533;NFE2_682,True,not_applicable,1.2767909324950932,0.2896086072309148,3.0,66.0,0.28664377266029034,0.09383064773157526,0.0032460021269497042,0.3620216140801984,0.08425903917807566,5.830358886566482e-05,0.1030857543707975,0.12473303760934895,0.4115260552561547,0.1635832903246341,0.11514782881256082,0.16012951267709882,-0.07537784141990805,0.12611017459721258,0.5520760724928527,0.18355801828949284,0.1560849804593069,0.24381412451386433,0.12306048233565625,0.1485369076491556,0.4103823817014261,0.2589358597094009,0.15052546746138262,0.09007970793500435,0.1984383237555643,0.1426835945841683,0.16897038482794863,-0.060497535953836584,0.16975674699846857,0.7226944122981259,3.0,True,True,3.0,True,True,3.0,True,True,3.0,True,True,0.07517057557146684,0.004996662349373915,0.8393624357996894,0.6257078430697539,0.7475538292413032,0.08239851553026172,False,False,False,0.006662216465831887,True,False,False,0.8723316954244743,False,False,False,0.4529377644295081,False,False,False,0.9466294138238339,0.826360810932553,0.9188421050326049,0.6369922203975307,0.7535165809895006,0.9802248253613225,True,0100,localized_support_no_detected_heterogeneity,False,False,False,False
NFE2,AC079804.3,AC079804.3,ENSG00000287860,0.1962997010649382,0.1962997010649382,True,0.03469678205930245,0.03469678205930245,0.3195225682535327,0.01,0.88,False,0.02,0.81,False,0.038894946384328326,0.038894946384328326,0.2640965838935382,0.03,0.96,False,0.05243662547404319,0.05243662547404319,0.08367626886145405,0.16,0.99,False,0.17,1.0,False,0.08864400261496837,0.08864400261496837,0.023593964334705075,0.56,1.0,False,0.17968994522617243,0.17968994522617243,0.0012345679012345679,0.99,1.0,True,1.0,1.0,True,0.24219320684153736,0.24219320684153736,0.0016460905349794238,1.0,1.0,True,0.19629970106493816,0.19629970106493816,0.0027434842249657062,1.0,1.0,True,1.0,1.0,True,0.19839426153617162,0.19839426153617162,0.002606310013717421,1.0,1.0,True,0011,0011,cross_time_discovery,True,False,True,False,True,False,False,3,NFE2_288;NFE2_533;NFE2_682,False,False,day 14,0.1962997010649382,13141,3,NFE2_288;NFE2_533;NFE2_682,True,not_applicable,0.44846284454849483,0.7192156652456765,3.0,66.0,-0.4014425427815335,0.11564484907129435,0.0009181887992205935,-0.22265311493684925,0.10384798681680431,0.03571849530875919,-0.3179548698938891,0.15373157552746092,0.04253921698136735,-0.3243304185425403,0.1419179511795562,0.025513037816775573,-0.17878942784468427,0.15542887596140423,0.2541722614254441,-0.08348767288764444,0.1923723691980682,0.665711160993012,-0.0771121242389932,0.18306948403195258,0.6749646678853498,0.09530175495703982,0.18552035381612067,0.6091775076313554,0.10167730360569106,0.17585536452694883,0.5651054886227412,0.006375548648651239,0.20922261393348068,0.975782138931898,3.0,True,True,3.0,True,True,3.0,True,True,3.0,True,True,0.0349618042780149,0.3178544751071604,0.3452826663099047,0.2642240821892101,0.9553612960988054,0.04398611554180854,True,True,False,0.418185014772039,False,True,False,0.5698226078320594,False,True,False,0.15616948067664735,False,True,False,0.83036954855068,0.970395265781241,0.9707596013717088,0.9600728032184269,0.9477221257013027,0.9985290805278076,True,1000,localized_support_no_detected_heterogeneity,True,True,True,True
NFE2,SGMS1,SGMS1,ENSG00000198964,0.1748298017244999,0.1748298017244999,True,0.008023306965821767,0.008023306965821767,0.8147894086980382,0.0,0.59,False,0.01,0.52,False,0.017057041193189616,0.017057041193189616,0.6201124982850871,0.0,0.76,False,0.06153105911404525,0.06153105911404525,0.04348422496570645,0.34,1.0,False,0.24,0.98,False,0.08507626705285694,0.08507626705285694,0.028395061728395062,0.45,1.0,False,0.11240982803399557,0.11240982803399557,0.02345679012345679,0.59,1.0,False,0.56,1.0,False,0.17951949838006645,0.17951949838006645,0.018381344307270234,0.89,1.0,True,0.1748298017244999,0.1748298017244999,0.0049382716049382715,1.0,1.0,True,0.98,1.0,True,0.17574986179241617,0.17574986179241617,0.004526748971193415,0.99,1.0,True,0001,0001,day14_only_discovery,False,False,False,False,True,False,False,3,NFE2_288;NFE2_533;NFE2_682,True,True,day 14,0.1748298017244999,18017,3,NFE2_288;NFE2_533;NFE2_682,True,not_applicable,3.442994661259223,0.021613323136718862,3.0,66.0,-0.09729308533284045,0.04243800841148166,0.025066794154861377,-0.1153076117309989,0.038108932420587334,0.0035332863213993404,-0.20449403272270938,0.0564146345274978,0.0005632414666311227,-0.2892202011328585,0.05207940737754158,5.385952381966267e-07,0.01801452639815845,0.05703749019872698,0.7531231612519795,0.10720094738986893,0.07059458581792327,0.13365344744595936,0.1919271158000181,0.06718072067735593,0.005716132003372432,0.08918642099171048,0.06808011250804483,0.19472984518825143,0.17391258940185964,0.06453336658685044,0.008920983614013358,0.08472616841014916,0.07677809363136778,0.2738086967303463,3.0,True,True,3.0,True,True,3.0,True,True,3.0,True,True,0.2625841928988311,0.08087753660544154,0.02398318503074458,0.00011225458648729693,0.26554257832900846,0.2564933224449923,False,True,False,0.11283720832855958,False,True,False,0.05576090519648115,False,True,False,4.101609890882003e-05,True,True,False,0.9816150484147943,0.7142802559519115,0.21009249738352986,0.7784560817051047,0.25975805229038895,0.8457741334260307,True,0001,localized_support_no_detected_heterogeneity,True,True,True,True
NFE2,ACSL6,ACSL6,ENSG00000164398,0.1575918467570387,0.1575918467570387,True,-0.01629224824265173,0.01629224824265173,0.6417889971189463,0.0,0.6599999999999999,False,0.0,0.63,False,-0.009778605800168445,0.009778605800168445,0.7777472904376458,0.0,0.53,False,0.02839854650195594,0.02839854650195594,0.3307270233196159,0.03,0.85,False,0.03,0.87,False,0.051105135781642844,0.051105135781642844,0.15198902606310014,0.05,0.98,False,0.10780151450356347,0.10780151450356347,0.0289437585733882,0.39,1.0,False,0.49,1.0,False,0.151746273993436,0.151746273993436,0.038820301783264746,0.43,1.0,False,0.15759184675703877,0.15759184675703877,0.007681755829903978,0.98,1.0,True,0.98,1.0,True,0.15738139091959313,0.15738139091959313,0.007681755829903978,0.94,1.0,True,0001,0001,day14_only_discovery,False,False,False,False,False,False,False,3,NFE2_288;NFE2_533;NFE2_682,False,False,day 14,0.1575918467570387,10437,3,NFE2_288;NFE2_533;NFE2_682,True,not_applicable,2.0725384419399036,0.11227740829465226,3.0,66.0,0.35959171301048165,0.2319772843915784,0.1258959103127576,0.8838993978818039,0.20831341961839672,7.03211925465e-05,0.4629110098234868,0.3083771884566485,0.1380938835938926,0.055085631696940196,0.2846796998347414,0.8471613834757951,-0.5243076848713223,0.31178188091484943,0.09736333096642463,-0.10331929681300517,0.38588852125208195,0.7897314321362098,0.30450608131354145,0.3672274390234064,0.40997852867641976,0.4209883880583171,0.37214375065764255,0.26204284355966667,0.8288137661848638,0.3527563072307974,0.021798054917038377,0.4078253781265466,0.4196891967378071,0.33473185909997344,3.0,True,True,3.0,True,True,3.0,True,True,2.0,False,True,0.562060659344442,0.005569438449682801,0.5844927490488853,0.9759823844336128,0.5198008615235654,0.5372282379725433,False,False,False,0.006961798062103501,True,False,False,0.761464164733131,False,False,False,0.9502386263777,False,False,False,0.647393613033496,0.9854786351936684,0.9188421050326049,0.8367133318086122,0.371329692295337,0.8835252562708856,True,0100,localized_support_no_detected_heterogeneity,True,False,False,False
NFE2,ACKR1,ACKR1,ENSG00000213088,0.1543335717316595,0.1543335717316595,True,0.00343274718620793,0.00343274718620793,0.9244066401426807,0.0,0.5,False,0.0,0.55,False,0.00506004568898897,0.00506004568898897,0.8821511867197146,0.0,0.57,False,0.02002979388571873,0.02002979388571873,0.48669410150891634,0.0,0.89,False,0.02,0.72,False,0.030683789103095344,0.030683789103095344,0.3750342935528121,0.01,0.93,False,0.10479249313083361,0.10479249313083361,0.033196159122085046,0.42,1.0,False,0.45,1.0,False,0.13376857928807992,0.13376857928807992,0.06213991769547325,0.3,1.0,False,0.1543335717316595,0.1543335717316595,0.008367626886145405,0.91,1.0,True,0.96,1.0,True,0.15716486998139365,0.15716486998139365,0.007818930041152264,0.95,1.0,True,0001,0001,day14_only_discovery,False,False,False,False,False,False,False,3,NFE2_288;NFE2_533;NFE2_682,False,False,day 14,0.1543335717316595,2262,3,NFE2_288;NFE2_533;NFE2_682,True,not_applicable,1.6590319741737054,0.184342988046738,3.0,66.0,0.5639775661973657,0.1333347421378314,7.367700109525439e-05,0.2914429280337517,0.11973334441567048,0.01764245222732498,0.16364170169007342,0.17724749650336613,0.3592459631210241,0.17344500053452755,0.16362677263377123,0.29300670733462086,0.272534638163614,0.1792044285890377,0.1330859764503643,0.4003358645072923,0.22179907231021678,0.07564449937012376,0.39053256566283817,0.21107314889276144,0.06875813723098778,0.1278012263436783,0.21389892188057516,0.5522286532951134,0.11799792749922416,0.20275550421013344,0.5625685720068111,-0.009803298844454134,0.24122685534420635,0.9677061134144711,3.0,True,True,3.0,True,True,3.0,True,True,3.0,True,True,0.00566120770941528,0.21978540820263445,0.8066677704073162,0.7737928643578306,0.6486221090230063,0.01042003301204312,True,False,False,0.29431674348621867,False,False,False,0.8463321216773442,False,False,False,0.6281368740089356,False,False,False,0.7142802559519115,0.5926587190139454,0.5736282797079598,0.9466294138238339,0.9477221257013027,0.9985290805278076,True,1000,localized_support_no_detected_heterogeneity,False,False,False,False
NFE2,HMOX1,HMOX1,ENSG00000100292,-0.1533903101048274,0.1533903101048274,True,0.07225855856485568,0.07225855856485568,0.04294141857593634,0.3,0.96,False,0.29,0.97,False,0.06853636713322661,0.06853636713322661,0.05007545616682672,0.16,0.98,False,-0.040617472582774594,0.040617472582774594,0.16858710562414267,0.05,0.97,False,0.01,0.91,False,-0.04254882043060128,0.04254882043060128,0.22085048010973937,0.03,0.99,False,-0.007740493279848736,0.007740493279848736,0.8624142661179698,0.0,0.56,False,0.0,0.56,False,0.008166887698903348,0.008166887698903348,0.9037037037037037,0.0,0.59,False,-0.15339031010482754,0.15339031010482754,0.008641975308641974,0.98,1.0,True,0.98,1.0,True,-0.15592343762804095,0.15592343762804095,0.007956104252400549,0.99,1.0,True,0001,0001,day14_only_discovery,False,False,False,False,False,False,False,3,NFE2_288;NFE2_533;NFE2_682,True,True,day 14,-0.1533903101048274,34925,3,NFE2_288;NFE2_533;NFE2_682,True,not_applicable,3.356331278660652,0.023969729671969392,3.0,66.0,0.48042941521354454,0.25683190758893115,0.06583548821350069,1.4510844621379397,0.23063263748986537,2.87997052467037e-08,1.4263011955728027,0.34141748738872485,8.836513910127236e-05,1.4539401548865634,0.31518099089815577,1.878277940675092e-05,-0.9706550469243952,0.34518696706466306,0.006477555923988286,-0.9458717803592581,0.4272335771572727,0.030292533445779674,-0.9735107396730189,0.4065731001668858,0.019494384133516424,0.024783266565137074,0.41201615765690774,0.9522169816498056,-0.0028556927486237393,0.39055149532305594,0.9941880172740978,-0.027638959313760814,0.4646557410797519,0.9527474193267192,3.0,True,True,3.0,True,True,3.0,True,True,3.0,True,True,0.42185846816417916,1.1404683277694666e-05,0.005998906024090484,0.0022590725277281377,0.2791768514735259,0.39263333332148,False,True,False,9.503902731412221e-06,True,True,False,0.012854798623051038,True,True,False,0.0007765561814065473,True,True,False,0.21943643658993114,0.4192208285027761,0.35739704244780107,0.9985290805278076,0.9995017924813784,0.9985290805278076,True,0111,localized_support_no_detected_heterogeneity,False,True,True,True
NFE2,ANKH,ANKH,ENSG00000154122,0.1492173912901664,0.1492173912901664,True,0.03726117853742681,0.03726117853742681,0.28755659212512,0.01,0.91,False,0.02,0.84,False,0.04305238697269298,0.04305238697269298,0.21813691864453286,0.01,0.97,False,0.02759516347395309,0.02759516347395309,0.345679012345679,0.01,0.9,False,0.01,0.88,False,0.07413770109119149,0.07413770109119149,0.04979423868312757,0.25,1.0,False,0.037489547556281144,0.037489547556281144,0.40548696844993143,0.0,0.88,False,0.01,0.84,False,0.11689593981637185,0.11689593981637185,0.09259259259259259,0.15,1.0,False,0.14921739129016648,0.14921739129016648,0.010013717421124828,0.96,1.0,True,0.96,1.0,True,0.15186857267191087,0.15186857267191087,0.009327846364883402,0.97,1.0,True,0001,0001,day14_only_discovery,False,False,False,False,False,False,False,3,NFE2_288;NFE2_533;NFE2_682,False,False,day 14,0.1492173912901664,9548,3,NFE2_288;NFE2_533;NFE2_682,True,not_applicable,1.9750012579332108,0.12625472228453835,3.0,66.0,0.18399868422896726,0.05981871998678301,0.003052521170201472,0.17623382379750036,0.053716647948200934,0.0016556888558341093,0.012741002652096822,0.07951954750647712,0.8731933835429775,0.27240084999321745,0.07340880506899344,0.000426290340951524,0.007764860431466899,0.08039749702352744,0.9233519247531349,0.17125768157687044,0.09950697310486346,0.0899245151854866,-0.0884021657642502,0.09469494137763974,0.3539405469617101,0.16349282114540353,0.09596268390591124,0.09313936930930865,-0.0961670261957171,0.09096334936911919,0.2942717539189575,-0.25965984734112063,0.10822296936090946,0.019257821742107134,3.0,True,True,3.0,True,True,2.0,False,False,3.0,True,True,0.07389503023483288,0.050825797434907546,0.9794009521686806,0.019403560346759025,0.5458173583480042,0.08239851553026172,False,False,False,0.08195659836378841,False,False,False,0.9680419369625394,False,False,False,0.008115912260423245,True,False,False,0.996857585066089,0.63665270584242,0.8938804629900332,0.6433760954238695,0.8511238303896683,0.356230740978707,True,0001,localized_support_no_detected_heterogeneity,False,False,False,False
NFE2,NFIA,NFIA,ENSG00000162599,0.1483754542034812,0.1483754542034812,True,0.05014528024892719,0.05014528024892719,0.1539305803265194,0.18,0.94,False,0.07,0.71,False,0.06159506997866114,0.06159506997866114,0.0790231856221704,0.19,0.98,False,0.10397950508952467,0.10397950508952467,0.0027434842249657062,0.89,1.0,True,0.69,1.0,False,0.11770033998015951,0.11770033998015951,0.007270233196159122,0.9,1.0,True,0.035396610390497664,0.035396610390497664,0.4305898491083676,0.01,0.92,False,0.02,0.83,False,0.08057687343402593,0.08057687343402593,0.2326474622770919,0.02,1.0,False,0.1483754542034814,0.1483754542034814,0.0102880658436214,0.95,1.0,True,0.88,1.0,True,0.14656231374337608,0.14656231374337608,0.010425240054869684,0.95,1.0,True,0101,0001,cross_time_discovery,True,False,False,False,True,False,False,3,NFE2_288;NFE2_533;NFE2_682,False,False,day 14,0.1483754542034812,1200,3,NFE2_288;NFE2_533;NFE2_682,True,not_applicable,14.63408423390113,2.0815016096667902e-07,3.0,66.0,-0.008176804522620828,0.027346229802837286,0.7658716929099623,-0.04001260694986512,0.024556657169430837,0.10799257534644077,-0.2559314749627707,0.03635249668348354,1.3735368133764347e-09,-0.19687252000250874,0.03355896036244054,1.5742548366769627e-07,0.0318358024272443,0.036753852801666154,0.38952421347861965,0.24775467044014987,0.045489782364309755,8.164827343066854e-07,0.18869571547988792,0.04328995385811171,4.678087873383567e-05,0.21591886801290558,0.04386950451577544,6.0162237496679665e-06,0.15685991305264363,0.041584050210925996,0.00034858196769056677,-0.05905895496026195,0.04947431490915803,0.23685684896038486,2.0,False,False,3.0,True,True,3.0,True,True,3.0,True,True,0.9574142854218421,0.532730158437692,7.77029397281526e-07,4.452892252314837e-05,6.893967430276171e-05,0.9573396161374529,False,True,True,0.6640537241799774,False,True,True,6.799007226213352e-07,True,True,False,1.731680320344659e-05,False,True,False,0.9130272650001469,0.0006062384302227139,0.01070261010609975,0.0027489514671559783,0.03764685251058121,0.8250828400079258,True,0010,time_varying_support_candidate,True,True,True,True
NFE2,CD58,CD58,ENSG00000116815,0.1437980778346896,0.1437980778346896,True,0.05391307456327163,0.05391307456327163,0.12443407874879957,0.07,1.0,False,0.1,0.95,False,0.06164679848717706,0.06164679848717706,0.07847441349979421,0.13,1.0,False,0.09186329907732625,0.09186329907732625,0.006721536351165981,0.83,1.0,True,0.58,1.0,False,0.11498381995059342,0.11498381995059342,0.007818930041152264,0.92,1.0,True,0.1189108328278092,0.1189108328278092,0.018381344307270234,0.62,1.0,False,0.46,1.0,False,0.16747598964410718,0.16747598964410718,0.02496570644718793,0.69,1.0,False,0.14379807783468965,0.14379807783468965,0.011111111111111112,0.92,1.0,True,0.93,1.0,True,0.14593234481729891,0.14593234481729891,0.010699588477366255,0.94,1.0,True,0101,0001,cross_time_discovery,True,False,False,False,True,False,False,3,NFE2_288;NFE2_533;NFE2_682,True,True,day 14,0.1437980778346896,1758,3,NFE2_288;NFE2_533;NFE2_682,True,not_applicable,8.608081765771638,6.667930595908885e-05,3.0,66.0,-0.0009176289163221996,0.04217421420018703,0.982706600438254,-0.07373292263481457,0.037872047699850774,0.055804879700443864,-0.23375647309884728,0.056063961756137724,9.089251551652249e-05,-0.3011674078650635,0.051755682332279236,1.8992013907868303e-07,0.07281529371849237,0.056682945763104314,0.2034202905176631,0.2328388441825251,0.0701557706193648,0.0014739453422973965,0.30024977894874133,0.06676312602839278,2.854828399106114e-05,0.16002355046403272,0.06765692724897761,0.020967052667340842,0.22743448523024895,0.06413222786290504,0.000724242689581917,0.06741093476621624,0.07630084181366201,0.3801791835201205,1.0,False,False,3.0,True,True,3.0,True,True,3.0,True,True,0.9964077016174846,0.3925174486922872,0.005998906024090484,5.0138916716772317e-05,0.006001137536317996,0.9978985780075468,False,True,True,0.5363769990625187,False,True,False,0.012854798623051038,False,True,False,1.880209376878962e-05,True,True,False,0.7913591168040692,0.09621137728842347,0.008920498222881589,0.3697284471613397,0.0614571653730941,0.9064243376609588,True,0001,late_onset_support_detected,True,True,True,True
NFE2,PPIP5K2,PPIP5K2,ENSG00000145725,0.1411353145746861,0.1411353145746861,True,-0.015169356607767553,0.015169356607767553,0.6659349705034984,0.01,0.71,False,0.03,0.8200000000000001,False,-0.010286375636570077,0.010286375636570077,0.7651255316229936,0.0,0.6799999999999999,False,0.012723552933255718,0.012723552933255718,0.6648834019204389,0.0,0.61,False,0.01,0.68,False,0.028200359646282307,0.028200359646282307,0.4149519890260631,0.0,0.87,False,-0.0160364262292977,0.0160364262292977,0.712482853223594,0.0,0.6799999999999999,False,0.0,0.74,False,-0.001295692301656337,0.001295692301656337,0.9843621399176955,0.0,0.53,False,0.14113531457468603,0.14113531457468603,0.012208504801097394,0.89,1.0,True,0.92,1.0,True,0.14421448451660873,0.14421448451660873,0.011522633744855968,0.89,1.0,True,0001,0001,day14_only_discovery,False,False,False,False,False,False,False,3,NFE2_288;NFE2_533;NFE2_682,True,False,day 14,0.1411353145746861,10249,3,NFE2_288;NFE2_533;NFE2_682,True,not_applicable,8.863789167405573,5.1154234475196405e-05,3.0,66.0,0.013466375994137494,0.04848709011534033,0.7820868833896972,0.03676653172261642,0.04354095089854665,0.4014893067915113,-0.020486012778252866,0.06445593397400606,0.7516175122036322,0.3545880579960394,0.05950276681657823,1.0897176176067677e-07,-0.02330015572847893,0.06516757102273169,0.7218267901319709,0.03395238877239036,0.0806570848240535,0.6751611333813522,-0.3411216820019019,0.07675660992175994,3.452776706347361e-05,0.05725254450086929,0.07778420038549656,0.46431230968540477,-0.31782152627342297,0.07373190397635025,5.550406047029134e-05,-0.3750740707742923,0.08772198517640553,6.273047754293142e-05,2.0,False,False,2.0,False,True,2.0,False,False,3.0,True,True,0.9643961614460452,0.8337895658873563,0.9536651452960184,3.3194475120944616e-05,0.0056269657922716045,0.9676732650158699,False,False,True,0.9436441230167077,False,False,True,0.9464963577507013,False,True,False,1.348525551788375e-05,True,False,False,0.9802248253613225,0.9707596013717088,0.009322497107137874,0.9296740918450853,0.01177478997119752,0.012848932296724572,True,0001,late_onset_support_detected,True,False,False,False
NFE2,CPLANE1,CPLANE1,ENSG00000197603,0.1359015500343776,0.1359015500343776,True,-0.005206068031529072,0.005206068031529072,0.8821511867197146,0.0,0.6,False,0.0,0.61,False,-0.0033046443344879137,0.0033046443344879137,0.9248182192344628,0.0,0.54,False,0.017439503403312167,0.017439503403312167,0.5467764060356652,0.01,0.86,False,0.02,0.73,False,0.027644073473980124,0.027644073473980124,0.42565157750342936,0.0,0.88,False,0.057563324395388644,0.057563324395388644,0.21001371742112482,0.04,0.96,False,0.01,0.98,False,0.10570905962917672,0.10570905962917672,0.12661179698216735,0.09,1.0,False,0.1359015500343777,0.1359015500343777,0.014814814814814815,0.84,1.0,True,0.9,1.0,True,0.13294003202306962,0.13294003202306962,0.01673525377229081,0.85,1.0,True,0001,0001,day14_only_discovery,False,False,False,False,False,False,False,3,NFE2_288;NFE2_533;NFE2_682,True,True,day 14,0.1359015500343776,9702,3,NFE2_288;NFE2_533;NFE2_682,True,not_applicable,8.672828186356647,6.233971833916792e-05,3.0,66.0,-0.1879186861846198,0.09100353855593768,0.04285897378960554,0.08898547960888128,0.08172032172754501,0.2801569321880887,-0.2637699317717284,0.12097484214064312,0.03280061953978872,-0.6081593832271719,0.11167843484309779,8.188618314082101e-07,-0.2769041657935011,0.1223104861120071,0.02686995606684988,0.07585124558710861,0.15138215370596217,0.6179973397140383,0.42024069704255207,0.14406150366668422,0.004824470013937837,0.3527554113806097,0.1459901483464107,0.018453165088792852,0.6971448628360531,0.13838455041028785,3.894641622732137e-06,0.3443894514554435,0.16464199111999817,0.04031253125033301,3.0,True,True,3.0,True,True,3.0,True,True,3.0,True,True,0.3452826663099047,0.7690181363373905,0.30483892696677606,0.0001409866457555005,0.006001137536317996,0.31932156357983665,False,True,False,0.9137082399196017,False,False,False,0.542193665057658,False,True,False,4.768665959377224e-05,True,True,False,0.4068370451164448,0.9609505304627938,0.19494797199177383,0.3501974460940241,0.0019278476032524078,0.4779569573392776,True,0001,time_varying_support_candidate,False,False,True,True
NFE2,RIPOR3,RIPOR3,ENSG00000042062,0.1357763569227049,0.1357763569227049,True,0.04844054079473773,0.04844054079473773,0.16861023460008231,0.05,0.92,False,0.05,0.98,False,0.054465192746389085,0.054465192746389085,0.1200439017697901,0.14,0.97,False,0.05589618120645994,0.05589618120645994,0.06556927297668039,0.17,0.99,False,0.1,0.98,False,0.08074466968269894,0.08074466968269894,0.0355281207133059,0.43,1.0,False,0.060832725537733015,0.060832725537733015,0.1860082304526749,0.08,0.97,False,0.05,0.94,False,0.13491706769151798,0.13491706769151798,0.060905349794238686,0.26,1.0,False,0.13577635692270498,0.13577635692270498,0.015089163237311385,0.87,1.0,True,0.84,1.0,True,0.1349078486190246,0.1349078486190246,0.015912208504801097,0.83,1.0,True,0001,0001,day14_only_discovery,False,False,False,False,False,False,False,3,NFE2_288;NFE2_533;NFE2_682,True,False,day 14,0.1357763569227049,33603,3,NFE2_288;NFE2_533;NFE2_682,True,not_applicable,6.643733788467097,0.0005458381128723356,3.0,66.0,0.0481985481956807,0.051632207045452565,0.3539657138253164,0.14211010795068085,0.04636523632170672,0.003151628099482282,-0.024773106104378037,0.0686368705636346,0.7193044969567304,0.3519798627877836,0.06336241603162016,5.352896246430975e-07,-0.09391155975500014,0.0693946679763812,0.18057804507400232,0.07297165430005874,0.085888909674961,0.3986160900914019,-0.3037813145921029,0.08173543032093607,0.0004181508175547935,0.16688321405505888,0.08282967547888163,0.04800533786483477,-0.20986975483710274,0.0785145267102326,0.009463042936745302,-0.37675296889216164,0.09341207505527989,0.00014522792993826897,2.0,False,True,3.0,True,True,2.0,False,False,3.0,True,True,0.8066677704073162,0.07473321720928046,0.9512446877626971,0.00011225458648729693,0.025284444220203307,0.8106960366243219,False,False,False,0.1040037272829153,False,False,False,0.9374643550365125,False,True,False,4.101609890882003e-05,True,False,False,0.7716264923361569,0.9167242212898193,0.04435385457634774,0.5034391192844885,0.2651437502088071,0.02331497037387345,True,0001,late_amplification_support_detected,False,False,True,False
NFE2,PRR5,PRR5,ENSG00000186654,0.1342859652715215,0.1342859652715215,True,0.04079695634637158,0.04079695634637158,0.24434078748799562,0.02,0.95,False,0.03,0.82,False,0.04596295640089597,0.04596295640089597,0.1868569076690904,0.05,0.93,False,-2.399289227057879e-05,2.399289227057879e-05,0.9994513031550069,0.0,0.54,False,0.01,0.52,False,0.003732290805710777,0.003732290805710777,0.915363511659808,0.0,0.57,False,0.024746504425372073,0.024746504425372073,0.5799725651577503,0.0,0.82,False,0.0,0.78,False,0.04494770077785683,0.04494770077785683,0.4941015089163237,0.0,0.94,False,0.13428596527152148,0.13428596527152148,0.01577503429355281,0.87,1.0,True,0.9,1.0,True,0.13183735205689165,0.13183735205689165,0.01700960219478738,0.79,1.0,True,0001,0001,day14_only_discovery,False,False,False,False,False,False,False,3,NFE2_288;NFE2_533;NFE2_682,False,False,day 14,0.1342859652715215,35171,3,NFE2_288;NFE2_533;NFE2_682,True,not_applicable,1.3182792404755195,0.27588773948713224,3.0,66.0,0.20740790458577324,0.06543109634692387,0.002312698707810212,0.14911319808246992,0.058756509134750966,0.013523513457457148,0.08759893536983324,0.08698031612026658,0.3175589899057523,0.3043914999860201,0.08029624502568991,0.0003276932856124536,0.05829470650330333,0.08794063756229255,0.5097114389042321,0.11980896921594,0.10884302348585295,0.2750038972832339,-0.09698359540024686,0.10357951213626208,0.35252186045592443,0.06151426271263667,0.10496619816914197,0.5598483248339435,-0.1552783019035502,0.09949781068409348,0.12339598143662296,-0.21679256461618684,0.11837678132812673,0.071557883500097,3.0,True,True,3.0,True,True,3.0,True,True,3.0,True,True,0.06316059919260993,0.1883363867807855,0.7822296019330635,0.016220817637816454,0.7400130693429895,0.07150024425369593,False,False,False,0.2580570684255955,False,False,False,0.8274156193573177,False,False,False,0.006902475590560193,True,False,False,0.9397780817690553,0.8463251939011166,0.8929551603872884,0.9477221257013027,0.6947603125436402,0.5838651483387035,True,0001,localized_support_no_detected_heterogeneity,False,True,False,False
NFE2,CA8,CA8,ENSG00000178538,0.1342370387221671,0.1342370387221671,True,0.011069589037391794,0.011069589037391794,0.751543421594183,0.0,0.7,False,0.0,0.53,False,0.015144092768640526,0.015144092768640526,0.6604472492797366,0.0,0.73,False,0.015282455206290698,0.015282455206290698,0.5979423868312758,0.0,0.73,False,0.01,0.68,False,0.02176177799570219,0.02176177799570219,0.5289437585733882,0.01,0.88,False,-0.03481452936496657,0.03481452936496657,0.4374485596707819,0.0,0.84,False,0.0,0.88,False,-0.014722110583172944,0.014722110583172944,0.8183813443072703,0.0,0.6699999999999999,False,0.13423703872216713,0.13423703872216713,0.015912208504801097,0.81,1.0,True,0.76,1.0,True,0.13553673692559715,0.13553673692559715,0.015226337448559672,0.88,1.0,True,0001,0001,day14_only_discovery,False,False,False,False,False,False,False,3,NFE2_288;NFE2_533;NFE2_682,True,False,day 14,0.1342370387221671,15377,3,NFE2_288;NFE2_533;NFE2_682,True,not_applicable,2.6019065099748935,0.05931581898502004,3.0,66.0,0.09909578291920412,0.08425128341968022,0.24374277765747884,0.11499785253566944,0.07565686012069495,0.1332893398585349,0.18603675178039075,0.11199878459206776,0.10144495776014087,0.4363728823418069,0.10339214952667589,7.6088736019047e-05,-0.015902069616465307,0.11323532682509319,0.888744954846385,-0.08694096886118663,0.14014994294670147,0.5371684973012774,-0.33727709942260276,0.133372468454362,0.013842288872480629,-0.07103889924472132,0.1351580120948174,0.6009284431875682,-0.32137502980613747,0.12811673219009648,0.014591119022160424,-0.2503361305614161,0.15242593064779658,0.1052749460669673,3.0,True,True,3.0,True,True,3.0,True,True,3.0,True,True,0.7372061418969925,0.577741822081734,0.5237575394135043,0.00566120770941528,0.4032325262607069,0.7121976739565341,False,False,False,0.7100555389731884,False,False,False,0.7209117450018189,False,False,False,0.00231594860839716,True,False,False,0.9928329670556052,0.9431808672685744,0.31993461440675075,0.9591333053859948,0.32580571347176873,0.6654954534200183,True,0001,localized_support_no_detected_heterogeneity,False,False,True,False
NFE2,DCAF11,DCAF11,ENSG00000100897,0.1267869571428407,0.1267869571428407,True,0.021533849010561792,0.021533849010561792,0.5376594868980655,0.01,0.78,False,0.01,0.83,False,0.023514280107712913,0.023514280107712913,0.4971875428728221,0.02,0.8,False,0.052710931800105935,0.052710931800105935,0.08189300411522633,0.13,1.0,False,0.11,0.92,False,0.07422930222160569,0.07422930222160569,0.04938271604938271,0.18,1.0,False,0.05358005728718328,0.05358005728718328,0.24375857338820303,0.04,0.96,False,0.04,0.96,False,0.11681794507597323,0.11681794507597323,0.09327846364883402,0.1,1.0,False,0.1267869571428408,0.1267869571428408,0.018381344307270234,0.84,1.0,True,0.79,1.0,True,0.12340529747365361,0.12340529747365361,0.020164609053497942,0.76,1.0,True,0001,0001,day14_only_discovery,False,False,False,False,False,False,False,3,NFE2_288;NFE2_533;NFE2_682,True,False,day 14,0.1267869571428407,23983,3,NFE2_288;NFE2_533;NFE2_682,True,not_applicable,5.489521022329827,0.0019855555613748107,3.0,66.0,0.027865176774071812,0.05998655888008128,0.6438013731184811,0.10011065596257106,0.053867365695844334,0.06756299367538962,0.11039024821189838,0.07974266282643074,0.1709200197837346,0.3980912422775557,0.07361477491595524,9.480723818192691e-07,-0.07224547918849925,0.08062307568731968,0.3734618216987211,-0.08252507143782657,0.09978616898610385,0.41120631965255966,-0.3702260655034839,0.09496063569816815,0.00022887184070693266,-0.010279592249327327,0.09623193524843844,0.9152550205698163,-0.2979805863149847,0.09121857361818687,0.0017283872345145686,-0.28770099406565736,0.10852662051578206,0.010038045163287079,2.0,False,True,3.0,True,True,3.0,True,True,3.0,True,True,0.9413691281157486,0.4273952954545414,0.6453419654705345,0.0001564319430001794,0.060383519244386646,0.9496082260186736,False,False,False,0.5620786868792919,False,False,False,0.775669764780479,False,False,False,5.2143981000059796e-05,True,False,False,0.9025074128927597,0.9188421050326049,0.02774487211835061,0.9956124248502745,0.10694396013558893,0.2731514998118369,True,0001,late_amplification_support_detected,False,False,False,False
NFE2,WRN,WRN,ENSG00000165392,0.1209234471591345,0.1209234471591345,True,0.009627845720300031,0.009627845720300031,0.7833722046920016,0.01,0.72,False,0.03,0.51,False,0.017335958049929715,0.017335958049929715,0.6155851282754836,0.03,0.82,False,0.019076347450235887,0.019076347450235887,0.5100137174211248,0.01,0.79,False,0.04,0.77,False,0.029671969853573982,0.029671969853573982,0.39163237311385457,0.01,0.79,False,-0.020784035162913186,0.020784035162913186,0.6359396433470508,0.0,0.75,False,0.0,0.77,False,0.012023092589271518,0.012023092589271518,0.8530864197530864,0.0,0.66,False,0.12092344715913453,0.12092344715913453,0.02139917695473251,0.71,1.0,True,0.73,1.0,True,0.12456026406070904,0.12456026406070904,0.019753086419753086,0.82,1.0,True,0001,0001,day14_only_discovery,False,False,False,False,False,False,False,3,NFE2_288;NFE2_533;NFE2_682,True,False,day 14,0.1209234471591345,15124,3,NFE2_288;NFE2_533;NFE2_682,True,not_applicable,11.28846258941721,4.549700066025598e-06,3.0,66.0,0.01331595394866979,0.04054036897910026,0.7436025520981291,0.035219081502271904,0.03640487005776215,0.3368620282396473,-0.07767512902880795,0.05389202239158519,0.15422500485365917,0.31159228055783683,0.04975064736372482,3.232176771137183e-08,-0.021903127553602117,0.05448702672090062,0.6889917566519101,0.09099108297747774,0.06743790917886403,0.1818649941936547,-0.29827632660916703,0.06417669693955348,1.655287427872396e-05,0.11289421053107986,0.06503587195830982,0.08725235018815598,-0.2763731990555649,0.061647720777269994,3.003534755178986e-05,-0.38926740958664474,0.07334491796003877,1.395895316403613e-06,1.0,False,True,2.0,False,True,3.0,True,True,3.0,True,True,0.952966377446146,0.7935595668227264,0.6133827671480112,1.1635836376093858e-05,0.0009008406130730683,0.9498922923576101,False,False,True,0.9137082399196017,False,False,True,0.775669764780479,False,True,False,5.333091672376352e-06,True,False,False,0.9712850899852857,0.7716264923361569,0.00614525457597627,0.627286560297317,0.008920498222881589,0.0008291618179437461,True,0001,late_onset_support_detected,False,False,False,False
NFE2,PHKB,PHKB,ENSG00000102893,0.1187340081822055,0.1187340081822055,True,0.013143298982734758,0.013143298982734758,0.7033886678556729,0.02,0.72,False,0.02,0.76,False,0.017581956752974724,0.017581956752974724,0.610920565235286,0.03,0.69,False,0.022253129501414247,0.022253129501414247,0.4444444444444444,0.0,0.81,False,0.01,0.79,False,0.01809377314634345,0.01809377314634345,0.6026063100137174,0.0,0.77,False,0.035997692648871,0.035997692648871,0.42194787379972565,0.02,0.89,False,0.0,0.89,False,0.05968091994407902,0.05968091994407902,0.37229080932784636,0.0,0.99,False,0.11873400818220563,0.11873400818220563,0.022770919067215362,0.77,1.0,True,0.78,1.0,True,0.12092509820594737,0.12092509820594737,0.021810699588477367,0.71,1.0,True,0001,0001,day14_only_discovery,False,False,False,False,False,False,False,3,NFE2_288;NFE2_533;NFE2_682,True,True,day 14,0.1187340081822055,27314,3,NFE2_288;NFE2_533;NFE2_682,True,not_applicable,5.04693984148149,0.00329373044624282,3.0,66.0,-0.12424359953502352,0.035854519692500676,0.0009360360623311988,-0.08315975199550962,0.032197021469189645,0.012023043990503796,-0.20008214889080145,0.047662925295621286,8.235323692165519e-05,-0.28365499676567524,0.04400023015421793,1.5414141733282934e-08,-0.04108384753951389,0.04818915618546744,0.39699007347623033,0.07583854935577793,0.0596431138532848,0.20799960977362592,0.1594113972306517,0.056758848085598654,0.006538762504447443,0.11692239689529182,0.0575187155560991,0.046101851963833734,0.2004952447701656,0.054522183055263,0.00047530032398534805,0.08357284787487378,0.06486736237400226,0.20211723308174043,3.0,True,True,3.0,True,True,3.0,True,True,3.0,True,True,0.03530193149363378,0.176337978527389,0.005836118946973419,7.630000157975053e-06,0.09226184983473414,0.04398611554180854,False,True,False,0.25066636040792784,False,True,False,0.012854798623051038,False,True,False,3.0520000631900213e-06,True,True,False,0.9167242212898193,0.7970542182238299,0.21943643658993114,0.4998246106902883,0.04953129692057838,0.7883493512335682,True,0001,localized_support_no_detected_heterogeneity,True,True,True,True
NFE2,MCM4,MCM4,ENSG00000104738,-0.0921961618785027,0.0921961618785027,False,-0.018885373774183162,0.018885373774183162,0.5891068733708328,0.0,0.72,False,0.0,0.6699999999999999,False,-0.015859558745089604,0.015859558745089604,0.6454932089449856,0.01,0.71,False,-0.05387313623999841,0.05387313623999841,0.07585733882030178,0.13,0.99,False,0.2,0.97,False,-0.0690959167532723,0.0690959167532723,0.06213991769547325,0.37,1.0,False,-0.17363117167821107,0.17363117167821107,0.0017832647462277093,1.0,1.0,True,1.0,1.0,True,-0.20838435723124854,0.20838435723124854,0.008093278463648833,0.99,1.0,True,-0.09219616187850277,0.09219616187850277,0.046502057613168724,0.3,1.0,False,0.36,1.0,False,-0.07843472837520575,0.07843472837520575,0.0700960219478738,0.15,1.0,False,0010,0010,day11_only_preterminal_discovery,True,True,True,True,True,True,False,3,NFE2_288;NFE2_533;NFE2_682,False,False,day 11,-0.17363117167821107,15274,3,NFE2_288;NFE2_533;NFE2_682,True,not_applicable,5.605695423441457,0.001740273287217573,3.0,66.0,0.02414291040888669,0.06669580844766272,0.7185193572427825,-0.04066985518575443,0.059892208706494206,0.4994800831473233,0.07961482985698912,0.08866155125868043,0.372469212841114,0.3644124461567479,0.08184828432195117,3.35426079806103e-05,0.06481276559464112,0.08964043467224804,0.4722157471237203,-0.055471919448102425,0.1109468410369711,0.6187475731935359,-0.34026953574786123,0.10558159172381458,0.0019734320112909107,-0.12028468504274355,0.10699508089317886,0.2649971988917392,-0.40508230134250234,0.10142099541115349,0.00016593311503941172,-0.2847976162997588,0.12066487607436793,0.021228021941577198,2.0,False,True,3.0,True,True,3.0,True,True,3.0,True,True,0.9512446877626971,0.8822217347294381,0.8163220034640766,0.0032397250634930925,0.05687431468536691,0.9496082260186736,False,True,False,0.9733962250312008,False,False,False,0.8512444383323936,False,True,False,0.0011859707821715785,True,True,False,0.9311935235080889,0.9609505304627938,0.11492339359870599,0.8383047649338886,0.024215656564025006,0.3697284471613397,True,0001,localized_support_no_detected_heterogeneity,True,False,True,True
NFE2,CLSPN,CLSPN,ENSG00000092853,-0.0765126830686304,0.0765126830686304,False,-0.0782030406927998,0.0782030406927998,0.028398957332967486,0.31,1.0,False,0.21,0.99,False,-0.0748216400133605,0.0748216400133605,0.03484702977088764,0.34,1.0,False,-0.08726154599644115,0.08726154599644115,0.008367626886145405,0.72,1.0,True,0.63,1.0,False,-0.09177316240846661,0.09177316240846661,0.020987654320987655,0.66,1.0,False,-0.13113154979269884,0.13113154979269884,0.01083676268861454,0.74,1.0,True,0.66,1.0,False,-0.14853808876494953,0.14853808876494953,0.04197530864197531,0.48,1.0,False,-0.07651268306863043,0.07651268306863043,0.07640603566529493,0.11,1.0,False,0.15,1.0,False,-0.054508364706485686,0.054508364706485686,0.17722908093278464,0.01,1.0,False,0110,0000,preterminal_only_discovery,True,True,False,False,False,False,False,3,NFE2_288;NFE2_533;NFE2_682,False,False,day 11,-0.13113154979269884,783,3,NFE2_288;NFE2_533;NFE2_682,True,not_applicable,2.6953446089302173,0.05299933335249288,3.0,66.0,0.023148142245259785,0.06140495672237558,0.7074014525129021,0.04882509516381702,0.055141073618077456,0.37912448916127467,0.014895168230782066,0.08162819890323623,0.8557687127548308,0.26879203170221266,0.07535541548362819,0.0006780903969423576,-0.025676952918557237,0.08252942935602456,0.7566863064220456,0.008252974014477719,0.10214563899777176,0.9358485804751737,-0.2456438894569529,0.09720600471569153,0.013906695379430034,0.033929926933034954,0.0985073644756601,0.73161014195011,-0.21996693653839566,0.09337546060108334,0.02146670141944427,-0.2538968634714306,0.11109276078528486,0.02550611492535028,2.0,False,True,2.0,False,True,1.0,False,False,3.0,True,True,0.9512446877626971,0.8169205144578235,0.9771484091890561,0.02726167035665592,0.3858039707277055,0.9496082260186736,False,True,False,0.931168061653039,False,True,False,0.9630416018631186,False,True,False,0.011777359525840947,True,True,False,0.9816150484147943,0.9985290805278076,0.3201774052473427,0.9802248253613225,0.3697284471613397,0.402942347490906,True,0001,localized_support_no_detected_heterogeneity,True,True,True,True
NFE2,NME2,NME2,ENSG00000243678,-0.0722772249013726,0.0722772249013726,False,-0.06277107331969758,0.06277107331969758,0.07477020167375498,0.25,0.96,False,0.25,0.94,False,-0.06341723564554139,0.06341723564554139,0.07051721772533956,0.25,0.99,False,0.001350555279411889,0.001350555279411889,0.9603566529492455,0.0,0.54,False,0.0,0.5900000000000001,False,-0.02613896351693842,0.02613896351693842,0.45281207133058987,0.02,0.88,False,-0.1311717952754154,0.1311717952754154,0.010699588477366255,0.75,1.0,True,0.84,1.0,True,-0.2204664050024767,0.2204664050024767,0.004526748971193415,1.0,1.0,True,-0.07227722490137262,0.07227722490137262,0.0906721536351166,0.13,0.99,False,0.09,1.0,False,-0.06992934854463305,0.06992934854463305,0.097119341563786,0.06,1.0,False,0010,0010,day11_only_preterminal_discovery,True,True,True,True,True,True,False,3,NFE2_288;NFE2_533;NFE2_682,False,False,day 11,-0.1311717952754154,29456,3,NFE2_288;NFE2_533;NFE2_682,True,not_applicable,7.945322348875169,0.00013375433611188096,3.0,66.0,0.044474685204795784,0.11693471383128846,0.704916041611879,-0.03735270216050252,0.10500627323999598,0.7231856402529109,0.04721421676244108,0.15544624715670918,0.7622864907058281,0.7822661834110428,0.1435008575131035,8.010693720309371e-07,0.0818273873652983,0.1571624787236381,0.6043497011857031,-0.002739531557645297,0.19451802758076187,0.9888056998955075,-0.737791498206247,0.1851113810812327,0.00017073238941775509,-0.0845669189229436,0.18758958706404102,0.653605407383838,-0.8196188855715453,0.17781679765069647,1.9036284416759437e-05,-0.7350519666486017,0.21155621442562433,0.000909108034710231,3.0,True,True,3.0,True,True,2.0,False,True,3.0,True,True,0.9512446877626971,0.9512446877626971,0.9565297828404193,0.0001409866457555005,0.009458342339340153,0.9496082260186736,False,True,False,0.9888208610891526,False,False,False,0.9486884944511957,False,True,False,4.768665959377224e-05,True,True,False,0.9591333053859948,0.9995017924813784,0.024215656564025006,0.9685978378173001,0.006365186398928606,0.07013119124907496,True,0001,late_amplification_support_detected,True,True,True,True
NFE2,NASP,NASP,ENSG00000132780,-0.0684923768338829,0.0684923768338829,False,-0.03212328013123174,0.03212328013123174,0.36122924955412267,0.06,0.83,False,0.09,0.76,False,-0.03069905831402487,0.03069905831402487,0.3785155714089724,0.03,0.77,False,-0.06371133003726537,0.06371133003726537,0.03772290809327846,0.29,0.99,False,0.27,1.0,False,-0.08566701179087988,0.08566701179087988,0.027023319615912207,0.5,1.0,False,-0.18571970030900217,0.18571970030900217,0.0008230452674897119,1.0,1.0,True,0.99,1.0,True,-0.24141054376599502,0.24141054376599502,0.00205761316872428,1.0,1.0,True,-0.0684923768338829,0.0684923768338829,0.10589849108367627,0.08,1.0,False,0.04,1.0,False,-0.05531093071029983,0.05531093071029983,0.17229080932784638,0.04,1.0,False,0010,0010,day11_only_preterminal_discovery,True,True,True,True,True,True,False,3,NFE2_288;NFE2_533;NFE2_682,False,False,day 11,-0.18571970030900217,994,3,NFE2_288;NFE2_533;NFE2_682,True,not_applicable,3.87585252088112,0.012922109515023567,3.0,66.0,0.04409519987281016,0.05639629838993219,0.43708049464639187,-0.0250036518317132,0.05064334554238257,0.6231427340480602,0.004906221850915431,0.07496997812722421,0.9480195213028961,0.25853866944658643,0.0692088509422143,0.0003929656392137566,0.06909885170452336,0.07579769732525798,0.36528547518026494,0.03918897802189473,0.09381385874423215,0.6774995456865777,-0.2144434695737763,0.08927713884767983,0.01912822822026383,-0.02990987368262863,0.09047234974356332,0.7419962455555066,-0.28354232127829965,0.08575904323432484,0.0015319693873225343,-0.25363244759567105,0.10203118478748599,0.015464894905276607,2.0,False,True,3.0,True,True,2.0,False,False,3.0,True,True,0.8518661801444701,0.9381120358516175,0.9887808426663566,0.018307575662193834,0.20798251233402634,0.8538472723348222,False,True,False,0.9888208610891526,False,False,True,0.9811104728631491,False,True,False,0.00778071965643238,True,True,False,0.9008841650815853,0.9707721756808536,0.3561808013428437,0.9812286787757518,0.09680742724144525,0.33238077627362533,True,0001,localized_support_no_detected_heterogeneity,True,False,True,True
NFE2,NOP56,NOP56,ENSG00000101361,-0.0650896593397247,0.0650896593397247,False,-0.10430545904825658,0.10430545904825658,0.005076142131979695,0.68,0.99,False,0.65,1.0,False,-0.1004952079235483,0.1004952079235483,0.005762107284949925,0.61,1.0,False,-0.06991476089339975,0.06991476089339975,0.024691358024691357,0.34,1.0,False,0.28,0.99,False,-0.09082369903242621,0.09082369903242621,0.02167352537722908,0.59,1.0,False,-0.1723022843123669,0.1723022843123669,0.0019204389574759945,0.97,1.0,True,0.99,1.0,True,-0.22973842420116253,0.22973842420116253,0.0035665294924554186,1.0,1.0,True,-0.06508965933972477,0.06508965933972477,0.1215363511659808,0.08,1.0,False,0.09,1.0,False,-0.05800082103365821,0.05800082103365821,0.1569272976680384,0.03,1.0,False,0010,0010,day11_only_preterminal_discovery,True,True,True,True,True,True,False,3,NFE2_288;NFE2_533;NFE2_682,False,False,day 11,-0.1723022843123669,32935,3,NFE2_288;NFE2_533;NFE2_682,True,not_applicable,2.5941371318717943,0.05987392056598375,3.0,66.0,0.10194646218913014,0.08712698140229193,0.24617244706762148,0.024936593719640243,0.07823920986290667,0.7509434520486474,0.08008807766675918,0.11582157121125819,0.49169039812339266,0.38528983841153563,0.10692117108864652,0.0006032767389113835,0.0770098684694899,0.11710031959071358,0.5130565731813207,0.021858384522370954,0.14493359598836933,0.8805804370515373,-0.2833433762224055,0.13792479006778635,0.043907160981178535,-0.05515148394711895,0.13977127858689894,0.6944222798406885,-0.36035324469189545,0.1324896629437164,0.008338957699812742,-0.30520176074477645,0.15762859253578382,0.05712639897648391,3.0,True,True,3.0,True,True,1.0,False,True,3.0,True,True,0.7389085055789881,0.9536651452960184,0.8797928344461097,0.025147114590411357,0.4032325262607069,0.7148226396575423,False,True,False,0.9888208610891526,False,True,False,0.8797903037330299,False,True,False,0.01066507092004053,True,True,False,0.9397780817690553,0.9924590770128674,0.49230801014954984,0.9730758061461877,0.25143862302988673,0.5386203332068483,True,0001,localized_support_no_detected_heterogeneity,True,True,True,True
NFE2,FCHSD2,FCHSD2,ENSG00000137478,-0.0609259569996836,0.0609259569996836,False,-0.03909728279931713,0.03909728279931713,0.26574290026066677,0.05,0.87,False,0.02,0.81,False,-0.03833972587732818,0.03833972587732818,0.26999588420908216,0.06,0.91,False,-0.05726198648305916,0.05726198648305916,0.05925925925925926,0.17,1.0,False,0.13,0.9299999999999999,False,-0.07840460199685349,0.07840460199685349,0.04060356652949246,0.33,1.0,False,-0.13820364001932883,0.13820364001932883,0.008367626886145405,0.82,1.0,True,0.76,1.0,True,-0.19010748530578359,0.19010748530578359,0.013991769547325103,0.94,1.0,True,-0.0609259569996836,0.0609259569996836,0.14595336076817558,0.02,1.0,False,0.04,1.0,False,-0.05508990297716581,0.05508990297716581,0.17325102880658436,0.01,1.0,False,0010,0010,day11_only_preterminal_discovery,True,True,True,True,True,True,False,3,NFE2_288;NFE2_533;NFE2_682,False,False,day 11,-0.13820364001932883,20238,3,NFE2_288;NFE2_533;NFE2_682,True,not_applicable,6.965427617328859,0.0003836936172737982,3.0,66.0,0.061653069980740605,0.13045860182608174,0.638066740839802,0.0910951587500138,0.117150597466053,0.43958909710415695,0.04738865647166532,0.17342412187739614,0.7855120124414731,0.8845982362531295,0.16009720825086643,6.008013896237661e-07,-0.02944208876927319,0.1753388413246457,0.8671633291525472,0.014264413509075289,0.21701468346488,0.9477913449304238,-0.8229451662723889,0.2065201270582057,0.0001712218140890657,0.04370650227834848,0.2092849457930483,0.8352184585020123,-0.7935030775031157,0.19838190082861512,0.00016269234653868732,-0.8372095797814642,0.23602339320217228,0.0007223783787556451,3.0,True,True,3.0,True,True,1.0,False,False,3.0,True,True,0.9413691281157486,0.8524667756971855,0.9657334893723171,0.00011895867514550569,0.021993387099773238,0.9496082260186736,False,True,False,0.952314909881353,False,True,False,0.9518444214407079,False,True,False,4.248524112339489e-05,True,True,False,0.9915207266922292,0.9985290805278076,0.024215656564025006,0.988283663135111,0.024215656564025006,0.0614571653730941,True,0001,late_amplification_support_detected,True,True,True,True
NFE2,CHD4,CHD4,ENSG00000111642,-0.0591644244320945,0.0591644244320945,False,0.011293799199555,0.011293799199555,0.7470160515845795,0.02,0.67,False,0.06,0.85,False,0.013161838297375874,0.013161838297375874,0.7040746330086431,0.0,0.63,False,-0.12261650218494088,0.12261650218494088,0.0010973936899862826,0.99,1.0,True,0.88,1.0,True,-0.14293547728911002,0.14293547728911002,0.0017832647462277093,0.99,1.0,True,-0.0527025372735599,0.0527025372735599,0.25130315500685874,0.04,0.95,False,0.04,0.96,False,-0.13335125932997952,0.13335125932997952,0.0626886145404664,0.2,1.0,False,-0.059164424432094596,0.059164424432094596,0.15651577503429356,0.05,0.98,False,0.05,0.99,False,-0.050565940889135096,0.050565940889135096,0.20727023319615911,0.02,0.97,False,0100,0100,early_only_discovery,True,True,True,True,True,True,False,3,NFE2_288;NFE2_533;NFE2_682,False,False,day 9,-0.12261650218494088,21103,3,NFE2_288;NFE2_533;NFE2_682,True,not_applicable,6.633002010386186,0.0005523252080714539,3.0,66.0,-0.04466634816260112,0.04823689978776621,0.35783060535953554,0.01510343517297364,0.04331628233744548,0.7284409150860296,0.12348886060838263,0.06412334541905892,0.058438630734331413,0.2748858076269115,0.05919573629183457,1.679978740700676e-05,-0.05976978333557476,0.0648313104654864,0.35992418330427395,-0.16815520877098375,0.08024089935230627,0.03995457831322824,-0.3195521557895126,0.07636055065455866,8.618454018091524e-05,-0.108385425435409,0.07738283881629855,0.16600612282759536,-0.25978237245393787,0.07335145200110023,0.0007352130400238839,-0.15139694701852888,0.0872693452643273,0.08743994476871692,3.0,True,True,3.0,True,False,3.0,True,True,3.0,True,True,0.8066677704073162,0.9512446877626971,0.4059946977332498,0.0021460373590886056,0.025284444220203307,0.8106960366243219,False,False,False,0.9888208610891526,False,True,True,0.612700367187476,False,True,False,0.0007559904333153042,True,True,False,0.8988485678557989,0.4746603903611515,0.01606528695068436,0.7502660254224512,0.06150937264425169,0.627286560297317,True,0001,late_amplification_support_detected,True,True,True,True
NFE2,DNMT1,DNMT1,ENSG00000130816,-0.0575762461240391,0.0575762461240391,False,-0.00883308604904586,0.00883308604904586,0.7966799286596241,0.02,0.53,False,0.03,0.69,False,-0.0056409528921360945,0.0056409528921360945,0.8684318836603101,0.01,0.5800000000000001,False,-0.03594809378408481,0.03594809378408481,0.22030178326474623,0.01,0.96,False,0.04,0.81,False,-0.03367668559484996,0.03367668559484996,0.3329218106995885,0.0,0.95,False,-0.17180022738463638,0.17180022738463638,0.00205761316872428,0.99,1.0,True,0.98,1.0,True,-0.19838395071887607,0.19838395071887607,0.010699588477366255,0.94,1.0,True,-0.05757624612403909,0.05757624612403909,0.16639231824417008,0.02,1.0,False,0.11,1.0,False,-0.04166607073709336,0.04166607073709336,0.29519890260631,0.0,0.97,False,0010,0010,day11_only_preterminal_discovery,True,True,True,True,True,True,False,3,NFE2_288;NFE2_533;NFE2_682,False,False,day 11,-0.17180022738463638,31263,3,NFE2_288;NFE2_533;NFE2_682,True,not_applicable,3.6517018527119665,0.0168568907967804,3.0,66.0,-0.039955859829821444,0.0610873610426037,0.5153346489417682,-0.013894280705672325,0.054855875684655525,0.8008337411517323,0.009916296819590699,0.08120600557059636,0.9031807017269344,0.2543429599419763,0.07496566593110884,0.0011735476690761643,-0.02606157912414912,0.08210257472381599,0.7519216221285521,-0.04987215664941214,0.10161732637636724,0.6252071265309952,-0.2942988197717978,0.09670324062638246,0.0033574103103496205,-0.023810577525263023,0.09799786955777208,0.8087818982670364,-0.26823724064764864,0.09289250866256651,0.005243624520229266,-0.24442666312238565,0.11051817230313907,0.030459026769450108,2.0,False,True,2.0,False,False,1.0,False,True,3.0,True,True,0.8939579461163012,0.9707940257676523,0.9870175863696992,0.04006248939260009,0.23178224845573053,0.8988714273708274,False,False,False,0.9888208610891526,False,False,True,0.976182468404119,False,True,False,0.018441463371196867,True,True,False,0.9816150484147943,0.9609505304627938,0.16146895964491248,0.9862703046253984,0.2035760107853715,0.4192208285027761,True,0001,localized_support_no_detected_heterogeneity,False,False,True,True
NFE2,PPP1R14B,PPP1R14B,ENSG00000173457,-0.0575066603743085,0.0575066603743085,False,-0.050662197041141686,0.050662197041141686,0.149677596378104,0.09,0.95,False,0.18,0.96,False,-0.04831284370464869,0.04831284370464869,0.16504321580463713,0.11,0.98,False,-0.046335861760122804,0.046335861760122804,0.1176954732510288,0.13,0.97,False,0.18,0.91,False,-0.07829805476521452,0.07829805476521452,0.040740740740740744,0.32,1.0,False,-0.1549722081113118,0.1549722081113118,0.0031550068587105624,0.93,1.0,True,0.96,1.0,True,-0.23834687449612288,0.23834687449612288,0.0023319615912208505,1.0,1.0,True,-0.057506660374308606,0.057506660374308606,0.16680384087791494,0.07,0.99,False,0.02,1.0,False,-0.05560410796649654,0.05560410796649654,0.17050754458161865,0.03,0.98,False,0010,0010,day11_only_preterminal_discovery,True,True,True,True,True,True,False,3,NFE2_288;NFE2_533;NFE2_682,False,False,day 11,-0.1549722081113118,19936,3,NFE2_288;NFE2_533;NFE2_682,True,not_applicable,4.004903604772994,0.011094639002394706,3.0,66.0,0.043229965293450974,0.19505333002646705,0.8252850647210518,-0.053574331972145166,0.17515605587132282,0.7606691633573607,-0.016152439092492553,0.25929261854421615,0.9505167783714568,0.9058689837354204,0.23936707246719216,0.00033471294580501024,0.09680429726559614,0.2621553841957318,0.7131137353160616,0.05938240438594353,0.3244664290584316,0.855346860737412,-0.8626390184419693,0.30877564174644323,0.006812428260653362,-0.03742189287965261,0.31290942130257826,0.9051685642605697,-0.9594433157075655,0.29660788811141214,0.0019038475931420459,-0.9220214228279129,0.3528870320839665,0.011110130167415397,1.0,False,True,3.0,True,True,3.0,True,False,3.0,True,True,0.9735266179015089,0.9562350116568977,0.9889769948373539,0.016363744017133836,0.19755410754498948,0.9808309892843232,False,True,False,0.9888208610891526,False,False,False,0.9822668168974344,False,False,False,0.006903454507228336,True,True,False,0.9802248253613225,0.9895866001262784,0.22481013260156096,0.9950244431577739,0.11271662101202559,0.2844576430795149,True,0001,localized_support_no_detected_heterogeneity,True,False,False,True
NFE2,PRKDC,PRKDC,ENSG00000253729,-0.0558848218395239,0.0558848218395239,False,-0.06202415785445355,0.06202415785445355,0.07861160653038826,0.17,0.98,False,0.26,0.95,False,-0.056758422504421424,0.056758422504421424,0.10481547537385101,0.2,0.97,False,-0.08292431886742936,0.08292431886742936,0.011111111111111112,0.68,1.0,False,0.36,0.98,False,-0.10876686302050066,0.10876686302050066,0.01056241426611797,0.85,1.0,True,-0.14394230909215108,0.14394230909215108,0.0054869684499314125,0.85,1.0,True,0.83,1.0,True,-0.1990205388562285,0.1990205388562285,0.010150891632373114,0.94,1.0,True,-0.055884821839523924,0.055884821839523924,0.1766803840877915,0.01,0.99,False,0.02,1.0,False,-0.03921597492941502,0.03921597492941502,0.3230452674897119,0.01,0.92,False,0010,0010,day11_only_preterminal_discovery,True,True,True,True,True,True,False,3,NFE2_288;NFE2_533;NFE2_682,False,False,day 11,-0.14394230909215108,15272,3,NFE2_288;NFE2_533;NFE2_682,True,not_applicable,4.456137976977211,0.00653248402310573,3.0,66.0,0.004375281279020723,0.06769690828449601,0.9486636040109654,-0.00999235154807274,0.06079118694454505,0.8699408960623543,-0.024955319886854815,0.08999235549607268,0.7824127357962126,0.329011352183123,0.08307682185657132,0.00018602066612888898,0.014367632827093463,0.09098593188733124,0.8750094773048378,0.02933060116587554,0.11261214605454858,0.7953223171701206,-0.3246360709041023,0.1071663646909232,0.0034972517687619775,0.014962968338782077,0.10860107024269215,0.8908344090201735,-0.33900370373119576,0.10294331809260429,0.0015947673446516889,-0.35396667206997784,0.12247604817889907,0.005207111897879294,1.0,False,False,3.0,True,True,3.0,True,True,3.0,True,True,0.9887808426663566,0.9794009521686806,0.9643961614460452,0.010375237153104231,0.1495526391916004,0.9974405474986257,False,True,True,0.9888208610891526,False,False,True,0.9504506407929145,False,False,False,0.004604011486690002,True,True,False,0.9924590770128674,0.9854786351936684,0.16416625711752858,0.9928329670556052,0.0997149266024319,0.2035760107853715,True,0001,localized_support_no_detected_heterogeneity,True,False,False,True
NFE2,MCM6,MCM6,ENSG00000076003,-0.0503397057785943,0.0503397057785943,False,-0.022969582609157883,0.022969582609157883,0.5124159692687611,0.01,0.87,False,0.01,0.54,False,-0.020731915859333278,0.020731915859333278,0.5524763342022225,0.0,0.73,False,-0.06125022714392899,0.06125022714392899,0.04430727023319616,0.27,0.99,False,0.17,0.96,False,-0.07653949516580823,0.07653949516580823,0.043621399176954734,0.32,1.0,False,-0.15284449033686717,0.15284449033686717,0.004252400548696845,0.91,1.0,True,0.94,1.0,True,-0.1910942430401975,0.1910942430401975,0.013443072702331962,0.93,1.0,True,-0.050339705778594306,0.050339705778594306,0.21646090534979423,0.0,1.0,False,0.02,0.96,False,-0.04490544304962572,0.04490544304962572,0.26145404663923183,0.02,0.99,False,0010,0010,day11_only_preterminal_discovery,True,True,True,True,True,True,False,3,NFE2_288;NFE2_533;NFE2_682,False,False,day 11,-0.15284449033686717,4925,3,NFE2_288;NFE2_533;NFE2_682,True,not_applicable,14.629962072458644,2.0890810394776278e-07,3.0,66.0,-0.030476586538206663,0.0730099508168949,0.6777182972311313,0.014957502908497209,0.06556224916904181,0.8202411967484161,0.1072232408455402,0.0970552070273722,0.2732725217639499,0.6676972069302165,0.08959692298328079,2.5293423467867034e-10,-0.04543408944670387,0.09812676207023711,0.64487727015542,-0.13769982738374686,0.12145026195694882,0.2609816712352073,-0.6981737934684231,0.11557708045437624,7.874654679443027e-08,-0.09226573793704299,0.11712438570694665,0.43365803946529646,-0.6527397040217192,0.11102259735826518,1.4959969660810824e-07,-0.5604739660846763,0.1320883106834137,7.03080491230653e-05,2.0,False,True,2.0,False,False,2.0,False,True,3.0,True,True,0.9477250529738995,0.9723150463918616,0.7613486525833119,1.6693659488792242e-07,6.893967430276171e-05,0.9496082260186736,False,False,False,0.9888208610891526,False,True,True,0.8223094119948645,False,True,False,6.260122308297091e-08,True,True,False,0.9652116177693052,0.8367133318086122,0.00019409477135300793,0.9213256071502306,0.00022215554946304074,0.013920993726366928,True,0001,late_amplification_support_detected,False,True,True,True
NFE2,WDR43,WDR43,ENSG00000163811,-0.0414979398611337,0.0414979398611337,False,-0.023224022291155697,0.023224022291155697,0.5069282480449994,0.0,0.75,False,0.0,0.62,False,-0.02014590184300048,0.02014590184300048,0.5635889696803402,0.0,0.75,False,-0.05502254905662107,0.05502254905662107,0.06995884773662552,0.21,1.0,False,0.12,0.96,False,-0.09180979922049524,0.09180979922049524,0.020850480109739368,0.62,1.0,False,-0.15387430786601317,0.15387430786601317,0.003978052126200274,0.91,1.0,True,0.95,1.0,True,-0.21667903915696163,0.21667903915696163,0.005761316872427984,1.0,1.0,True,-0.04149793986113369,0.04149793986113369,0.30246913580246915,0.0,0.94,False,0.01,0.94,False,-0.03982046280236952,0.03982046280236952,0.3160493827160494,0.0,0.9299999999999999,False,0010,0010,day11_only_preterminal_discovery,True,True,True,True,True,True,False,3,NFE2_288;NFE2_533;NFE2_682,False,False,day 11,-0.15387430786601317,3776,3,NFE2_288;NFE2_533;NFE2_682,True,not_applicable,4.775438642807925,0.004506094241015553,3.0,66.0,0.0029014497519616513,0.09430306166802462,0.9755479779972315,-0.015334226546185282,0.08468326244991566,0.8568617338920448,0.15275969463033143,0.12536103738049928,0.2273498459695849,0.4891831736125394,0.1157275694452649,7.439150881468872e-05,0.018235676298146933,0.12674510791002755,0.8860361914970843,-0.14985824487836977,0.15687082945238157,0.34291349968789553,-0.4862817238605777,0.14928475397598998,0.0017775896610941107,-0.1680939211765167,0.15128332569148606,0.2705481507926608,-0.5045174001587247,0.14340197093788462,0.000791927886111879,-0.3364234789822079,0.17061142993018827,0.05281803119968988,1.0,False,False,2.0,False,True,2.0,False,True,3.0,True,True,0.9958109126772241,0.9771484091890561,0.7162092056008507,0.00566120770941528,0.1143854691950102,0.9978985780075468,False,True,False,0.9888208610891526,False,False,False,0.8025228057974463,False,True,False,0.00231594860839716,True,True,False,0.9928329670556052,0.8871542631298343,0.10885445965875275,0.8419078256079263,0.06443906360965153,0.5281803119968987,True,0001,localized_support_no_detected_heterogeneity,True,False,True,True
NFE2,XRCC2,XRCC2,ENSG00000196584,-0.0364431048824147,0.0364431048824147,False,-0.04291768948697332,0.04291768948697332,0.22266428865413637,0.1,0.94,False,0.04,0.91,False,-0.04232972353890491,0.04232972353890491,0.2256825353272054,0.07,0.9299999999999999,False,-0.09300814454564331,0.09300814454564331,0.005898491083676269,0.85,1.0,True,0.64,1.0,False,-0.09954292426223611,0.09954292426223611,0.014677640603566529,0.86,1.0,True,-0.09739256661602616,0.09739256661602616,0.04458161865569273,0.3,1.0,False,0.28,1.0,False,-0.12893457610191356,0.12893457610191356,0.0691358024691358,0.18,1.0,False,-0.03644310488241471,0.03644310488241471,0.3643347050754458,0.01,0.86,False,0.01,0.92,False,-0.030426349596882993,0.030426349596882993,0.43580246913580245,0.0,0.94,False,0100,0000,early_only_discovery,True,True,False,False,True,True,False,3,NFE2_288;NFE2_533;NFE2_682,False,False,day 9,-0.09300814454564331,14628,3,NFE2_288;NFE2_533;NFE2_682,True,not_applicable,17.3625801749392,2.0367397148683615e-08,3.0,66.0,0.012762302971521526,0.09424462199648176,0.892694523375522,0.07990000217931481,0.08463078417450004,0.3485614520258591,-0.17794345424338442,0.1252833510602547,0.16021912951331577,0.9057963938404984,0.11565585299166085,5.295470360797007e-11,-0.06713769920779328,0.12666656388033315,0.5978664380426825,0.19070575721490596,0.1567736164925296,0.22814968602896654,-0.8930340908689769,0.14919224211227738,9.802766229949895e-08,0.25784345642269924,0.1511895753115202,0.09281669190095927,-0.8258963916611837,0.14331310463882735,2.3701090294088745e-07,-1.083739848083883,0.17050570191086187,2.222844029838654e-08,1.0,False,False,3.0,True,True,3.0,True,True,3.0,True,True,0.9842528854695063,0.8036545732489939,0.6257078430697539,5.2425156571890366e-08,2.016372317719678e-05,0.9974405474986257,False,True,False,0.9273603450848704,False,True,False,0.775669764780479,False,False,False,1.747505219063012e-08,True,True,False,0.9591333053859948,0.817556277471514,0.00019409477135300793,0.6433760954238695,0.0002815689526937743,0.00013203693537241606,True,0001,late_amplification_support_detected,True,True,False,True
NFE2,HNRNPA1,HNRNPA1,ENSG00000135486,0.0347626875920561,0.0347626875920561,False,0.012555701566982463,0.012555701566982463,0.7182055151598299,0.02,0.71,False,0.02,0.69,False,0.011290045436195377,0.011290045436195377,0.7431746467279462,0.02,0.65,False,-0.04438816424513844,0.04438816424513844,0.13484224965706448,0.1,0.94,False,0.11,0.91,False,-0.05590616108254594,0.05590616108254594,0.12043895747599451,0.13,0.98,False,-0.12482013638605104,0.12482013638605104,0.014677640603566529,0.71,1.0,True,0.73,1.0,True,-0.19773232708296684,0.19773232708296684,0.01083676268861454,0.96,1.0,True,0.034762687592056155,0.034762687592056155,0.3850480109739369,0.0,0.85,False,0.0,0.89,False,0.041459781848995715,0.041459781848995715,0.29698216735253774,0.01,0.89,False,0010,0010,day11_only_preterminal_discovery,True,True,True,True,True,True,False,3,NFE2_288;NFE2_533;NFE2_682,False,False,day 11,-0.12482013638605104,21837,3,NFE2_288;NFE2_533;NFE2_682,True,not_applicable,6.1589782783559315,0.000934106350702477,3.0,66.0,-0.016220880486071367,0.04538216891051357,0.7219114856469765,0.03280414129663327,0.04075276085864886,0.4237359573169266,0.05084671874283671,0.06032843125737082,0.402366631416853,0.2779141485396509,0.05569244530635412,4.6580566056399905e-06,-0.04902502178270464,0.06099449788812596,0.4244202760453464,-0.06706759922890808,0.075492124575996,0.37754921804685715,-0.29413502902572225,0.07184142063756555,0.00011785541382178558,-0.01804257744620344,0.07280320827805284,0.8050379197733618,-0.24511000724301762,0.06901040488073859,0.0007117902788907798,-0.22706742979681416,0.08210461669222115,0.007361007573456552,2.0,False,True,3.0,True,True,3.0,True,True,3.0,True,True,0.9512446877626971,0.8440615648767753,0.8337895658873563,0.0006831816354938653,0.03853188696647718,0.9496082260186736,False,False,True,0.952314909881353,False,True,True,0.8723316954244743,False,True,False,0.00024270926524124162,True,True,False,0.9203983573186887,0.9057838930365064,0.020590034061806067,0.9862703046253984,0.0614571653730941,0.23507733863619312,True,0001,late_onset_support_detected,True,True,True,False
NFE2,MPHOSPH10,MPHOSPH10,ENSG00000124383,0.033365120973939,0.033365120973939,False,-0.10032038253661944,0.10032038253661944,0.006173686376732062,0.71,1.0,True,0.62,1.0,False,-0.1012480056251236,0.1012480056251236,0.005350528193167787,0.59,1.0,False,-0.028332620806193864,0.028332620806193864,0.33209876543209876,0.01,0.89,False,0.03,0.81,False,-0.04752047619429983,0.04752047619429983,0.1776406035665295,0.04,0.99,False,-0.06415104804156013,0.06415104804156013,0.16570644718792868,0.06,0.96,False,0.04,0.97,False,-0.1035186973896459,0.1035186973896459,0.13388203017832648,0.07,1.0,False,0.03336512097393907,0.03336512097393907,0.4027434842249657,0.01,0.9,False,0.0,0.92,False,0.034388403495376994,0.034388403495376994,0.3842249657064472,0.01,0.89,False,1000,0000,early_only_discovery,True,True,False,False,False,False,False,3,NFE2_288;NFE2_533;NFE2_682,False,False,day 7,-0.10032038253661944,4185,3,NFE2_288;NFE2_533;NFE2_682,True,not_applicable,4.1475108023112846,0.009378964031266902,3.0,66.0,0.05289313286258007,0.0649687336452425,0.4184970053671867,-0.02907528871607931,0.05834131177719993,0.6198833259908992,0.11409805634773341,0.08636567787943328,0.19102867303711896,0.31418702082436406,0.07972883914595193,0.00019876341073571835,0.08196842157865938,0.08731921330011455,0.3512965252767728,-0.06120492348515334,0.1080738944752177,0.5730937782749138,-0.261293887961784,0.10284757723460256,0.013426259522691487,-0.14317334506381274,0.10422446438077043,0.17418229410305283,-0.34326230954044334,0.09879471874268139,0.0009091049617920122,-0.20008896447663066,0.11754028291243435,0.09340497312148181,2.0,False,True,3.0,True,True,3.0,True,True,3.0,True,True,0.8409377780621458,0.9381120358516175,0.6682628491404514,0.01093198759046451,0.1848941984897848,0.8450359591715938,False,True,False,0.9888208610891526,False,False,False,0.7797726582260645,False,True,False,0.00479940918605759,True,True,False,0.8921339718443909,0.949266814723383,0.31398417938892687,0.7625653174039213,0.07013119124907496,0.6433760954238695,True,0001,localized_support_no_detected_heterogeneity,True,False,True,False
NFE2,RNF217,RNF217,ENSG00000146373,0.0332992388168696,0.0332992388168696,False,0.04372305245315738,0.04372305245315738,0.2164906022774043,0.03,0.93,False,0.06,0.89,False,0.0423560655109317,0.0423560655109317,0.22527095623542323,0.04,0.95,False,0.0917244584309607,0.0917244584309607,0.006858710562414266,0.82,1.0,True,0.53,1.0,False,0.12419606468595303,0.12419606468595303,0.005624142661179698,0.96,1.0,True,0.0780454425915486,0.0780454425915486,0.09890260631001371,0.12,0.99,False,0.1,1.0,False,0.11750534476908354,0.11750534476908354,0.09135802469135802,0.15,1.0,False,0.03329923881686958,0.03329923881686958,0.403840877914952,0.0,0.87,False,0.01,0.85,False,0.03662918671568614,0.03662918671568614,0.353360768175583,0.0,0.88,False,0100,0000,early_only_discovery,True,True,False,False,True,True,False,3,NFE2_288;NFE2_533;NFE2_682,False,False,day 9,0.0917244584309607,12537,3,NFE2_288;NFE2_533;NFE2_682,True,not_applicable,7.030517145337016,0.0003574228668096321,3.0,66.0,-0.0871641303561097,0.10309900486603535,0.40091926070323064,0.07317802890634059,0.0925819367151676,0.43211717535768723,0.0026375432169815777,0.1370538556680359,0.9847040595691847,0.6271242055106635,0.12652184387580062,5.281874598819248e-06,-0.1603421592624503,0.1385670228095345,0.2513839146750103,-0.08980167357309128,0.17150266516250293,0.6022989404925284,-0.7142883358667732,0.16320901256394893,4.39427895835365e-05,0.07054048568935901,0.16539399734998284,0.6711317112739859,-0.5539461766043229,0.15677752384721405,0.0007548317201150549,-0.6244866622936819,0.18652489466880093,0.001347815392438549,3.0,True,True,2.0,False,True,1.0,False,False,3.0,True,True,0.8337895658873563,0.8507400329569803,0.9964077016174846,0.000747007978975865,0.021993387099773238,0.8409111612207593,False,True,False,0.952314909881353,False,False,False,0.9926181185738076,False,False,False,0.0002614527926415528,True,False,False,0.8302800082348707,0.9591333053859948,0.01070261010609975,0.970395265781241,0.062273616909492034,0.09309329571029047,True,0001,late_amplification_support_detected,True,False,False,False
NFE2,CALM1,CALM1,ENSG00000198668,-0.020367388317599,0.020367388317599,False,-0.05823067396063887,0.05823067396063887,0.09946494718068322,0.2,0.97,False,0.23,0.99,False,-0.06156775806763803,0.06156775806763803,0.07916037865276444,0.23,0.98,False,0.006495458859971613,0.006495458859971613,0.8275720164609054,0.01,0.57,False,0.03,0.53,False,-0.015596708537253418,0.015596708537253418,0.6522633744855967,0.0,0.8200000000000001,False,-0.14137196550876965,0.14137196550876965,0.006858710562414266,0.89,1.0,True,0.76,1.0,True,-0.21487105317182334,0.21487105317182334,0.006310013717421125,0.99,1.0,True,-0.020367388317599003,0.020367388317599003,0.601920438957476,0.0,0.75,False,0.0,0.6799999999999999,False,-0.01655188039814542,0.01655188039814542,0.6603566529492455,0.0,0.81,False,0010,0010,day11_only_preterminal_discovery,True,True,True,True,True,True,False,3,NFE2_288;NFE2_533;NFE2_682,False,False,day 11,-0.14137196550876965,24700,3,NFE2_288;NFE2_533;NFE2_682,True,not_applicable,11.780367192735437,2.840191328866258e-06,3.0,66.0,0.12929558658039725,0.05985710514828397,0.03440366101171945,0.1656022354385973,0.05375111746221323,0.0030084036364586217,0.36320554402451855,0.07957057452066588,2.239259559948589e-05,0.6352295800668315,0.07345591087197265,1.8413238575894644e-12,-0.036306648858200063,0.08044908741041976,0.6532529859886662,-0.2339099574441213,0.09957082587927833,0.02181718225775633,-0.5059339934864343,0.09475570631241113,1.2343185305375132e-06,-0.19760330858592123,0.09602426234023093,0.0435580378509021,-0.46962734462823424,0.0910217197731829,2.4561022133272448e-06,-0.272024036042313,0.10829241511564894,0.014460538018834389,3.0,True,True,3.0,True,True,3.0,True,True,3.0,True,True,0.31463856260140644,0.07389503023483288,0.00260807878158718,4.938093072543775e-09,0.0007029473538943988,0.3005046474865857,False,True,False,0.10270067586531156,False,True,False,0.0060980267977879974,True,True,False,1.8229106190135697e-09,True,True,False,0.9685978378173001,0.371329692295337,0.0008146502301547586,0.49230801014954984,0.0013262951951967122,0.3254601639574876,True,0011,late_amplification_support_detected,True,False,True,True
NFE2,CHAF1A,CHAF1A,ENSG00000167670,-0.0151447103580316,0.0151447103580316,False,-0.04936259666034103,0.04936259666034103,0.1605158457950336,0.06,0.98,False,0.03,0.9,False,-0.04640622473293342,0.04640622473293342,0.18219234462889286,0.07,0.97,False,-0.02692424433805505,0.02692424433805505,0.35665294924554186,0.01,0.84,False,0.07,0.8200000000000001,False,-0.03162561474908362,0.03162561474908362,0.361042524005487,0.0,0.96,False,-0.1406417133211236,0.1406417133211236,0.0075445816186556925,0.82,1.0,True,0.83,1.0,True,-0.16527021873072795,0.16527021873072795,0.02633744855967078,0.76,1.0,True,-0.015144710358031653,0.015144710358031653,0.6969821673525377,0.0,0.69,False,0.0,0.83,False,-0.0048579428080625636,0.0048579428080625636,0.9004115226337449,0.0,0.63,False,0010,0010,day11_only_preterminal_discovery,True,True,True,True,True,True,False,3,NFE2_288;NFE2_533;NFE2_682,False,False,day 11,-0.1406417133211236,31060,3,NFE2_288;NFE2_533;NFE2_682,True,not_applicable,3.37009150487945,0.023578869244987255,3.0,66.0,-0.016576803122235154,0.06991428406905097,0.8133122290200129,-0.001512138202741757,0.06278236954447568,0.9808571662200402,0.044096495074778905,0.0929400066507378,0.6367366479154191,0.30147989677280657,0.08579795843002302,0.0008029628443175745,-0.015064664919493397,0.09396612710177561,0.8731185540508438,-0.06067329819701406,0.11630069627103329,0.6036302613859084,-0.3180566998950417,0.11067654127071333,0.005452062356659847,-0.04560863327752066,0.1121582398304213,0.6855841140458998,-0.30299203497554833,0.10631517105464801,0.0058280763730664716,-0.25738340169802765,0.12648768519899137,0.04588628141015174,2.0,False,False,1.0,False,False,2.0,False,True,3.0,True,True,0.9723150463918616,0.9964077016174846,0.9413691281157486,0.031482503598986085,0.2778938161016355,0.9769053913731035,False,False,False,0.9939084898237869,False,False,True,0.905975588824765,False,True,False,0.013705745101282736,True,True,False,0.9924590770128674,0.9591333053859948,0.2089370993455451,0.9707721756808536,0.21009249738352986,0.4998246106902883,True,0001,localized_support_no_detected_heterogeneity,False,False,True,True
NFE2,PIR,PIR,ENSG00000087842,-0.0149478117516792,0.0149478117516792,False,-0.09761136946405576,0.09761136946405576,0.007682809713266566,0.73,1.0,True,0.69,1.0,False,-0.09409876513204003,0.09409876513204003,0.00919193304980107,0.54,1.0,False,-0.014553329601451255,0.014553329601451255,0.6167352537722908,0.0,0.73,False,0.0,0.79,False,-0.03244126715783924,0.03244126715783924,0.35075445816186557,0.0,0.95,False,-0.042105972478495755,0.042105972478495755,0.3541838134430727,0.01,0.9,False,0.0,0.97,False,-0.06002973379561769,0.06002973379561769,0.3683127572016461,0.0,0.96,False,-0.014947811751679302,0.014947811751679302,0.7013717421124829,0.01,0.69,False,0.0,0.5800000000000001,False,-0.014308272036436614,0.014308272036436614,0.7068587105624142,0.0,0.69,False,1000,0000,early_only_discovery,True,True,False,False,False,False,False,3,NFE2_288;NFE2_533;NFE2_682,False,False,day 7,-0.09761136946405576,35401,3,NFE2_288;NFE2_533;NFE2_682,True,not_applicable,8.23489772798897,9.851649460208199e-05,3.0,66.0,0.3904925437300482,0.13422497929036775,0.004932979782803032,0.4453468249724249,0.12053276900589525,0.00044899842557536974,0.8097420769242529,0.17843092629856716,2.463849211227474e-05,1.3350968546481017,0.1647192608316156,1.7156502741491767e-11,-0.0548542812423767,0.1804009242485418,0.7620321383099266,-0.41924953319420477,0.22327995997237268,0.06484378353738032,-0.9446043109180535,0.21248242269518072,3.435963936389277e-05,-0.3643952519518281,0.2153270625443844,0.09530750938059937,-0.8897500296756768,0.20410924352694643,4.673028772907699e-05,-0.5253547777238488,0.24283745664266562,0.0341360769688582,3.0,True,True,3.0,True,True,3.0,True,True,3.0,True,True,0.10281368389421057,0.019825232664816818,0.0026394769876588444,2.2646583618769132e-08,0.008127610804671765,0.11099204511306823,False,True,False,0.037042370109968005,True,True,False,0.0060980267977879974,True,True,False,8.492468857038424e-09,True,True,False,0.9818167958727516,0.5647684372610544,0.009322497107137874,0.6449277385497841,0.01070261010609975,0.4439199119378994,True,0111,late_amplification_support_detected,True,True,True,True
NFE2,RSL1D1,RSL1D1,ENSG00000171490,-0.0063773624148992,0.0063773624148992,False,-0.03647523633492412,0.03647523633492412,0.2981204554808616,0.06,0.87,False,0.0,0.7,False,-0.03682138960625806,0.03682138960625806,0.2881053642474962,0.08,0.92,False,-0.009375259482586688,0.009375259482586688,0.754320987654321,0.0,0.65,False,0.05,0.69,False,-0.03819457621856457,0.03819457621856457,0.27146776406035666,0.01,0.96,False,-0.14153799881890508,0.14153799881890508,0.006721536351165981,0.82,1.0,True,0.8,1.0,True,-0.20301307651983994,0.20301307651983994,0.009190672153635117,0.97,1.0,True,-0.0063773624148992574,0.0063773624148992574,0.8676268861454046,0.0,0.5800000000000001,False,0.0,0.56,False,-0.005629003799226689,0.005629003799226689,0.8850480109739369,0.0,0.61,False,0010,0010,day11_only_preterminal_discovery,True,True,True,True,True,True,False,3,NFE2_288;NFE2_533;NFE2_682,False,False,day 11,-0.14153799881890508,26811,3,NFE2_288;NFE2_533;NFE2_682,True,not_applicable,4.483870998533078,0.006324409905903033,3.0,66.0,-0.05387917144270894,0.08586564864931404,0.5325081300035169,0.09602602715180499,0.07710654491366972,0.21739983381653355,0.1375050113862435,0.11414482838235675,0.23263900547038882,0.44039216939754555,0.10537327888682492,8.782477322124436e-05,-0.14990519859451393,0.11540506438840192,0.19848147830501936,-0.19138418282895242,0.14283539989934257,0.18487517022597488,-0.4942713408402545,0.13592806009550795,0.00054285477528096,-0.04147898423443849,0.1377478170969016,0.7642676353146908,-0.3443661422457406,0.13057161702255335,0.01040860447580241,-0.30288715801130206,0.15534661164569458,0.05545628691820516,3.0,True,True,3.0,True,True,3.0,True,True,3.0,True,True,0.9011676046213363,0.7056868783780933,0.7228789595430134,0.005998906024090484,0.14907537635342863,0.9042590886852174,False,False,False,0.8717928470528922,False,True,False,0.8025228057974463,False,True,False,0.0025572507496774096,True,True,False,0.782335753902996,0.7755356717106573,0.0546535146638797,0.9822253751990445,0.2772516169787727,0.5321653381165407,True,0001,localized_support_no_detected_heterogeneity,False,True,True,True
NFE2,CCDC138,CCDC138,ENSG00000163006,-0.0062147400109239,0.0062147400109239,False,-0.08685747206721654,0.08685747206721654,0.017286321854849775,0.43,1.0,False,0.42,1.0,False,-0.08347496902596052,0.08347496902596052,0.02071614761970092,0.41,1.0,False,-0.05419283375596146,0.05419283375596146,0.0737997256515775,0.17,0.97,False,0.19,0.97,False,-0.0799874504735137,0.0799874504735137,0.03717421124828532,0.36,1.0,False,-0.12744323596776488,0.12744323596776488,0.012894375857338821,0.74,1.0,True,0.62,1.0,False,-0.18475307016612968,0.18475307016612968,0.015912208504801097,0.87,1.0,True,-0.006214740010923937,0.006214740010923937,0.870644718792867,0.0,0.55,False,0.0,0.6,False,-0.0040206081955710985,0.0040206081955710985,0.9174211248285322,0.0,0.6,False,0010,0000,day11_only_preterminal_discovery,True,True,False,False,True,True,False,3,NFE2_288;NFE2_533;NFE2_682,False,False,day 11,-0.12744323596776488,4670,3,NFE2_288;NFE2_533;NFE2_682,True,not_applicable,9.21276138079368,3.5739047477782845e-05,3.0,66.0,-0.07190326058064893,0.12922645211232728,0.5798103673403255,-0.04455807239016206,0.11604413861156984,0.702231093734852,-0.05507350392484932,0.17178617329341375,0.7495314538603216,0.8702876900888257,0.15858512911957104,6.952398706993329e-07,-0.027345188190486872,0.1736828086819211,0.8753762022997521,-0.016829756655799607,0.21496503264562444,0.9378337172609849,-0.9421909506694746,0.20456959476767464,1.928844363311699e-05,0.010515431534687265,0.20730830046309298,0.9596989408483715,-0.9148457624789876,0.19650823210230214,1.608997897798873e-05,-0.925361194013675,0.23379420975008297,0.00018747875397088059,3.0,True,True,3.0,True,True,2.0,False,False,3.0,True,True,0.9209288065734175,0.9512446877626971,0.9536651452960184,0.00013110237561758848,0.004422707125375627,0.9325151673704044,False,False,False,0.9888208610891526,False,False,False,0.9464746675021918,False,False,False,4.588583146615597e-05,True,True,False,0.9924590770128674,0.9985290805278076,0.006365186398928606,0.9985290805278076,0.00614525457597627,0.025041202258387997,True,0001,late_amplification_support_detected,False,False,False,True
NFE2,NUDT4,NUDT4,ENSG00000173598,0.004738556876488,0.004738556876488,False,0.05948458282695269,0.05948458282695269,0.09068459322266428,0.21,1.0,False,0.14,0.96,False,0.06199606904614696,0.06199606904614696,0.0769652901632597,0.19,0.99,False,0.05184584366303903,0.05184584366303903,0.08765432098765433,0.11,0.99,False,0.13,0.92,False,0.08700337246837009,0.08700337246837009,0.025377229080932786,0.56,1.0,False,0.1306472412855347,0.1306472412855347,0.010973936899862825,0.73,1.0,True,0.78,1.0,True,0.2191346561485278,0.2191346561485278,0.005212620027434842,1.0,1.0,True,0.004738556876488041,0.004738556876488041,0.9026063100137174,0.0,0.51,False,0.0,0.56,False,0.0018332958196928808,0.0018332958196928808,0.9631001371742113,0.0,0.51,False,0010,0010,day11_only_preterminal_discovery,True,True,True,True,True,True,False,3,NFE2_288;NFE2_533;NFE2_682,False,False,day 11,0.1306472412855347,22286,3,NFE2_288;NFE2_533;NFE2_682,True,not_applicable,4.610003035255864,0.005460114519609599,3.0,66.0,-0.21869182736063894,0.050336516247042336,4.920780126966569e-05,-0.3875546871447543,0.045201718170811755,2.493986400274634e-12,-0.5166353359951369,0.06691445413578974,8.366956510858293e-11,-0.37968145854581625,0.061772360054641706,5.1612403541186375e-08,0.16886285978411533,0.06765323490774292,0.015066293382073952,0.297943508634498,0.08373355982029823,0.0006973075342847332,0.16098963118517728,0.07968431046704896,0.04740937446820003,0.12908064885038265,0.08075109595469405,0.11470856329669338,-0.007873228598938048,0.0765442342199188,0.9183871316349469,-0.1369538774493207,0.09106793419755936,0.13738658525919667,3.0,True,True,3.0,True,True,3.0,True,True,3.0,True,True,0.004531695186694794,4.938093072543775e-09,6.626629556599769e-08,1.7032093168591503e-05,0.13184178961984153,0.009878982502365236,False,True,False,2.4690465362718876e-09,True,True,False,8.28328694574971e-08,True,True,False,7.29946850082493e-06,True,True,False,0.3290212598879385,0.0614571653730941,0.5025776911503514,0.6833359170420543,0.9956309587135882,0.7190099704313906,True,0111,localized_support_no_detected_heterogeneity,True,True,True,True
NFE2,PPIA,PPIA,ENSG00000196262,-0.0025674174802806,0.0025674174802806,False,-0.04141404993321738,0.04141404993321738,0.2392646453560159,0.06,0.91,False,0.08,0.86,False,-0.04494101228850648,0.04494101228850648,0.19742077102483194,0.1,0.94,False,-0.06107278372247696,0.06107278372247696,0.04513031550068587,0.31,0.99,False,0.34,0.97,False,-0.07909303578204999,0.07909303578204999,0.039780521262002745,0.39,1.0,False,-0.1584732224455988,0.1584732224455988,0.002880658436213992,0.95,1.0,True,0.95,1.0,True,-0.24866861490217768,0.24866861490217768,0.0015089163237311386,1.0,1.0,True,-0.0025674174802806614,0.0025674174802806614,0.9500685871056241,0.0,0.5900000000000001,False,0.0,0.51,False,0.007382842030668849,0.007382842030668849,0.8480109739368998,0.0,0.56,False,0010,0010,day11_only_preterminal_discovery,True,True,True,True,True,True,False,3,NFE2_288;NFE2_533;NFE2_682,False,False,day 11,-0.1584732224455988,13514,3,NFE2_288;NFE2_533;NFE2_682,True,not_applicable,3.623398387897413,0.01743377116496573,3.0,66.0,0.03427166737329501,0.061215070367257804,0.5774724484188718,0.00863908691252065,0.05497055745707832,0.8755997762942779,0.10202627057168948,0.08137577496237029,0.21434955014108611,0.3003011336699723,0.07512238925987778,0.000164015271233919,0.02563258046077436,0.08227421848434821,0.7563641108513104,-0.06775460319839446,0.10182976770470732,0.5081316843697368,-0.2660294662966773,0.09690540856000207,0.007782190751327721,-0.09338718365916883,0.09820274404449342,0.3450926732911842,-0.29166204675745167,0.09308670987447429,0.002578670794547274,-0.19827486309828282,0.11074922175274611,0.07799144918925321,3.0,True,True,2.0,False,True,3.0,True,True,3.0,True,True,0.9209288065734175,0.9800499909904367,0.704221311461027,0.009551477560092931,0.23643059525090507,0.9325151673704044,False,True,False,0.9888208610891526,False,True,True,0.8025228057974463,False,True,False,0.004273029434778417,True,True,False,0.9816150484147943,0.9388187263316443,0.2382794487777663,0.8886016056167324,0.1343623203474632,0.5967620389701872,True,0001,localized_support_no_detected_heterogeneity,True,True,True,True
NFE2,AGPAT5,AGPAT5,ENSG00000155189,-0.0016978809993191,0.0016978809993191,False,-0.014817462463219503,0.014817462463219503,0.6726574290026067,0.01,0.61,False,0.01,0.6699999999999999,False,-0.016289881550892463,0.016289881550892463,0.6372616271093429,0.0,0.69,False,-0.027829897894213168,0.027829897894213168,0.34074074074074073,0.01,0.95,False,0.05,0.76,False,-0.05123290121594857,0.05123290121594857,0.15089163237311384,0.1,1.0,False,-0.1612367336065762,0.1612367336065762,0.0027434842249657062,0.99,1.0,True,0.95,1.0,True,-0.23049587816423783,0.23049587816423783,0.0031550068587105624,0.99,1.0,True,-0.0016978809993191473,0.0016978809993191473,0.9683127572016461,0.0,0.56,False,0.0,0.54,False,0.0028171021720472633,0.0028171021720472633,0.9414266117969822,0.0,0.54,False,0010,0010,day11_only_preterminal_discovery,True,True,True,True,True,True,False,3,NFE2_288;NFE2_533;NFE2_682,False,False,day 11,-0.1612367336065762,14762,3,NFE2_288;NFE2_533;NFE2_682,True,not_applicable,5.734258323278979,0.0015047285366194233,3.0,66.0,0.04686302422769965,0.0806674131630787,0.5632586912740726,-0.031449437301408915,0.07243857833685823,0.6655932430198453,0.22521164753638492,0.10723459469984266,0.0395388020471553,0.449221670544154,0.09899406756976416,2.4661779935196274e-05,0.07831246152910856,0.10841853705841992,0.47265176967062306,-0.17834862330868528,0.13418826270155806,0.1883938411939964,-0.40235864631645435,0.12769908754736609,0.002447487974390749,-0.2566610848377938,0.12940867796212385,0.051492916846544216,-0.4806711078455629,0.1226669191162482,0.00021417514375063565,-0.22401002300776907,0.14594205601692253,0.12958260600651558,3.0,True,True,3.0,True,True,3.0,True,True,3.0,True,True,0.91479565785516,0.9451519575873707,0.33574713756577185,0.0026394769876588444,0.05136831900873203,0.9262892099025446,False,True,False,0.9888208610891526,False,False,False,0.5698226078320594,False,True,False,0.0009766064854337725,True,True,False,0.9311935235080889,0.7778766923652594,0.13097368079172117,0.522796619798015,0.027068092635718636,0.7094160929443074,True,0001,localized_support_no_detected_heterogeneity,True,False,True,True
